,,,,,,,,,,,,,,,,,,,,,,,,,,,,,,,,,,,,,,,,,,,,,,,,,,,,,,,,,,,,,,,,,
,保守 問題点管理表,,,,,,出光記載,横河記載,,,,,,,,,,,,,,,,,,,,,,,,,,,,,,,,,,,,,,,,,,,,,,,,,,,,,,,,,
,NO,起票日,"発生元
製油所",起票者,"修正結果
確認者",件名,優先度,"サブシステム名
(問題発生)","サブシステム名
(主たる修正対象)",機能名,不具合内容,対応内容,担　当,対象製油所,,,,仕様変更区分,対応要否,優先度,"改善リスト
No","エビデンス
提出日",リリース日,クローズ日,原因,進捗,"ドキュメント
修正リスト
No","運転制御
関連",TSK-NO,INC-NO,"対応工数
（H）",内容,"対応
ステータス",見積工数（人日）,,,,,"見積
ステータス",見積前提条件,IKCコメント,YJPコメント,"旧インシデント
管理表No",備考,e,,,,,,,,,,,,,,,,,,,,
,,,,,,,,,,,,,,千葉,北海道,愛知,徳山,,,,,,,,,,,,,,,,,仕様／設計,開発,単体検査,結合検査,総合テスト,,,,,,,e,,,,,,,,,,,,,,,,,,,,
,001,2019/07/31,千葉,澤田陽哉,澤田陽哉,【オフラス再構築：LMISトライアル用】　新オフラスの画面レスポンスが非常に遅い,2019/07/31,－,－,,【内容】 ※本メールはLMISトライアルを行うためのものであり，実際の問い合わせではありません※ 本日9時30分頃から画面の応答が非常に遅くなっております。 業務に支障が出始めていますので，早急に改善をお願いします。 【対象システム】 新オフラス,作業内容・結果が送信されるかの確認になります。 LMISのシュミレーション確認完了いたしました。 今後は、結果報告はこちらに記載し、エビデンスはメモ＆添付ファイルにて提出いたします。 その他必須入力箇所や各報告にて対応必要な注意事項等あれば共有お願いいたします。 8/15 柳下,その他,●,,,,,,,,ー,－,2019/08/15,,対応不要,,－,TSK-00028033,INC-00127702,,,,,,,,,,,,,,,e,,,,,,,,,,,,,,,,,,,,
,002,2019/08/23,千葉,直野綾,直野綾,【石炭事業部】消耗品費に身に覚えのない金額が計上されています。,2019/08/28,－,－,,情報システム部御中 お疲れ様です。 収益費用実績を確認していたところ、消耗品費にC重油の金額が計上されておりました。 石炭事業部では、サンプル出荷したときに、消耗品費（数量×棚卸単価）へ計上されます。 7月は石炭サンプル出荷実績がありませんし、何故計上されているのか分かりません。 計上された原因を教えていただけますでしょうか。 よろしくお願いいたします。,"■原因

■対策
",その他,●,,,,,,,,ー,－,2019/08/23,,対応不要,,－,TSK-00028946,INC-00130851,,,,,,,,,,,,,,,e,,,,,,,,,,,,,,,,,,,,
,003,2019/09/10,千葉,小林義彦,伊藤祐希,【至急】【本日(9/10)中希望】IOS20-OFL：外航通関（外貨製造搬出実績一覧画面の搬出アイコン押下でエラー出力）について,2019/09/10,F：外航通関,F：外航通関,外貨製造搬出日一覧画面,"■事象
（１）外貨製造搬出日一覧の「搬出」アイコン押下でエラーが出て引落しができない
（２）２）ゼアスは未納税品にも関わらず外貨製造搬出日一覧画面に出漁されている。
添付ファイル：外貨製造搬出実績一覧画面の搬出アイコン押下でエラーが出て次画面への展開不可（引落しができない）.xlsx 
■あるべき姿
（１）エラーが出ない事（エラー原因調査結果に従う）
（２）外貨ではないので一覧画面に出力させない事（旧システムでは出力していない）
■代替手段 現地側での対応はできません。

2020/5/15:外航の在庫引き落としができない。発生すると業務が進まないため、問題が修正されていない場合は同様の問い合わせが発生する。リリース後同様の問い合わせが出ていないことから、問題なしと判断する。","■原因
（１）INC-00133637として起票
（２）ボンド出荷進捗管理（インボイス）情報を作成する際、 税区分が「未納品」のインボイスを作成対象外にする処理が漏れていたためです。
■対策
（１）税区分が「未納品」のインボイスについては、 ボンド出荷進捗管理（インボイス）情報を作成しないように修正いたします。
（２）システムエラー時の原因不明を解消するために、 実績数量が0の旨のメッセージを出力するようにいたします。
検証エビデンス（【INC_00133461】外貨製造搬出日一覧の不具合.xlsx）を添付いたします。 内容のご確認をお願いいたします。 2019/09/20　検証エビデンス確認結果 
（１）は確認OK
（２）は確認NG 
そもそもの原因は「「作業実績ファイルメンテ」画面の不備にて、画面入力された実績数量がジョブ タンクテーブルに登録されておりませんでした」との事ですが、修正エビデンスの画面でその事が 判らないと思います。（外航担当者が認識できない）
メッセージの文言を見てアクションが取れる様な文言へ変更をお願いします。

 2019/9/20　確認依頼
①「作業実績ファイルメンテ」画面の不備が改修されれば、 当該画面より入力された内容が実績数量として管理され、0が発生しない認識です。
②また、運転制御からジョブ終了時であっても実績が上がってこないケースが発生した場合、 今回の事象が発生いたします。 ①、②から、 「実績数量が不正のためブレンド比率計算ができません。」 「作業実績画面にて実績数量をメンテナンスしてください。」 のメッセージを出力しようと思いますが、いかがでしょうか。

 2019/09/14 追記 単品出荷の場合も考慮し、小林様から提案された 「実績数量が不正のため、作業実績画面にて実績数量をメンテナンスしてください。」 のメッセージを出力いたします。
 
2019/09/25 追記
検証エビデンスを提出いたします。
【INC_00133451】実績数量が0の場合、システムエラーが発生する不具合.xlsx
内容のご確認をお願いいたします。
",オフラス,●,,,,,,,,2019/09/25,2019/10/09,2020/05/15,AP・コーディング,確認完了,,－,TSK-00029606,INC-00133451,,,,,,,,,,,,,,,e,,,,,,,,,,,,,,,,,,,,
,004,2019/09/10,千葉,小林義彦,小林義彦,IOS20-OFL：マスバランス（製品半製品受払表の品名欄が空白で出力される）について,2019/09/17,－,－,,"■事象
サブシステム：マスバランス（自営帳票） 機能：製品半製品受払表
（１）品名が空白で出力される
 ※画面からのパラメタは「REG」という品名が受け渡されている 
エビデンスファイル格納BOX：https://idemitsu.ent.box.com/folder/76930465581 エビデンスファイル名：【No702】製品半製品受払表.xlsm
■あるべき姿
（１）画面からのパラメタに従って出力する事（今回の例では品名「REG」を出力する）
■代替手段
現地側での対応はできません。
（EXCEL帳票での修正は不可。追加書き不可のエリアの為）","帳票の処理に問題があったため，修正致しました。修正エビデンスを添付します。 お手数ですが意図した内容になっているか確認の上，回答をお願いします。

2019/09/12　EXEよりリリース依頼のメールを送信
2019/09/26　小林様より結果確認終了、クローズのメール有",自営帳票,●,,,,,,,,ー,－,2019/09/26,,確認完了,,－,TSK-00029611,INC-00133461,,,,,,,,,,,,,,,e,,,,,,,,,,,,,,,,,,,,
,005,2019/09/11,千葉,伊藤祐希,伊藤祐希,IOS20-OFL：タンク受払実績（計量シフト）について,2019/09/17,D：実績管理,D：実績管理,,"■事象
9/6タンク受払実績において，G-2計量シフトの実績がおかしい 日跨ぎした計量シフトJOBがうまく反映できていない
 ※特殊な状況として前日の計量シフトJOBが終了していない
JOB削除されていない）
 ■あるべき姿
 9/6のT50184実績値は9/7の数値と合致する。
 ■代替手段
 タンク受払実績を手書き修正する。","■原因
該当のJOB(JOBNo:315578)では、CS50(通油開始)の伝文が、Oracleのend-of-file問題により、登録できていませんでした。
そのため、締め時刻(4時)時点で、作業していたと判断されず、9/6実績分の中間実績数量が0となっておりました。
その後、実績伝文を受信したため、実績量全量が9/7実績分として計上されておりました。
End-of-file問題はFWのセッション切れが直接原因であり，FWの設定とアプリ面両面で対策を準備中です。
■対策
End-of-file問題は、他の問題点でも原因として挙がっており、対策を実施するかどうかという状態と認識しております。
対策が実施され、期待された効果が出れば、本件も解消する見込みです。 2019/10/23 「2019/10/11 (金) 9:05　[IOS20-OFL] 初期流動問題点No.384、No.587、No.631」のメールによりEnd-of-file問題はクローズすることとなりました。 本件も同様に完了といたします。",オフラス,●,,,,,,,,ー,2019/10/23,2019/10/23,その他,対応不要,,－,TSK-00029627,INC-00133539,,,,,,,,,,,,,,,e,,,,,,,,,,,,,,,,,,,,
,006,2019/09/11,千葉,小林義彦,伊藤祐希,IOS20-OFL：実績管理（海上出荷作業実績ファイルメンテナンス画面の不具合）について,2019/09/30,D：実績管理,D：実績管理,,"■事象
・海上出荷作業実績ファイルメンテナンス画面で登録した数量が、TIBB004(JOBタンク)に反映されず、「0」になる。
 【一次調査結果（YJP回答）】 
・海上出荷作業実績ファイルメンテナンス画面で登録した内容(数量)が、正しくTIBB004(JOBタンク)に 反映されておりませんでした。 TIBB003(工程コンポーネント)には登録内容の通り数量が更新されておりますが、TIBB004(JOBタンク)の 更新時に問題があるようです。
おそらくAP・コーディングの問題と思われ、現在詳細原因を調査中です。
■あるべき姿
 ・画面で登録したコンポーネントタンクの数量で、TIBB004(JOBタンク)の実績数量が更新される
■代替手段 ・今回と同じケースが発生した場合は、今回と同様のデータパッチを実施して貰う必要があります。 現地側での対応はできません。 又、OMC側での問題もあるという事で不具合として対応されるという情報もあります。 以上 ","■原因
海上出荷実績ファイルメンテナンス画面の更新ロジックが、前尺後尺が未設定のJOBに対して考慮漏れがあり、発生しておりました。 

■対策
AP修正します。

修正エビデンスを添付ファイルに追加いたしました。 
2019/09/24 複数基材タンクの場合の修正エビデンスを添付ファイルに追加いたしました。",オフラス,●,,,,,,,,2019/09/24,2019/10/02,2020/02/27,AP・コーディング,確認完了,,－,TSK-00029651,INC-00133637,,,,,,,,,,,,,,,e,,,,,,,,,,,,,,,,,,,,
,007,2019/09/17,千葉,小林義彦,伊藤祐希,【至急】IOS20-OFL：外航通関（外貨搬出実績の確定ができない「javaエラー発生」）について,2019/09/17,F：外航通関,C：進捗管理,,"■事象
 ・外貨搬出実績数量確定画面（2019/9/15搬出）にて必要事項入力後、確定ボタンを押下したがjavaエラーが出て確定できない。
情報として、元々同一本船（CARRERA）へ艀が２隻（9月15日：２８青峰山丸、８健晃丸）ありましたが、1隻（８健晃丸）が 日延べ（9月16日）しています。(オーダ管理画面にて実施されどちらも既に出荷済です) 
但し、外航通関側のボンド出荷オーダ一覧画面（9月15日搬出日）、出荷実績画面は日延べした８健晃丸も表示されています。 （積み込み数量は０です）日延べになっています。同一本船です）海上出荷作業実績ファイルメンテナンス画面で登録した数量が、TIBB004(JOBタンク)に反映されず、「0」になる ※既知の不具合なのか？新規不具合なのか確認もお願いします。
■あるべき姿 
・画面で確定ができ、引落ができ次業務へ進める事 
■代替手段
 ・業務側での修正はできません。（APL改修・データパッチのみ）
2020/5/15:不具合の場合、Javaエラーが発生し、先へ進めない。同様の問い合わせが発生していないため、本件は問題なしとしてクローズする。","■原因
進捗管理にて「中止オーダ削除」を実施した場合、オーダ関連、JOB関連のデータの削除は実施しておりますが、 外航通関のボンド出荷進捗管理テーブル（インボイス）のデータを削除していなかったことから、 データの不整合が発生し、外航通関側でエラーが発生しております。
■対策
進捗管理において「中止オーダ削除」時、外航通関の対象テーブル（ボンド出荷進捗管理）のデータも削除するように修正いたします。
暫定対処： データパッチにて、発生しているデータ不整合を無くします。（9/18　9:00に作業予定）
 データパッチの検証エビデンスを添付いたします。 【INC-00134231】外貨搬出実績の確定ができない.xlsx 内容のご確認、および、データパッチ実施の承認をお願いいたします。 データパッチは9/18に実施済
 恒久対応： 検証エビデンスを9/27（金）に提出いたします。

 2019/10/01 追記 検証エビデンスの提出が遅くなり申し訳ございません。
 下記の検証エビデンスを添付いたしました。
【TSK-00029849】外航通関(外貨搬出実績の確定ができない「javaエラー発生」)について.xlsx
 内容のご確認をお願いいたします。",オフラス,●,,,,,,,,2019/10/01,2019/10/09,2020/05/15,AP・コーディング,確認完了,,－,TSK-00029849,INC-00134231,,,,,,,,,,,,,,,e,,,,,,,,,,,,,,,,,,,,
,008,2019/09/17,千葉,高橋洋介 ,高橋洋介 ,IOS20-OFL：潤滑油運転管理システムからの試験依頼機能について,2019/10/17,L：試験管理,L：試験管理,,"■事象
千葉潤滑油二課「潤滑油運転管理システム」からの「試験依頼」及び「成績表発行依頼」受信の際、 変更区分が「1：追加」となっているもの以外について（「変更」「取消」）処理はエラーとなり 使用者に直接伝わっていない為、正しく業務遂行できない。
■あるべき姿
サンプルトランに「変更区分」のカラムを追加し、伝文中の変更区分を埋め込んで、サンプルトランに伝文を格納する。
「追加」「変更」「取消」について、試験室で正しく情報が画面表示される。
■代替手段
なし 
（試験課は、潤滑油二課から連絡を受けて対応しているが、トラブル・台風時に連絡が抜ける事例有り）","■原因
仕様通り
■対策
試験管理インシデントNo100として対応
",オフラス,●,,,,,,,,,,,仕様通り,仕様整理中,,,TSK-00029860,INC-00134263,,"潤滑油試験における試験依頼、成績表発行依頼が取消または取消後の追加が行われたことが判るようにする。ただし、削除時のキーワードが削除ではなく、取消に変更となっている。
",仕様変更承認待ち,1.5人日,2.0人日,1.5人日,1.0人日,0.5人日,確認済み,,"試験管理チームに再確認。
⇒対応か改善リストか。（2021/5/20）",,100,試験管理インシデントNo100,e,,,,,,,,,,,,,,,,,,,,
,009,2019/09/19,千葉,伊藤祐希,伊藤祐希,IOS20-OFL：タンク受払実績中間実績不具合について,2019/09/20,D：実績管理,D：実績管理,,"■事象
9/18タンク受払実績において，タンク間シフト、ガソリン生産実績が0になっている。 （どちらも日跨ぎの為中間実績） 　以前より発生しているoracleのエラー含めまして確認お願い致します。
■あるべき姿
中間実績が計上される
■代替手段
タンク受払実績を手修正する。 千葉事業所業務課業務一係　伊藤祐","■原因
本件の直接原因は、問題発生日当日に開始、終了したブレンドサーキュレーションのJOBでした。 当該JOBは運転時間が10分未満(CS50～80までの時間が8分でした)のため、流量計実績がNULLで取得できず、JOB進捗締めの処理で問題を起こしておりました。 そのため、JOB進捗締めの処理が終了してしまい、中間実績の元データが作成されていませんでした。 使用している流量計実績がNULLの場合は、0として扱うように修正いたします。 

■対策
暫定対応として以下の画面メンテナンスをお願いいたします。 シフト(JOBNo:311131) 　9/18 　タンクNo　数量 　100031　12277892 　100032　12277892 　9/19 　タンクNo　数量 　100031　10898991 　100032　10898991 ガソリン生産(JOBNo:323833) 　9/18 　タンクNo　数量 　10205　6161378 　20273　1170337 　5101　1599223 　10114　2957065 　10209　277446 　2148　91147 　707　770.068 　710　197.085 　9/19 　タンクNo　数量 　10205　1339430 　20273　254421 　5101　347657 　10114　642840 　10209　60314 　2148　19814 　707　167.406 　710　42.845 ※タンク受払実績も、同様にご修正ください。 (単位がKLのため、上記値の1/1000をご設定ください。) 

2019/10/18 修正エビデンスを添付いたしました。 「【INC-00134708】【TSK-00029985】進捗管理_タンク受払実績中間実績不具合.xlsx」をご確認ください。 よろしくお願いします。 修正エビデンスに誤解を招く表現があったため、修正いたしました。 際アップいたしましたので、お手数ですが添付ファイルの再取得をお願いいたします。 
2019/10/23 上記、JOB締め進捗データでの中間実績を作成する際に、流量計を使用しているが、 流量計値が取得できなかったもの(10分未満だったりする場合が相当します)、 ブレンドサーキュレーションのように受入と払出に同じタンクが使われているものについて、 流量計の値とタンクの値を紐づける際に、引き当ての数が合わず、問題になっておりました。 JOB締め進捗データの作成全体が失敗してしまったため、他のJOBのJOB締め進捗データの作成ができず、 そのため中間実績を算出する際の元データが取得できず、「0」となっておりました。 エビデンスでは、JOB締め進捗データの作成で問題にならないよう、紐づけ時に数が合わない場合に対応したため、 JOB締め進捗データが作成され、その後のJOB締めで中間実績が取得できるようになっていることを示しております。 ※修正前では問題が合ってデータ作成できていなかったため後続処理もうまく行かなかった点が 　修正後では問題を回避してデータを作成するように改修され、その結果後続処理もうまく行くようになった点をご確認いただければと思っております。

2020/4/3
本件でご確認いただきたい内容は、以下の通りです。
10分以内に完了したブレンドサーキュレーションJOBがあった日に、日締め処理が正常に完了しているかをご確認ください。
中間実績締めでエラー終了せず、後続の締め(JOB締め、タンク受払締め)が正常に処理されることをご確認いただきたいです。
",オフラス,●,,,,,,,,2019/10/18,2019/10/30,2021/08/06,AP・コーディング,確認完了,,－,TSK-00029985,INC-00134706,,,,,,,,,,,,,,,e,,,,,,,,,,,,,,,,,,,,
,010,2019/09/19,千葉,伊藤祐希,伊藤祐希,IOS20-OFL：通関業者輸入申告の関税金額の取り扱いについて,2019/09/27,F：外航通関,F：外航通関,,"■事象
通関業者輸入申告情報入力画面で表示されている関税の金額が納税伝票出力されるときに 旧オフラスでは2桁目（10の位）をシステムで切り捨てていたが、現オフラスはそのまま出力される。
■あるべき姿 納税伝票の金額の二桁目を切り捨てる
■代替手段 伝票出力時手修正する。","■原因
石油・石炭税と同様にまるめ制御は不要と誤認識しており、 関税額計算後に100円未満切捨てのまるめ制御を実施していなかったためです。
■対策
関税額計算後に100円未満切捨てるように修正いたします。
9/24（火）に検証エビデンスを提出予定です。

 9/24（火）追記
検証エビデンス（【INC-00134726】 納税伝票の関税額に関する障害.xlsx）を添付いたしました。 内容をご確認願います。",オフラス,●,,,,,,,,2019/09/24,2019/10/09,2019/11/26,AP・コーディング,確認完了,,－,TSK-00029988,INC-00134726,,,,,,,,,,,,,,,e,,,,,,,,,,,,,,,,,,,,
,011,2019/09/20,千葉,田中友梨,田中友梨,【至急】オフラス　外航船マスタ新規登録について,2019/09/20,M：マスタ管理,M：マスタ管理,,新規で外航船マスタに登録する際に、船名コードが分からない場合、船名コードの入力はどのようにしたら宜しいでしょうか。,"お問い合わせ頂いた外航船マスタの船名コードについて回答致します。 
具体的な船名コードを横河から提示する事はできません。 仮登録でよろしければ、「00000」を登録して下さい。
新規追加後もマスタメンテナンス画面から変更可能です。 船名コード（船車コード）は、伝票に反映されます。 OneSAPまたはBINAS物流への送信対象となる為、正しい船名コードについては、OneSAPまたはBINAS物流の管理者へお問い合わせ願います。",その他,●,,,,,,,,ー,ー,2019/09/20,,対応不要,,－,TSK-00030020,INC-00134807,,,,,,,,,,,,,,,e,,,,,,,,,,,,,,,,,,,,
,012,2019/09/20,千葉,伊藤祐希,伊藤祐希,IOS20-OFL：商品管理-原油処理実績表について,2019/09/27,G：マスバランス,G：マスバランス,,"■事象
商品管理-原油処理実績表において画面と帳票で流量計実績の値が異なる
■あるべき姿 
画面と帳票で流量計実績の値が同じになる（旧オフラスと同じように）
■代替手段 
帳票出力時に手修正を実施する
2020/5/15:現地確認依頼済","■原因
流量計データを受け取る際にDoubleデータをLongデータに コンバートして受け取っていたため小数点以下の丸め処理にて 自営帳票と差異が発生していた
■対策
Doubleで受け取り丸め処理を自営帳票とあわせるようにAP修正 →エビデンス「TSK-00030051_エビデンス_原油処理実績表_流量計不具合」をご参照ください
【追加確認事項】 本件の確認作業中に、自営帳票側の問題と思われる事象を発見いたしました。
スロップ受入：装置の項目で、画面と帳票の数量に差異がございます。
 ※別日で確認したところ、画面と既設は数量が合致したため、帳票側の問題と思われます。
 →エビデンス「自営帳票_原油処理実績表_スロップ装置不具合」をご参照 ーーーーー 2019/10/04 本件、画面(流量計)の表示を修正し、帳票と合わせました。 追加確認事項については、データ時点の問題であったのか、数値が合致しておりますので、問題なしと考えております。 添付ファイル「TSK-00030051_エビデンス_原油処理実績表_流量計不具合.xlsx」に修正エビデンスを添付しております。 ご確認のほどよろしくお願いします。 2019/10/07 添付ファイル「TSK-00030051_エビデンス_原油処理実績表_流量計不具合.xlsx」は、初回に添付した時点で、画面修正エビデンスです。 今回追加更新等はしておりませんので、そのままご確認くださればと思います。 2019/10/15 エビデンス確認ありがとうございます。 今週(10/17)のリリースに含ませていただきます。 2019/10/17 ターゲット環境へのリリースが完了しました。

2020/6/12 ターゲットで問題ない事確認しましたのでクローズします。(伊藤）",オフラス,●,,,,,,,,2019/10/07,2019/10/17,2020/06/12,AP・コーディング,確認完了,,－,TSK-00030051,INC-00134910,,,,,,,,,,,,,,,e,,,,,,,,,,,,,,,,,,,,
,013,2019/09/24,千葉,伊藤祐希,伊藤祐希,IOS20-OFL：海上出荷オーダー更新失敗,2019/09/24,B：作業計画管理,B：作業計画管理,,"■事象
海上出荷のオーダー更新に失敗し内部的にJOBが複数になっている（可能性がある） 運転制御にJOBが2つ存在している（オフラス画面上は１つ）
■あるべき姿 エラーの原因がわかり、運転上問題ない状態となる。
■代替手段 　なし 千葉事業所業務課業務一係　伊藤祐",昨日8:58にJOBNo削除が行われており、正常な状態へ復旧しています。 DBダンプとログを受領し、状況を確認致します。 9/23の日延べ後から9/24の事象発生までの間の画面操作について詳細をおしえて頂けないでしょうか。特に、操作前に再表示を行わずに長時間画面を開き続けている様な操作がなかったか確認をお願い致します。 【10/10】 ターゲット環境から取得したDMPファイルとログから調査した結果を添付致します。 【TSK-00030091】海上出荷オーダ更新失敗_調査資料.xlsx 当日9/24ですが、Oracleアーカイブログの保存領域不足からログが溢れた事により、DB更新が失敗する現象が発生しています。Oracleアーカイブログの削除は、バックアップ処理内で行っているのですが、前週からバックアップ処理が正常に動作しない状態となっていた為、ログが削除されていませんでした。この為かわかりませんが、操作履歴やSQLの発行履歴と実際の動作が一致していない様に見えます。 バックアップ処理は復旧しており、Oracleアーカイブログは削除される様になりました。 一旦、この状態で様子を見させてください。,オフラス,●,,,,,,,,ー,ー,2019/09/24,,対応不要,,－,TSK-00030091,INC-00135025,,,,,,,,,,,,,,,e,,,,,,,,,,,,,,,,,,,,
,014,2019/09/24,千葉,小林義彦,伊藤祐希,IOS20-OFL：保税作業終了届（継続保税：装置　ＤＷ）について,2019/09/27,F：外航通関,F：外航通関,,"■事象
継続保税作業（9/21~9/23）は終了し、帳票印刷をすると下記の様な不具合があります。
①DW-1913-(J)：9/21?9/23
 ◆移入れ承認番号・・・ブランク
 ◆価格明細・・・CIF価格しか表示されない DW装置は切替以降、今回の①DW-1913-(J)の他に2件有ります。
②DW-1911-(H)：8/14?8/18 
③DW-1912-(J)：9/20?9/22 同様に再印刷を行うと以下の通り同じ事象が再現します。 
既に印刷・保管済の帳票を確認した所、移入れ承認番号、価格（CIF以外も）は正しく出力されています。
但し、今回と同様にEXCELで修正して印刷した記憶は無いという事です。 又、初期流動問題点管理表を確認する限り継続保税（DW装置）の終了届で同様の問題は無い様です。
 別の障害を対応した結果、今回の事象が発生した事も充分に考えられますのでご確認ください。
■あるべき姿
帳票へ正しく（移入れ承認番号・価格）出力する 
■代替手段
EXCEL出力後に手修正して印刷する。 以上
2020/5/15:現地確認依頼済","■原因
保税作業がVACの場合、移入承認番号と価格を取得する際、IMW・ISW・IBP申告明細テーブルから取得すべきところ、 TOP保税作業実績テーブルから取得していたため、対象データが取得出来ずブランクとなっております。
■対策
IMW・ISW・IBP申告明細テーブルから取得するように修正いたします。
 別障害の対応内容を調査致しましたが、過去においても、当事象は発生していると思われます。 手修正にて帳票出力されたかと思われます。
⇒再調査いたしました。
初期流動問題点管理No.690の対応が影響していると思われます。 ただし、当件は8/27にリリースしていることから、8/27以前に出力した帳票は問題無く出力されていると思われますが、 8/27以降に出力された帳票は当事象が発生していると思われます。
検証エビデンスは9/26（木）に提出させていただく予定です。 2019/09/27　追記
検証エビデンスを提出いたします。
TSK-00030093_継続保税作業終了届(装置).xlsxを添付いたしました。 内容のご確認をお願いいたします。
2020/6/25　回収後現状まで発生していないためクローズします。",オフラス,●,,,,,,,,2019/09/27,2019/10/09,2020/06/25,設計不備,確認完了,,－,TSK-00030093,INC-00135031,,,,,,,,,,,,,,,e,,,,,,,,,,,,,,,,,,,,
,015,2019/09/24,千葉,小林義彦,伊藤祐希,IOS20-OFL：タンク受払日報（帳票）について,2019/09/27,－,－,,"■事象
マスバランスのタンク受払日報の印刷において、日付のみ指定で検索後、全件画面表示するが、 その状態で「印刷」を押下後出力される帳票は、「揮発油」・「製品」だけが出力されている。
尚、EXCELのパラメタシートを確認すると「20」・「20」と表示されている。
 ※分類20:（揮発油）、製品・半製品区分20：（製品）と記載有り） 尚、初期流動問題点管理表を確認する限り直近ではNo702の対応を実施しています。
この障害を対応した結果、今回の事象が発生した事も充分に考えられますのでご確認ください。
・画面側から帳票側へ渡すパラメタが不正なのか？（揮発油・製品で渡してる） ・帳票側で画面からのパラメタを無視して検索しているのか？（揮発油・製品で検索）
※画面側の問題か帳票側の問題か切り分けをお願いします。（対策が変わるため） ■あるべき姿
・画面表示した内容と同じ内容を出力する事 （今回の場合は分類、油種、製品・半製品、品名の条件しては無し）
※画面から渡されたパラメタに従って検索する事 
■代替手段
無し
2020/5/15:帳票が正しく表示されない不具合だが、別インシデントの対応漏れで原因もはっきりしており、対応済で問題なしと判断できるため、クローズ。","本件，ご迷惑をおかけし、大変申し訳ございません。
ご指摘の通り，前回の初期流動No702に関連しておりました。
テスト時の設定がパラメータに残ったままフォーマットとしてリリースしておりましたため，フォーマットの再差替えを実施いたします。 差し替えが完了しましたらまたご連絡いたします。

2019/09/26　EXEより、下記帳票もテスト時のパラメータ値が残っておりましたので、リリース依頼のメールを送信
・15.入荷実績計算書（RIGP000008）
・B-01 出荷伝票（RIIP000002）
・B-01 出荷伝票(仮)（RIIP000001）
・J-03 ジェット出荷証明書（RIDP000002）
・SH-03 タンク受払日報（RIGP000003）　⇒　今回指摘があった帳票
・SH-04 増減データグラフ（RIGP000004）
・Z-01出荷伝票（バイオターミナル用）（RIJP000001）

2019/11/21EXE
出光様の方で、問題なく動作するか確認して頂きますようお願いいたします。
",自営帳票,●,,,,,,,,ー,－,2020/05/15,,確認完了,,－,TSK-00030104,INC-00135062,,,,,,,,,,,,,,,e,,,,,,,,,,,,,,,,,,,,
,016,2019/09/24,千葉,伊藤祐希,伊藤祐希,IOS20-OFL：バースNO着桟順位指定管理不具合,2019/09/24,A：オーダ管理,J：バイオターミナル管理,,"■事象
オーダ管理-バースNO着桟順位指定管理画面において「入構時間より着桟時間が前時間はエラーです」で登録ができない （初期流動問題点管理表に同事象の記載あり、改修済みだが今回はバイオターミナル側のオーダー）
■あるべき姿
問題なく画面から登録できる
■代替手段
登録不可のためなし
 ※既に横河ソリューションサービス　新山様にて暫定対応頂きました。
2020/5/15:オーダ不具合のバイオへの横展開漏れ。不具合が発生すると業務が進まないため、現状発生しておらず、問題なしと判断する。","■原因
バイオターミナルのオーダ編集画面において、バース着桟順指定後のオーダ情報変更でロジックに誤りがありました。他のオーダ編集画面は、オーダ情報変更時にバース着桟順指定画面で登録した情報（着桟順や着桟時間、離散時間）をクリアしていますが、バイオターミナルのオーダ編集画面はクリアしていませんでした。
その為、日延べを行った際に本件の事象が発生致します。
■対策
対処 バイオターミナルのオーダ編集画面においても、他のオーダ編集画面と同様に、オーダ情報変更時にバース着桟順指定画面で登録した情報をクリア致します。
＜追加情報＞
 事象の発生は出荷オーダですが、入荷オーダ編集画面でも同様の対応を実施致します。
10/2 追記 
AP修正について、三鷹の検証環境で確認を行った結果を添付致します。ご確認お願い致します。 【2019/10/09】 ターゲット環境へのリリースが完了しました。 【2019/10/30】 対応完了のため、クローズ致します。",オフラス,●,,,,,,,,2019/10/02,2019/10/09,2020/05/15,AP・コーディング,確認完了,"・IOS20-OFL-SBM-T2-001_機能仕様書_オーダ管理
P93
3.2.2.	オーダ追加／変更／削除
【オーダ変更】（6）",－,TSK-00030108,INC-00135082,,"千葉保守問題点No.016対応

オーダ管理機能仕様書 P93 「3.2.2.オーダ追加／変更／削除」の【オーダ変更】（6）に以下の記述を追加致します。

②VIAA030101 バースNo着桟順位指定管理画面で登録した情報（着桟順、着桟時間、離散時間）をクリアします。",作業完了,,,,,,,,,確定図修正,1024,,e,,,,,,,,,,,,,,,,,,,,
,017,2019/09/25,千葉,小林義彦,伊藤祐希,【本日対応希望（9/25（水））】IOS20-OFL：入荷伝票（外航）の訂正・新規作成時の不具合について,2019/09/25,I：伝票発行管理,I：伝票発行管理,,"■事象
入荷伝票の訂正において以下3件の不具合が発生 （8/31の40001の伝票を訂正した時・・・本社側インボイス数量誤りで本業務が発生）
（１）外航入荷伝票にも関わらず伝票Noが40000番台では無く70000番台が採番される。
（２）基地名が「千葉輸入L基」が自動設定される。（本来は千葉事業所）
※尚、伝票日付は8月31日から9月1日で起票する（本社指示、既に8月は締まっている為） 対応として、手入力で新規に作成を試みたが、
（３）確定押下すると千葉事業所が千葉輸入L基へ変わってしまい変更もできない
 ■あるべき姿
（１）外航入荷伝票は、伝票No 70000番台が採番される。
（２）今回の入荷伝票（品名）は原油で千葉事業所への入荷の為、「千葉事業所」とする 
（３）手入力で新規（外航入荷：原油）画面で選択されている基地名を確定時に自動的に千葉輸入L基」へ変換しない。
■代替手段
無し
2020/5/15:伝票の事業所項目が変わり変更できない不具合。発生すると業務がすすまないため、再発していないと判断する。","■原因
新規伝票登録時に、基地コード変換をする必要が無いケースでも基地コード変換ロジックが動いてしまっていました。
■対策 
暫定対応：データパッチ 
・該当の外航入荷伝票の基地コードを千葉事業所に修正します。 　　　　・伝票Noを4万番台のNoに修正します。
・伝票Noの発番と欠番テーブルを調整します。
恒久対応：
AP修正 上記の暫定対応（データパッチ）を行った際の検証結果を添付致しました。ご確認をお願い致します。
また、誤った状態で登録された伝票に対して伝票削除を既に実施頂いており、データパッチを行う前に伝票訂正までのオペレーションが必要となります。（不具合事象を発生させた後にデータパッチを行うため）
大変お手数ですが、再度、伝票訂正を実施頂く事は可能でしょうか。 ご対応が難しい様であれば、横河にて添付エビデンスの通りに訂正オペレーションを実施致します。 9/25追記 暫定対応について、検証結果にご確認いただいた上でデータパッチを実施致しました。 
恒久対応については引き続き対応致します。
9/26　ASD追記 エビデンスを小林様に確認いただいた結果を共有いたします。
↓小林様の確認結果
エビデンスで送信迄実施してる様に見えるのですが、確定迄で結構です。
9/26 YJP追記
 恒久対応（AP修正）について、三鷹の検証環境で確認を行った結果を添付致します。ご確認お願い致します。
9/27 YJP追記 依頼内容に追記いただいた件、ご認識の通り「新規」作成の動作についても、「訂正」と同様に確定ボタンにおいて無用な変換ロジックが動作しない様になっております。",オフラス,●,,,,,,,,2019/09/25,2019/10/02,2020/05/15,AP・コーディング,確認完了,,－,TSK-00030159,INC-00135246,,,,,,,,,,,,,,,e,,,,,,,,,,,,,,,,,,,,
,018,2019/09/25,千葉,小林義彦,伊藤祐希,【本日対応希望（9/25（水））】IOS20-OFL：VAC保税作業記録表入力画面で確定押下時のエラーについて,2019/09/25,F：外航通関,F：外航通関,,"■事象
VAC保税作業記録表入力画面で確定押下時にエラー発生
■あるべき姿
確定できる事
■代替手段
無し
2020/5/15:外航の画面でエラーが発生する不具合の修正。問題が再発していないため、解消されていると判断する。","■原因
実数計算におけるまるめ制御（浮動小数点の言語制約）の対応不足のためです。
■対策
まるめ対応を追加いたします。
暫定対応： VAC流量計積算値記録表作成画面にて再入力後、確定状態にいたしました。（9/25作業済）
画面の暫定対応結果はOK。 ただし、VAC保税作業記録表（帳票）の差引数量がマイナス表示となる。
■原因
帳票側の不具合です。
帳票側は単純に「差引数量」を流量計の終了時目盛と開始時目盛の差分値を表示するようにしていました。
 画面側と同様、終了時目盛が開始時目盛より大きい場合、 終了時目盛－開始時目盛＋１０の開始目盛（整数部）の桁数乗 という演算をしていなかったためです。
■対策
画面側で算出した結果が格納されている「VAC保税作業記録表実績」テーブルから取得するように修正いたします。
暫定対応： 申し訳ございませんが、手修正にて帳票出力をお願いいたします。 恒久対応の検証エビデンスは、画面、帳票ともに9/25（金）に提出いたします。
2019/09/27　追記
 検証エビデンスを添付いたしました。
【INC-0013528】VAC保税作業記録表画面で確定時にエラー.xlsx
シート毎に画面の検証エビデンス、帳票の検証エビデンスとなっております。 内容のご確認をお願いいたします。",オフラス,●,,,,,,,,2019/09/27,2019/10/02,2020/05/15,AP・コーディング,確認完了,,－,TSK-00030169,INC-00135258,,,,,,,,,,,,,,,e,,,,,,,,,,,,,,,,,,,,
,019,2019/09/25,千葉,小林義彦,小林義彦,IOS20-OFL：陸上出荷JOB実績が不正（パラタンク出荷）について,2019/10/02,A：オーダ管理,A：オーダ管理,,"■事象
陸上出荷作業実績ファイルメンテ画面のDGN出荷量が「1,999L」と異常（9月24日）
※陸上出荷品名別実績一覧画面は「2,000」で正しい。又、運転制御側の陸上出荷実績画面も「2,000L」となっている。
※運転制御側からオフラスへの電文（ID: 4454)データに誤りがある模様 
（YJP横河担当者へ連絡済・・昨日運転制御のリリース作業があり、本日確認作業で千葉事業所に来ていたので口頭で連絡済）
※現時点で切替後の出荷状況を確認した所、5/22にも有り、JOB:801L、品名別は2,000Ｌとなっていますので、当初からの 問題という認識です。（5/22は切替後他の不具合もあり気付かなかった可能性があります）
■あるべき姿
確定できる事
■代替手段
陸上出荷作業実績ファイルメンテ画面で修正済 
※タンク実績リカバリ済",問題の陸上出荷(DGN)の出荷実績は、9/24 14:29に受信しており、 伝文の実績数量は「1999」でした。 そのため、オフラス側での対応は不要の認識でおります。,オフラス,●,,,,,,,,ー,ー,2019/09/25,,対応不要,,－,TSK-00030180,INC-00135277,,,,,,,,,,,,,,,e,,,,,,,,,,,,,,,,,,,,
,020,2019/09/25,千葉,小林義彦,小林義彦,IOS20-OFL：海上入荷JOB実績が不正（他JOB実績数量）について,2019/10/02,D：実績管理,D：実績管理,,"■事象
装置払出中タンク（#20266）への入荷実績において他JOB作業量がマイナス値となっている。 その結果、入荷実績量が少なくなっている。
※その結果、タンク受払実績も増減異常が発生している。
※こちらで確認した範囲では、9月19日時点では他JOB作業量は、正値となっている事から、 9月20日?9月24日に掛けて変更点が有ったものと思われます。
■あるべき姿
今回のタンクの受払状態（装置払出）では、他JOB実績数量は「正値」となる事
■代替手段
①海上入荷作業実績ファイルメンテ画面で他JOB実績数量を「負値」から「正値」に修正して登録済
（他JOB実績数量：-66,000⇒66,000　入荷実績数量：1,467,645⇒1,599,645）
②タンク受払実績画面にて入荷数量を①で計算された入荷実績数量で修正済
（既にタンク受払実績は他の修正を実施している為、リカバリは実施しない）
※代替手段実施後、新IRISへ再送信済 以上","■原因
制御からの伝文の通りでした。

問題の入荷実績は、9/24 10:29と9/24 10:34に受信しており、 伝文の他JOB作業量は10:29が「46000」、10:34が「-66000」でした。 (入荷実績は子JOBが終了した際と、親JOBが終了した際に制御側で行う実績確定の2回上がってきます。
オフラス側では後勝ちで受信しますので、他JOB作業量が「-66000」になっておりました。) そのため、オフラス側での対応は不要の認識でおります。

■対策
本件対応不要とさせていただきます。",オフラス,●,,,,,,,,ー,ー,2019/09/25,,対応不要,,－,TSK-00030188,INC-00135300,,,,,,,,,,,,,,,e,,,,,,,,,,,,,,,,,,,,
,021,2019/09/25,千葉,伊藤祐希,伊藤祐希,試験依頼の規格適用日について,2019/10/24,B：作業計画管理,E：品質管理,作業計画に基づく試験依頼作成,"■事象
ガソリン生産作業計画時の出荷日を10月1日としたが、試験依頼の規格適用日は9月24日になってしまった。 
■あるべき姿
単純に出荷日が入力されるようにするか相談させてください。
（他の作業形態や問題点含めて起因する可能性がある為）
■代替手段
試験依頼の修正または新規作成
2020/5/15:規格適用日が正しく設定されない問題。複数の担当者が操作する機能で同様の問い合わせがないことから、解消していると判断する。","■原因
作業計画に基づく試験依頼作成処理で、JOBの作業日を規格適用日として試験依頼を作成しているため。
■対策
一般シフト生産およびガソリン生産の場合は、JOBの出荷日を規格適用日として試験依頼を作成するように修正します。
※試験依頼データ編集画面の「JOB日付（規格適用日）」に表示される日付は、自動試験依頼の場合はJOBの作業日となります。手動試験依頼の場合はJOB日付＝規格適用日として試験依頼が作成されます。
2019/10/23
【TSK-00030214】試験依頼の規格適用日.xlsxを添付しました。
ご確認をお願いします。
※25日(金)の午前中までに確認OKをいただけましたら来週リリース可能となります。",オフラス,●,,,,,,,,2019/10/23,2019/11/13,2020/05/15,AP・コーディング,確認完了,,－,TSK-00030214,INC-00135408,,,,,,,,,,,,,,,e,,,,,,,,,,,,,,,,,,,,
,022,2019/09/26,千葉,伊藤祐希,伊藤祐希,IOS20-OFL：オンラインオーダー受信履歴の販売担当店基地コードについて,2019/10/25,A：オーダ管理,A：オーダ管理,,"■事象
オーダ管理-日別情報からのオンラインオーダー受信履歴について販売店担当基地コードが新旧オフラスで表示が異なる。
■あるべき姿
SAIS側の情報を鑑みると旧側の表示が正しい為、不具合として改修を希望する。 ■代替手段
なし
業務には直接影響はしていませんが、ユーザーがオーダーを確認しているときにおかしいと感じているため、改修お願い致します。","■原因
販売担当店基地コードに店基地コードの値を設定していたため。 ■対策
店基地コードではなく、販売担当店基地コードを設定する様に修正致します。
エビデンス【TSK_00030262】販売担当店基地コードの表示内容が既設と異なる.xlsxを添付しました。
確認をお願い致します。
⇒10/4メールにて伊藤様より確認OKの連絡を頂きましたので、リリース致します。
【10/09】 ターゲット環境へのリリースが完了しました。",オフラス,●,,,,,,,,2019/10/04,2019/10/09,2020/02/27,設計不備,確認完了,,－,TSK-00030262,INC-00135597,,,,,,,,,,,,,,,e,,,,,,,,,,,,,,,,,,,,
,023,2019/09/26,千葉,小林義彦,伊藤祐希,IOS20-OFL：マスバランス（原油タンク受払実績帳票の出力内容が画面と違う）について,2019/09/27,－,－,,"■事象
・9月24日（＃60002）の原油受払画面（帳票）の内容が画面と異なる。
※シフト受入（正値）が通油（負値）で出力されている。
■あるべき姿
・画面と同じ内容でが出力する事
■代替手段
・なし（現地側での対応はできません）","ご連絡が遅くなりまして申し訳ございません。 原油タンクマスタを検索するときのSQLに不備がありました。 修正後のエビデンスを添付いたしますので，ご確認をお願いいたします。

2019/09/30　EXEより修正エビデンス確認依頼のメールを送信
・INC-00135612_修正エビデンス_原油タンク受払実績.xlsx
https://idemitsu.box.com/s/fdn6orxhbq5ok1xgo0o9eat94t14is7a


エグゼ確認の結果、最新状況は以下の通り（IKC青井　2021/5/21）
千葉：エビデンス確認中
北海道：修正版リリース済み

■棚卸
2026/04/27：別途現地確認
2026/06/24：現地確認待ち（連絡ない場合は次回クローズ）",オフラス,●,,,,,,,,"2019/9/30
2026/06/04",2026/06/17,ー,,確認中,,－,TSK-00030266,INC-00135612,,,,,,,,,,,"千葉にエビデンス再確認依頼。（2021/5/20）

⇒エグゼ確認（千葉未リリース、北海道対応状況は？）
→最新状況エグゼ確認済み（IKC青井　2021/5/21）
千葉エビデンス確認待ち、北海道修正済（2021/5/27)",,,,e,,,,,,,,,,,,,,,,,,,,
,024,2019/09/26,千葉,小林義彦,伊藤祐希,IOS20-OFL：マスバランス（原油タンク別受払累計表に出力されないデータがある）について,2019/09/27,－,G：マスバランス,,"■事象
・9月24日（＃60002）の原油タンク別受払累計表（帳票）に出力されないデータがある。
※シフト払出：1,563KL　その結果、受払増減が-1,563KLとなってしまっている。 ■あるべき姿 
・シフト払出：1,563KLを出力する事 尚、原油タンク受払実績画面（9/24　#60002）には、シフト払出実績は有る。
■代替手段
・原油タンク受払実績画面にて、品名指定したシフトの登録を行う","本件、内容登録が遅くなり申し訳ございません。 本件は、前日の在庫が0になった原油タンクについて、当日にシフト受入→払出の作業を行ったところ、シフト払出の品名別受払が作成できなかったというものです。 払出の品名別受払は、前日のタンク油種構成比に則って作成するため、前日に開放してタンクを在庫が0となった場合の油種構成が取得できなかった点に問題があると思っております。 本件の対応として、原油タンク受払実績画面より、払出油種の数量を個別に入力いただくことで対応していただいております。 本件の恒久対応としては、前日在庫が0であった場合(油種構成比が取得できない場合)の払出品名とその比率をどう決めるかについての仕様を整理させていただきたく思っております。(インシデント管理にて対応させていただければと思っております。) 直近の暫定対応としては、前日在庫が0で油種構成比が取得できないタンクについては、当日の最初のシフト払出の前までの受入情報を元に、油種構成比を求めて払い出すという特殊処理を加えようと考えております。 この暫定対応を組み入れれば9/24の例は救える認識です。 (繰越在庫が0でシフト払出の前にシフト受入が2回実施されているため、当日最初の払出の前の状態で油種構成比を算出し、払出の油種を決定します。) ご検討のほど、よろしくお願いします。

2020/2/14
北海道FATにて、リアルタイムに油種構成を再計算する必要がでました。(インシデントNo1014)
本件は、インシデント1014の対応にて解消されるため、関連インシデントを更新いたします。
",オフラス,●,,,,,,,,2020/05/12,2020/07/08,2020/06/12,仕様変更,対応不要,,－,TSK-00030268,INC-00135618,,"保守問題点管理表No024INC-00135618/TSK-00030268)
前日の在庫が0になった原油タンクについて、当日にシフト受入→払出の作業を行ったところ、シフト払出の品名別受払が作成できなかった。前日在庫が0であった場合(油種構成比が取得できない場合)の払出品名とその比率をどう決めるかについての仕様を整理し、恒久対応を行う。

2020/02/13
北海道FATNo444(インシデント1014)にて、原油タンク受払のリアルタイム在庫計算が必要になった。
本件対応はNo1014に包括されるため、No956はクローズ(キャンセル)とする",キャンセル,2.0人日,1.0人日,1.0人日,2.0人日,2.0人日,,,"2020/2/12：担当者が対応できず、千葉で優先度高のため対応を行う。

2020/6/12：PJT問題点管理表No2549と同期",,,,e,,,,,,,,,,,,,,,,,,,,
,025,2019/09/26,千葉,小林義彦,小林義彦,IOS20-OFL：マスバランス（製品半製品受払表で「分類」を選択しないと画面表示しない）について,2019/10/31,G：マスバランス,G：マスバランス,,"■事象
・製品半製品受払表（画面）にて、日付のみ指定で検索表示しない。
※[分類]が未選択です。というエラーが表示される。
■あるべき姿
・日付指定のみで検索表示する事
※画面仕様書には、検索時に[分類]選択が必須という様な記載はありません。
※旧システムでは、[分類]選択が無くても検索できる。（全分類）
■代替手段
・分類を指定して検索する事で対応は可能","※LMISを完了にしてしまったため、No031に起票しています。

■原因
本件、2018/11/30に三鷹にて協議させていただいた結果です。 検索系の画面で、検索件数が多くなり画面表示のパフォーマンスが出ないものについては、一部の条件を必須入力とするようにいたしました。
添付の資料(パフォーマンスチェック_対応策_20181201.xlsx)をご確認ください。

■対策
本件対応不要とさせていただきたく思います。
",オフラス,●,,,,,,,,,ー,2019/09/30,,対応不要,,－,TSK-00030284,INC-00135676,,,,,,,,,,,,,,,e,,,,,,,,,,,,,,,,,,,,
,026,2019/09/27,千葉,伊藤祐希,伊藤祐希,IOS20-OFL　陸上出荷実績　調査依頼,2019/10/11,D：実績管理,D：実績管理,,"■事象
（調査依頼）7月9日陸上早朝出荷分（7月10出荷）のREG－MINOU10208タンクの実績が計上されていない件について 実際は92KL当該タンクから出荷しているがタンク受払実績上は6KLとなっている。
スケジューラ側からアンマッチになっている旨の連絡があり、その調査依頼になります。
■あるべき姿
■代替手段
なし
2020/5/15:運転制御側の改造は済。オフラスで同様の不具合が発生した場合に再度問い合わせがあるため、本件はクローズ","■原因
本件、初期流動問題点管理No769と同じ件です。 
No769については、調査の結果、運転制御側かオフラス側の仕様を調整しなければならないかと考えており、添付のメールにてご相談をさせていただいているところです。
詳細は添付ファイルのメールをご確認くださいますよう、お願いいたします。
■対策運転制御側の改造にて対応されると伺っております。
・CS50伝文にタンク切替時間を設定
・流れを止めないタンク切替にてCS50を送信する

2019/12/13
2019/12/05に運転制御側の修正がリリースされましたので、本件確認中に変更させていただきます。",運転制御,●,,,,,,,,,2019/12/05,2020/05/15,仕様通り,確認完了,,－,TSK-00030310,INC-00135713,,,,,,,,,,,,,,,e,,,,,,,,,,,,,,,,,,,,
,027,2019/09/27,千葉,小林義彦,伊藤祐希,IOS20-OFL：外航通関（継続保税「出荷」時の印刷帳票様式に誤りがある）について,2019/10/10,F：外航通関,F：外航通関,,"■事象
・継続保税（出荷）において、印刷された様式が誤っている。
① 確定後、一覧画面から「終了」を押下して詳細画面から印刷した結果は、正しい様式で出力される。
② 確定後、同一画面から印刷した場合に異なる様式で出力される。
■あるべき姿
・②のタイミングでも①で出力される様式で出力される事
■代替手段
・EXCELで不要部分を削除して完成させる（様式手修正）","当件、初期流動_問題点管理表No.760にて既に起票されております。
既設の仕様と同様である見解から、実務担当者様に確認をされている状況の認識です。
確認依頼時の下記資料を添付致します。
継続保税作業の遷移画面と出力帳票.xlsx
お手数をお掛け致しますが、ご確認の程お願いいたします。

当件、インシデント管理No.1017にて対応いたします。",オフラス,●,,,,●,,,,,2020/10/28,2020/11/05,仕様通り,確認完了,,,TSK-00030344,INC-00135789,,"千葉初期流動No.760、千葉保守No.27、北海道FATNo.194、No.207、No.535、対応

既設では拠点ごとに固有のレイアウトとなっていたが、新設では千葉準拠のレイアウト仕様となっているため、各拠点の差異を吸収したレイアウトを作成する。

対象のレイアウトが決まり次第、それぞれ問題点管理表に起票いたします。

下記が対象の帳票と対応内容になります。
■TOP保税作業記録表：千葉向けの保税作業品のグループに合わせて流量計値を集計しているため、レイアウトの各所統一が難しいことと、今後流量計増大の可能性を考慮し、マスタに設定されている内容に応じて表示行数、グループごとの罫線、小計のセル設定を可変で制御できるように変更いたします。　
■TOP保税作業終了届：レイアウト右上部の拠点に関する表示内容を千葉に合わせて本社に関する情報を表示していますが、北海道、愛知に合わせるため本社に関する情報を表示しないよう変更いたします。
■継続保税作業終了届(装置)：TOP保税作業終了届と同じ対応
■継続保税作業終了届(ヤード)：TOP保税作業終了届と同じ対応
■継続保税作業終了届(ヤード)(1ページ)：TOP保税作業終了届と同じ対応
■外国貨物運送申告書：レイアウトを千葉様式から愛知様式に変更いたします。申告税関名に『長殿』と表示していた部分を削除いたします。
■内外貨同時運送申告書：レイアウトを千葉様式から北海道様式に変更いたします。申告税関名に『長殿』と表示していた部分を削除いたします。
■包括保税運送申告書(計画)：レイアウトを千葉様式から北海道様式に変更いたします。申告税関名に『長殿』と表示していた部分を削除いたします。
■包括保税運送申告書(船実績)：レイアウトを千葉様式から北海道様式に変更いたします。申告税関名に『長殿』と表示していた部分を削除いたします。
■包括保税運送申告書(陸実績)：レイアウトを千葉様式から北海道様式に変更いたします。申告税関名に『長殿』と表示していた部分を削除いたします。

百留様とやり取りをさせていただいている資料を下記に格納しています。
<https://app.box.com/file/638462337738>
・【北海道・徳山・愛知・千葉】外航通関帳票_レイアウト拠点差異一覧_再調査実施.v2xlsx",完了,3.0人日,6.0人日,4.0人日,3.0人日,3.0人日,,"2020/3/17 YJP
現在も百留様と対応についてのやり取りをさせていただいております。そのため、フルで工数を積んでいます。百留様の回答を見て、削減することも可能です。

内容の詳細につきましては、対応方針が決ま仕り次第、追記・更新いたします。",2020/2/21IKC澤田：ここに記載の内容だけでは意味不明。工数1人月の妥当性評価。（百留）,,1017,No.1017,e,,,,,,,,,,,,,,,,,,,,
,028,2019/09/27,千葉,伊藤祐希,伊藤祐希,IOS20-OFL：外航入荷オーダー価格入力時にoracleエラー発生,2019/09/30,F：外航通関,F：外航通関,,"■事象
外航入荷オーダー価格入力時にoracleエラー発生 操作自体が特殊であったとも考えられますがお願い致します。
■あるべき姿
価格入力以降入力できること
■代替手段 無し
2020/5/15:oracleエラーが発生する不具合のため、再発はしていないと判断しクローズ","■原因
価格入力後、価格按分確定まで戻り、数量修正を実施したことから、価格入力時に登録した価格データが存在したため、 重複状態となり、エラーが発生しております。
■対策
価格按分確定まで戻っての数量修正を行う際、後工程にて登録した価格データを削除するように修正いたします。
暫定対応： データパッチにて価格データを削除いたします。 （9/30実施済）
恒久対応： 検証エビデンスを10/4（金）に提出する予定です。 2019/10/04 追記
検証エビデンスを添付いたします。
【TSK-00030361】検証エビデンス.xlsx
内容のご確認をお願いいたします。",オフラス,●,,,,,,,,2019/10/04,2019/10/25,2020/05/15,設計不備,確認完了,,－,TSK-00030361,INC-00135847,,,,,,,,,,,,,,,e,,,,,,,,,,,,,,,,,,,,
,029,2019/09/27,千葉,小林義彦,伊藤祐希,IOS20-OFL：外航通関（TOP保税作業終了届の不具合）について,2019/10/08,F：外航通関,F：外航通関,,"■事象
（１）副生留分連絡表の投入数量合計表示→小数点第３位まで表示されていない （２）保税作業終了届→鑑定価格が正しくない
（３）保税台帳→正しく印字されない 
※初期流動問題点管理表ではTOP保税作業に関する不具合について仕掛中のもは無く、 対応は完了している事から、新規不具合事象としてご連絡しました。
■あるべき姿
（１）（２）（３）共に正しく出力する事
■代替手段
・EXCELで修正できる部分はユーザにて修正するが、保税台帳等は修正不可。
2020/5/15:対応しなければ業務ができないため、再発していないと判断しクローズ","■原因 
（１）帳票のセル定義を整数表示にて定義していたためです。このため小数部が表示されない事象となっております。 
（２）実数計算におけるまるめ制御（浮動小数点の言語制約）の対応不足です。
（３）保税台帳の品名等の内容とその明細部分の紐づけに不備があったため、 明細の内容が別の品名部分にて表示されております。 
■対策
（１）小数点第3位まで表示するように修正いたします。
（２）まるめ制御抑止をするため、型変換対応をいたします。 （３）品名部分と明細を一致させるように修正いたします。
検証エビデンスは10/3（金）に提出いたします。
2019/10/10 追記
エビデンスの提出が遅くなり申し訳ございません。
検証エビデンスを添付いたしましたので、内容のご確認をお願いいたします。
【TSK-00030367】検証エビデンス.xlsx",オフラス,●,,,,,,,,2019/10/10,2019/11/13,2020/05/15,AP・コーディング,確認完了,,－,TSK-00030367,INC-00135865,,,,,,,,,,,,,,,e,,,,,,,,,,,,,,,,,,,,
,030,2019/09/30,千葉,伊藤祐希,伊藤祐希,【至急対応依頼】IOS20-OFL：海上出荷JOBNO設定できない（一意制約違反）,2019/10/02,B：作業計画管理,B：作業計画管理,,"■事象
海上単品出荷のJOBNOが設定できず、運転制御側のログに一意制約に反しているとのメッセージがありました。
9/29（日）の出荷分であったため27日に横河ソリューションサービス　新山様に連絡し29日分は出荷を可能として頂きました。
ただし、根本解決はしていないため再発の可能性があります。
対象オーダー　管理NO：1908290045　８三鳳丸　G-2　750KL
■あるべき姿
エラーの原因がわかり、問題なくJOBNO設定できる。
■代替手段
なし
2020/5/15:一意制約の問題は再発した場合、再度問い合わせとして起票されるため本件はクローズ","■原因
出荷JOBにおいて、試験結果から規格情報を取得する場合、以下の条件に合致するロットから取得しています。
・出荷タンク：50187 ・統一品名略号：G-2 ・取引先：塩釜油槽所 条件に一致するロットは、既設システムで試験依頼が登録されており、試験項目コード1506が重複していました。その為、計画情報伝文に試験項目コード1506の規格情報が二重に登録され、運転制御側で一意制約エラーが発生しました。
また、最新ロットは、一般需要家で試験依頼が登録されており、条件に一致するロットが先に見つかった為、対象になりませんでした。
■対策
出荷JOBにおいて、試験結果から規格情報を取得する場合、最新のタンクロットを対象とする様に修正致します。（タンク最新ロット画面に表示されるロットを対象とします）
最新ロットに統一品名略号と需要家が一致するロットがあれば、そのロットから規格情報を取得します。該当ロットがない場合、一般需要家のロットから規格情報を取得します。対象ロットが見つからない場合、試験管理システムから規格情報を取得します。 
試験結果の試験項目略号と試験項目コードの紐付けは、運転管理のTIMX402ロット油種試験項目マスタで定義しています。新システムでは、試験項目コードが重複しない様にマスタを定義済の為、対処は不要です。
【10/4追加】
最新タンクロットから規格情報を取得するタイミングは、JOBNo設定時となります。 ※有効・無効・保留に依らず、JOBNo設定時の最新ロットを対象とします。
■検証結果エビデンス
検証結果エビデンス（【TSK-00030419】IOS20-OFL：海上出荷JOBNO設定できない（一意制約違反）.xlsx）を添付しました。
【10/09】 ターゲット環境へのリリースが完了しました。",オフラス,●,,,,,,,,2019/10/04,2019/10/09,2020/05/15,AP・コーディング,確認完了,"・IOS20-OFL-SBM-T2-001_機能仕様書_作業計画管理
P39
2.5.試験依頼（I/F）
5）計画情報に設定する試験項目コード",－,TSK-00030419,INC-00135992,,"千葉保守問題点No.030対応
千葉保守問題点No.059対応
千葉保守問題点No.126対応

①作業計画機能仕様書 P39 「2.5.試験依頼（I/F）」の「5）計画情報に設定する試験項目コード （優先順位2）試験依頼の規格情報」の記述は、作業形態毎に規格情報の取得ロジックを記述する様に修正致します。

②作業計画機能仕様書 P39 「2.5.試験依頼（I/F）」の「5）計画情報に設定する試験項目コード （優先順位2）ブレンドシミュレーションの計算結果」は、以下の通り、記述を修正致します。

システム定数の定義により、計画情報へ設定する規格情報の値は、以下のどちらかを設定する事ができます。

・ブレンドシミュレーション計算において試験管理システムから取得した規格情報のシビア値
・ブレンドシミュレーション計算において設定した制約上下限値

但し、システム定数の設定が「ブレンドシミュレーション計算で設定した制約上下限値」であっても、対象JOBが以下の条件に一致する場合（最適制御要の場合）は、制約上下限値を計画情報へ設定します。

・作業形態が「50：一般シフト生産」または「52：ガソリン生産」
・制御モードが「最適化」

計画情報に設定した制約上下限値は、運転制御システムから最適制御システムへ通知されます。",作業完了,,,,,,,,,確定図修正,1025,,e,,,,,,,,,,,,,,,,,,,,
,031,2019/09/26,千葉,小林義彦,伊藤祐希,IOS20-OFL：マスバランス（製品半製品受払表で「分類」を選択しないと画面表示しない）について,2019/10/03,G：マスバランス,G：マスバランス,,"■事象
・製品半製品受払表（画面）にて、日付のみ指定で検索表示しない。 ※[分類]が未選択です。というエラーが表示される。
■あるべき姿
・日付指定のみで検索表示する事
※画面仕様書には、検索時に[分類]選択が必須という様な記載はありません。
※旧システムでは、[分類]選択が無くても検索できる。（全分類）
■代替手段
・分類を指定して検索する事で対応は可能","※LMISを完了にしてしまったため、No025からの続きです。

■原因
本件、経緯を確認したところ、少々複雑でした。 以下に状況と経緯を整理させてください。
〇INC-00135676　にて問題点のご連絡
■事象
・製品半製品受払表（画面）にて、日付のみ指定で検索表示しない。 ※[分類]が未選択です。というエラーが表示される。
■あるべき姿
・日付指定のみで検索表示する事
※画面仕様書には、検索時に[分類]選択が必須という様な記載はありません。
※旧システムでは、[分類]選択が無くても検索できる。（全分類）
→本件、2018/11/30に三鷹にて協議させていただいた結果です。 検索系の画面で、検索件数が多くなり画面表示のパフォーマンスが出ないものについては、一部の条件を必須入力とするようにいたしました。
添付の資料(パフォーマンスチェック_対応策_20181201.xlsx)をご確認ください。
※添付資料の製品半製品受払表画面の対応欄にて、以下2点が決められています。
①画面からの検索条件の「分類」を必須入力とする
②印刷ボタン押下時には、日付以外の条件は渡さない
(帳票は、指定日付で全分類で出るようにする、ということです。)
この②についてですが、当該修正を行った後に、初期流動問題点No353にて、画面の表示と、帳票の出力結果が異なる点についての指摘があり、画面表示と同様に修正しております。(この時に、上記の修正内容と食い違うことに気づければよかったのですが、気付かず再修正してしまいました。)
■事象
画面から分類選択（絞り込み）「燃料油・LPG・特殊品・石化品」をして検索すると画面には絞り込んだ結果を表示するが、印刷すると絞り込みされず、全ての分類のデータが出力される。
■あるべき状態
画面と同じ様に絞り込んだ結果のみ出力する
上記の経緯を経て、現在の状況は以下になっております。
・「分類」は検索時の必須入力項目である
・帳票は、画面の表示内容と同様のものを印刷する 本件の対応について、相談させていただきたいです。
※上記経緯を踏まえると、対応案としては、印刷ボタンが常時押せるようになれば良いように感じております。

■対応
本件、インシデント管理にて対応させていただきたくおもいおもいます。
",オフラス,●,,,,●,,,049,,,,仕様通り,改善対応に移管,IOS20-OFL-SBM-T2-003_画面個別機能仕様書_VIGC030201_製品半製品受払表_v1.2.docx,,TSK-00030515,INC-00135676,,"保守問題点管理表No031
[LMIS]INC-00135676/INC-00135676
製品半製品受払表にて、「印刷」ボタンを常時使用可能とし、画面検索を行わなくても画面で指定した条件をパラメータとした帳票が出力できるようにする。

【経緯】
画面では条件未指定だとパフォーマンスに影響するため、
協議の上「分類」は必須とすることで合意しています。

画面検索後にしか帳票出力ができない仕様になっているため、
帳票においても「分類」が必須となってしまうが運用上、帳票は「分類」を指定せずに出力を行う必要があるため",仕様変更承認待ち,0.25人日,0.25人日,0.25人日,0.25人日,0.25人日,確認済み,,2020/12/18：改善リストへ移行（改善リストNo049）,,946,No.946,e,,,,,,,,,,,,,,,,,,,,
,032,2019/10/01,千葉,小林義彦,伊藤祐希,IOS20-OFL：千葉製油所モニタ（サブメニュー項目が白くなり見えない事象）について,2019/10/11,N：製油所モニタ,N：製油所モニタ,,"■事象
・千葉製油所モニタにログイン後のメニュー画面が白くなり表示されない。
ブックアイコンを押下すると表示が復元する。
各サブシステムへ展開後も同様である。
※切替後（5月中旬）は、発生していませんでしたが9月頃からこの 事象が発生していたと思います。（記憶ですが）
※当方ＰＣのGoogle Chromeバージョン: 77.0.3865.90（Official Build）
（64 ビット）
■あるべき姿
・事象が発生しない事
■代替手段
・ブックアイコンを押下する。
（メニューが表示される）","本件について三鷹の検証環境で確認した所、Chromeのバージョン60（導入時にセットアップしたバージョン）では発生せず、バージョン77に更新した所、事象の発生を確認しました。
Chromeのバージョン差異による問題については、対応方法などの検討中となっております。

11/6
本事象につきまして、Chromeバージョン：78.0.3904.70で事象が解消されたことを確認しております。
ユーザ様が利用されている環境で事象が改善されている様であれば、本件については完了として頂けないでしょうか。",オフラス,●,,,,,,,,,,2020/02/26,その他,確認完了,,－,TSK-00030524,INC-00136322,,,,,,,,,,,,,,,e,,,,,,,,,,,,,,,,,,,,
,033,2019/10/01,千葉,伊藤祐希,伊藤祐希,IOS20-OFL：未入荷指定処理不具合,2019/10/01,G：マスバランス,G：マスバランス,,"■事象
商品管理メニューの未入荷指定を実施の際（初使用）、実績は次月に繰り越されている（ようにみえる）が在庫が変更されず 月の実績として増減が発生している。旧オフラスとは処理の動きが異なっている。
原油タンク受払実績の次月分は過去日付は参照してくださいとのことで本日は確認することができない。
■あるべき姿
未入荷指定から在庫も変化して増減が発生しない
■代替手段
なし
2020/5/15:対応完了しており、同一不具合が再発した場合、問い合わせが発生する内容であるため、本件はクローズ","内容登録が遅くなり申し訳ございません。 本件は、田口様とお話させていただき、暫定のデータパッチ対応を実施しております。 恒久対応については、あるべき姿を確認させていただき、仕様調整させていただければと思っております。
■原因
未入荷指定にて、対象の受払を翌月に移す機能はございますが、在庫については変動させるよう伺っていなかったため
■対応
暫定対応として、以下のデータパッチ適用を行っております。
・未入荷指定を受けたタンクの在庫を前日末在庫＋自然変動分に修正 恒久対応としては、インシデント管理にて対応させていただきたく思っております。
対応内容についても対応実施時に詰めさせていただきたく思っております。

2020/02/04
検証結果エビデンスの確認をお願い致します。
https://app.box.com/folder/92427290666?page=2
【インシデントNo947】マスバランス_在庫計算更新処理_未入荷対応_確認エビデンス.xlsx

2020/02/21
エビデンスをご確認いただいたため、リリース待ちに変更いたします。",オフラス,●,,,,,,,,2020/02/04,2020/03/25,2020/05/15,仕様通り,確認完了,IOS20-OFL-SBM-T2-001_機能仕様書_マスバランス_v1.2.docx,－,TSK-00030526,INC-00136332,,"保守問題点管理表No033
[LMIS]INC-00136332/INC-00138636/INC-00139947
未入荷指定が行われた際の在庫計算・更新では対応を以下のようにします。

1) 未入荷指定された当日
・未入荷のあるタンクは以下の処理を行わない
a)通油作成処理　：受払増減用通油の作成
b)通油数量を取得処理：受払増減用通油数量の取得
c)受払増減按分処理(未入荷分):未入荷分の在庫計上を行わない
d)在庫0処理： 品名別在庫が１００ＫＬ未満、１％未満の場合、在庫を０にする処理を行わない

・海底配管が未入荷の場合は在庫量を算出し原油タンク在庫の計測在庫及び在庫数量を再設定する。

2)未入荷指定されたデータの計上日(翌月1日)
・未入荷分は在庫引当日に計上を行う
",IKC作業結果確認中,2.00人日,1.00人日,1.00人日,1.00人日,2.00人日,,,"2020/1/24仕様変更承認済
2020/12/17：ドキュメントの提出の有無を確認し、クローズ",,947,,e,,,,,,,,,,,,,,,,,,,,
,034,2019/10/01,千葉,松岡文夫,松岡文夫,IOS20-OFL：障害_千葉品管_新IRIS(XenAPP)燃料油に化学品ロットが未登録,2019/10/03,L：試験管理,L：試験管理,,"■事象
千葉の試験管理システム（オフラス品管）から、 新IRIS(XenAPP)燃料油に化学品ロット（ロット末尾にＰＣ付き）の実績が 登録されていないため、上期決算、各種請求帳票の処理ができない。
■あるべき姿
新IRIS(XenAPP)燃料油に化学品ロットを5月以降すべてリカバリ願います。
■代替手段 なし（手作業では、不可です）","■原因
仕様通り
■対策
10/1 検証環境で暫定PGにてデータ出力後，本番機で新IRIS操業品質への送信を実行してリカバリ完了しました。
結果を直接松岡様に確認済みの為，インシデントもクローズしてください。
10/9 試験管理インシデントNo99対応モジュールリリース",オフラス,●,,,,,,,,2019/10/07,2019/10/09,2019/10/09,仕様通り,確認完了,,－,TSK-00030527,INC-00136339,,燃料油の試験結果でタンクの末尾が’ＰＣ’であるものを対象外としているが、送信対象とする。また、復旧用の送信ファイルをローカルで作成する。,完了,0.2人日,0.5人日,0.5人日,0.3人日,0.2人日,,実施（緊急のため先行実施）,,,99,,e,,,,,,,,,,,,,,,,,,,,
,035,2019/10/02,千葉,伊藤祐希,伊藤祐希,【大至急確認依頼】IOS20-OFL：【商品管理】入荷実績計算書、原油タンク受払実績不具合,2019/10/08,G：マスバランス,G：マスバランス,,"■事象
入荷実績計算書の海底配管分の実績がパラタンクに反映される場合、パラタンクではない別のタンクも考慮されて計算されている。
帳票はパラタンクの中で案分されている。（画面と帳票に差がある。帳票側があっているのでは？）
また、原油タンク受払実績ではパラタンクへの海底配管分の実績が案分されず、1つのタンクにまとめて計上されている。
■あるべき姿
入荷実績計算書のパラタンクを考慮した海底配管分の実績が計上されること
原油タンク受払実績で海底配管分の実績がパラタンクの場合案分されること
■代替手段
入荷実績計算書の帳票の実績をベースに入荷実績計算書、原油タンク受払実績を海底配管分考慮して手修正 9月22日分は締めなければいけないため上記の代替手段で修正しますが、実績の数字に関しては入荷実績計算の帳票のものを正として問題ないか 申し訳ありませんが午前中に回答頂けませんでしょうか。
9月30日分は10月実績となるためパッチ対応含めて相談させてください。
2020/5/15:優先度の高い案件で、既に問題が解消されており、再発もないためクローズとする・","■原因
海底配管からパラタンクに受ける場合の考慮が漏れておりました。 実績数値は帳票側の値を正としていただきますようお願いいたします。 

■対策
2019/10/18 修正エビデンスを添付しました。 「【INC-00136464】【TSK-00030560】マスバランス_入荷実績計算書パラタンク不正.xlsx」をご確認ください。 よろしくお願いします。",オフラス,●,,,,,,,,2019/10/18,2019/10/30,2020/05/15,AP・コーディング,確認完了,,－,TSK-00030560,INC-00136464,,,,,,,,,,,,,,,e,,,,,,,,,,,,,,,,,,,,
,036,2019/10/02,千葉,田口友造,田口友造,【確認依頼】RICS当月在庫の確認依頼,2019/10/03,G：マスバランス,G：マスバランス,,"9月月報の外貨在庫に一部由来のわからない値が計上されております。 お手数ですがシステム側で不具合がないか確認いただけないでしょうか。 １．１） JETA-１在庫はオフラスで外貨在庫50416.654KLを計上しておりますが月報では 35916.272KLとなっており、その差分が（ボンド）JETA-1で計上されている。 ２． １）３．６C重油及びBF-380（3.6C-300）に在庫が生じている。（通常は在庫なし。今月オフラスへの入力もなし） 詳細は添付を参照いただけますようお願いいたします。
2020/5/15:当月在庫に影響のある不具合のため、再発はないと判断しクローズ","内容登録が遅くなり申し訳ございません。 本件、随時対応させていただいておりました。
■原因
OneSAPからの入出荷伝票データの一部が受信できていませんでした。
DB状態が不安定で、接続できなかった時間帯があり、そのタイミングで受信した伝票データがオフラスに反映されていませんでした。
そのため、JETA-1の品転伝票がオフラスに取り込まれておらず、転換数量がOneSAPとオフラスで食い違い、差異になっていました。 
■対応
接続できなかった時間帯の入出荷伝票の再取込を実施 その後、製油所受払月報の問題個所が改善されたことをご確認いただきました。
本件は、クローズとさせていただきたく思います。",オフラス,●,,,,,,,,ー,ー,2020/05/15,その他,確認完了,,－,TSK-00030601,INC-00136539,,,,,,,,,,,,,,,e,,,,,,,,,,,,,,,,,,,,
,037,2019/10/03,千葉,伊藤祐希,伊藤祐希,IOS20-OFL：【自営帳票】入出荷作業報告書取扱量合計について,2019/10/16,－,－,,"■事象
入出荷作業報告書の下の合計を扱う欄のうち取扱量合計のセルの書式が他とあってない部分がある。
また、1ページめとそれ以外でも書式が異なっている。
■あるべき姿
通常の出荷実績についてセルの書式が統一される。（添加剤は現在と同じ別書式（数値）で）
■代替手段
直接影響はないため修正しない","■原因
取扱量合計のセル書式が異なっている箇所が存在しておりました。
■対策
修正した帳票で出力したエビデンスをBOXに格納いたしましたので
ご確認ください。
2019/10/04　EXEより修正エビデンスを送信
・INC-00136794_入出荷作業報告書取扱量合計欄の書式について.xlsx
https://idemitsu.box.com/s/q09jkbn2okqvfkt5w2jne40c0fxb4cps",自営帳票,●,,,,,,,,2019/10/04,2019/12/05,2020/06/03,,確認完了,,－,TSK-00030671,INC-00136794,,,,,,,,,,,,,,,e,,,,,,,,,,,,,,,,,,,,
,038,2019/10/04,千葉,松岡文夫,松岡文夫,OS20-OFL：ブレンドSIM補正係数のエクセルツールについて,2019/10/24,K：ブレンドシミュレーション,K：ブレンドシミュレーション,,"■事象
ブレンドSIM補正係数のエクセルツールにおいて，
① 更新時に、SEQ-Ｎｏの１件単位で更新するため、多量に更新することが困難
② 削除の処理
・ボタンが無いため、古い設定値を消せない
■あるべき姿
 ①エクセルの作業シートの記入されたSIM補正係数は、一行目から空白行に到達するまで更新ボタンで一括処理を行う。
・一行毎にdelete⇒ADDを繰り返し、delete対象がない場合は追加する
・元データに規則違反があれば、そこで停止する
③ エクセルの作業シートの記入されたSIM補正係数は、一行目から空白行に到達するまで 削除ボタンで一括処理を行う。
（削除対象がなければスキップして次へ進む）
■代替手段
アプリサービスデスク殿へ、変更・削除をお願いして、ＳＱＬやリモートで対応して 頂くことにになりますが、運用上の時間制約（生産・出荷待ち）が発生するため 望ましくない。","■原因
仕様とおりです。
■対策
ブレンドSIM補正係数のメンテナンスにて単純な修正が可能な簡易ツールをご提供させていただいております。
左記要望を対応するには、機能追加として前回提示させていただいたインシデント（インシデントNo.674）を復活させての対応となります。
対応要否のご判断をお願いいたします。
",オフラス,●,,,,●,,,,,,2021/05/20,仕様通り,確認完了,,,TSK-00030717,INC-00136887,,"問題点管理№384　障害管理No.40473対応
補正係数の値をメンテナスする画面を追加する。
補正係数は試験結果の代替に使用する推定計算値に使用する重要な値であり、通常、品管で一括変更しているため現オフラスで品管側にあるが、運転管理側で、メンテできるようにする。また、変更された日時も管理する為、画面検索・表示ができるようにする。
※動作異常時に一番に確認するため保守者は限定なので画面ではなく、エクセル等で一括読込更新をしたい。",完了,5.0人日,4.0人日,3.0人日,2.0人日,1.0人日,,,"2018/11/30　：角井
スマコンで対応（工数0）

2021/5/20:締め忘れ。（横断テスト問題点管理票ではクローズ済み）",,674,No.674,e,,,,,,,,,,,,,,,,,,,,
,039,2019/10/04,千葉,松岡文夫,松岡文夫,IOS20-OFL：試験管理_潤滑油の旧オフラス登録ロットデータ修復について,2019/11/07,L：試験管理,L：試験管理,,"■事象
潤滑油仕製造様書に試験項目の不足があり、正しく需要家成績表が作成できないため 一旦終了したロットを承認待ちまで戻し、不足した試験項目を追加していた際、誤って、旧オフラスで登録したロットまで触ってしまい、未完了（総合判定待ち）に なってしまいました。
⇒　１ロット　依頼番号　720969
（試験項目の追加はできなかったので、既存データは保持しています）
■あるべき姿
潤滑油試験ロット　依頼番号　720969　１件について、
リモート作業があるときに、総合判定完了までステータスを進めてください。
■代替手段
ありません。","復旧は、作業前に取得したDMPより該当試験の情報を取得し、状態が戻ってしまった情報に上書きします。この対応で問題なければ、作業をリモートで実施します。
10/9 15:30 復旧作業終了しました。松岡様に復旧確認していただきました。クローズをお願いします。",オフラス,●,,,,,,,,,ー,2019/10/09,データ不備,対応不要,,－,TSK-00030718,INC-00136890,,,,,,,,,,,,,,,e,,,,,,,,,,,,,,,,,,,,
,040,2019/10/04,千葉,伊藤祐希,伊藤祐希,IOS20-OFL：【伝票発行】出荷伝票が本伝にならない,2019/10/10,D：実績管理,D：実績管理,,"■事象
10/3出荷の出荷伝票で作業終了しているのに伝票が本伝にならないものがある。 （同じ納入先、オーダNOで違う船、違う油種の2つの伝票）
協定書実績は確定できている。
■あるべき姿
通常通り伝票が仮伝→本伝となる。
■代替手段
なし","本伝へ遷移しない伝票情報のステータスを手動変更しました。
伝票No:は、10019、10020が採番されています。
伝票の内容を確認して頂き、確定操作をお願い致します。 

■原因
2019/10/17
本件、ボンド出荷JOBですが、1オーダ管理、複数オーダ明細、複数伝票のオーダでした。
当初伺っていたオーダと伝票のパターンに無い構成であったため、伝票の更新パターンが特定できず、伝票更新に失敗しておりました。
このケースでは、通常の海上出荷と同様のパターンと認識するようにします。
AP修正後は、複数オーダ明細に対応する伝票を更新します。 

■対策
2019/10/18
修正エビデンスを添付いたしました。
「【INC-00136904】【TSK-00030725】実績管理_出荷伝票が本伝にならない.xlsx」をご確認ください。
よろしくお願いします。
2019/10/25 24日に本件と同様の伝票構成の出荷が実施されたとのことですが、
リカバリの方法として、以下の方法をお試しいただきたいと思います。
・問題になっている海上出荷JOBを実績ファイルメンテナンスより登録
　(８健晃丸のJOBでも１光伸丸のJOBでも構いませんので、実績ファイルメンテナンスを開いて、そのまま登録ボタンを押下ください)
上記により、JOB実績の再登録を行い、伝票の更新も実施いたします。
(対応する伝票が確定済の場合は、JOBは更新できたが、伝票は更新できなかった旨のメッセージが表示されます)
本日リリースさせていただいたモジュールで伝票の更新を行えば、本伝に変更できると思っております。
以上、よろしくお願いします。",オフラス,●,,,,,,,,2019/10/18,2019/10/25,2019/12/10,AP・コーディング,確認完了,,－,TSK-00030725,INC-00136904,,,,,,,,,,,,,,,e,,,,,,,,,,,,,,,,,,,,
,041,2019/10/04,千葉,田口友造,田口友造,【至急】9月製油所受払月報チェックリスト表示について,2019/10/04,G：マスバランス,G：マスバランス,,"標記の件でご教示頂きたいのですが、9月の製油所受払月報チェックリスト（OFFLAS） に、エラー表記として「出光軽油預かり　ー4000」が計上されておりますが理由が思い当たりません。
9月は16日付及び30日付で、出光軽油預りの伝票を起票しておりますが、取り込み不具合等 ございませんでしょうか。
大変申し訳ございませんが、至急ご確認いただけますと幸いです。","■原因
本件、8月の出光軽油預かりの月末在庫数量について、オフラスで保持している値と月報の値で食い違いがありました。
(8月在庫は11000KLの認識ですが、9/6 18:05以降、13000KLとして基地別在庫が送信されてきております。なお、月報上は8月末在庫11000KLとなっておりました。)
そのため、9月分の受払と在庫に差分がでて、チェックリスト上赤残として表記されたものと思われます。
■対策
オフラスで保持している8月の出光軽油在庫を11000KLとして修正するデータパッチを適用いたします。
その後、9月分の月次処理を再実行していただきたく思います。 
また、OneSAP側で基地別在庫送信処理の確認をお願いいたします。
添付ファイルの調査結果.xlsにも記載されておりますが、受信データの在庫量と月報の在庫量に食い違いが出ています。
9/6　17:00～18:00に9月分の入荷伝票を2000kl作成したという情報もうかがっており、
8月分の基地別在庫に9月の入荷伝票分が混入した可能性があるのではないかと考えております。
2019/10/10
本件は、OneSAP側から受信する基地別在庫の問題であったため、オフラス側としては対応不要としてクローズさせていただきたく思います。",オフラス,●,,,,,,,,,ー,2019/10/10,,対応不要,,－,TSK-00030740,INC-00136899,,,,,,,,,,,,,,,e,,,,,,,,,,,,,,,,,,,,
,042,2019/10/07,千葉,伊藤祐希,伊藤祐希,IOS20-OFL：船(機)用品積込承認申告書 印刷文字超過,2019/10/10,F：外航通関,帳票,,"■事象
船(機)用品積込承認申告書の品名欄がはみ出てすべて表示されない（IMO対応品名）
添付に想定される変更内容と要望を追記しておりますので確認お願い致します。 ■あるべき姿
品名が枠をはみ出ず表示される（印刷できる）
■代替手段
EXCELから手修正","■原因
品名の表示セルは折り返し設定になっておりませんでした。
■対策
密度の表示欄を使用し、文字数の多い品名はセル内で折り返して表示する対応を行います。
2019/10/11 追記
検証エビデンスを添付いたしました。
ご確認のほど、よろしくお願いいたします。
TSK-00030811_船(機)用品積込承認申告書.xlsx
2019/10/17
ターゲット環境へのリリースが完了しました。",オフラス,●,,,,,,,,2019/10/11,2019/10/25,2019/12/03,AP・コーディング,確認完了,,－,TSK-00030811,INC-00137114,,,,,,,,,,,,,,,e,,,,,,,,,,,,,,,,,,,,
,043,2019/10/07,千葉,伊藤祐希,伊藤祐希,IOS20-OFL：タンク受入搬入計算書再作成時不具合,2019/10/10,C：進捗管理,C：進捗管理,,"■事象
一度、タンク受入搬入計算書データ作成を実施、＃100035の時間に誤りがあった為、検尺データを再入力しタンク受入搬入計算書データ再作成したが、再入力したタンクしか作成されなかった。
■あるべき姿
一度作成したタンク受入搬入計算書に対して再作成したタンクのみ修正を加えて計算書が作成できる。
■代替手段
他のタンクも再作成を実施する。","■原因
進捗管理にてタンク受入搬入計算書の再作成時、 JOB単位で削除して再作成を行っているため、 修正対象タンク以外の搬入計算書データが消えており、
外航通関のタンク受入搬入計算書画面に表示されない事象となっております。
■対策
タンク単位で再作成するように修正致します。
2019/10/23 追記
検証エビデンスを添付いたします。
【TSK-00030812】タンク受入搬入計算書再作成時不具合.xlsx
内容のご確認をお願いいたします。",オフラス,●,,,,,,,,2019/10/23,2019/10/30,2020/02/26,設計不備,確認完了,,－,TSK-00030812,INC-00137128,,,,,,,,,,,,,,,e,,,,,,,,,,,,,,,,,,,,
,044,2019/10/07,千葉,伊藤祐希,伊藤祐希,IOS20-OFL：製油所モニタページ有効期限切れ頻発,2019/10/11,N：製油所モニタ,N：製油所モニタ,,"■事象
オフラス製油所モニタにログインしようとするとページの有効期限切れとなり開くことができない。再度開き直しても同様の事象となる。
（PCの再起動等で復旧する場合がある。また、一度ログインした後再度ログインしようとすると入れなくなったりする。）
■あるべき姿
原因が解消され通常通りログインできる。
■代替手段
なし","■原因
本件について三鷹の検証環境で確認した所、Chromeのバージョン60（導入時にセットアップしたバージョン）では発生せず、バージョン77に更新した所、事象の発生を確認しました。
Chromeのバージョン差異による問題について対応方法などの検討中となっております。

11/20追記
今回の事象が発生する場合の状況として、エラーが発生するときはログイン処理が2重で起動しており、片方のログイン処理が途中でセッションエラーとなっておりました。

■対策
事象を発生させない様にするための対応として、サーバへ2重にログイン処理要求が行われない様に画面側で制御を行う処理を追加します。

2/27　リリース後同事象発生していないことからクローズします。",オフラス,●,,,,,,,,ー,2019/11/20,2020/02/27,その他,確認完了,,－,TSK-00030842,INC-00137205,,,,,,,,,,,,,,,e,,,,,,,,,,,,,,,,,,,,
,045,2019/10/07,千葉,伊藤祐希,伊藤祐希,IOS20-OFL：IMO対応に伴う品名変換対応願い,2019/10/09,M：マスタ管理,M：マスタ管理,,"■事象
IMO対応に伴う作業品名変更で変更件数が多く全て手入力となる為、ベンダーでのSQL対応を検討いただきたく思います。
※作業品名及び統一品名略号の変換
■あるべき姿
41件の作業品名の変更が完了する。
■代替手段
無し 　　　　　　　　　　　　　　　　　　　　　　　　　 　　　　　　　　　　　　　　　　　　　　　　　　　　　","【10/07】
受領したファイルについて確認させて頂きます。
シートに記載されているデータの通り、以下のマスタ登録で宜しいでしょうか。
※0.1A向けの品名マスタは、登録済でしょうか。
・作業品名マスタ
・作業品名変換マスタ
【10/08】
検証結果エビデンス：TSK-00030844_IMO対応_作業品名変換_検証結果エビデンス.xlsxを添付致します。
【10/10】
10/09リモート接続にて、以下のマスタ定義を変更しました。
・TIMX102 ・TIMX111 ・TIMX112",その他,●,,,,,,,,2019/10/10,2019/10/09,2020/02/27,その他,確認完了,,－,TSK-00030844,INC-00137209,,,,,,,,,,,,,,,e,,,,,,,,,,,,,,,,,,,,
,046,2019/10/07,千葉,伊藤祐希,伊藤祐希,ロット試験報告書取り込み失敗,2019/10/21,E：品質管理,E：品質管理,ロット試験報告書一覧,"■事象
ロット試験報告書出力一覧でロット試験報告書が確認できないものがある。
メッセージ一覧を確認すると取り込み失敗している。
また、取り込みに失敗していないのに確認できないものもある。
■あるべき姿
ロット試験報告書が問題なく取り込まれ、確認できる。
■代替手段
試験管理システムから再送？","■原因
ロット報告書ファイル名を試験依頼テーブルに登録する際に排他制御をかけており、排他エラーとなっているためです。
■対策
試験依頼テーブルは試験開始後は試験結果受信時に試験ステータスのみ更新され、ロット報告書ファイル名取込の際に排他制御の必要はないため、排他制御を行わないように修正します。

2019/10/10 追記1
検証結果エビデンスとして以下を添付しました。
【TSK-00030845】ロット試験報告書取り込み失敗.xlsx
ご確認をお願いします。
2019/10/10 追記2
リリース予定日は10/17(木)です。
2019/10/17
ターゲット環境へのリリースが完了しました。",オフラス,●,,,,,,,,2019/10/10,2019/10/17,2019/12/03,AP・コーディング,確認完了,,－,TSK-00030845,INC-00137213,,,,,,,,,,,,,,,e,,,,,,,,,,,,,,,,,,,,
,047,2019/10/07,千葉,松岡文夫,松岡文夫,RE: IOS20-OFL：ブレンドSIM補正係数の一括登録について,2019/10/09,K：ブレンドシミュレーション,K：ブレンドシミュレーション,,"■事象
ブレンドSIM補正係数のエクセルツールにおいて，1800件ほど追加が発生し エクセルツールでは、SEQ-Ｎｏの１件単位の追加になるため、ＳＱＬ文で、添付データをすべて更新・追加して頂けるよう、お願いいたします。
■あるべき姿
1800件ほどのデータを一括更新・登録願います。
■代替手段
無し","■原因
－
■対策
データパッチにて対応いたします。（10/9に実施いたしました）",その他,●,,,,,,,,ー,2019/10/09,2019/11/09,データ不備,対応不要,,,TSK-00030850,INC-00137229,,,,,,,,,,,,,,,e,,,,,,,,,,,,,,,,,,,,
,048,2019/10/08,千葉,伊藤祐希,伊藤祐希,IOS20-OFL：軽油チェックマスタ不具合,2019/10/21,M：マスタ管理,"M：マスタ管理
A：オーダ管理",,"■事象
軽油チェックマスタにおいて変更を使用とした際に終了日は変更できるのに開始日は変更できない（旧オフラス可能） また、年の設定があるためにこのままでは毎年設定変更が必要となる（旧オフラスに年はない） しかしながら今の状態でチェック機能が働いているように見える。（不具合？）
■あるべき姿
設定変更時、開始日も変更できる。
年の設定を考慮せずマスタ設定、機能が作動する。
■代替手段
年月日を今年にして新規設定","■原因
マスタメンテナンス画面では、開始日が主キーとなっています。
マスタメンテナンス画面から主キーを変更する事はできない為、開始日を変更する場合は、データの削除と追加を行ってください。
オーダ管理は、 月日のみ参照してチェックを行っています。
開始日と終了日が逆転した場合、チェックOKとなります。
※動作は既設システム通りです。
■対策
＜マスタメンテナンス画面＞
・TIMX132軽油チェックマスタの出荷開始日と出荷終了日は、テーブル定義を変更し、カラムの桁数を8桁から4桁へ変更します。
・出荷開始日と出荷終了日は、月日のみ登録します。
・入力された月日が日付として正しいかチェックします。
・出荷開始日と出荷終了日の逆転はチェックしません。
＜オーダ管理＞
・TIMX132軽油チェックマスタから取得した出荷開始日と出荷終了日で出荷対象期間であるかチェックを行います。
・出荷開始日と出荷終了日が逆転した場合を考慮してチェックを行います。
11/18
検証結果エビデンスを以下に格納しました。
格納場所：https://app.box.com/folder/92427290666
【No048】軽油チェックマスタ不具合.xlsx
",オフラス,●,,,,,,,,2019/11/18,2019/12/18,2020/06/12,設計不備,確認完了,"・IOS20-OFL-SBM-T2-001_機能仕様書_オーダ管理
P37
2.5.3.	整合性チェック
表2.5.3. 1オーダ登録時の整合性チェック 9.軽油チェック
",,TSK-00030905,INC-00137425,,"千葉保守問題点No.048対応

①チェック内容を以下の記述へ修正致します。

対象の簡略品名コードが軽油チェック対象品マスタに登録されている場合、軽油チェックマスタを参照し、以下のチェックを行います。結果が妥当でない場合は整合性エラーとします。

・取引先No.2コードと簡略品名コードの組合わせが登録されている

・出荷日が出荷開始日と出荷終了日の範囲内である

②対象データを以下の記述へ修正致します。

・簡略品名コード
・取引先No.2コード
・作業日（出荷日）
",作業完了,,,,,,,,,確定図修正,1026,,e,,,,,,,,,,,,,,,,,,,,
,049,2019/10/08,千葉,伊藤祐希,伊藤祐希,IOS20-OFL：包括保税運送申告書（計画）運送期間不具合,2019/10/21,F：外航通関,帳票,,"■事象
包括保税運送申告書（計画）印刷時に運送期間が画面入力の値と逆になっている。 合わせてフォーマットの修正（文字切れ）もお願いします。
（当該帳票の印刷は今回が初めて。通常はオフラス帳票を使わず、別で印刷している）
■あるべき姿
運送期間が画面と同様になる。
文字が切れて印刷されない
■代替手段
帳票EXCELから手修正","■原因
帳票側の処理にて運送期間の表示が逆転していたためです。
文字切れにつきましては、既設レイアウトと同様の列幅としておりましたが、Officeのバージョンアップ違いで文字切れになったものと思われます。
■対策
運送期間を正しく表示するよう修正いたします。
また、文字切れについては、該当列の列幅を調整いたします。
2019/10/15 追記
検証エビデンスを添付いたします。
ご確認のほど、よろしくお願いいたします。
TSK-00030930_包括保税運送申告書(計画).xlsx",オフラス,●,,,,,,,,2019/10/15,2019/10/25,2020/06/12,,確認完了,,,TSK-00030930,INC-00137523,,,,,,,,,,,,,,,e,,,,,,,,,,,,,,,,,,,,
,050,2019/10/09,千葉,伊藤祐希,伊藤祐希,IOS20-OFL：石連週報IMO対応分反映されない,2019/10/16,－,－,,"■事象
石連週報にてLSC重油が表示されません。（LSAも？）IMO対応により対象油種が出荷されるようになりました。
ただ、初期流動管理問題点表No.743との関連も含めてご対応お願い致します。
■あるべき姿
当該油種がその欄に実績出力される。
■代替手段
帳票EXCELで手修正","■原因
2019/11/20EXE
LSC重油が表示されないのは旧帳票と同様で、IMO対応につきましては仕様変更という認識です。
本件につきましては、10/17澤田様と件名「［INC-00137548：］IOS20-OFL：石連週報IMO対応分反映されない」でメールでやり取りさせていただいております。

■対策
2019/11/21EXE
IMO対応について、対応するかどうかの依頼がないため弊社としましては、待ち状態となります。
",自営帳票,●,,,,,,,,ー,－,ー,,仕様整理中,,－,TSK-00030944,INC-00137548,,,,,,,,,,,千葉に状況確認し、手修正運用であれば費用捻出（PJ）して対応する（2021/5/20）,,ー,ー,e,,,,,,,,,,,,,,,,,,,,
,051,2019/10/09,千葉,伊藤祐希,伊藤祐希,IOS20-OFL：原油タンク受払累計表シフト実績が合わない,2019/10/11,G：マスバランス,G：マスバランス,,"■事象
10/3の60002、100035タンクのシフト実績がタンク受払実績側で修正したように 原油タンク受払累計表に計上されていない。（払いと受けで実績が合わない）
INC-00135618との関係も含めて対応お願い致します。
■あるべき姿
シフト実績が計上される
■代替手段
なし","本件、在庫計算・更新機能で作成したデータ(TIGX014)の時点でシフト受と払がずれていることを確認いたしました。
データの問題と思われますので、調査を行います。
2019/10/07
■原因 
シフトタ受払にてシフト受入の際に相手タンクの在庫情報からシフト受入品名及び数量の再計算を行うことで同一品名及び数量を再現しているが、この際に原油タンク在庫の情報を取得する処理にて一部正しく取得が行えていなかったため
■対策
シフト受入時の相手タンクの在庫情報を正しく取得するようにアプリ修正 2019/10/15 申し訳ございません、現在対応中の状況です。
今週中には修正エビデンスをご確認いただきたいと思っております。
2019/10/17 修正エビデンスを添付いたしました。 「【INC-00137690】【TSK-00030985】マスバランス_原油タンク品名別受払.xlsx」をご確認ください。",オフラス,●,,,,,,,,2019/10/17,2019/10/25,2021/08/06,AP・コーディング,確認完了,,,TSK-00030985,INC-00137690,,,,,,,,,,,,,,,e,,,,,,,,,,,,,,,,,,,,
,052,2019/10/09,千葉,伊藤祐希,伊藤祐希,IOS20-OFL：【修正依頼】,2019/10/18,F：外航通関,F：外航通関,,"■事象
継続保税作業においてユーザーの方が入力を誤ってしまったため 申し訳ありませんが修正をお願い致します。
■あるべき姿
画面及び帳票まで修正される。
■代替手段
なし","当件、データパッチにて対応させていただきます。
検証環境にて作成したデータパッチを実行した結果エビデンスを添付いたします。
【TSK_00030988】継続保税作業エビデンス.xlsx
ただし、2点ほどご確認したい点がございます。
（エビデンスにも記載しております。）
①保税作業に使用した貨物の「残数量」ですが、別作業にて99.965KLが引き落とされていることから、当数量分を反映した数値としております。
②原料課税方式により上記の製造に使用した外国貨物の「数量」ですが、端数が発生した場合、小数点第４位を切り捨てる仕様で構築しておりますが、 受領資料においては、小数点第4位を四捨五入された結果となっております。
今回のデータパッチでは、受領資料に合わせて小数点第4位を四捨五入した結果としております。
上記内容に問題が無ければ、この内容にてデータパッチを実施いたしますが、 ご確認の程、よろしくお願いいたします。
2019/10/15 追記
データパッチを実施いたしました。（誤入力の補正（端数は切り捨てています。）、継続保税作業（装置）は[確定]済です。）
後操作として、外貨製品在庫日報作成画面にて作成日付：2019年10月6日以降を再集計願います。",オフラス,●,,,,,,,,,2019/10/15,2019/10/15,その他,対応不要,,,TSK-00030988,INC-00137699,,,,,,,,,,,,,,,e,,,,,,,,,,,,,,,,,,,,
,053,2019/10/10,千葉,伊藤祐希,伊藤祐希,IOS20-OFL：【IMO対応】ボンド品受払表について,2019/10/18,－,－,,"■事象
ユーザーから、IMOでの帳票の対応に関して質問、及び調査依頼がきておりますので担当者の方に連絡お願い致します。 添付のボンド品受け払い表についてご相談です。
当該帳票は該当期間中におけるボンド製品の出荷実績を 集計しております。
次月からはIMOへの対応により新油種が追加されますが 当該帳票は今のままでも新油種の実績は正しく拾ってくる仕様でしょうか。
別途対応が必要であれば今月末までに対応したいと考えますのでご教示願います。 ■あるべき姿
■代替手段 ","回答が遅くなりまして申し訳ございません。
当該帳票は統一品名コードをベースに集計しておりますので，コードに変更ない限りは現状のままでも集計されます。
宜しくお願いいたします。

2019/11/21EXE
「設定情報」シートの「統一品名コード」を変更しなければ、問題なく集計しますと回答しております。
IMO対応で「設定情報」シートに変更が必要であれば仕様待ちの状態となります。",自営帳票,●,,,,,,,,ー,－,2019/11/21,,対応不要,,－,TSK-00031009,INC-00137754,,,,,,,,,,,,,,,e,,,,,,,,,,,,,,,,,,,,
,054,2019/10/10,千葉,伊藤祐希,伊藤祐希,IOS20-OFL：包括保税運送申告書（計画）帳票不具合,2019/11/08,F：外航通関,帳票,,"■事象
包括保税運送申告書（計画）の申告年月日の下のセルに「保税運送貨物承認番号」がない 仕様書にも記載ありませんが旧オフラスにはあり、削除されている理由が不明確ですので不具合として計上します。
尚、包括保税運送申告書（実績）には記載あります。 ※北海道の外航通関担当者にも確認しましたが、必要とのことでした。
■あるべき姿
帳票：包括保税運送申告書（計画）に保税運送貨物承認番号が明記される。
■代替手段
手入力で修正","■原因
仕様書作成当時に固定文字の設定に漏れがあったためと思われます。
■対策
帳票のレイアウトに固定文字で「保税運送貨物承認番号」を設定するように対応いたします。
2019/10/15 追記
検証エビデンスを添付いたしました。
ご確認のほど、よろしくお願いいたします。
TSK-00031017_包括保税運送申告書(計画).xlsx",オフラス,●,,,,,,,,2019/10/15,2019/10/25,2020/02/27,AP・コーディング,確認完了,,,TSK-00031017,INC-00137780,,,,,,,,,,,,,,,e,,,,,,,,,,,,,,,,,,,,
,055,2019/10/10,千葉,伊藤祐希,伊藤祐希,IOS20-OFL：【IMO対応】外貨製品在庫日報に実績計上されない,2019/10/18,"F：外航通関
マスタ管理","F：外航通関
マスタ管理",,"■事象
外航通関-外貨製品在庫日報において船用品実績にBF-LS（新規追加品名）が実績計上されない。
また、BF-380とBF-LSを出荷した日ではTOPの留出量との実績が合わない。
マスタ不備の可能性もありますので関係がありそうな追加したマスタも添付に入れました。
■あるべき姿
追加した品名の実績が表示され、留出とのバランスが取れている
■代替手段
なし","■原因 
①TOP留出品の払出数量が不正について 「搬出数量」、「保税残数量」を無条件に上書きする処理となっていることから、 承認番号（承認日付）が同一の保税台帳明細が存在した場合、 最後の引落情報のみ反映していないためです。
 ②船用品の受入数量(KL)・払出数量(KL)が表示されない件について 内外貨在庫品名マスタの船用品の台帳区分が「1:輸入台帳」となっていたため、 輸入台帳を参照し、払出数量が取得できず受入数量(KL)・払出数量(KL)が表示されておりません。
■対策
 ①TOP留出品の払出数量が不正について 同一の保税台帳明細が存在した場合、 １データ毎に搬出数量を加算し、残数量を再計算するように修正いたします。
②船用品の受入数量(KL)・払出数量(KL)が表示されない件について マスタメンテ画面より、内外貨在庫品名マスタの船用品の台帳区分を「4:保税台帳」に更新して下さい。
2019/10/11 追記
 ①TOP留出品の払出数量が不正について 当件、保税台帳明細の数量が不正の為、データパッチを実施させて頂きます。
添付の「【TSK_00031018】外貨製品在庫日報作成.xlsx」の確認をお願い致します。
2019/10/11 追記
マスタメンテにて台帳区分：4が選択できない件につきまして報告いたします。
■原因
4：船用品、5:：製品輸入貨物の台帳区分がマスタメンテ用の定義として未定義であったためです。
■対策
台帳区分として、4：船用品、5:：製品輸入貨物を定義し、プルダウンにて、「1」「2」「3」「4」「5」が、選択可能となり、 プルダウンをフォーカスした際、画面下に注釈として、1：輸入台帳　2：保税台帳　3：輸入／保税台帳　4：船用品　5：製品輸入貨物 が表示されるように修正いたします。
2019/10/15　追記
データパッチを実施いたしました。（不具合により、保税台帳を補正いたしました。）
マスタに関してもマスタメンテ機能にて台帳区分が選択できないこと（不具合）から データパッチにて修正（台帳区分：4（船用品））いたしました。
後操作として、外貨製品在庫日報作成画面にて作成日付：2019年10月3日以降を再集計願います。
2019/10/18 追記
検証エビデンスを添付いたします。
【TSK-00031018】検証エビデンス.xlsx
内容のご確認をお願いいたします。 2019/11/01 追記 データパッチを実施いたしました。
データパッチ後の操作として、外貨在庫製品日報にて10/25から再集計をお願いいたします。
（データパッチの検証エビデンス「【INC-00137783】パッチ後エビデンス.xlsx」を添付します。）
恒久対応については、11/7に千葉ターゲット環境にリリース予定です。",オフラス,●,,,,,,,,2019/10/18,2019/11/07,2019/12/03,AP・コーディング,確認完了,,,TSK-00031018,INC-00137783,,,,,,,,,,,,,,,e,,,,,,,,,,,,,,,,,,,,
,056,2019/10/10,千葉,伊藤祐希,伊藤祐希,IOS20-OFL：本船情報入力内容1桁多くなる不具合,2019/10/23,A：オーダ管理,A：オーダ管理,,"■事象
代理店-オーダー詳細一覧-本船情報入力後、外貨船用品、機用品積込承認申告書作成画面を確認すると 総屯数の値が10倍になっている。その後に本船情報入力画面で確認しても同様の事象が表示されている。
本船情報入力で再登録後は再発生無し。
必ず発生しているわけではないようなので原因不明。
（桁数オーバーは別件です）
■あるべき姿
本船情報入力、及び外貨船用品、機用品積込承認申告書作成画面でも入力した値が表示される。
■代替手段
手入力で修正","■原因
本船情報は、ボンド出荷オーダ入力画面で登録（受付または確定）を行ったタイミングで、オーダ情報と合わせてDBへ登録しています。
DB上は、整数値で登録しており、総屯数は、入力された値を100倍して登録すべきところを1000倍して登録していました。
■対策
総屯数は、DBへ整数値で登録していますが、入力された値を100倍して登録すべきところを1000倍して登録していました。 【2019/10/24】
 エビデンスを添付致します。
【TSK-00031053本船入力情報の総屯数が1桁多くなる.xlsxを参照して下さい。 
【2019/10/30】
 11/5週にリリース予定です。",オフラス,●,,,,,,,,2019/10/24,2019/11/07,2020/02/27,AP・コーディング,確認完了,,,TSK-00031053,INC-00137875,,,,,,,,,,,,,,,e,,,,,,,,,,,,,,,,,,,,
,057,2019/10/11,千葉,松岡文夫,松岡文夫,【至急対応依頼】IOS20-OFL：千葉ブレンドSIMのエンジンを旧バージョン復旧について,2019/10/11,K：ブレンドシミュレーション,K：ブレンドシミュレーション,,"■事象
ブレンドSIMでエラーが発生し、計算結果が得られないため、
生産計画・出荷準備ができません。
エラー内容につきましては、軽油／Ｇ２のエンジンについて、旧バージョンへ復旧願います。
■あるべき姿
ブレンドSIMの計算結果が、エラー無く正常に画面表示されること
■代替手段
無し","LMIS上での報告が遅くなりまして申し訳ございません。
本件緊急対応であったため，関係者で直接やり取りをし，10/11　15時頃に作業を完了し，ユーザ（千葉事業所松岡様）の確認まで完了済みとなります。
インシデントのクローズもお願い致します。",オフラス,●,,,,,,,,,ー,2019/10/11,その他,対応不要,,,TSK-00031115,INC-00138058,,,,,,,,,,,,,,,e,,,,,,,,,,,,,,,,,,,,
,058,2019/10/16,千葉,伊藤祐希,伊藤祐希,[IOS20-OFL]：保税台帳帳票添加剤実績不具合,2019/10/30,F：外航通関,帳票,,"■事象
保税台帳の帳票で添加剤の実績が1000倍になっている。（台帳詳細画面と合っていない）
■あるべき姿
帳票出力される実績が正しい値で印字される。
■代替手段
手入力で修正","■原因
該当項目の表示形式をL形式としていたためです。
■対策
KLの形式で表示されるよう修正いたします。
2019/10/28 追記
検証エビデンスを添付いたします。
【TSK-00031265】検証エビデンス.xlsx
内容のご確認をお願いいたします。",オフラス,●,,,,,,,,2019/10/28,2019/11/13,2020/02/27,AP・コーディング,確認完了,,,TSK-00031265,INC-00138525,,,,,,,,,,,,,,,e,,,,,,,,,,,,,,,,,,,,
,059,2019/10/17,千葉,伊藤祐希,伊藤祐希,IOS20-OFL：計画情報送信時、規格情報取得エラー,2019/10/31,B：作業計画管理,B：作業計画管理,,"■事象
計量シフトJOB（G2-K）の計画情報送信において、規格情報取得でエラーが発生する。
試験管理システムからの規格情報取得において、統一品名略号にブランクが指定されている。
※計画情報の統一品名略号には、G-2が設定されています。
■あるべき姿
エラーなく規格情報が取得でき、計画情報が送信できる。
■代替手段
なし","■原因
JOBNo設定時の規格取得において、TIMX112作業品名条件変換マスタを参照しています。この時、タンクNoの指定を行っていなかった為、変換区分が1（タンク）で定義されているデータが対象外となっていました。
■対策
JOBNo設定時の規格取得において、タンクNoを指定してTIMX112作業品名条件変換マスタを参照する様に処理を修正致します。
上記対策の内容について確認させて頂きます。
昨年の三鷹での千葉検証時、インシデント管理No.696にて以下の対応を行っています。
計量シフトJOBの試験依頼は、TIMX294陸上出荷タンクロット更新マスタを参照して、作業品名を変換してから統一品名を取得する様に修正を行っています。（G2-K→G-2、1A-K→1Aの様に、作業品名を置き換えてから統一品名略を取得しています） TIMX112作業品名条件変換マスタとTIMX294陸上出荷タンクロット更新マスタの定義内容が若干異なっているので、マスタを整理させて頂いた上で対応方法を決定させて頂きます。 【2019/10/18】
以下の修正を行います。
①計量のシフトの場合のみ、TIMX294陸上出荷タンクロット更新マスタを参照して、作業品名を変換してから統一品名を取得する様に修正致します。
②TIMX112作業品名条件変換マスタ参照時、タンクNoを検索条件として加える様に修正致します。
【2019/10/24】
検証結果エビデンスを送付致します。
詳細は、添付ファイル【TSK-00031307】計量シフトJOBの計画情報送信でG2-Kの規格情報が取得できない.xlsxを参照して下さい。
本件のエビデンス取得時、JOBNo設定の品名表示が既設システムと異なる事が判明しました。（G2-KがG-2で表示されます） JOBNo削除画面、装置JOBNo削除画面も同様です。 別途、問題点を起票して対応致します。
【2019/10/30】
11/5週にリリース予定です。",オフラス,●,,,,,,,,2019/10/24,2019/11/07,2019/11/08,AP・コーディング,確認完了,"・IOS20-OFL-SBM-T2-001_機能仕様書_作業計画管理
P39
2.5.試験依頼（I/F）
5）計画情報に設定する試験項目コード",,TSK-00031307,INC-00138620,,"千葉保守問題点No.030対応
千葉保守問題点No.059対応
千葉保守問題点No.126対応

①作業計画機能仕様書 P39 「2.5.試験依頼（I/F）」の「5）計画情報に設定する試験項目コード （優先順位2）試験依頼の規格情報」の記述は、作業形態毎に規格情報の取得ロジックを記述する様に修正致します。

②作業計画機能仕様書 P39 「2.5.試験依頼（I/F）」の「5）計画情報に設定する試験項目コード （優先順位2）ブレンドシミュレーションの計算結果」は、以下の通り、記述を修正致します。

システム定数の定義により、計画情報へ設定する規格情報の値は、以下のどちらかを設定する事ができます。

・ブレンドシミュレーション計算において試験管理システムから取得した規格情報のシビア値
・ブレンドシミュレーション計算において設定した制約上下限値

但し、システム定数の設定が「ブレンドシミュレーション計算で設定した制約上下限値」であっても、対象JOBが以下の条件に一致する場合（最適制御要の場合）は、制約上下限値を計画情報へ設定します。

・作業形態が「50：一般シフト生産」または「52：ガソリン生産」
・制御モードが「最適化」

計画情報に設定した制約上下限値は、運転制御システムから最適制御システムへ通知されます。",作業完了,,,,,,,,,確定図修正,1025,,e,,,,,,,,,,,,,,,,,,,,
,060,2019/10/17,千葉,伊藤祐希,伊藤祐希,[IOS20-OFL]：商品管理帳票と月報が一致していない,2019/10/24,G：マスバランス,G：マスバランス,,"■事象
本来一致すべき商品管理帳票と月報が一致していない。（添付参照） 少なくとも月初期間中は帳票と月報は同じ表記であったと考えております。
いつから帳票が変わったかはわかりませんが、見る限り9/30のAXLの在庫処理に 異常があるのではないかと考えます。
■あるべき姿
月報通りの表記となるよう修正して頂きたい。
■代替手段
なし","※No033未入荷指定処理不具合と合わせて対応

■原因
2019/10/17YJP 9/30実績では、未入荷指定があり、その対応でデータパッチをあてておりますが、 10/9に9/30の在庫計算・更新機能が実施されており、パッチ内容が消えておりました。
そのため、月報(データパッチ有効)と現在出力した帳票(データパッチ無効)の分違いが出ているようです。
試しに、AXLについて、データパッチ内容を考慮して再計算したところ、
月報と同じ数量になったため、間違いないと思われます。 

■対策
2019/10/23
本件、直近の対応は9/30のデータパッチを再適用することで実施いたしました。
恒久対応としてはAP修正が必要ですが、別途起票されているINC-00136332(TSK-00030526)未入荷指定処理不具合と合わせて対応とさせていただきたく、よろしくお願いいたします。

2020/02/04
検証結果エビデンスの確認をお願い致します。
https://app.box.com/folder/92427290666?page=2
【インシデントNo947】マスバランス_在庫計算更新処理_未入荷対応_確認エビデンス.xlsx

2020/02/21
エビデンスをご確認いただいたため、リリース待ちに変更いたします。

2020/6/19
No033がクローズされたのに伴い、本件もクローズとさせていただきます。
クローズ日はNo033に準じます。
",オフラス,●,,,,,,,,2020/02/04,2020/03/25,2020/05/15,仕様通り,確認完了,,,TSK-00031311,INC-00138636,,,,,,,,,,,,,,,e,,,,,,,,,,,,,,,,,,,,
,061,2019/10/18,千葉,小林義彦,伊藤祐希,IOS20-OFL：「減圧蒸留保税作業終了届」（帳票）の不具合について,2019/11/01,F：外航通関,F：外航通関,,"■事象
VAC保税作業　帳票不具合の件 オフラス操作・画面上は問題なさそうですが、帳票印刷で不具合がありました。
「減圧蒸留保税作業終了届」 帳票印刷(印刷ボタンから印刷した帳票)と修正版の資料を送付します。
 ■あるべき姿
帳票出力結果が正しく出力されること。
 ■代替手段 
EXCEL帳票の手修正","■原因
・価格
VAC保税作業記録表入力画面で価格算出後、小数点以下を四捨五入して表示していた為、誤差が生じておりました。
・鑑定価格
帳票にて小数点以下を四捨五入して表示していたため、誤差が生じておりました。
・保税数量
帳票にて0KLの場合も、「0.000」と表示する設定となっておりました。
・製品1円に見合う原油量
帳票にてKLの形式で換算しておりました。
■対策
・価格
VAC保税作業記録表入力画面で価格算出後、小数点以下を四捨五入せず、切り捨てを行うように修正いたします。
当件、VAC保税作業実績のTOP鑑定価格1が不正の為、リリース時にデータパッチを実施させて頂きます。
・鑑定価格
帳票にて小数点以下を四捨五入せず、切り捨てを行い表示するように修正いたします。
・保税数量
帳票にて0KLの場合は帳票上印字を行わないよう修正いたします。
・製品1円に見合う原油量
帳票でLの形式で表示するよう修正いたします。
2019/10/24 追記
検証エビデンスを添付いたします。
【TSK-00031365】検証エビデンス.xlsx
内容のご確認をお願いいたします。",オフラス,●,,,,,,,,2019/10/24,2020/11/18,2021/08/06,AP・コーディング,確認完了,,,TSK-00031365,INC-00138824,,,,,,,,,,,,,,,e,,,,,,,,,,,,,,,,,,,,
,062,2019/10/18,千葉,高橋洋介 ,高橋洋介 ,IOS20-OFL：品転依頼時に特定需要家規格に相当する需要家で依頼したが一般需要家扱いとなる,2019/10/25,L：試験管理,L：試験管理,,"■事象
オフラス運転管理システムより品転依頼を受信した際、 特定需要家に相当する需要家名で依頼を行ったが、一般需要家扱いで試験依頼が成立した。(添付参照) 依頼情報に一部アンマッチな部分がある。
（画像の取引先No.1、No.2コードの場合、特定需要家が定義されているが、需要家略号が「0000000000」となっている）
■あるべき姿
正しく特定需要家規格を取得すること。
■代替手段
なし","■原因 
運転管理からの試験依頼で取引先コードなどに変更があったとき、取引先管理マスタの取引先情報が再取得されない場合がある。（TSK-00031813と同じ原因）
■対策
運転管理からの試験依頼で取引先コードなどに変更があったとき、必ず取引先管理マスタより取引先関連情報を再設定するように変更する。",オフラス,●,,,,,,,,2019/11/05,2019/11/07,2019/11/11,AP・コーディング,確認完了,,,TSK-00031411,INC-00138931,,,,,,,,,,,,,,,e,,,,,,,,,,,,,,,,,,,,
,063,2019/10/21,千葉,小林義彦,伊藤祐希,IOS20-OFL：製油所モニタにて実績管理のJOB検索で予期せぬエラーが発生について,2019/10/28,D：実績管理,D：実績管理,,"■事象
実績管理のJOB検索で参照処理が失敗しました（予期せぬエラー）が表示される。 （対象、日付は以下の通り）
2019/10/09以前の出荷（パイプライン含む）を検索するとエラーが発生する。（他のJOB区分は正常）
2019/10/10以降はエラー無く表示できる様です ※製油所モニタのみなのか運転管理も同じなのかは現時点では未確認ですが併せて調査願います。
※一時的な事象なのか又、今回初めてなのか？以前からなのかについては不明です 
■あるべき姿
参照処理が失敗しました（予期せぬエラー）が出力されない事
■代替手段
なし","■原因
作業品名コード「SCF」や「SCFﾊﾁﾉﾍﾕ」の出荷が存在する日のJOB検索で問題が発生しているようです。
作業品名マスタに上記の作業品名コードのデータが存在しませんでした。
IMO対応の結果かと思われますが、SCF等は、新品名のデータを作成して対応される認識でおり、旧品名が削除されることは想定しておりませんでした。
JOB検索画面で作業品名名称を表示しており、対象の作業品名名称が取得できないことから、当該問題が発生しております。 
■対応
作業品名マスタにSCF等のデータを復旧いただけないでしょうか。
2019/10/21
旧品名の削除についてですが、
該当データのデータ保持期間(関連するデータで最長は商品管理のデータで2年の認識です。) が過ぎるまではシステム上にマスタを参照するデータが残りますので、
該当データのデータ保持期間が過ぎたのちに削除くださいますようお願いいたします。",オフラス,●,,,,●,,,,,,2019/10/21,仕様通り,確認完了,"IOS20-OFL-SBM-T2-003_画面個別機能仕様書_VIDC020101_01_JOB一覧(指定無し(入出荷以外))_v1.2.pdf
IOS20-OFL-SBM-T2-003_画面個別機能仕様書_VIDC020101_02_JOB一覧(入出荷)_v1.2.pdf
IOS20-OFL-SBM-T2-003_画面個別機能仕様書_VIDC020101_03_JOB一覧(添加剤受入)_v1.2.pdf
IOS20-OFL-SBM-T2-003_画面個別機能仕様書_VIDC020101_03_JOB一覧(添加剤受入)_v12.pdf
IOS20-OFL-SBM-T2-003_画面個別機能仕様書_VIDC020101_04_JOB一覧(水切り)_v1.2.pdf
IOS20-OFL-SBM-T2-003_画面個別機能仕様書_VIDC020101_05_JOB一覧(シフト生産・ミキシング・サーキュレーション・装置受払)_v1.2.pdf
IOS20-OFL-SBM-T2-003_画面個別機能仕様書_VIDC020101_JOB検索_v1.2.pdf
IOS20-OFL-SBM-T2-003_画面個別機能仕様書_VIDC020102_一般シフト生産作業実績ファイルメンテ_v1.2.pdf
IOS20-OFL-SBM-T2-003_画面個別機能仕様書_VIDC020103_ガソリン生産作業実績ファイルメンテ_v1.2.pdf
IOS20-OFL-SBM-T2-003_画面個別機能仕様書_VIDC020104_ミキシング添加剤張込作業実績ファイルメンテ_v1.2.pdf
IOS20-OFL-SBM-T2-003_画面個別機能仕様書_VIDC020105_添加剤受入作業実績ファイルメンテ_v1.2.pdf
IOS20-OFL-SBM-T2-003_画面個別機能仕様書_VIDC020106_海上出荷作業実績ファイルメンテ_v1.2.pdf
IOS20-OFL-SBM-T2-003_画面個別機能仕様書_VIDC020107_パイプライン出荷作業実績ファイルメンテ_v1.2.pdf
IOS20-OFL-SBM-T2-003_画面個別機能仕様書_VIDC020108_01_陸上出荷作業実績ファイルメンテ - タンク追加・削除_v1.2.pdf
IOS20-OFL-SBM-T2-003_画面個別機能仕様書_VIDC020108_陸上出荷作業実績ファイルメンテ_v1.2.pdf
IOS20-OFL-SBM-T2-003_画面個別機能仕様書_VIDC020109_01_入荷作業計画実績ファイルメンテ JOBデータ修正_v1.2.pdf
IOS20-OFL-SBM-T2-003_画面個別機能仕様書_VIDC020109_02_入荷作業計画実績ファイルメンテ 検尺データ修正_v1.2.pdf
IOS20-OFL-SBM-T2-003_画面個別機能仕様書_VIDC020109_入荷作業実績ファイルメンテ_v1.2.pdf
IOS20-OFL-SBM-T2-003_画面個別機能仕様書_VIDC020110_装置受払作業実績ファイルメンテ_v1.2.pdf
IOS20-OFL-SBM-T2-003_画面個別機能仕様書_VIDC020111_水切り作業実績ファイルメンテ_v1.2.pdf
IOS20-OFL-SBM-T2-003_画面個別機能仕様書_VIDC020113_払出タンク前尺後尺データ修正更新_v1.2.pdf
IOS20-OFL-SBM-T2-003_画面個別機能仕様書_VIDC020114_添加剤タンク前尺後尺データ修正更新_v1.2.pdf
IOS20-OFL-SBM-T2-003_画面個別機能仕様書_VIDC020115_サーキュレーション添加剤張込作業実績ファイルメンテ_v1.2.pdf
IOS20-OFL-SBM-T2-003_画面個別機能仕様書_VIDC020116_タンク間シフトオフライン実績入力_v1.2.pdf
IOS20-OFL-SBM-T2-003_画面個別機能仕様書_VIDC050102_協定書実績入力_v1.2.pdf
IOS20-OFL-SBM-T2-003_画面個別機能仕様書_VIDC050101_協定書実績_v1.2.pdf
IOS20-OFL-SBM-T2-003_画面個別機能仕様書_VIIX060502_車番別実績データ編集_v1.2.pdf
IOS20-OFL-SBM-T2-003_画面個別機能仕様書_VIIX060501_車番別実績データ一覧_v1.2.pdf",,TSK-00031449,INC-00139041,,"保守問題点管理表No063
(TSK-00031449_INC-00139041)
品名マスタから削除された品名の品名名称の取得について、JOBの情報より品名名称を取得する。
JOBの情報が存在しない場合は、受信データ等、大元の情報から品名名称を取得する。
北海道の実績ファイルメンテ画面のように、品名が更新できる画面の振る舞いについては、仕様の調整が必要。

【作業内容】
JOB検索、各種JOB実績ファイルメンテナンス画面について、品名名称項目をJOB情報から取得する。
協定書実績画面について、品名名称をデータ上は保持していないため、DB定義変更を行い、保持できるように登録機能の修正、画面表示も追加した品名項目を表示する様に修正。
車番別実績データ一覧画面について、品名名称をデータ上は保持していないため、DB定義変更を行い、保持できるように登録機能の修正、画面表示も追加した品名項目を表示する様に修正。
新IRISに送信する車番別データについても、同様に送信元データの修正を行う。
北海道の実績ファイルメンテナンス画面のように、品名の更新が可能な画面の振る舞いについては仕様の詰めから行う。
(現在設定されている品名が、マスタから削除されていた場合の挙動等について)
",キャンセル,,,,,,,,"2020/6/22
対応不要の為、キャンセル",,953,No.953,e,,,,,,,,,,,,,,,,,,,,
,064,2019/10/21,千葉,伊藤祐希,伊藤祐希,IOS20-OFL：【調査依頼】SAP入出荷データ受信失敗のリカバリについて,2019/10/25,G：マスバランス,G：マスバランス,,"■事象
オフラスの担当者に連絡お願い致します。
1件調査をお願い致します。
内容は10月3日より統一品名略号BF-LSにて出荷した伝票がマスタ登録不備により SAPからの入出荷データ受信がうまくいっていないメッセージが出力されています。
10/21にマスタ変更を実施し、明日様子を見てみますが、10/3～10/20の間の変換できていないデータに関して 月次業務を含めて影響の有無とリカバリの是非を確認頂きたく思います。
■対応希望日
今週中","■原因
SAPのマスタとオフラスのマスタが整合していない状況でデータ受信したため

■対策
2019/10/21 SAPからの出荷伝票が取り込めていない場合、月次処理にてBF-LSの出荷量が少なかったものとして処理されることになり、影響が出てしまいます。
10/3～10/20の間の取得できていなかったデータについて、再送してもらい、再取込していただくようお願いいたします。
尚、すでに取り込んでいる分については、再受信してもすでに登録済みとしてスキップするため、取り込めていないデータを含むファイルを再送いただければ、再取込できる認識です。",オフラス,●,,,,,,,,,ー,2019/10/21,,対応不要,,,TSK-00031479,INC-00139135,,,,,,,,,,,,,,,e,,,,,,,,,,,,,,,,,,,,
,065,2019/10/23,千葉,小林義彦,伊藤祐希,IOS20-OFL：マスバランス（原油タンク受払実績帳票の不具合）について,2019/10/30,－,－,,"■事象
（１）スロップ入荷について旧システムと異なる又、画面とも異なる。（帳票問題新規起票）
（２）帳票の受払増減結果が検算結果と異なる （０となっているが正しくは「-390.394」となるはず）：画面は正しい計算結果）
■あるべき姿
（１）画面及び旧システムと同じ結果が出力する事
（２）画面と同じ受払増減結果を出力する事
■代替手段
EXCEL上で手修正","■原因
2019/11/20EXE
「INC-00135612」と同様の問題と考えており、現在改修後のエビデンス確認中のステータスとなっております。

■対策

■棚卸
2026/04/27：別途現地確認
2026/06/24：現地確認待ち（連絡ない場合は次回クローズ）",オフラス,●,,,,,,,,2026/06/04,2026/06/17,ー,,確認中,,－,TSK-00031542,INC-00139306,,,,,,,,,,,保守_No.023と同件（2021/5/20）,,,,e,,,,,,,,,,,,,,,,,,,,
,066,2019/10/23,千葉,小林義彦,小林義彦,IOS20-OFL：マスバランス（原油タンク受払実績画面の不具合）について,2019/10/30,G：マスバランス,G：マスバランス,,"■事象
（１）画面の水在庫が水在庫受払表の数量と異なっている。
（13,131.866となっているが正しくは「13,131.000」となるはず）：帳票は正しい ■あるべき姿
（１）水在庫受払表の水在庫量と一致する事（且つ、帳票とも合致する事）
■代替手段
なし（原油タンク受払実績画面では水在庫量は修正不可の為）","■原因
本件、画面の挙動に問題ないと思われます。
問題点エビデンスでいただいた画像では確かに水在庫と画面の表示に差異がありますが、最新の状態では水在庫と画面の表示が合致しております。
2019/10/23 12:59に水在庫が更新されており、この更新前後で画面のエビデンスと帳票のエビデンスを取得されたのではないかと考えております。
三鷹検証環境にて、水在庫受払表の更新内容が原油タンク受払実績画面にそのまま表示されることを確認するエビデンスを取得いたしました。
添付ファイル「【INC-00139310】【TSK-00031544】マスバラ_原油タンク受払実績表_水在庫の数量不正.xlsx」をご確認ください。
■対策
本件は対応不要とさせていただきたく思います。
2019/10/28
本件、クローズのご連絡をいただきましたので完了とさせていただきます。",オフラス,●,,,,,,,,ー,－,2019/10/28,,対応不要,,,TSK-00031544,INC-00139310,,,,,,,,,,,,,,,e,,,,,,,,,,,,,,,,,,,,
,067,2019/10/25,千葉,小林義彦,伊藤祐希,IOS20-OFL：外貨原油在庫日報作成画面（2019/10/25）に原油以外の外航船（ナフサ船：BW NILE）が「揚荷中」で出力された。,2019/10/31,F：外航通関,F：外航通関,,"■事象
外貨原油在庫日報作成画面（2019/10/25）に原油以外の外航船（ナフサ船：BW NILE）が「揚荷中」で出力された。
因みに前日の10/24　04:00の外貨原油在庫日報作成画面には表示されていない
当該船はオーダ確定段階でJOBNoも未登録で有り、入荷作業も実施していない。 ■あるべき姿
原油以外のデータは出力しない事
■代替手段
なし（運用での対応はできない） 
時間が掛かる場合は、先ずデータパッチ当てをお願いします。","■原因
通常はJOB設定後に通関業務が行われることから、
JOB未設定のまま、荷役日が到来し通関業務の対象となることが考慮されておりませんでした。
その結果、JOB情報が取得できず、原油かの判定が正しく行われなかったため、
ナフサデータを原油データとして表示していたことが原因です。
 ■対策
JOB未設定時の外貨原油在庫日報の集計にてJOB未設定時のケースでも、
「原油」か「原油以外」の判定を正しく実装するように修正いたします。
2019/10/31　追記（対策の変更）
JOB未設定時の外貨原油在庫日報の挙動が気になり、 既設を確認した結果、JOB未設定のケースは、集計対象外（画面に表示しない）にする制御となっておりました。
したがって、対策を既設と同様、
外貨原油在庫日報の集計にて、JOB未設定のケースは、
集計対象外（画面には表示しない）とするように修正いたします。
【暫定対応】
暫定対応としてのデータパッチは不要です。
後々にJOB設定が行われているのであれば、再集計をすることで正しく「原油」以外のデータが除外されます。
お手数をお掛けいたしますが、JOB設定後に再集計の実施をお願いいたします。
2019/11/01 追記
検証エビデンスを添付いたします。
【TSK-00031664】検証エビデンス.xlsx
内容のご確認をお願いいたします。",オフラス,●,,,,,,,,2019/11/01,2020/11/18,2021/08/06,設計不備,確認完了,,,TSK-00031664,INC-00139766,,,,,,,,,,,,,,,e,,,,,,,,,,,,,,,,,,,,
,068,2019/10/25,千葉,小林義彦,伊藤祐希,IOS20-OFL：オーダ管理日別情報画面に過去日のオンライン区分（SAIS・ASE）アイコンが出力されない,2019/10/31,A：オーダ管理,A：オーダ管理,,"■事象
9月24日以前の「SAIS」・「ASE」アイコンが出力されなくなった。（いつからこの事象が発生したのかは不明）
※9/25は一つだけ「SAIS」アイコンが表示されている。
■あるべき姿
過去日であっても「SAIS」・「ASE」アイコンは出力される事。（配船Noの表示があるもの：SAIS・ASE）
※旧システムでは、過去日でもオーダ存在していれば「SAIS」・「ASE」アイコンは出力されています。
■代替手段
なし（運用での対応はできない） 時間が掛かる場合は、先ずデータパッチ当てをお願いします。","■原因
オンラインオーダ受信ログを参照してアイコン表示を判定していました。
■対策
オーダ情報の配船Noを参照してアイコン表示を判定する様に修正致します。
【2019/10/30】
エビデンスファイルを添付致しますので、確認をお願い致します。
オンラインオーダ受信ログの保存期間を変更する場合、設定値を連絡願います。",オフラス,●,,,,,,,,2019/10/30,2019/11/13,2020/02/27,設計不備,確認完了,,,TSK-00031708,INC-00139845,,,,,,,,,,,,,,,e,,,,,,,,,,,,,,,,,,,,
,069,2019/10/28,千葉,伊藤祐希,伊藤祐希,IOS20-OFL：入荷実績計算書不具合,2019/10/29,G：マスバランス,G：マスバランス,,"■事象
入荷実績計算書において、海底配管（＃２）の在庫が 10/5、10/9、10/19の実績において正しく計上されてこない。
詳細は添付を参照願います。
なお、関係あるかは不明ですが10/5の原油船tsurumiは 9/29に一部の原油を揚げております。
10/9および10/19のmayasanも2回に分けて揚荷をしたものです。
■あるべき姿
海底配管実績が正しく計上される。
■代替手段
なし
 ","■原因
海底配管からの荷揚げ時に、品名別受払データの作成処理に不備がありました。

■対策
恒久対応：AP修正
暫定対応：データパッチ
入荷実績計算書の件、データパッチの準備が出来ました。
検証環境での適用確認エビデンスを取得いたしましたので添付いたします。
入荷実績計算書と原油タンク受払実績の画面に問題が無さそうであれば、明日、手順シートの内容の通りパッチ適用＆画面操作いたします。
※お電話でお話させていただいた通り、明日のリリース後(入荷実績計算書画面の修正後)に作業を行います。
今回のパッチの制約事項として以下の内容がございます。
・10/1、5、9、10、18、19の原油実績取込_データ取込機能を実行しないようお願いいたします。
(今回のデータパッチ内容が消えてしまいます。)
・10/1の原油在庫計算・更新_在庫計算・更新機能を実行しないようにお願いいたします。 
(別件の未入荷指定の在庫の関係で9/30在庫の再調整が必要になります。) データパッチ後、お手数ですが、10/23、24、25の原油実績取込_データ取込の再実行をお願いいたします。

2019/11/14
本件、根本の原因はNo082と同件でした。
No082の対応にて本件も解消される見込みです。
No082の確認と合わせてご確認くださいますようお願いします。
ステータスをNo082と連動させていただきます。

2020/02/04
検証結果エビデンスの確認をお願い致します。
https://app.box.com/folder/92427290666?page=2
【インシデントNo947】マスバランス_在庫計算更新処理_未入荷対応_確認エビデンス.xlsx

2020/02/21
エビデンスをご確認いただいたため、リリース待ちに変更いたします。

2020/6/19
No033がクローズされたのに伴い、本件もクローズとさせていただきます。
クローズ日はNo033に準じます。
",オフラス,●,,,,,,,,"2019/11/14
2020/02/04","2019/12/4
2020/3/25",2020/05/15,AP・コーディング,確認完了,,,TSK-00031727,INC-00139947,,,,,,,,,,,,,,,e,,,,,,,,,,,,,,,,,,,,
,070,2019/10/28,千葉,伊藤祐希,伊藤祐希,【至急対応依頼】IOS20-OFL：TOP保税作業での修正依頼,2019/10/29,F：外航通関,F：外航通関,,"■事象
TOP保税作業において揚荷作業の都合でJOBを2つに分け、搬入計算書も2つに分けて実績確定しましたが、
インボイスが同じのため通関は１つにまとめて実施しました。
しかし、エラーが発生し作業が先に進まない状態となっています。
添付資料にも書かせて頂きましたが、エラーの内容が申告番号関わる内容であればその点を修正頂き
今後同様の荷役の場合には運用の面でカバーするか業務担当者とも相談いたしますので まず本件のエラー内容の調査、及び暫定での対応をお願い致します。
■あるべき姿
■代替手段
なし","原因を解析させていただきますが、
申し訳ございませんが、本日（10/28）一杯かかりそうです。
原因判明次第報告いたしますが、暫定対応は明日（10/29）の午前中に実施する予定にて作業を進めます。
2019/10/29　追記
データパッチ（申告番号の下1桁を１に変更）、実施いたしました。
2019/10/29　追記
■原因
輸入申告は、１インボイス：１申告を前提とした実装となっております。
今回、揚荷作業の都合上、インボイスを2件に分けられたことから、 前提が覆り、複数インボイス：1申告となり、TOP保税作業にて使用する輸入品を 輸入台帳から取得する際、輸入台帳と申告番号との対応付けが出来ず、エラーとなっております。
■対策
複数インボイス：１申告の場合でも、輸入台帳から使用輸入品を取得できるように修正いたします。
当該対策実施後、申告番号は修正することなく業務が行えますが、出光申告にて申告した場合はNACCSを介することから、複数インボイスに１申告番号を紐付けることは不可となります。
揚荷作業の都合にて複数インボイスに１申告番号に紐付ける必要が発生した場合は、 通関業者申告にて申告する運用となるかと考えます。
2019/10/30 追記
外貨原油在庫日報についてですが、日報テーブルに対する修正は不要です。
10/24から再集計していただくことで、変更した承認No.が反映されます。お手数をお掛けいたしますが、10/24から外貨原油在庫日報作成画面にて再集計をお願いいたします。

2019/11/13 追記
既設と同様の対応として、
・申告画面にて申告番号重複入力時、エラーメッセージを出力する。
・申告画面にて、上述のエラー発生時、再入力（枝番付与等の重複しない番号の入力）を可能とする。
修正を実施いたします。
ただし、業務運用としては、先のメールにて記載させていただいた、
出光申告にて申告した場合はNACCSを介することから、 
複数インボイスに１申告番号を纏めることは不可となります。 
揚荷作業の都合にて複数インボイスに１申告番号に紐付ける必要が発生した場合は、 
通関業者申告にて申告する運用となるかと考えます。
の運用をしていただくこと、あらかじめご承諾願います。

2019/11/15 追記
三鷹検証環境での検証結果エビデンスをBOXに格納いたしました。
https://app.box.com/folder/92427290666
【保守管理No070】検証エビデンス.xlsx
内容のご確認をお願いいたします。

2020/10/29
申告番号の重複関係でのイレギュラーな事例。
申告番号が重複する場合は、業者申告で対応する事で了解いたしました。
という事でクローズでお願い致します。
",オフラス,●,,,,,,,,2019/11/15,2019/11/27,2020/10/29,設計不備,確認完了,,－,TSK-00031759,INC-00140014,,,,,,,,,,,,,,,e,,,,,,,,,,,,,,,,,,,,
,071,2019/10/29,千葉,伊藤祐希,伊藤祐希,【大至急確認依頼】IOS-OFL：【修正依頼】三井ナフサ搬入計算書の件,2019/10/29,F：外航通関,F：外航通関,,"■事象
三井ナフサの実績確定で修正をお願い致します。
明日、通関予定なので２９日午前中までに対応お願い致します。
詳細は添付を確認お願い致します。
■あるべき姿
■代替手段
なし","当件、外航通関側にて価格入力するまでは、 進捗管理側での変更作業が可能なことから、下記画面操作にて対応いたしました。
①「検尺入力」画面にて最新ロットの密度を再取得 
②「タンク受入搬入計算書データ作成」画面にて再作成 外航通関の「タンク受入搬入計算確定」画面にて表示されている密度が最新の密度であることを確認いたしました。
内容に問題無ければ、後続業務の実施をお願いいたします。
画面操作においてのリカバリ作業は実施済 （10/29実施）
2019/10/30 追記
進捗管理側にて修正行為を実施後、外航通関側の作業ステータス制御に不具合があり、 [搬入]が確定済にならず後続業務が不可となる。
■原因
進捗管理側にて検尺情報を修正した後、
外航通関側にて作業ステータスを[搬入]状態迄に戻しますが、
この時点にて既に作成したタンク受入搬入計算書の確定情報を削除していなかったことから、作業ステータスの更新が正しく実装されませんでした。
■対策
進捗管理側にて修正行為後の外航通関の作業ステータスを[搬入]に戻す際、 既に作成済みの確定情報を削除し、正しく作業ステータスが更新されるように修正いたします。
当件の暫定対応といたしまして、10/30にデータパッチを実施いたします。
2019/11/08 追記
業務AP改修版リリース前に、別オーダにて修正業務が発生したことによるデータパッチが発生
緊急対応にて11/8にデータパッチを実施。

2019/11/13 追記
三鷹検証環境での検証結果エビデンスをBOXに格納いたしました。
https://app.box.com/folder/92427290666
【保守管理No071】検証エビデンス.xlsx
内容のご確認をお願いいたします。

2020/10/29 本件確認完了としてクローズします。",オフラス,●,,,,,,,,2019/11/13,2019/11/20,2020/10/29,AP・コーディング,確認完了,,－,TSK-00031811,INC-00140151,,,,,,,,,,,,,,,e,,,,,,,,,,,,,,,,,,,,
,072,2019/10/29,千葉,松岡文夫,松岡文夫,【至急確認依頼】IOS20-OFL：燃料油試験報告書の製造形態が異なる印字,2019/10/29,L：試験管理,L：試験管理,,"■事象
オフラス品管システム（試験管理／LABAID） 燃料油試験報告書の帳票印字において，「製造形態」がタンクにならず「船」で印字され不具合となっている
■あるべき姿
燃料油試験報告書の「製造形態」は試験依頼情報の「タンク」で印字される。
■代替手段
手書き修正する。
■印字前の元情報
下図の試験依頼番号;1014501　試験依頼登録情報において
製造形態；Ｔ（タンク）で登録されている
■印字時の検索情報　⇒　製造形態が「船」に変わっている
下図の試験依頼番号;1014501　試験報告書において 製造形態；Ｔ（タンク）ではなく、Ｓ（船）で検索・印字されている
■添付
上記の帳票検索・印字ファイル","■原因
運転管理からの試験依頼で製造形態に変更があったとき、製造形態名が 再取得されない場合がある。
（TSK-00031411と同じ原因）
■対策
運転管理からの試験依頼で製造形態が変更された場合、必ず製造形態名を再設定するように変更する。",オフラス,●,,,,,,,,2019/11/05,2019/11/07,2019/11/11,AP・コーディング,確認完了,,－,TSK-00031813,INC-00140157,,,,,,,,,,,,,,,e,,,,,,,,,,,,,,,,,,,,
,073,2019/10/29,千葉,伊藤祐希,伊藤祐希,IOS-OFL：バイオ出荷伝票取引先変更不可,2019/11/01,J：バイオターミナル管理,J：バイオターミナル管理,,"■事象
出荷後に向け先が急遽変更となったため、バイオターミナル管理の出荷伝票詳細画面より 確定前に取引先を変更しようとしたが、検索画面に担当店バイオマス燃料の取引先が検索にかからず 直接入力しても表示されない。
機能として検索に出てこないのはおかしい（オーダーでは出る）。
また、取引先が現状の状態で変更して確定できるのか不明。
■あるべき姿
伝票確定前に取引先が変更できる。
■代替手段
なし","■原因
バイオターミナルの出荷伝票詳細画面において、取引先マスタを参照する条件がバイオターミナル管理用ではなかった（伝票発行管理などと同じ条件だった）ためです。
■対策
該当の伝票データについては、画面から取引先を更新した時と同様のデータパッチを行います。（伝票状態は更新せず本伝のままとします） データパッチを行った際の検証結果を添付致します。ご確認お願い致します。
データパッチを実施した後、IKC様にて画面より伝票確定の操作を行って頂く事で、バイオターミナル台帳への反映が行われます。
また、上記のデータパッチ対応後、アプリ改修を実施致します。
10/31追記
データパッチの対応を実施致しました。
後続のオペレーション作業の実施が可能となりましたので、よろしくお願い致します。
※アプリ改修が残作業として残っておりますので、今回の伝票の対応が完了しても本件は作業中のまま残して頂きます様、よろしくお願い致します。

11/6 追記 
アプリ改修について、三鷹の検証環境で確認を行った結果を添付致します。ご確認お願い致します。",オフラス,●,,,,,,,,2019/11/06,2019/11/20,2019/11/27,AP・コーディング,確認完了,,－,TSK-00031819,INC-00140186,,,,,,,,,,,,,,,e,,,,,,,,,,,,,,,,,,,,
,074,2019/10/29,千葉,伊藤祐希,伊藤祐希,IOS-OFL：【IMO対応】 外国貨物製造搬出明細表修正依頼,2019/11/12,F：外航通関,帳票,,"■事象
IMO対応よる品名の追加に伴い、添付帳票の修正をお願い致します。
■あるべき姿
■代替手段
手書きで修正","■原因
帳票にて出力している品名はプログラム固定にて管理されており、 画面と同様にマスタテーブルを参照して品名を出力している誤認識から、帳票個別にIMO対応にて追加した品名の追加登録が漏れていたためです。
■対策
現在、帳票内で固定で品名を保持していることから、 今後の品名の変更、追加、削除を考慮した汎用的な対応を実施させていただきます。
暫定対応：
単純に品名を追加した形式のものを次回（11/6予定）にリリースいたします。
恒久対応：
品名の変更、追加、削除を考慮した汎用的な対応を実施いたします。
検証エビデンスの提出を11/13（水）、 エビデンス提出の翌週に千葉ターゲットへのリリース にて対応いたします。
2019/10/31 追記
暫定対応（単純に品名を追加）を行った検証エビデンスを添付いたします。
【TSK-00031822】検証エビデンス(暫定版).xlsx
内容のご確認をお願いいたします。

2019/10/31 13:17追記
申し訳ございません。 ご指摘の通り、船用品の単品・ブレンドの集計表示位置が誤っておりました。 あらためて、ご指摘いただいた部分を解消した検証エビデンスを添付いたします。 【TSK-00031822】検証エビデンス(暫定版)_不備改善.xlsx
 内容のご確認をお願いいたします。

2109/11/7  追記
暫定対応版をターゲット環境へリリース致しました。

2019/11/15 追記
恒久対応の汎用化の対応に遅れてしまい、申し訳ございません。
汎用化の目処が立ちましたので、恒久対応版の検証エビデンスを11/18に提出いたします。

2019/11/18 追記
恒久対応の検証エビデンスを以下に格納いたしました。
https://app.box.com/file/560184758906
お手数をおかけいたしますが、ご確認のほど、よろしくお願いいたします。",オフラス,●,,,,,,,,2019/11/18,2019/11/27,2019/11/28,設計不備,確認完了,,－,TSK-00031822,INC-00140205,,,,,,,,,,,,,,,e,,,,,,,,,,,,,,,,,,,,
,075,2019/10/29,千葉,伊藤祐希,伊藤祐希,IOS20-OFL：内航出荷月間オーダ入力不具合,2019/11/29,A：オーダ管理,A：オーダ管理,,"■事象
内航出荷月間オーダ入力画面で1つの納入先に複数のオーダーを登録した際に 品名が異なるため段が詰められてしまい、結果としてそれぞれのオーダー画面に展開できなくなっている。
■あるべき姿
入力した内容でオーダー毎に登録状況が表示される。
■代替手段
なし","■原因
数量が設定されている項目が0件の品名がある場合(頂いた資料の場合""0.5A"")のロジックに誤りがありました。
■対応
数量が設定されている項目が0件の品名がある場合のロジックを修正致します。",オフラス,●,,,,,,,,2019/11/05,2019/11/13,2019/11/19,AP・コーディング,確認完了,,－,TSK-00031845,INC-00140275,,,,,,,,,,,,,,,e,,,,,,,,,,,,,,,,,,,,
,076,2019/10/30,千葉,伊藤祐希,伊藤祐希,IOS-OFL：ブレンドシミュレーション基材情報が最新になっていない,2019/11/13,K：ブレンドシミュレーション,K：ブレンドシミュレーション,,"■事象
既に担当者に架電にてご連絡させて頂きましたが、10/29の0.1Aのブレンドシミュレーション画面において 一度計算し登録を完了した後基材のロットが変わり再度計算が必要となり、ブレンドシミュレーション画面を開きましたが ロットNOのみ最新で性状は最新ロットの内容ではありませんでした。
仕様として基材は常に最新を表示するのかを含めて現状で最新の基材ロット情報を取り込む方法を教えてください。 
■あるべき姿
ブレンドシミュレーション画面にて基材ロット情報は最新のものを表示する。
■代替手段
なし ","■原因
調査中です。
再計算の場合、過去に使用した基材性状値が表示される仕様となっていることから、最新ロットが表示された原因を調査中です。
2019/11/08
ブレンド再計算においては、前回計算時に使用した基材ロットNoを表示する仕様になっておりますが、今回の現象では、基材ロットNoのみ最新のロットNo.が表示されるロジックになっておりました。

■対策
ブレンド条件入力画面での再計算時の基材ロットNo.取得・表示処理を修正します。
また今回のケースでは、再計算ではなく、初回計算として実行する必要がありますが、既に過去に計算したものに対して、初回計算として実行したい場合には、既に登録されている出荷JOBの混合比率を変更して再登録すれば、出荷JOBデータが保持しているBS計算履歴管理コードがクリアされ、初回計画としてブレンド計算を実行することができます。

2019/11/21 YJP
エビデンス確認のOKをいただきましたので、リリース待ちとします。",オフラス,●,,,,,,,,2019/11/21,2019/12/04,2021/08/06,AP・コーディング,確認完了,,,TSK-00031899,INC-00140457,,,,,,,,,,,,,,,e,,,,,,,,,,,,,,,,,,,,
,077,2019/11/01,千葉,伊藤祐希,伊藤祐希,【11/1対応希望】IOS-OFL：冷凍タンク払出実績明細表帳票出力できない,2019/11/01,G：マスバランス,G：マスバランス,,"■事象
10月分の冷凍タンク払出実績明細表が画面上は検索して実績表示されますが、 印刷を押すと実行時エラーが発生し帳票がうまく印字されません。 ※9月分はできます。
■あるべき姿
10月分の冷凍タンク払出実績明細表が帳票出力できる。
■代替手段
なし ","■原因
入荷情報を集計するため、情報検索後ソート処理を実施しておりますが、入荷が無い（検索結果が0件）場合、ソート処理でエラーとなっておりました。
■対策
入荷が無い場合、ソート処理を行わないよう修正いたしました。

2019/11/01　EXEより緊急リリース依頼のメールを送信
2019/11/05　EXEより小林様に修正エビデンスを送信
2019/11/05　伊藤様より確認完了、クローズのメール有
",自営帳票,●,,,,,,,,2019/11/05,2019/11/01,2019/11/05,AP・コーディング,確認完了,,,TSK-00032049,INC-00140851,,,,,,,,,,,,,,,e,,,,,,,,,,,,,,,,,,,,
,078,2019/11/05,千葉,伊藤祐希,伊藤祐希,IOS-OFL：外貨原油在庫日報不具合,2019/11/05,F：外航通関,F：外航通関,,"■事象
外貨原油在庫日報で不具合がありましたので修正をお願い致します。
1０月２３～２５日でYAMATOGAWA　３２２,６６２．５０７?輸入 インボイスが６本で、１１月１日に３本IM通関しました。
申告許可前に集計をした時は、全ての実績が表示されていたのですが、
申告情報を入力後、１１月４日に再集計をしたら、
IM通関した３件が１０月２６日　４：００現在の日報から１１月１日４：００現在の日報に表示されません。
その為、外貨・内貨在庫が違ってしまっています。外貨なので表示するのが正しいです。
残るIM通関3本をこれから実施予定ですが、全て通関を実施した後に再集計した場合正しく表示されるのか
現状と変わらないのか確認頂きたいのと、変わらない場合パッチ対応をお願い致します。
■あるべき姿
IM通関した3件が１０月２６日　４：００～１１月１日４：００で日報に表示される。
■代替手段
帳票を手書きで修正","■原因
外貨原油在庫日報画面にて、 インボイスの進捗状況に通関済、未通関が混在しているデータに対して、 未通関データを取得する際に、通関済のデータを対象外としていた為、 通関済の情報は、未通関データとして表示されない状況となっておりました。
(すべてのインボイスが未通関、通関済であれば、当事象は発生しません。）
■対策 外貨原油在庫日報画面にて、未通関データを取得する際は 進捗ステータスで判断するのではなく申告した数量を元(数量=0：申告していない)に 未通関データを判定するように修正いたします。
(既設の処理と同様の対応を致します。）
暫定対応として、外貨在庫日報(原油)テーブルに 表示されていない通関済データを追加するデータパッチを実施致します。
11/05　データパッチを実施致しました。

2019/11/13 追記
三鷹検証環境での検証結果エビデンスをBOXに格納いたしました。
https://app.box.com/folder/92427290666
【保守No.078】外航通関_検証エビデンス.xlsx
内容のご確認をお願いいたします。

2020/10/29　実務担当者より以下の回答頂きましたのでクローズします。（伊藤）
一部通関の頻度は少ないのですが、
問題なく集計できていると思うのでクローズで良いと思います。
",オフラス,●,,,,,,,,2019/11/13,2019/11/20,2020/10/29,設計不備,確認完了,,,TSK-00032116,INC-00141049,,,,,,,,,,,,,,,e,,,,,,,,,,,,,,,,,,,,
,079,2019/11/05,千葉,高橋洋介,高橋洋介 ,IOS20-OFL：「割付一覧」の表示項目に工程試料名／統一品名略号（潤）が選択できない,2019/11/12,L：試験管理,L：試験管理,,"■事象
サンプルマスタ／サンプルトランにおいて品名をあらわすカラムは区分毎に異なるが、 （燃料油：統一品名略号、工程：試料名、潤滑油：統一品名略号（潤）） 「割付一覧」画面の表示項目設定において、選択できるのが統一品名略号のみとなっている。 （添付参照）
■あるべき姿
試料名および統一品名略号（潤）を割付一覧の表示項目設定で選択可能とすること。
■代替手段
なし","■原因
仕様通りです。
■対策
試験管理インシデントNo103にて対応いたします。",オフラス,●,,,,,,,,,,,仕様通り,仕様整理中,,,,,,割付一覧に、工程の試料名、潤滑油の統一品名略号（潤）が表示できるようにする。,仕様変更承認待ち,0.3人日,0.3人日,0.3人日,0.3人日,0.3人日,確認済み,,"試験管理チームに再確認。
⇒対応か改善リストか。（2021/5/20）",,103,試験管理インシデントNo103,e,,,,,,,,,,,,,,,,,,,,
,080,2019/11/06,千葉,伊藤祐希,伊藤祐希,IOS20-OFL：ブレンダーロットが不合格にならない,,E：品質管理,E：品質管理,,"■事象
11月3日にブレンド出荷した作業品名「01Aｵｵｲｶﾞﾜ」を性状スライドで 
「01A」の試験依頼を登録、合格となった。 
その後、基材タンクが装置受入の為ロットが不合格となったためブレンダーロットも不合格となり 
結果を試験管理→運転管理→運転制御の流れで送信されるところ、「01Aｵｵｲｶﾞﾜ」は不合格が送信されたが 
｢01A｣は送信されなかったため運転制御、運転管理システム内でずっと合格のままであった。 
■あるべき状態
基材タンクがロット不合格になった際はブレンダーロットも不合格になる。 
■代替手段
試験管理システムから再送 ","■原因
作業品名[01A]のブレンダロットの試験依頼に基材情報を設定していないためです。
基材情報がないため、タンク[10227]のロットが無効になっても、ブレンダロットがそのタンクを基材としている、という判断がつかないためブレンダロットは不合格となりません。
■対策
仕様通りの認識です。

2020/02/28
No.116(インシデントNo.981)にて対応しますので、こちらはクローズとさせていただきます。",オフラス,●,,,,,,,,ー,ー,2020/02/28,仕様通り,対応不要,,,TSK-00032217,INC-00141432,,,,,,,,,,,,,,,e,,,,,,,,,,,,,,,,,,,,
,081,2019/11/08,千葉,伊藤祐希,伊藤祐希,【本日中(11/08)対応希望】IOS20-OFL：入荷伝票訂正、取り消しできない,Q1：後続テスト実施不可,I：伝票発行管理,X：共通,SAP移動タイプ変換,"■対応希望日：本日中
■事象
　10月の締め処理の関係で10月21日の入荷伝票に訂正が必要となり
訂正伝票を作成、確定しようとしたが「[SAP移動タイプ] が取得できませんでした」のエラーが表示され
確定することができませんでした。（取り消しも実施しましたが同様でした）
調査、ご対応をお願い致します。
■あるべき姿
入荷伝票の訂正伝票が作成できる
■代替手段
　なし
","■原因
SAP移動タイプは、TIXX022SAP移動タイプ変換マスタを参照使用してデータを取得しています。対象の入荷伝票は、取引先と輸送区分6（タンカー）に該当する訂正伝票の移動タイプが定義されていないため、エラーが発生しています。
■対策
対象の取引先と輸送区分6（タンカー）に該当する訂正伝票の移動タイプをTIXX022SAP移動タイプ変換マスタに追加しました。
※シーケンスNo：465で追加しました
マスタデータ追加後、送信した伝票がSAP側に取り込まれた事を確認して頂きました。
11/08
SAP移動タイプとSAP品目コード変換の最新定義を依頼中。
11/21
問題点は解決している為、一旦、クローズさせて頂きます。
移動タイプの追加があれば、別途、対応しますので連絡をお願い致します。
",オフラス,●,,,,,,,,,2019/11/08,2019/11/21,データ不備,確認完了,,,,,,,,,,,,,,,,,,,e,,,,,,,,,,,,,,,,,,,,
,082,2019/11/08,千葉,YJP大武,伊藤祐希,海底配管よりも少ない容量のタンクが最初の揚荷の場合入荷実績計算書がおかしくなる,Q1：後続テスト実施不可,G：マスバランス,G：マスバランス,データ取込,"■事象
2019/10/05のデータ取込を行った場合に発生

①入荷実績計算書にて#60020が本来最初に揚荷されるはずなのに表示されない
②①の影響で#2から#100031にシフト払出が行われる入荷実績計算書となってしまう
③原油タンク受払実績画面にて#2を表示すると#60020、#100031に分割してシフト払出されている
④原油タンク受払実績画面にて#2の当日在庫と計測在庫が0となっている
⑤原油タンク受払実績画面にて#60020を表示すると入荷実績計算により入荷されるものが「通油」になってしまっている
　また、受払増減調整用の「通油」ができている

■あるべき状態
①#60020が最初に揚荷されるべき
②#2からのシフト払出は#60020及び#100031に分割して払い出される形で入荷実績計算書が表示されるべき
③現状のままで正しい
④当日在庫、計測在庫は繰越在庫および受払実績の観点からどちらも8,650.081となるべき
⑤#60020は#2からのシフト払出のみとなるべき※「通油」は作成されない

■代替手段
なし
2019/11/25小林追記
千葉担当者エビデンス確認してOKという事ですのでリリース待ちへ変更しました。
","■原因
海底配管#2の容量よりも少ない受払実績が最初に揚荷されると、
#2からのシフト払出だけで完結してしまうため、原油タンク品名別受払が作成されない。
そのため、入荷実績計算の存在しない入荷受払実績と判定されてしまい、「通油」の受払実績に変換されてしまうため

海底配管#2は仮想タンクであるため、データ取込時に独自にデータ補填を行っているが、
シフト払出と入荷の回数で判定しており、シフト払出が複数タンクに分散した場合に対応できていないため

■対策
入荷実績計算のないデータの「通油」変換を行う際に、
揚荷計画をチェックし、揚荷計画の存在するJOB管理Noを持つものは対象外とする

2019/11/14
検証エビデンスを以下に格納いたしました。
https://app.box.com/folder/93377428878
【No082】マスバランス_海底配管よりも少ない容量のタンクが最初の揚荷の場合入荷実績計算書がおかしくなる

2020/02/04
検証結果エビデンスの確認をお願い致します。
https://app.box.com/folder/92427290666?page=2
【インシデントNo947】マスバランス_在庫計算更新処理_未入荷対応_確認エビデンス.xlsx

2020/02/21
エビデンスをご確認いただいたため、リリース待ちに変更いたします。

2020/6/19
No033がクローズされたのに伴い、本件もクローズとさせていただきます。
クローズ日はNo033に準じます。
",オフラス,●,,,,,,,,"2019/11/14
2020/02/04","2019/12/4
2020/3/25",2020/05/15,AP・コーディング,確認完了,,,,,,,,,,,,,,,,,,,e,,,,,,,,,,,,,,,,,,,,
,083,2019/11/08,千葉,YJP大武,田口友造,入荷実績計算書_最終タンクがパラタンクで1L差異発生,Q3：後続テスト実施可能,G：マスバランス,G：マスバランス,入荷実績計算書画面,"■事象
2019/10/10 MAYASANの入荷実績計算書

AXL 113,000.000入荷の予定に対して
AXL 112,999.999の入荷実績になっており1L差異がある
※自営著表では1Lの差異はでていない

■あるべき状態
差異がでないこと

■代替手段
入荷実績計算書上では手段なし。月次処理用としては原油タンク受払実績画面で1L追加する
※ターゲットではパッチ当てで対応済
","■原因
最終タンクがパラタンクの場合、按分した結果1L以下の誤差が発生した場合のケアが行われていないため

■対策
最終タンクでの誤差が発生した場合に最終タンクに誤差分を加算するように修正

2019/11/14
検証エビデンスを以下に格納いたしました。
https://app.box.com/folder/93376196606
【No083】マスバランス_入荷実績計算書_最終タンクがパラタンクで1L差異発生
",オフラス,●,,,,,,,,2019/11/14,2019/12/04,2021/08/06,AP・コーディング,確認完了,,,,,,,,,,,,,,,,,,,e,,,,,,,,,,,,,,,,,,,,
,084,2019/11/06,千葉,伊藤祐希,伊藤祐希,IOS20-OFL：入出荷作業報告書実績不具合,,－,－,入出荷作業報告書,"対応期限：2019/11/20 12:00
■事象
　入出荷作業報告書のJ-A1の実績がマイナスで表示されている。
帳票は自営帳票ですが、初期流動問題点管理表No682の内容含めてデータ側でおかしな点はないか
調査頂いたうえで帳票に不備があればシステムエグゼ殿に確認お願い致します。

■あるべき姿
　実績通り帳票が作成される。
■代替手段
　手書きで修正","2019/11/06 YJP 
本件データに不備はない認識です。 
添付ファイルに問題のJOBのデータを添付いたしました。 
(「【INC-00141451】【TSK-00032225】入出荷作業報告書_対象データ.xlsx」) 

対象のデータは、J-A1の3000KL荷揚予定の3000.065KL実績の海上出荷JOBですが、データ上は4000KLや-999.935KLといった数値は見当たりません。 

自営帳票側での調査をお願いします。

■原因
2019/11/08 EXE森田
どんぶり出荷時の伝票数量取得のSQLに不具合がありました。

■対策
2019/11/08 EXE森田
SQLを修正し実行結果のエビデンスをBOXに格納いたしました。
今回の修正により、初期流動No.681も解消されたと思われます。
上記エビデンスに「初期流動No.681エビデンス」シートを
追加しておりますのであわせてご確認ください。
・INC-00141451_入出荷作業報告書実績不具合_改修後エビデンス.xlsx
https://idemitsu.box.com/s/rnoq1zrh1n4oiyoip79247j6ll8uzmu6
",自営帳票,●,,,,,,,,2019/11/08,2019/12/05,2020/06/03,AP・コーディング,確認完了,,,TSK-00032225,INC-00141451,,,,,,,,,,,,,,,e,,,,,,,,,,,,,,,,,,,,
,085,2019/11/07,千葉,伊藤祐希,伊藤祐希,IOS20-OFL:海上出荷流量計積算記録表（月報）について,,－,－,海上出荷流量計積算記録表（月報）,"対応期限：2019/12/06 12:00
■事象 
　海上出荷流量計積算記録表（月報）においてG-3用の流量計の差し引きが０なのに 
出荷数量、伝票数量が表示されている。実際に8月に出荷はしていない。 
2JTの灯油、軽油ラインは単品とブレンドで同じ流量計でもタグを分けている特殊な箇所であり 
基本的には旧オフラスと同様であるが、タグが正しく読めていない可能性もある為 
調査、及び対応をお願い致します。 

■あるべき姿 
　実績通り帳票が作成される。 
■代替手段 
　手書きで修正 ","■原因
2019/11/20EXE
該当箇所の出荷数量および伝票数量に表示されているデータを調査いたしました。
エビデンスをBOXに確認しますのでご確認ください。
・INC-00141574(No.085)_海上出荷流量計積算記録表（月報）_調査結果.xlsx

1/23
「出荷数量に係るデータ」は、作業計画管理「工程コンポーネント(TIBB003)」テーブルの「実績数量(RESULT_QTY)」 を集計したものです。

「伝票に係るデータ」は、「伝票明細(TIAA002)」テーブルの「伝票数量(SLIP_QTY)」を集計したものとなります。

■対策

エグゼ確認の結果、No.265と同件リリース対応済みのため、本件はクローズとする。（IKC青井 2021/5/21）",自営帳票,●,,,,,,,,2019/11/20,,2021/05/21,,確認完了,,,TSK-00032288,INC-00141574,,,,,,,,,,,"エグゼに対応内容が直近と同件か確認。
→同件なら保守_No.085はクローズする（2021/5/20）

→No.265と同件回答（エグゼ鶴岡）、クローズする。",,,,e,,,,,,,,,,,,,,,,,,,,
,086,2019/11/07,千葉,松岡文夫,松岡文夫,IOS20-OFL：千葉オフラス_ブレンドSIMの基材位置マスタへのデータ追加について,,M：マスタ管理,M：マスタ管理,マスタメンテナンス,"■事象 
千葉オフラス_ブレンドSIMの基材位置マスタにおいて， 
新規基材のデータ２件が登録できず、タンク運用、実績・商品管理の業務で 
手修正が発生しています。 

　　　　　　　　油種識別　　品名コード　基材位置　　　　説明 
　追加データ　　C-FUEL　　　DSRC0.5　　　　13　　　　入力時、作業品名マスタで照合エラー 
　追加データ　　A-FUEL　　　DSRC0.5　　　　20　　　　入力時、作業品名マスタで照合エラー 
　※尚、旧システムから移行した　DSRC1.0等の統一品名略号は正常に処理できている。 

■あるべき姿 
ブレンドSIMの基材位置マスタの画面タイトル・入力チェックが、 
統一品名略号を元にチェックするように変更する。 
※ 現在、作業品名略号での照合チェックになっているため、 
目的のデータが登録できない。 
（一時的に、作業品名マスタにDSRC0.5を設定し、BS基材位置マスタを設定できたが 
　作業品名マスタでは業務上でDSRC0.5を保持できず、削除したところ 
　BS基材位置マスタからも、DSRC0.5が消滅した） 

■代替手段 
ＳＱＬ文で、BS基材位置マスタに次のデータを登録したい 
　　　　　　　油種識別　　品名コード　基材位置　 
　追加データ　C-FUEL　　　DSRC0.5　　　　13　　　　 
　追加データ　A-FUEL　　　DSRC0.5　　　　20　　　　 ","■原因
基材位置マスタの基材作業品名コードのメンテナンス時、作業品名マスタの作業品名コードに登録されているかどうかのチェックを行っているため。

■対策
基材位置マスタの「基材作業品名コード」の項目名称を「基材統一品名略号」へ変更します。
合わせてマスタメンテナンス時に「基材統一品名略号」が品名マスタの統一品名略号に登録されているかどうかのチェックをする様に修正します。
11/15
検証結果エビデンスを以下に格納しました。⇒11/15確認済（松岡）
https://app.box.com/folder/93569679698
11/27 リリース後の動作が問題ない事を確認（松岡）",オフラス,●,,,,,,,,2019/11/15,2019/11/27,2019/11/27,データ不備,確認完了,,,TSK-00032332,INC-00141736,,,,,,,,,,,,,,,e,,,,,,,,,,,,,,,,,,,,
,087,2019/11/13,千葉,伊藤祐希,伊藤祐希,IOS20-OFL：【IMO対応】ボンド品受払表について,,－,－,ボンド品受払表,"対応期限：2019/11/20 18:08
■事象
帳票に関して今回品名を追加したため、変更をお願いしたいと思います。（一部不具合？の可能性あり）
本件で対応とするか別途起票となるかはおまかせします。

（添付ファイル：コピーボンド品受払表10月.xlsx　をご参照ください。）
　①品名追加：帳票の設定にＢＦ　ＬＳＦＯと１）０．５Ａを追加お願いします。
　②画面との数量相違：橙の枠の箇所は画面と帳票があっていませんので確認お願いします。


■あるべき状態

■代替手段","■原因
2019/11/20EXE
本件、まだ連絡いただけていない認識で、添付ファイルも確認できない状況です。

2019/11/27EXE
(1)  集計対象外となる品名コードを除外する処理に不具合があり、残すべき品名コードを対象外としてしまっていたため、後続の集計処理において正しく集計がされていませんでした。
(2)  品転かどうかを表すフラグの判定処理が不適切な場所で行われていたため、本来集計すべき品名コードを集計から除外していました。

■対策
2019/11/27EXE
(1)  対象外となる品名コードを除外する処理において、新たな条件を加えて必要な品名コードを除外しないように修正しました。
(2)  品転かどうかを表すフラグの判定処理を適切な場所に移し、正しく集計が行われるように修正しました。

エビデンスをBOXに格納しましたのでご確認ください。
・【No087】INC-00142675_ ボンド品受払表修正エビデンス.xlsx

品名追加の件につきましては、上記修正では対応しておりません。
別途起票（IMO対応）をお願い致します。
新規品名コードが追加されるのであれば「設定情報」シートに追加するだけで対応可能という認識です。

",自営帳票,●,,,,,,,,2019/11/27,2019/12/05,2021/08/06,,確認完了,,,TSK-00032619,INC-00142675,,,,,,,,,,,,,,,e,,,,,,,,,,,,,,,,,,,,
,088,2019/11/13,千葉,YJP大武,高木義尚,新IRIS送信：出荷オーダ集計にて払出タンク数量が不正値になる,,D：実績管理,D：実績管理,新IRIS送信,"■事象
高木様よりお問い合わせ
2019/11/08の出荷オーダ集計にて、払出タンクの数量が不正値(99999999999)で連携された

■あるべき状態
正しい数量で連携される

■代替手段
なし
","■原因
払出タンクの数量を算出する際に、実数計算の計算誤差が発生しておりました。
また、整数項目に実数データを格納していたため、計算誤差の影響を抑えられませんでした。

■対策
実数計算の計算誤差に備えて、有効桁にて丸めを行います。
払出タンク数量項目を整数として送信するようにします。

2019/11/18
実数計算誤差に備えた対応を実施しました。
検証エビデンスは以下に格納しております。

■資料格納先
https://app.box.com/folder/93796225772
【No088】実績管理_出荷オーダ集計の払い出しタンク数量不正


2021/6/24
対応リリース済みで長期残留しているためクローズする。",オフラス,●,,,,,,,,2019/11/18,2019/11/27,2021/06/24,AP・コーディング,確認完了,,,,,,,,,,,,,,,,,,,e,,,,,,,,,,,,,,,,,,,,
,089,2019/11/15,千葉,伊藤祐希,伊藤祐希,IOS20-OFL：外国貨物製造搬出明細表、及び外貨在庫日報にGASOIL計上されない,,F：外航通関,F：外航通関,外貨製造搬出日一覧,"■事象
外国貨物製造搬出明細表、及び外貨在庫日報にGASOIL計上されません。
また、外貨製造日一覧から11/14分の搬出ボタンを押すとJavaのエラーが出力されます。
■あるべき状態
あるべき箇所にデータが出力される。
■代替手段
手書きで修正","■原因
タンクマスタ（TIMX201）の「タンク代表統一品名略号」を更新した際、外航通関のボンド出荷ブレンド基材マスタ（TIMX505）に「代表統一品名略号」に対応する「簡略品名コード」を登録していないためです。
ボンド出荷ブレンド基材マスタ（TIMX505）にブレンダの基材としてのGAS-OILとBOTTOM-OILに対応する簡略品名コードが登録されていることを前提に処理を実装していることから、GAS-OIL、BOTTOM-OILのどちらかが登録されていれば、画面には登録されていない方が空白表示され、どちらも登録されていない場合はシステムエラーが発生した事象となっております。
■対策
ボンド出荷ブレンド基材マスタ（TIMX505）に対応する簡略品名コードを登録願います。
・簡略品名コード：07954 or 07955
　シーケンスNo.：1
　基材簡略品名コード：07728
　GAS/BOTTOM区分：1（GAS-OIL）
・簡略品名コード：75473
　シーケンスNo.：2
　基材簡略品名コード：07858
　GAS/BOTTOM区分：2（BOTTON-OIL）
マスタメンテナンス後、下記の操作をお願いいたします。
GAS-OIL、BOTTOM-OILのどちらも設定していなかったケース（2019/11/14の外貨搬出日データ）については、マスタ登録後に[搬出]⇒外貨製造搬出確定画面にて搬出データを確定願います。
GAS-OIL、BOTTOM-OILのどちらかを設定していたケース（2019/11/13データ）については、データパッチにて台帳データの補正（設定されていない方の数量を登録）を実施いたします。

また、本事象の原因が不明なままエラーになることから、ボンド出荷ブレンド基材マスタの設定内容が不正な場合、「GAS・BOTTOM判定に失敗しました。ボンド出荷ブレンド基材マスタを確認して下さい。」のメッセージを出力いたします。

2019/12/02 追記
三鷹検証環境での検証結果エビデンスをBOXに格納いたしました。
https://app.box.com/folder/92427290666
【保守管理No89】検証エビデンス.xlsx
内容のご確認をお願いいたします。",オフラス,●,,,,,,,,2019/11/27,2019/12/11,2021/08/06,データ不備,確認完了,,,TSK-00032718,INC-00142917,,,,,,,,,,,,,,,e,,,,,,,,,,,,,,,,,,,,
,090,2019/11/15,千葉,伊藤祐希,伊藤祐希,IOS20-OFL：【至急依頼】ボートノートNOの変更,,F：外航通関,F：外航通関,ボートノート作成画面,"■事象
オフラスのボートNo を下記の通り、変更お願いします。
①船名：GULF　JUMEIRAH
H.W.(56-3)のカウントを『４３』へ変更 
※次のH.W.(56-3)のカウントが『４４』になるようにして設定欲しい。
②船名：NS　DREAM（上段）
H.W.のカウントを『１４』へ変更
③船名：NS　DREAM（下段）
H.W.のカウントは適当な番号でOK
※次のH.W.のカウントが『１５』になるようにして設定欲しい。 
■あるべき状態
なし
■代替手段
なし
","■原因
ボートノートNoの修正は画面にて容易に修正できる仕様ですが、オーダ変更後にボートノート情報を削除していないことから、修正時に既にデータが存在することから重複エラーとなり、修正不可能となっております。
■対策
オーダ変更時、ボートノート情報を削除し、重複エラーが発生しないように修正いたします。

暫定対応としまして、ボートノートの採番管理テーブル左記内容にてカウントされるようにデータパッチにて対応いたします。
11/15にデータパッチ実施済。

2019/11/21 追記
三鷹検証環境での検証結果エビデンスをBOXに格納いたしました。
https://app.box.com/folder/92427290666
【保守管理No090】検証エビデンス.xlsx
内容のご確認をお願いいたします。

2019/11/29 追記
業務APリリース前に重複エラーの事象が発生したことから、
11/29、データパッチを実施いたしました。

",オフラス,●,,,,,,,,2019/11/20,2019/12/04,2021/08/06,設計不備,確認完了,,－,TSK-00032724,INC-00142946,,,,,,,,,,,,,,,e,,,,,,,,,,,,,,,,,,,,
,091,2019/11/14,千葉,伊藤祐希,伊藤祐希,IOS20-OFL：【修正依頼】ETBE台帳及び詳細の修正願い,,J：バイオターミナル管理,J：バイオターミナル管理,バイオターミナル台帳,"■事象 
バイオターミナルの台帳及び元となる台帳詳細のデータを修正お願い致します。 
添付したデータは台帳出力のＥＸＣＥＬです。 

■あるべき状態
添付したＥＸＣＥＬの通りに台帳出力される。

■代替手段
ＥＸＣＥＬの手修正","■原因
仕様通り。
※プログラムの問題ではなく、誤入力に気付くのが遅れた結果、複数件の台帳データの修正が必要になったため、データ修正の依頼を頂いたとの認識です。

■対策
受領資料にしたがいバイオターミナル台帳データのデータパッチを実施致します。
検証環境にて実施、確認したエビデンスを以下に格納しております。
https://app.box.com/folder/93922002044
",オフラス,●,,,,,,,,2019/11/19,2019/11/22,2019/11/27,仕様通り,確認完了,,,TSK-00032685,INC-00142826,,,,,,,,,,,,,,,e,,,,,,,,,,,,,,,,,,,,
,092,2019/11/12,千葉,伊藤祐希,伊藤祐希,IOS20-OFL:【調査依頼】メッセージ一覧の不明なエラー,,D：実績管理,D：実績管理,海上入荷予定実績送信,"■事象 
　メッセージ一覧で07:00頃に（[D06B01_BL_UNLOADSCHRESGET][Timx011Dao.selectByPrimaryKey]からエラーが返却されました[検索結果0件]/[null]） 
　のエラーが出ています。 
　発生日時を見ると9/21～10/2、10/29～現在で発生しています。（添付は10/29からのもの） 
　なんの異常かメッセージから判断できないため、調査お願い致します。 
■あるべき姿 
　エラーが解消される 
　 
■代替手段 
　不明 

2019/11/21小林様
「税区分」で判定する仕様がNGです。（仕様書にも記述は見当たりません） 
又、対策に記載されている対応は不可です。 
理由：ETBE入荷オーダ登録では外航船マスタが画面表示され選択する仕様（画面仕様）です。 
（記載されている対策では整合がとれません） 

基本的には、内航船（日本国内の貨物輸送だけに使用される船）は、船マスタへ登録し、 
外航船（外国航路に就航している船舶）は、外航船マスタへ登録します。 

IRISへの「海上入荷予定実績送信」であれば、当該船の情報を得るために税区分だけで 
判断してるのであれば、船マスタ、外航船マスタの双方を参照する様にしないと得られません。 
※当該船の情報として何を得ようとしているのか教えて下さい。 ","■原因
　本件、外航船によるETBEの入荷が関連しております。
　海上入荷予定実績の送信では、指定日に終了したJOB、指定日に稼働していたJOB、指定日移行の予定を送信しますが
　その際に、入荷品の税区分を判断して、船情報を外航船マスタから取得するか、船マスタから取得するかを分けています。
　外航船(船マスタに登録されていない)によるETBE(外貨品ではない)の入荷では、船情報を船マスタから取得しようとしますが、
　当該船の情報が船マスタに存在していないため、船マスタからデータが取得できないというエラーが出ています。
　※船情報が取得できなくとも、船情報を空白としてデータは送信しております。(送信すべきJOBデータが欠落してはいない状況です。)


■対策
　対応としては、当該船の情報を船マスタにご登録いただきたいです。

2019/11/29
本挙動は既設の設計書をベースにしております。
取得しようとしているのは簡略船名コード、船名や積載量などです。
詳細は以下の資料をご確認ください。
https://app.box.com/folder/95000092983
【No092】実績管理_ETBE入荷JOBの海上入荷予定実績送信.xlsx
新IRIS送信定義 （D501）海上入荷予定実績送信.ppt

1ページ目にデータの取得条件が記載されておりますが、税区分1またはそれ以外で情報を取得しております。
7ページ目のデータ項目71、72が船の情報ですが、税区分が1以外の入荷JOBの場合は船マスタと引き当てるよう記載されております。",オフラス,●,,,,,,,,,,2021/08/06,仕様通り,確認完了,,,TSK-00032499,INC-00142308,,,,,,,,,,,,,,,e,,,,,,,,,,,,,,,,,,,,
,093,2019/11/19,千葉,高橋洋介 ,高橋洋介 ,作業計画管理ー[VIEX021201]試験成績書出力一覧から「依頼」ボタンで成績表発行依頼を行ったときの挙動,,B：作業計画管理,E：品質管理,成績表発行依頼,"■事象
依頼時、元ロットの試験依頼コメントが成績表コメントに埋め込まれる。
■あるべき状態
試験依頼コメントは試験依頼コメントに埋め込む。
■代替手段
作成された依頼情報をLab-Aid側で再編集する
備考：Lab-Aidでの依頼番号1016860が作業計画管理からボタンで依頼を起こしたもの、1016861が同一のロットに対してLab-Aid側から成績表発行依頼を起こしたものなので参照されたい。

2019/11/26 高橋
エビデンス確認OKです。リリース待ちへ変更しました。
","■原因
成績表発行依頼伝文(C81)のコメントに、運転管理で試験依頼コメントを設定しており、運転管理でそれを成績表コメントに設定しているためです。
■対策
IKC高橋様のご要望通り、運転管理側で成績表発行依頼伝文(C81)のコメントを設定しないように修正します。

2019/11/25
検証エビデンスを以下に格納致しました。
https://app.box.com/folder/94540245666
【No093】運転管理からの成績表発行依頼のコメントを未設定とする.xlsx",オフラス,●,,,,,,,,2019/11/25,2019/12/04,2020/01/23,仕様不備,確認完了,IOS20-OFL-SBM-T2-003_画面機能仕様書_品質管理_v1.0.pdf,,,,,"千葉保守問題点管理No.093

3.4.2.-3 成績書発行依頼
データ項目「コメント」の説明を「試験依頼情報のコメント」から「ブランク」に変更します。
",作業完了,,,,,,,,,確定図修正,967,,e,,,,,,,,,,,,,,,,,,,,
,094,2019/11/19,千葉,高橋洋介 ,高橋洋介 ,作業計画管理ー[VIEX021201]試験成績書出力一覧から「依頼」ボタンで成績表発行依頼を行ったときの挙動,,B：作業計画管理,E：品質管理,成績表発行依頼,"■事象
成績表発行対象ロットの規格判定日が元ロットの総合判定日となっている。
■あるべき状態
Lab-Aidで成績表発行依頼を行ったときと同様に、出荷日付を規格判定日とする。
■代替手段
Lab-Aidで成績表発行依頼を行う
備考：Lab-Aidでの依頼番号1016860が作業計画管理からボタンで依頼を起こしたもの、1016861が同一のロットに対してLab-Aid側から成績表発行依頼を起こしたものなので参照されたい。","■原因
仕様通りとなります。
運転管理から送付する成績表発行依頼伝文(C81)の規格適用日には、元ロットの規格適用日を設定しています。
■対策
インシデントにて対応させていただきます。
成績表発行依頼伝文(C81)の規格適用日に作業計画情報のJOB日付を設定するように修正します。",オフラス,●,,,,,,,,,,,仕様通り,仕様整理中,IOS20-OFL-SBM-T2-003_画面機能仕様書_品質管理_v1.0.pdf,,,,,"千葉保守問題点管理No.094
[AP修正]
成績表発行依頼伝文(C81)の規格適用日に作業計画情報のJOB日付を設定するように修正します。
ブレンダの場合、取引先No1コード＋取引先No2コード＋取引先No2補助コードが一致する、もしくは、需要家区分が「０：一般」かつ特例出荷区分がNULLのロットが存在する場合に成績表発行依頼が行えるように修正します。
※タンクの場合の条件に変更はありません。 

[確定図修正]
3.4.2.-3 成績書発行依頼
データ項目「規格適用年月日」の説明を「試験依頼情報の規格適用日」から「作業計画情報のJOB日付」に変更します。",仕様変更承認待ち,1.0人日,1.5人日,1.0人日,1.0人日,1.0人日,確認済み,,"2020/12/18:保守問題点管理表で管理。必要であれば保守問題点管理表から改善リストへ移行

愛知PJ問題点管理で対応（2021/5/20）
",,968,No.968,e,,,,,,,,,,,,,,,,,,,,
,095,2019/11/21,千葉,松岡文夫,松岡文夫,0.5A陸上計量タンクシフト時の試験依頼,,B：作業計画管理,E：品質管理,計量シフト時の試験依頼,"■事象
　0.5Aの計量シフトの再、試験依頼が正しく処理できず、ロットが確立できない
　何回か調査したが、通信「C31」の電文が無いようです。
　C13電文は試験管理に届いています（C13_20191118131822680）
　　（試験依頼画面にも、そのロットが残っていない）　
　正常であれば、A2-91118-13-T1319 のロットが依頼される
　　　対応として手で依頼作成した　
■あるべき状態
　G-2等の軽量シフトと同様に、自動で試験依頼が処理される　
■代替手段
　都度、手で試験依頼を実施
■最終方針　2019/11/21　松岡
　　①アプリケーションで規格キー（基材識別等）を固定で設定している事が
　　　確認できたこと
　　②0.5Aの基材識別「C;分解系」の設定が、試験管理システム規格マスタで
　　　設定されているが、基材識別の未設定を検討し、変更しても運用可能と
　　　判断できた
　　以上をもって、マスタ設定の変更で対応致します。
■確認結果　2019/11/22　松岡
　　試験管理側の規格マスタ変更後、0.5Aの計量シフトの試験依頼が正しく
　　処理できた。","■原因
試験項目を取得する際に基材識別を「C：分解系」ではなく「00：指定なし」となっているため、試験項目が取得できず試験依頼に失敗しています。
統一品名略号が「1A」の場合は基材識別に「C：分解系」を指定していましたが、""1A""がハードコーディングのためIMO対応がされておらず、統一品名略号「0.5A」の場合に基材識別に「C：分解系」を指定できておりません。
■対策
計量シフトの試験依頼を作成する際に基材識別を「C：分解系」とする統一品名略号をシステム定数に定義(カンマ区切りで複数指定可とする)し、システム定数に定義されている統一品名の場合は基材識別に「C：分解系」を指定するように修正します。
■調整依頼
　統一品名略号をシステム定数に設定することは賛同します。
　しかし、基材識別は将来変更があるため、シフト元のロットの
　基材識別を使用することは可能でしょうか。19/11/21　松岡
※調整依頼内容に関して、No.097に分割しました。
■検討結果　　2019/11/21　松岡
　試験管理の規格マスタで設定を変更致します。
　　⇒統一品名略号が「0.5A」の場合は基材識別「00：指定なし」
   その結果、ＡＰＬの変更は必要ありません。
　※No.097分割インシデントと本件ともクローズとさせて頂きます。",オフラス,●,,,,,,,,,,2019/11/22,AP・コーディング,確認完了,,,,,,,,,,,,,,,,,,,e,,,,,,,,,,,,,,,,,,,,
,096,2019/11/21,千葉,伊藤祐希,伊藤祐希,IOS20-OFL：保税台帳(GASOIL）不具合,,F：外航通関,F：外航通関,,"■事象 
同じ艀でBF-380とBF-LSを出荷した際に外国貨物製造搬出明細表は問題ありませんでしたが、 
GASOILの保税台帳の数量がBOTTOMOILと同様の数量が計上されており、明細表と合いません。 
ご対応お願い致します。 
■あるべき姿 
GASOIL側の保税台帳が正しく計上される。 
■代替手段 
なし
（添付ファイル：保税台帳不具合（GASOIL).xlsx　参照） ","■原因
保税台帳の終了届番号：１に対して複数の品名が紐づくケースが存在した場合、簡略品名コードを取得KEYとしていなかったことから、GASOILにBOTTOMOILの数量を計上しておりました。
■対策
品名を区分けするため、簡略品名コードを条件に追加いたします。

暫定対処としまして、保税台帳のデータパッチを実施いたします。
2019/11/22実施予定

2019/11/28 追記
三鷹検証環境での検証結果エビデンスをBOXに格納いたしました。
https://app.box.com/folder/92427290666
【保守管理No068】検証エビデンス.xlsx
内容のご確認をお願いいたします。",オフラス,●,,,,,,,,2019/11/28,2020/01/15,2021/08/06,AP・コーディング,確認完了,,,TSK-00032976,INC-00143897,,,,,,,,,,,,,,,e,,,,,,,,,,,,,,,,,,,,
,097,2019/11/21,千葉,松岡文夫,松岡文夫,計量シフトの試験依頼の基材識別について,,B：作業計画管理,E：品質管理,計量シフト時の試験依頼,"■事象
　基材識別にシフト元ロットの基材識別が使用されていない。
■あるべき状態
　基材識別は将来変更があるため、シフト元のロットの基材識別を使用する。
■代替手段
　なし
■試験管理側の規格マスタ変更後、0.5Aの計量シフトの試験依頼が正しく
　処理できましたので、「インシデント」対象から除きます。2019/11/22　松岡","■原因
　現在の基材識別は、基本は「00」、統一品名略号が「1A」の場合は「C」を使用しています。
■対策
　インシデント管理での対応とさせて頂きます。
",オフラス,●,,,,,,,,,,2019/11/22,仕様変更,対応不要,,,,,,,,,,,,,,,,,,,e,,,,,,,,,,,,,,,,,,,,
,098,2019/11/26,千葉,伊藤祐希,伊藤祐希,IOS20-OFL:【修正依頼】外貨搬出実績削除依頼,,F：外航通関,F：外航通関,,"■事象
承認日付11/22のBF380（DISCOVERY BAY）の 数量が空白となっている実績を削除お願いします。（台帳含む） 
当該発生理由はシステムの不具合ではなくオペレーションミスによるものです。
■あるべき状態

■代替手段
","■原因
オペレーションミス
■対策
データパッチにて対応いたします

2019/11/27 追記
本日(11/27)、データパッチを実施致しました。
",その他,●,,,,,,,,－,－,2019/11/27,その他,確認完了,,－,TSK-00033146,INC-00144473,,,,,,,,,,,,,,,e,,,,,,,,,,,,,,,,,,,,
,099,2019/11/27,千葉,伊藤祐希,伊藤祐希,IOS20-OFL：ローディングアームマスタ不具合,,B：作業計画管理,B：作業計画管理,出荷流量設定,"■事象
ローディングアームマスタで同じアームタグ、油種でラインが違う場合に
どのラインを選んでもマスタの合計流量が運転制御システムへ送信される。
※添付ファイル：ローディングアームマスタ不具合.xlsx　をご参照ください。）
■あるべき姿
ラインごとにマスタで判断し流量設定を行う。
■代替手段
なし","■原因
入荷JOBは、バースの流速と受入タンクの流速を比較して小さい方を作業流速とします。機能仕様書P.49の記述の通り、使用するバースと入荷品名に該当するアームの最大流速を   ローディングアームマスタから取得し、合計値をバース流速とします。そのため、同一品名・同一アームで複数のラインが登録されている場合、合算した値がバース流速となります。
■対策
バース流速は、選択されたプロダクトラインと一致するライン名が登録されているデータのみローディングアームマスタから取得します。選択されたプロダクトラインに該当するデータが存在しない場合、ライン名=0のデータを取得します。
ローディングアームマスタのライン名は、ライン選択マスタに登録されているライン名を登録します。ライン区分については、現状通りの値を引き継いでください。

6/16
エビデンスを以下に格納しました。
https://app.box.com/folder/92427290666
【No099】入荷JOBのローディングアームマスタ参照方法変更.xlsx",オフラス,●,,,,,,,,2020/06/16,2020/10/14,2021/08/06,仕様変更,確認完了,,,TSK-00033189,INC-00144594,,,,,,,,,,,千葉にエビデンス再確認依頼（2021/5/20）,,,,e,,,,,,,,,,,,,,,,,,,,
,100,2019/11/27,千葉,高橋洋介 ,高橋洋介 ,作業計画管理ー[VIEX021201]試験成績書出力一覧から「依頼」ボタンで成績表発行依頼を行ったときの挙動,,B：作業計画管理,E：品質管理,成績表発行依頼,"■事象　ブレンダ品について成績表作成一覧画面で発行要求すると、エラーとなる。
成績表発行依頼時、元ロットの需要家「名」が「一般需要家」でない場合、別の特定需要家に対して成績表を発行しようとした際に「該当取引先または一般需要家のロットが存在しません」というエラーが出る。
（例として、Lab-Aidにおける依頼番号1017519の3.0Cの場合、需要家名は昭和シェルGであるが、需要家区分Sは一般であり、規格は一般需要家と同一である）
■あるべき状態
元ロットは、需要家名でなく需要家区分Sが「0:一般」、かつ特例出荷区分がnullの場合に発行依頼を可能とする。（元ロットの需要家区分Sが「1:特定」であった場合、または特例出荷区分が「1:特例出荷」であった場合は現在と同じエラーを出し、発行依頼を行わない）
　※タンク品は問題ないが、ブレンダ品は「一般需要家」でロットを作らない為、
　　２船目以降の成績表について作成依頼を
　　　　　需要家区分S「0:一般」かつ特例出荷区分がnullのみ可能とする
■代替手段
Lab-Aid側から発行依頼を行う","■原因
仕様通りとなります。
以下の条件を満たす元ロットが存在する場合のみ運転管理から成績表発行依頼が可能です。
・ロットNoが一致する
・作業品名が一致する
・取引先No1コード＋取引先No2コード＋取引先No2補助コードが一致する、もしくはオールゼロ(一般需要家)である
■対策
インシデントにて対応させていただきます。

2019/11/27 松岡
ブレンダ出荷は同一ロットで２船目から成績表作成が発行不可になっている為、ロットが需要家区分S「0:一般」かつ特例出荷区分がnullであれば成績表を作成できるようお願いします。",オフラス,●,,,,,,,,,,,仕様通り,仕様整理中,IOS20-OFL-SBM-T2-003_画面機能仕様書_品質管理_v1.0.pdf,,,,,"千葉保守問題点管理No.094
[AP修正]
成績表発行依頼伝文(C81)の規格適用日に作業計画情報のJOB日付を設定するように修正します。
ブレンダの場合、取引先No1コード＋取引先No2コード＋取引先No2補助コードが一致する、もしくは、需要家区分が「０：一般」かつ特例出荷区分がNULLのロットが存在する場合に成績表発行依頼が行えるように修正します。
※タンクの場合の条件に変更はありません。 

[確定図修正]
3.4.2.-3 成績書発行依頼
データ項目「規格適用年月日」の説明を「試験依頼情報の規格適用日」から「作業計画情報のJOB日付」に変更します。",仕様変更承認待ち,1.0人日,1.5人日,1.0人日,1.0人日,1.0人日,確認済み,,"愛知PJ問題点管理で対応（2021/5/20）
",,968,No.968,e,,,,,,,,,,,,,,,,,,,,
,101,2019/11/28,千葉,YJP吉永,伊藤祐希,IOS20-OFL:バースNO着桟順位指定管理不具合,,A：オーダ管理,A：オーダ管理,バースNo着桟順位指定管理画面,"■事象
バースNO着桟順位指定管理画面で同じ艀、同じ船、別油種の出荷でバースが分かれたとき
着桟順位指定管理画面では片方しか、バース、時間が表示されない（変更できない）

■あるべき姿
以上の条件でバースが異なった場合はそれぞれ設定できるようになる。

■代替手段
なし
","■原因
同一艀で複数油種の出荷は、先頭の油種のみバースと時間を表示していました。
■対策
同一艀で複数油種の出荷において、それぞれの油種でバースが異なる場合、バース・着桟順・着桟順位・着桟時間・離桟時間を表示するように修正致します。
",オフラス,●,,,,,,,,2019/12/02,2019/12/18,2021/05/21,AP・コーディング,確認完了,"・IOS20-OFL-SBM-T2-001_機能仕様書_オーダ管理
P134
3.2.2.15.バース情報登録
【着桟順登録】
",,TSK-00033319,INC-00144958,,"千葉保守問題点No.101対応

ボンド出荷オーダの注釈として、以下の記述を追加致します。

艀、品名、バースの組合せ毎に着桟順・着桟時間・離桟時間を登録します。

内航出荷、外航出荷オーダの注釈として、以下の記述を追加致します。

品名、バースの組合せ毎に着桟順・着桟時間・離桟時間を登録します。

",作業完了,,,,,,,,,確定図修正,1027,,e,,,,,,,,,,,,,,,,,,,,
,102,2019/11/29,千葉,YJP大武,伊藤祐希,【製油所QA】新オフラス自動起票の伝票に担当店「アストモス」が設定されていない件,,I：伝票発行管理,D：実績管理,石化取引実績,"【問合せ背景】 
以下オフラスがOneSAPに連携され、取込エラーとなっております。 
　伝票日付：11月18日　オフラスNo：50002 
直接原因は、上記伝票の担当店がブランクとなっていることです。 

なお、以下がユーザに確認した内容です。 
・上記は本来、担当店「アストモス」としてOneSAPには連携されないデータである。 
・オフラスNo：50002（元伝票）はオフラス側で自動生成されており、担当者が起票している伝票ではない。 
・赤黒訂正の際、取引先「72841」を入力すると担当店「アストモス」が自動提案される。 

同様の事象が発生しているオフラスを添付にまとめましたので、ご確認ください。 

【ご確認依頼事項】 
担当店がブランクとなっている事象について、原因をご確認頂けますでしょうか。 

【納期】 
12/6　17：00 
※ユーザより具体的な納期は伺っていませんが、毎日実績が発生する可能性があるとのことですので 
　早めにご確認頂きたいです。 
","■原因
石化取引実績の受信時に作成するパイプライン入出荷伝票では、担当店と簡略店基地コードが同一のものであると認識しておりました。

■対策
簡略取引先コードから担当店コードと担当店基地略称をマスタから取得して設定するようにします。

2019/12/03
修正エビデンスを以下に格納いたしました。
https://app.box.com/folder/95227909855
【No102】実績管理_石化取引実績受信_担当店はマスタから取得する",オフラス,●,,,,,,,,2019/12/03,2019/12/18,2021/05/21,AP・コーディング,確認完了,,,TSK-00033385,INC-00144333,,,,,,,,,,,,,,,e,,,,,,,,,,,,,,,,,,,,
,103,2019/12/03,千葉,YJP張替,伊藤祐希,IOS20-OFL:冷凍タンク払出実績明細表不具合,,G：マスバランス,帳票,冷凍タンク払出実績明細表,"対応希望日： 2週間以内 
■事象
当該帳票で画面と帳票で値が違う項目がある。
■あるべき姿
統一され差異がなくなる。 
■代替手段
帳票出力時手書きで修正

問題点エビデンスを下記に格納しました。
https://app.box.com/folder/95220862608","■原因
2019/12/05EXE
ご指摘のあった「PS ET CHG」に出力している数値について
当該項目に関する資料等がないため、検索条件または仕様についてご教示願います。
現状についてエビデンスに纏めましたのでご確認ください。
・INC-00145461(No.103)_冷凍タンク払出明細表_調査結果.xlsx

■対策
2019/12/05EXE
YJP様より抽出条件をご教示いただき、画面と同じ数量になりました。
エビデンスをBOXに格納しましたのでご確認ください。
・【No103】マスバランス_自営帳票_冷凍タンク払出実績明細表のET装置チャージ数量不具合_EXE対応結果.xlsx",自営帳票,●,,,,,,,,2019/12/05,2019/12/06,2019/12/16,AP・コーディング,確認完了,,,TSK-00033484,INC-00145461,,,,,,,,,,,,,,,e,,,,,,,,,,,,,,,,,,,,
,104,2019/12/03,千葉,YJP大武,伊藤祐希,IOS20-OFL:積み置き処理不具合,,A：オーダ管理,A：オーダ管理,内航出荷オーダ入力-修正・削除,"■対応希望日： 2週間以内 

■事象 
11月→12月の積み置き処理が発生し、オーダーから積み置き処理にチェックを入れて登録したが 
伝票の納入日付が1月になってしまった。 

■あるべき姿 
積み置き処理の際、作業日もしくは伝票日付の翌月に納入日付が設定される。 

■代替手段 
伝票を手修正 

（添付ファイル：積み置き処理日付ズレ.xlsx　ご参照ください。） ","■原因
千葉のPJT横断テストNo103にて、積み置き処理のオーダ確定時に作成される伝票の伝票日付と納入日付の設定方法について以下のように確認させていただきました。
(その後、初期流動No087でも、積み置き指定時の伝票日付と納入日付に触れられましたが、現状の挙動で問題なしとされておりました。)
【積置き指定時】
　伝票日付：オーダの作業日
　納入日付：オーダの卸日の翌月

該当の問題点修正確認について、おそらく確認漏れがあったものと思われます。
あるべき姿は以下と伺っています。
【通常時】
　伝票日付：オーダの作業日
　納入日付：オーダの作業日
【積置き指定時】
　伝票日付：オーダの作業日
　納入日付：オーダの作業日の翌月1日

本件、PJT横断No103、初期流動No087の内容を経てきております。

■対策
本件は、AP修正いたします。

2019/12/06
修正エビデンスを以下に格納いたしました。
https://app.box.com/folder/95535395304
【No104】オーダ管理_積置処理時の納入日付",オフラス,●,,,,,,,,2019/12/06,2019/12/18,2019/12/18,その他,確認完了,,,TSK-00033494,INC-00145500,,,,,,,,,,,,,,,e,,,,,,,,,,,,,,,,,,,,
,105,2019/12/03,千葉,YJP新山,伊藤祐希,IOS20-OFL:ブレンドシミュレーション再計算時基材性状クリア,,K：ブレンドシミュレーション,E：品質管理,仮報告後の試験結果更新,"■事象
ブレンドシミュレーション計算時に基材ロットの性状が1項目も表示されなかった。
※当該ロットが仮報告で事象発生時に合格になる予定だった。
■あるべき姿
性状取得時に問題なく取得し、表示する。
■代替手段
なし
2019/12/6 伊藤
エビデンス確認OKです。リリース待ちへ変更しました。
","■原因
試験管理から試験結果伝文を受信した際に、運転管理の試験結果情報を一度すべて削除し、受信した伝文の内容で再度登録しています。
「仮報告」の伝文受信でロット性状が登録されますが、「総合判定待ち」の伝文には性状情報等が存在しないため伝文受信で登録されず、仮報告済みにも関わらずロット性状が1項目も無い状態となっています。
■対策
試験中(仮報告)から総合判定待ちに状態が遷移した場合、試験結果情報のDeleteInsertは行わず、ステータスの更新のみを行うように修正します。
2019/12/6 YJP小笠原
検証エビデンスを以下に格納致しました。
https://app.box.com/folder/95545186756
【No105】仮報告の基材ロット性状が消えている.xlsx
2019/12/11 YJP小笠原
リリース致しましたので、ご確認をお願い致します。",オフラス,●,,,,,,,,2019/12/06,2019/12/11,2020/02/27,設計不備,確認完了,,,TSK-00033537,INC-00145677,,,,,,,,,,,,,,,e,,,,,,,,,,,,,,,,,,,,
,106,2019/12/04,千葉,松岡文夫,松岡文夫,化学品試験結果のＯｎｅＳＡ送信滞留,,L：試験管理,その他,化学OneSAP通信,"■事象
オフラス→OneSAPへの試験結果（ロット）連携について、オフラスからの送信日時とOneSAPへの受信・取り込み日時に大幅なずれが発生している。
データ連携にずれが発生している当該3ロットについては、 
以下の日時でオフラスから試験結果を送信し、OneSAPへ取り込まれている。 
・ロット：A9112915 
　11/29 19:25頃にオフラスから送信⇒11/30　10：00頃にOneSAPへ取り込まれた 
・ロット：A9120205 
　12/ 2　10:05頃にオフラスから送信⇒12/2にオフラスから再送し、10:40頃にOneSAPへ取り込まれた 
・ロット：A9120210 
　12/ 2　17:48頃にオフラスから送信⇒12/3にオフラスから再送し、 8:30頃にOneSAPへ取り込まれた 
①当該3ロットについて、ユーザからは上記日時でオフラスから試験結果を送信していると連絡を頂いておりますが 
　念のため、オフラスからいつ試験結果が送信されているのかご確認頂けますでしょうか。 
②オフラスから上記日時で試験結果が送信されていた場合、オフラス側の送信日時とOneSAP側の受信日時に 
　大幅なずれが発生していることになるため、オフラス側でデータ連携の停滞が発生していないかご確認頂けますでしょうか。 
■あるべき姿

■代替手段

","■原因
オフラス側の調査結果をご報告します。
EAIから該当ファイルを送信し、OneSAP側バッチ（SBM0_CopyToRenkeiNAS.bat）を実行した時刻は以下になります。
・ロット：A9112915 
　　11/29 19:25:17　EAIからOneSAPへの送信およびOneSAP側バッチ（SBM0_CopyToRenkeiNAS.bat）起動
・ロット：A9120205 
　　12/02 10:05:21　EAIからOneSAPへの送信およびOneSAP側バッチ（SBM0_CopyToRenkeiNAS.bat）起動
・ロット：A9120210 
　　12/02 17:49:14　EAIからOneSAPへの送信およびOneSAP側バッチ（SBM0_CopyToRenkeiNAS.bat）起動
ファイルの中身が該当ロットであることも確認しています。
オフラスでの送信から、OneSAP側バッチ起動まで遅れおよびエラーは発生していません。
11/29の11:49:24と11:49:28という二重起動的なログがEAIサーバからOneSAPに送る最後の処理のログにありました。
の処理のぶつかりによってファイルが滞留し，一つ前のファイルが次の送信処理でOneSAPに送られるという玉突きが起きていた。
　⇒人による誤操作（重複；一旦登録し直後に解除・再登録）と
　　検査員本人より報告あり説明と注意・周知済み（12/3　松岡）
■対策
12/4 滞留分の処置は行った。
運用上から人の操作により、ロット登録（総合判定登録）は、５分ほど間を開けるよう試験室に周知している。
同様の現象がはっせいしたら、 滞留分の処置が必要となる。",IKC,●,,,,,,,,,,2020/03/10,調査中,確認完了,,,TSK-00033533,,,,,,,,,,,,,,,,e,,,,,,,,,,,,,,,,,,,,
,107,2019/12/05,千葉,YJP張替,伊藤祐希,IOS20-OFL：【IMO対応】ボンド品受払表品名追加,,G：マスバランス,帳票,ボンド品受払表,"対応希望日：来週中
■事象
ボンド受払表のIMO対応品名追加をお願い致します。 
※別途起票が必要のため起票しました。
■あるべき姿 

■代替手段 
なし 

※添付資料を下記に格納しました。
https://app.box.com/folder/95422813588","■原因

■対策
2019/12/09EXE
IMO対応により、以下を実施したしました。
・1A⇒1.0Aに変更する。
・1)0.1A、1)0.5A、BF-LSFOを追加する。
エビデンスを格納いたしましたのでご確認ください。
・【No107（INC-00145966）】（北海道FAT No197）ボンド品受払表_IMO対応（品名追加）.xlsx

2019/12/10EXE
リリース依頼をいたしました。",自営帳票,●,,,,,,,,2019/12/09,2019/12/10,2020/02/27,仕様変更,確認完了,,,TSK-00033611,INC-00145966,,,,,,,,,,,,,,,e,,,,,,,,,,,,,,,,,,,,
,108,2019/11/04,千葉,YJP柳田,澤田陽哉,BINAS物流向けの処理で異常終了が発生,,Y：通信管理,Y：通信管理,BINAS物流,"■事象
BINAS物流向けの処理で異常終了が発生。
文字化けデータが発生し，BINAS側でも異常終了が発生した。
ログビューワを見たところ，10:13と14に二度連携されているように見える。

■あるべき姿
文字化けデータが発生しない。

■代替手段
BINAS側で文字化けレコードを削除して処理。
","■原因
L3.0→L3.5へ送信中にSocketエラーが発生。
Socketエラーが発生したタイミングで受信側(L3.5)はファイルを受け取るべきではないが、中途半端な状態（文字化け＆データ欠損）のファイルを受信し、BINAS側に渡してしまったため、BINAS側の取り込みで異常となった。

■対策
送信中にSocketエラー発生時は、受信側でファイルを受け取らないようにし、リトライで正常ファイルを受け取るよう修正します。

検証結果エビデンスを以下に格納しました。
確認をお願い致します。

格納場所：https://app.box.com/folder/97428650286
【No108】BINAS物流向けの処理で異常終了が発生.xlsx",オフラス,●,,,,,,,,2019/12/23,2020/01/15,2020/01/15,AP・コーディング,確認完了,,,,,,,,,,,,,,,,,,,e,,,,,,,,,,,,,,,,,,,,
,109,2019/11/06,千葉,YJP柳田,澤田陽哉,スマコンのプロセスが突然落ちた,,帳票,帳票,,"■事象
スマコンのプロセスが突然落ちた。

■あるべき姿
プロセスが落ちない。

■代替手段
手動でサービス再起動。
","■原因
ConciergeService2.exeの非ページプールメモリが毎秒４～７KBずつ増加しておりました。
新システムのETS-Rでは、サーバOSの64bit化に伴い、32bitアプリケーションであったスマコンサービスを64bit化しています。
サーバ内のフォルダを監視する処理において、64bit化した事により非ページプールメモリの増加が発生していました。
※64bit化にあたり該当モジュールの修正は行っていません。

■対策
非ページプールメモリ増加の原因となっている箇所を特定し、モジュールを修正しました。",オフラス,●,,,,,,,,2019/12/20,2020/01/15,2020/01/15,AP・コーディング,確認完了,,,,,,,,,,,,,,,,,,,e,,,,,,,,,,,,,,,,,,,,
,110,2019/12/05,千葉,YJP新山,伊藤祐希,IOS20-OFL：推定レベル計算エラー,,D：実績管理,D：実績管理,タンク在庫計算,"■事象
タンクテーブル変更後確認の為、実績管理-推定レベル計算の画面で設定した結果を確認しようとしたが、エラーが発生した。タンクテーブルはTIMまで登録できているが、10日から当該タンク使用の為、オフラスの計算等に障害となる場合は早めにご対応お願い致します。

■あるべき姿
エラーが発生せず計算が可能となる。

■代替手段
なし

","■原因
50175タンクテーブルの11段目のレベル設定は、19164では なく16194ではないでしょうか。

■対策
50175タンクテーブルの11段目のレベル設定を16194へ変更して動作確認をお願い致します。

2019/12/05
本件、伊藤様と直接お話させていただき、タンクテーブル11段目を修正いただくことで推定レベル計算が正しく動作することを現地環境にてご確認いただきました。
三鷹検証環境で、問題事象の再現確認と解消確認を行ったエビデンスを以下に格納しておりますので、ご確認ください。
https://app.box.com/folder/95445573070
【No110】実績管理_推定レベル計算エラー

本件、対応不要とさせていただきます。
",オフラス,●,,,,,,,,2019/12/05,,2019/12/05,その他,対応不要,,,TSK-00033634,INC-00146058,,,,,,,,,,,,,,,e,,,,,,,,,,,,,,,,,,,,
,111,2019/11/13,千葉,高木義尚,伊藤祐希,IOS20-OFL：【IMO対応】ボンド品受払表について（品名追加分）,,G：マスバランス,帳票,,"■事象
問題点管理表No087の品名追加分の対応

帳票に関して今回品名を追加したため、変更をお願いしたいと思います。
（添付ファイル：コピーボンド品受払表10月.xlsx　をご参照ください。）
　①品名追加：帳票の設定にＢＦ　ＬＳＦＯと１）０．５Ａを追加お願いします。

■あるべき姿

■代替手段

","■原因

■対策

※107とダブりだったためクローズ


",自営帳票,●,,,,,,,,,,2019/12/06,,対応不要,,,,,,,,,,,,,,,,,,,e,,,,,,,,,,,,,,,,,,,,
,112,2019/12/06,千葉,YJP大武,伊藤祐希,OS20-OFL:パイプライン伝票（化学側連携分）,,I：伝票発行管理,D：実績管理,石化取引実績,"■事象 
詳細は添付資料ご確認頂きたいと思いますが、 
①化学側からの連携分パイプライン伝票（入荷、出荷）において担当店が表示されていない 
②担当店がブランクで送信されている伝票で担当店が想定と違うものがプルーフリストで出力されている 
③　②の伝票がFile Volanteで実績表示されない 
以上の3点ご対応お願い致します。 

■あるべき姿 
自動作成された伝票の担当店が表示されること。 
プルーフリストへの出力内容が問題ないこと。 
FileVolanteでも問題なく実績が表示されること。 

■代替手段 
なし ","■原因
①保守問題点No102と同件です。
　担当店コードと簡略店基地コードは同じものを設定するとして実装しておりました。

②担当店名はブランクですが、担当店コードに簡略店基地コードが設定されていたためです。
※保守問題点No102の対応で本件も解消します。

③FileVolante側の都合もあるため、原因の特定はできませんが、千葉L基地のコードが担当店に設定されているためではないかと思われます。
※上記推測通りであれば、保守問題点管理No102の対応で本件の原因は解消します。
　すでに送信している伝票については、お手数ですが訂正伝票を発行してください。

■対策
保守問題点No102の対応にて、本件の原因事象も解決します。

既に送信済みになっている伝票については、お手数ですが、訂正伝票を発行くださいますようお願いします。

本件、保守問題点No102と同件のため、保守問題点No102とステータスを同期させていただきます。",オフラス,●,,,,,,,,2019/12/03,2019/12/18,2021/08/06,AP・コーディング,確認完了,,,TSK-00033674,INC-00146184,,,,,,,,,,,,,,,e,,,,,,,,,,,,,,,,,,,,
,113,2019/12/06,千葉,YJP大武,伊藤祐希,IOS20-OFL:どんぶり出荷の一部が協定書実績、本伝票に出力されない,,C：進捗管理,C：進捗管理,入出荷作業状況表示画面,"■対応希望日：年内 

■事象 
入出荷作業状況表示画面から協定書実績を入力しようとしたが、１出荷分だけ表示されていなかった。 
本伝票も同様に表示されない。 
協定書実績画面からは全出荷分が表示される。 
尚、協定書実績画面では足りない分の出荷は作業終了になっていない。 

■あるべき姿 
協定書実績がどの画面からでも正しく入力でき、本伝票も正しく出力される。 

■代替手段 
協定書実績画面側から入力 
伝票は手書きで修正 
","■原因
以下の3つのオーダ情報をどんぶり出荷と判断できていませんでした。

・明細情報に「受1」と「受2」が登録されているオーダ情報
・「受1」に対する「有1」が登録されているオーダ情報
・「受2」に対する「有2」が登録されているオーダ情報

■対策
原因に記載しているオーダ情報をどんぶり出荷と判断する様に修正致します。また、以下の3つのオーダ情報についても、どんぶり出荷と判断する様に修正致します。

・「受1」が登録されているオーダ情報
・「受2」が登録されているオーダ情報
・明細情報に「有1」「有2」が登録されているオーダ情報

検証結果エビデンスを以下に格納しました。
確認をお願い致します。

格納場所： https://app.box.com/folder/97417606704
【No113】複数油種のどんぶり出荷判定不具合.xlsx

",オフラス,●,,,,,,,,2019/12/23,2020/01/15,2021/05/21,設計不備,確認完了,"・IOS20-OFL-SBM-T2-003_画面個別機能仕様書_VICB040501_入出荷作業状況表示一覧
P15
6.初期表示
表6.-1　初期表示
23.協定書実績、26.伝票
P20
7.特記事項
6）どんぶり出荷の協定書アイコン、伝票アイコン表示",,,,,"千葉保守問題点No.113対応

7.特記事項 6）に「どんぶり出荷の協定書アイコン、伝票アイコン表示」を追記致します。
また、6.初期表示 表6.-1　初期表示に7.特記事項 6）へのリンクを追記致します。
",作業完了,,,,,,,,,確定図修正,1028,,e,,,,,,,,,,,,,,,,,,,,
,114,2019/12/06,千葉,YJP大武,伊藤祐希,IOS20-OFL:どんぶり出荷の一部が協定書実績、本伝票に出力されない,,D：実績管理,D：実績管理,協定書実績画面,"■対応希望日：年内 

■事象 
入出荷作業状況表示画面から協定書実績を入力しようとしたが、１出荷分だけ表示されていなかった。 
本伝票も同様に表示されない。 
協定書実績画面からは全出荷分が表示される。 
尚、協定書実績画面では足りない分の出荷は作業終了になっていない。 

■あるべき姿 
協定書実績がどの画面からでも正しく入力でき、本伝票も正しく出力される。 

■代替手段 
協定書実績画面側から入力 
伝票は手書きで修正 
","■原因
本問題点は、事象に記載されている「尚、協定書実績画面では足りない分の出荷は作業終了になっていない。」という点についての問題点です。
本件は、協定書実績画面の仕様通りの認識です。
問題となっている12/13　美山のどんぶり出荷は、1オーダでのどんぶりと2オーダでのどんぶりの計3オーダが絡んでいるどんぶり出荷です。
1オーダで同一船の場合は、協定書実績画面では先頭の行しかボタン等を表示しないため、現在の表示状態になっております。

以下に確認エビデンスを格納いたしました。
https://app.box.com/folder/96952483072
【No114】実績管理_どんぶり出荷の協定書実績


■対策
協定書実績画面の対策は不要
ステータスを対応不要とさせていただきます。
",オフラス,●,,,,,,,,,,2019/12/06,仕様通り,対応不要,,,,,,,,,,,,,,,,,,,e,,,,,,,,,,,,,,,,,,,,
,115,2019/12/13,千葉,YJP張替,伊藤祐希,IOS20-OFL:入出荷作業報告書outputdataエラー,,帳票,帳票,入出荷作業報告書,"■対応希望日：可能なら年内 

■事象 

入出荷作業報告書の12月５，７，８日だけ「ERROR:outputdata」のポップアップが出る。 
正しく処理が終了していないと思われますので、YJP殿にデータの確認をお願いします。 
問題なければシステムエグゼ殿に帳票側の処理の確認をお願いします。 

■あるべき姿 
帳票が正常に処理される。 

■代替手段 
なし 

※添付資料を下記に格納しました。
","■原因
2019/12/17
データ側事象を見る限りではExcelVBAの中で発生しているように見受けられます。No.84にて入出荷作業報告書のモジュールを12月5日にリリースされているようですので、納品いただいたモジュールを念のためご確認ください。

2020/02/17EXE
単品出荷の場合、タンクの開始時刻、終了時刻設定時に文字列をDate型に設定しようとしてエラーとなっていました。

■対策
2020/02/17EXE
文字列をDate型に変換後設定するよう修正いたしました。
改修後のエビデンスを格納しましたのでご確認ください。
・【No115】入出荷作業報告書_改修エビデンス.xlsx

エビデンス確認OKの連絡をいただきましたのでリリース依頼をしました。",自営帳票,●,,,,,,,,2020/02/17,2020/03/11,2020/06/03,AP・コーディング,確認完了,,,TSK-00033982,INC-00147273,,,,,,,,,,,,,,,e,,,,,,,,,,,,,,,,,,,,
,116,2019/12/17,千葉,YJP小笠原,伊藤祐希,IOS20-OFL:【改善要望】ブレンダーロット試験依頼自動取得、削除機能追加,,E：品質管理,E：品質管理,,"■事象 
改善要望です。 
①ブレンダーロットを試験依頼画面から作成するときに比率が入っていなくてもそのままロットが作成できてしまう。 
②比率が入っていないためにタンクのロット削除でブレンダーロットが不合格にならない。 
現状ブレンダーロットは削除する機能がない為、上記のようなロットは合格のまま残ってしまう。 
→ベンダーに削除依頼する以外に手段がない。 
※運用で当該事象が起こりえるロットスライド（他の作業品名に同じ性状を入れてロットを作成する）時は 
試験依頼画面で新規作成ではなく作業計画-出荷-試験依頼画面から試験依頼を作成するように指示しているが、 
試験依頼画面で新規で作成できる以上、同様の事象が発生する可能性がある。 
同様の事象が他所でも発生していると伺っています。 
■あるべき姿 
①ブレンダーロット（製造）の試験依頼を新規で作成するときに品名から出荷日のブレンド計画比率が存在する場合、ブレンド比率を取得する。 
②運用上発生する、基材情報なしのブレンダーロットを削除できる機能を追加する。 
■代替手段 
なし 
","■原因

■対策
インシデントにて対応させていただきます。",オフラス,●,,,,,,,,,,,機能改善,仕様整理中,,,TSK-00034101,INC-00147743,,"千葉保守問題点管理No.116対応（※改善要望）

①ブレンダロットを試験依頼データ編集画面から作成する際に、基材情報が未設定でも試験依頼が作成できてしまう。
→ ブレンダーロット（製造）の試験依頼を新規で作成するときに品名から出荷日のブレンド計画比率が存在する場合、ブレンド比率を取得する。 

②ブレンダロットは基材タンクロット無効のタイミングで無効になるが、基材情報が未設定のブレンダロットは無効になるタイミングが無く、有効のまま残り続けてしまう。
→ 運用上発生する、基材情報なしのブレンダーロットを削除できる機能を追加する。 ",IKC確認中,3.00人日,3.00人日,2.00人日,2.00人日,1.00人日,確認中,,2020/12/18:保守問題点管理表で管理。必要であれば保守問題点管理表から改善リストへ移行,,981,No.981,e,,,,,,,,,,,,,,,,,,,,
,117,2019/12/19,千葉,YJP小笠原,伊藤祐希,[IOS20-OFL]：メッセージ一覧での試験管理受信エラーについて,,E：品質管理,L：試験管理,試験結果伝文(C51),"■事象
12月11日からメッセージ一覧で「試験管理受信に失敗しました。」のエラーが多発している。
調査、対応お願い致します。
保守_問題点管理No105の関連性はないかも含めてお願い致します。
■あるべき姿
エラーの原因が異常でなければ表示しない
■代替手段
なし
","■原因
試験結果伝文(C51)受信時の処理でエラーの場合にログを出力していなかったので、No.105の対応時にログ出力を強化しております。
試験管理状態はコードを出力しており、「3：試験中」「5：総合判定待ち」「9：終了」です。
当該メッセージが出力されるパターンとしては2パターンあります。
①ロットNoの末尾が""PC""のロットなどの、運転管理が作成した試験依頼ではなく試験管理内で作成された試験依頼の場合、運転管理で試験結果伝文(C51)を受信しても該当の試験依頼が無いためエラーとなりメッセージが出力されています。
⇒ メッセージが出力されるのは問題ない認識です。
②運転管理が作成した試験依頼であるが試験結果伝文(C51)の試験管理番号に値が設定されていない。成績表発行にて状態報告がされている。不要なメッセージが出力される以外に、影響はないことを確認した。
⇒ 成績表発行依頼で状態報告を行わない処理が抜けている部分がありました。成績表発行依頼は試験管理番号を設定しないため、運転管理データへの影響はなし。
■対策
①対応は行わない。
②成績表発行依頼のすべての処理で状態報告を行わないように修正する。

11/2　ターゲットにて確認完了の為クローズします。(伊藤）",オフラス,●,,,,,,,,2020/01/10,2020/02/05,2020/11/02,AP・コーディング,確認完了,,,TSK-00034215,INC-00148236,,,,,,,,,,,,,,,e,,,,,,,,,,,,,,,,,,,,
,118,2019/12/24,千葉,YJP大武,伊藤祐希,タンク在庫集計表の他課タンク在庫率が極端に大きい,Q3：後続テスト実施可能,G：マスバランス,G：マスバランス,タンク在庫集計表(公開用・商品管理用),"初期流動問題点No765より派生

■事象
タンク在庫集計表で、他課のタンクの在庫率が極端に大きな値を示している

■あるべき姿
適切な在庫率が表示される

■代替手段
なし
","本件、初期流動問題点No765より派生しております。

■原因
商品タンク在庫(TIGX001)の業務課以外のデータにおいて、
運転上限容量及び運転下限容量が設定されていないため
タンク容量が0となっており、総在庫　率が極端に大きな値を示していた

【設定されていない理由】
商品タンク在庫(TIGX001)は油量実績取込のタンク在庫取込で作成されますが、
仕様には他課のタンクデータの取り込みについて、以下の通り記述されております。
「黄色は、インタフェースとして受信するデータです。 それ以外のデータは、デフォルト値を設定します。」
タンク容量の計算元である運転上限容量、下限容量は、「それ以外のデータ」に当たるため
デフォルト値で取込が行われております。

【既設調査結果】
既設ではVIEWにて業務課以外についてはタンクマスタ(自家燃)より取得している
※新設では他課タンクマスタ(TIMX296)に相当するが該当項目は移行対象とされておらず、項目なしの状態です。

■対策
・他課タンクマスタ(TIMX296)テーブル定義変更及びデータ移行を行う
・油量実績取込：在庫データ取込機能にて既設に合わせ
　業務課以外の場合は他課タンクマスタより運転上限容量及び運転下限容量を取得し設定を行う

本件、仕様書の通りであるため、対応についてはインシデント管理にて対応させていただきたく思っております。

",オフラス,●,,,,,,,,,,,仕様通り,仕様整理中,IOS20-OFL-SBM-T2-001_機能仕様書_マスバランス_v1.2.docx,,,,,"保守問題点管理No.118初期流動問題点管理No.765
油糧実績取込にて商品タンク在庫の業務課以外についても運転上限容量及び運転下限容量を設定する

【詳細】
他課タンクマスタに運転上限容量及び運転下限容量をカラム追加し、業務課以外の場合はこちらを参照し設定を行うようにする

2019/12/24
本件、元々の問題点(帳票の修正)と在庫率の不正値についての2つの問題が交錯してしまっております。
初期流動問題点No765は、帳票の修正、確認とさせていただき、在庫率の問題については、保守問題点管理No118として起票、対応させてくださいますようお願いします。",仕様変更承認待ち,2.0人日,1.5人日,1.5人日,1.5人日,0.5人日,確認済み,,2020/12/18:保守問題点管理表で協議。優先度が低ければ保守問題点管理表から改善リストへ移行,,948,No.948,e,,,,,,,,,,,,,,,,,,,,
,119,2019/11/29,千葉,高木義尚,,新オフラス自動起票の伝票に担当店「アストモス」が設定されていない件,,D：実績管理,D：実績管理,伝票作成,"LMISタスクからの転記です。回答はタスクにお願いします。

■事象
【問合せ背景】
以下オフラスがOneSAPに連携され、取込エラーとなっております。
　伝票日付：11月18日　オフラスNo：50002
直接原因は、上記伝票の担当店がブランクとなっていることです。

なお、以下がユーザに確認した内容です。
・上記は本来、担当店「アストモス」としてOneSAPには連携されないデータである。
・オフラスNo：50002（元伝票）はオフラス側で自動生成されており、担当者が起票している伝票ではない。
・赤黒訂正の際、取引先「72841」を入力すると担当店「アストモス」が自動提案される。

同様の事象が発生しているオフラスを添付にまとめましたので、ご確認ください。
「【No.119】対象オフラス(11月29日時点) .xlsx」

【ご確認依頼事項】
担当店がブランクとなっている事象について、原因をご確認頂けますでしょうか。

■あるべき姿
自動起票の伝票に担当店「アストモス」が設定される

■代替手段

","■原因
本件、保守問題点管理No102にて、対応済み、確認中の状態です。
本件はクローズとしていただき、No102をご確認くださいますようお願いたします。

■対策",オフラス,●,,,,,,,,,,2019/12/25,,対応不要,,,TSK-00033385,INC-00144333,,,,,,,,,,,,,,,e,,,,,,,,,,,,,,,,,,,,
,120,2019/12/25,千葉,高橋洋介 ,,前回値取得条件方法の変更,,L：試験管理,L：試験管理,前回値取得,"■事象
試験項目トランの前回値1～5について、現状(パッケージ標準)のロジックは試験項目ごとの取得であるため、前回値のカラム値の参照元が複数のサンプルにわたることがあり、過去実績確認の意味をなしていない。

■あるべき姿
サンプル単位での取得に変更したい。(詳細条件についてはエビデンス参照)
■代替手段

","■原因
　Lab-Aid標準機能の仕様になります。
■対策
　試験管理インシデントNo.104として対応方法を検討する。
　実現案の仕様を明確にした上で問題がなければ、工数を
　提示します。

■棚卸
2026/01/29：確認中、次回ステータス変更なき場合は強制クローズとする",オフラス,●,,,,,,,,,2020/10/14,2026/02/25,仕様通り,確認完了,,,,,,前回値取得方法を試験管理単位でなく、サンプル単位で取得するように変更する。これにより、過去のサンプルに試験項目が存在しない場合、前回値は設定されないようになる。,完了,1.75人日,1.75人日,2.25人日,1.50人日,1.00人日,,"実施確認中

工数見直しが可能か検討いたしました。
　仕様/設計　2.00⇒1.75
　開発　　　　  2.00⇒1.75
　単体検査　  2.50⇒2.25
","IKC澤田：2/21 　7人日と査定
2020/3/19：承認済みに変更",,104,,e,,,,,,,,,,,,,,,,,,,,
,121,2019/12/25,千葉,高橋洋介 ,,画面状態遷移後の行選択状態,,L：試験管理,L：試験管理,-,"■事象
試験結果入力後、確認を行うなど状態遷移があった後、行選択状態が解除されないため、規格外れで文字色が変わっていても視認できない。
■あるべき姿
確認等、試験項目の状態が遷移した場合行選択の解除を併せて行う。(エビデンス参照)
■代替手段

","■原因
　Lab-Aid標準機能の仕様になります。
■対策
　試験管理インシデントNo.105として対応方法を検討する。
　実現案の仕様を明確にした上で問題がなければ、工数を
　提示します。
   (2020/4/22)
　　北海道にてインシデントその８としてリリースし、動作検証済み。
　　他の北海道カスタマイズ機能も含めたリリース日をご検討ください。",オフラス,●,,,,,,,,,,,仕様通り,仕様整理中,,,,,,サンプル一覧、ホルダ一覧、試験項目一覧において、一覧が再表示される際、行選択を外す。,仕様変更承認待ち,1.5人日,2.0人日,2.0人日,1.0人日,0.5人日,確認済み,,試験管理チームに状況を再確認（2021/5/20）,,105,"試験管理インシデントNo105
",e,,,,,,,,,,,,,,,,,,,,
,122,2019/12/31,千葉,YJP新山,伊藤祐希,[IOS20-OFL]：出荷タンク設定陸上出荷K-1不具合,,A：オーダ管理,A：オーダ管理,陸上出荷オーダ作成夜間バッチ,"■事象
①1月1日及び1月5日以降で陸上出荷タンク設定のK-1のみ混合区分が１で初期設定されている。
②1月1日の際には形態の表示がブレンドになっていた。
③夜間処理テーブルでK-1のみ年跨ぎの設定であったが処理が正しく機能していなかった。（数量が設定されていなかった）

■あるべき姿
①原因がわかり、混合区分が０で設定される。

■代替手段
①出荷タンク設定画面で手動で変更
②1月1日以降の再現なし
③テーブルの変更（～12/31と1/1～に分けた）

■代替手段
①②出荷タンク設定画面から混合区分を手動変更する。
※オーダ情報のブレンド出荷区分もブレンド出荷→単品出荷へ変更される。
③陸上出荷夜間処理テーブルの設定において、年跨ぎの設定を行わない。
例）期間設定が10/01～03/31の場合
期間設定が年を跨がない様に10/01～12/31と01/01～03/31へ分割する。

","■原因
①②陸上出荷月間オーダ画面からのオーダ情報登録において、出荷作業形態コードがブランクで登録されていました。出荷タンク設定画面の混合区分表示は、出荷作業形態コードが単品出荷（0）でなければ、ブレンド出荷とみなしていた為、K-1の混合区分が「1」となっていました。
③対象期間を月日でのみ判定していた為、作成対象外になっていました。その為、10/01～03/31の様に対象期間の設定が年を跨いでいる場合、オーダ情報が作成されませんでした。
■対策
①②陸上出荷月間オーダ画面からのオーダ情報登録において、出荷作業形態コードがブランクで登録されない様に修正致します。
③年月日で判定する様に修正致します。

1/9
検証結果エビデンスを格納しましたので確認をお願い致します。
https://app.box.com/folder/99420983625
【No122】陸上出荷K-1オーダ情報作成処理不具合.xlsx",オフラス,●,,,,,,,,2020/01/09,2020/01/15,2020/02/18,AP・コーディング,確認完了,,,TSK-00034710,"	INC-00149944",,,,,,,,,,,,,,,e,,,,,,,,,,,,,,,,,,,,
,123,2020/01/06,千葉,高橋洋介 ,高橋洋介 ,ログファイル削除不可のエラーメッセージ,,L：試験管理,L：試験管理,,"■事象
2019/12/27のログファイルについて、下記のエラーメッセージが出て削除されない。
「50000611	ログファイルを削除できませんでした。（ファイル[D:\Lab-Aid\log\Log合否判定_20191227.log_20191227.log]、エラー内容[別のプロセスで使用されているため、プロセスはファイル 'D:\Lab-Aid\log\Log合否判定_20191227.log_20191227.log' にアクセスできません。]）
発生したエラーメッセージはエビデンスフォルダに格納した。
なお、出光の試験管理システム担当者2名は該当のファイルを使用していない。
■あるべき姿
正常に削除されること

■2020/1/7追記
　本件、エラー発生条件を把握しました。動作に影響がないため保存期間変更は不要です。ログファイル名の命名については、日付が二重に設定されないようにすることと、Log合否判定L_～としてLIMSL側からの出力であることが判別できるように変更をお願いします。
再追記：YJP殿の対策通り実施することで合意済です。リリース日も調整済","■原因
　仕様通り
　以下の条件が重なり、エラーが発生しました。
　①2019/12/27にログ書き込みが行われて以降、操作が行われ
　　なかった。Webサービスは処理高速化のため、logファイルを
　　つかんだままで動作しており、次のログ書き込み時にファイル
　　の日付が変わっていた場合に切り離しを行っている。
　②ログの保存期間が５日間となっているため、2020/1/2にログ
　　の削除を行ったが、ログ出力がなかったため、削除エラーが
　　発生した。その後、2020/1/5に操作が行われ、ログの書き込み
　　が新しいファイルに行われるまで、同様のエラーが発生した。
　　2020/1/6のログ削除処理では正しく削除された。
■対策
　現在、保存期間が５日になっているため、長期の休みがあると
　同様のエラーが発生する可能性がある。保存期間を30日に変更し、
　エラーが発生しないように変更する。
　これに伴い燃料油と潤滑油のログ出力先の設定を変更する。
　設定変更時にWebサービスの再起動が必要となるため、
　保守問題点No117対応にあわせて設定の変更を行う。",オフラス,●,,,,,,,,,2020/02/05,2020/02/07,環境設定,確認完了,,,,,,,,,,,,,,,,,,,e,,,,,,,,,,,,,,,,,,,,
,124,2020/01/06,千葉,YJP村上,伊藤祐希,[IOS20-OFL]：【修正依頼】外交通関申告数量修正,,F：外航通関,F：外航通関,通関業者輸入申告情報入力,"■事象
TORM CAMILLAの申告数量を誤ってしまった為、
申し訳ありませんが添付の青の部分を削除願います。
確定後の変更が出来ないため、パッチでの修正をお願いいたします。
■あるべき姿

■代替手段

","■原因
オペレーションミス
■対策
データパッチにて対応いたします。

2020/1/7
データパッチを実施致しました。
",オフラス,●,,,,,,,,ー,ー,2020/01/07,その他,確認完了,,,TSK-00034720,INC-00149979,,,,,,,,,,,,,,,e,,,,,,,,,,,,,,,,,,,,
,125,2020/01/07,千葉,YJP大武,伊藤祐希,[IOS20-OFL]：【月初対応】原油タンク受払実績表修正依頼,,G：マスバランス,G：マスバランス,原油タンク受払実績,"■対応希望日：暫定：本日15:00まで　恒久：3週間以内 

■事象 
商品管理の水在庫受払表で実測水在庫数量を０で設定した情報が原油タンク受払実績表に反映されない。 
仮に１００を入れると反映された。 

■あるべき姿 
暫定：当該タンクの原油タンク受払実績表の水在庫情報に０が入る。（大変申し訳ありませんが、本日15:00までにお願い致します。） 
恒久：水在庫受払表で実測水在庫数量を０で登録し原油タンク受払実績表に反映される。 

■代替手段 
　なし 
","■原因
本件、画面の表示に問題がありそうです。詳細原因は調査中です。
水在庫のデータ及び計測在庫、当日在庫のデータの更新は正しく行われておりますが、画面の表示が誤っております。
暫定対応として、帳票の出力結果を参照してメンテナンスをお願い致します。

[追記]
原油タンク受払実績画面の表示ロジックに誤りがありました。
データ上は、実測水在庫「0」で登録されており、受払や在庫計算は問題ありません。

■対策
実測水在庫の値がNULLかどうかを判定し、NULLの場合は水在庫の値、それ以外の場合は実測水在庫の値を用いるように修正致します。

検証結果エビデンスを格納しましたので確認をお願い致します。
格納場所： https://app.box.com/folder/99131973987
【No125】実測水在庫0の時の原油タンク受払実績画面表示不具合.xlsx
",オフラス,●,,,,,,,,2020/01/07,2020/01/15,2021/08/06,AP・コーディング,確認完了,,,TSK-00034748,INC-00150094,,,,,,,,,,,,,,,e,,,,,,,,,,,,,,,,,,,,
,126,2020/01/10,千葉,YJP新山,伊藤祐希,[IOS20-OFL]：運転制御システムへの伝文送信内容変更願い,Q1：後続テスト実施不可,B：作業計画管理,B：作業計画管理,シフト生産計画伝文送信（ID：4005）,"■事象
インシデント対応No864で運転制御システムへの性状の上下限値の伝文送信内容を制約→規格上下限値に変更したが、最適制御システム側で生産時運転制御システムから伝文で受信した上下限値は制約上下限値でなければならなかったため、インシデント対応後、規格上下限値を送信してしまっている。

■あるべき姿
シフト生産（最適制御生産時のみ）は制約上下限値を運転制御システムへ送信する。

■代替手段
なし

","■原因
システム定数を参照して、計画情報伝文へ設定する規格情報が制約上下限値であるか規格上下限値であるかを判定しています。
作業形態や最適制御要否は、判定条件に含まれていないため、最適制御システムへは、制約上下限値ではなく規格上下限値が送信されます。
■対策
システム定数設定が規格上下限値を送信する設定であっても、以下の上限に一致する場合は、制約上下限値を計画伝文へ設定します。

・作業形態が「50：一般シフト生産」または「52：ガソリン生産」
・制御モードが「最適化」

2020/01/21
検証結果エビデンスを以下に格納しました。
https://app.box.com/folder/100873206227
【No126】最適制御時の規格情報設定.xlsx",オフラス,●,,,,,,,,2020/01/21,2020/01/29,2020/03/18,設計不備,確認完了,"・IOS20-OFL-SBM-T2-001_機能仕様書_作業計画管理
P39
2.5.試験依頼（I/F）
5）計画情報に設定する試験項目コード",,,,,"千葉保守問題点No.030対応
千葉保守問題点No.059対応
千葉保守問題点No.126対応

①作業計画機能仕様書 P39 「2.5.試験依頼（I/F）」の「5）計画情報に設定する試験項目コード （優先順位2）試験依頼の規格情報」の記述は、作業形態毎に規格情報の取得ロジックを記述する様に修正致します。

②作業計画機能仕様書 P39 「2.5.試験依頼（I/F）」の「5）計画情報に設定する試験項目コード （優先順位2）ブレンドシミュレーションの計算結果」は、以下の通り、記述を修正致します。

システム定数の定義により、計画情報へ設定する規格情報の値は、以下のどちらかを設定する事ができます。

・ブレンドシミュレーション計算において試験管理システムから取得した規格情報のシビア値
・ブレンドシミュレーション計算において設定した制約上下限値

但し、システム定数の設定が「ブレンドシミュレーション計算で設定した制約上下限値」であっても、対象JOBが以下の条件に一致する場合（最適制御要の場合）は、制約上下限値を計画情報へ設定します。

・作業形態が「50：一般シフト生産」または「52：ガソリン生産」
・制御モードが「最適化」

計画情報に設定した制約上下限値は、運転制御システムから最適制御システムへ通知されます。",作業完了,,,,,,,,,確定図修正,1025,,e,,,,,,,,,,,,,,,,,,,,
,127,2020/01/14,千葉,YJP村上,伊藤祐希,[IOS20-OFL]：外貨搬出実績数量確定できない,,F：外航通関,F：外航通関,[VIFX040202] - 外貨搬出実績数量確定,"■事象
1/11の3.6C重油の引き落としがBOTTOM　OIL側に反映されず、単品引き落とし情報に反映されている。
現状の状態で確定ボタンを押しても先に進まないことからいずれかの対応（パッチ）をお願い致します。
対応案①
単品引落情報１）３．６Ｃが表示削除しBOTTOM OILの引落数量を4,246.999㎘に修正。
対応案②
承認・終了届番号はBOTTOM OILの台帳で同じ番号、数量になっています。
この画面のまま確定し、表示台帳番号から、4,246.999㎘引落し出来ていれば良い。

こちらのシステム状況によるものか判断できませんが、いまの状態となった原因の調査もお願い致します。
12月15日に出荷した3.6C重油では問題ありませんでした。12/29にも積戻しですが出荷しています。

■あるべき姿
想定している台帳から引き落としされる。

■代替手段
なし

","■原因
ボンド出荷ブレンド基材マスタに対象の品名が登録されていないことが原因です。

該当の「外貨搬出実績数量確定」画面において、
GAS OIL、BOTTOM OILの割り振りは『ボンド出荷ブレンド基材マスタ』の「GAS/BOTTOM区分」にて実装しております。
今回使用された「タンク：50180」の「タンク代表統一品名略号：RCHS-V」です。
当該「タンク代表統一品名略号：RCHS-V」に紐づく品名マスタの「簡略品名コード：75506」です。
この「簡略品名コード：75506」が『ボンド出荷ブレンド基材マスタ』に登録されていなかったため、単品引落しと判断し、今回の事象となっております。

■対策
マスタメンテ画面にて、
『ボンド出荷ブレンド基材マスタ』に下記の情報を追加後、
・簡略品名コード ：75506
・シーケンスNo ：1
・基材簡略品名コード ：07858
・GAS/BOTTOM区分 ：2
外貨搬出実績数量の確定（「外貨搬出実績数量確定」画面を開き、表示内容確認後、問題無ければ[確定]ボタンを押下願います。）を
お願いいたします。
",オフラス,●,,,,,,,,,,2020/01/31,データ不備,確認完了,,,TSK-00035116,INC-00151300,,,,,,,,,,,,,,,e,,,,,,,,,,,,,,,,,,,,
,128,2020/01/15,千葉,YJP新山,伊藤祐希,[IOS20-OFL]：OneSAPオンラインオーダ受信エラー,Q1：後続テスト実施不可,A：オーダ管理,A：オーダ管理,OneSAPオンラオンオーダ受信,"■事象
1/15 PM12:11以降、OneSAPオンラオンオーダ受信においてエラーが発生しており、ボンド出荷オーダ情報の登録が行われていない。
■あるべき姿
OneSAPオンラオンオーダ受信においてエラーが発生せず、ボンド出荷オーダ情報の登録が行われる。
■代替手段
なし","■原因
OneSAPオンラインオーダ受信処理に内包していた問題点があり、北海道FAT問題点No.136を千葉環境へ適用した事により、特定スポット船の判定処理が異常終了しました。
■対策
[暫定対応]
北海道FAT問題点No.136の修正モジュール入替前の状態へ戻します。
⇒1/17入替完了
[恒久対応]
OneSAPオンラインオーダ受信処理において、特定スポット船の判定処理が異常終了しない様に修正致します。

1/20
検証結果エビデンスを以下に格納しました。
確認をお願い致します。
格納場所： https://app.box.com/folder/100748416117
【No128】OneSAPオンラインオーダ受信エラー.xlsx
2020/11/2　リリース後事象発生していないため、クローズします。(伊藤）",オフラス,●,,,,,,,,2020/01/20,2020/01/29,2020/11/02,AP・コーディング,確認完了,,,,INC-00151679,,,,,,,,,,,,,,,e,,,,,,,,,,,,,,,,,,,,
,129,2020/01/17,千葉,YJP張替,伊藤祐希,[IOS20-OFL]：装置受払計画一覧表でエラー表示,,帳票,帳票,装置受払計画一覧表,"■事象
1/18~の装置受払計画一覧表がエラーで正しく計画が表示されない。 
～1/17の帳票とはフォーマットが異なっているように感じる。 
■あるべき姿
エラーなく出力される
■代替手段
不足部分を手入力
","■原因
一部の装置の油種において、出力用データを作成するために編集したデータが日付形式になっていなかったためです。
フォーマット部分については、エラー表示で途中停止したため、1月17日と異なっているものと思われます。
■対策
編集したデータが正しく日付形式となるよう修正いたします。",オフラス,●,,,,,,,,2020/01/22,2020/01/29,2020/02/18,AP・コーディング,確認完了,,,TSK-00035283,INC-00151834,,,,,,,,,,,,,,,e,,,,,,,,,,,,,,,,,,,,
,130,2020/01/28,千葉,YJP那須,伊藤祐希,【オフラス】データ取得願い（入荷実績）,,I：伝票発行管理,I：伝票発行管理,,"■事象
2019年4月1日～12月31日の入荷実績のデータがほしいのですが、 
申し訳ございません、明日1/28までにお願いすることは可能でしょうか。 

■あるべき姿

■代替手段

","■原因

■対策
本件の目的としてOneSAPへ送信されたデータとの突合せを行う旨、伊藤様より伺いました。
上記より、OneSAPへ送信されたデータとの突合せが可能な入荷実績データとして、以下の条件にて伝票実績、伝票実績明細テーブルのデータを抽出いたします。
・伝票日付が2019年4月1日～12月31日
・伝票区分が入荷
・伝票のバースが「1JT（101）」
・伝票状態が送信済

【格納場所】
https://app.box.com/folder/101618540449
・20190401-1231_1JT入荷伝票データ.xlsx",オフラス,●,,,,,,,,2020/01/28,,2020/01/29,仕様通り,確認完了,,,TSK-00035732,INC-00153301,,,,,,,,,,,,,,,e,,,,,,,,,,,,,,,,,,,,
,131,2020/01/30,千葉,YJP新山,伊藤祐希,[IOS20-OFL]：オンラインオーダー受信時規格チェックエラー,Q1：後続テスト実施不可,A：オーダ管理,L：試験管理,需要家区分取得,"■事象
オンラインオーダー受信時のチェック処理で「需要家区分の取得に失敗しました」のメッセージでエラーとなった。しかし、1/29改修以前では同じようなオンラインオーダー受信時はエラーになっていない。

■あるべき姿
1/29改修以前と同じようにエラーにならない。

■代替手段
手入力で対応

","■原因
本件は、モジュール入替前の1/29 11:42に発生しており、1/29のモジュール入替が原因ではありません。

1/28に以下の取引先情報が運転管理システムの取引先マスタに追加されています。

・取引先No.1コード：5490900016
・取引先No.2コード：8799700131
・取引先No.2コード補助：71362

試験管理システムには、取引先No.1コードと取引先No.2コードは登録されていますが、組み合わせが登録されていない為、オーダ登録時の需要家区分が取得できずに受信エラーとなっています。

■対策
需要家略号や規格がこちらでは判断できなかった為、三鷹検証環境の試験管理システムへマスタデータを追加した動作確認は行っておりません。
千葉の試験管理システムにマスタデータの追加し、オーダ受信でエラーが発生しない事を確認願います。

1/31
現地試験管理システムにマスタデータ登録済の連絡がありました。
現地環境から取得した試験管理システムと運転管理システムのDMPファイルを三鷹検証環境へインポートし、正常に動作する事を確認しました。
エビデンスを以下に格納しましたので、確認をお願い致します。
",IKC,●,,,,,,,,2020/01/31,,2020/04/28,データ不備,確認完了,,,TSK-00035866,INC-00153762,,,,,,,,,,,,,,,e,,,,,,,,,,,,,,,,,,,,
,132,2020/01/30,千葉,YJP新山,伊藤祐希,[IOS20-OFL]：バース着桟順位指定管理バース上限エラー,Q1：後続テスト実施不可,A：オーダ管理,A：オーダ管理,バース着桟順位指定管理,"■事象
バース着桟順位指定管理の登録時にエラーにより登録できませんでした。（バースごとの登録上限エラー）

背景としてIMO等の出荷状況及び運用変更により1バースに対して11隻（正しくは作業品名の項目分？）の出荷が行われる事態になりました。
エビデンスはありませんが、船名が11以上ではなくて画面で表示される作業品名の数が11以上でエラーになったことを確認しました。
但し、そうならなかったケースもあったため仕様書の内容とうまくマッチしません。

（例）
7BTで2品名もった船を6隻入れようと思ったらエラーになった
3BTで3品名の船が2隻、5品名の船が1隻の場合はエラーにならなかった

■あるべき姿
11隻の判定が何を基準にしているか読み取れないのですが、
作業品名がキーであるならば11→20隻まで拡張することは可能でしょうか。
船名での判定なら不具合かと思います。

■代替手段
出荷制約で対応

","三鷹検証環境では、同じ現象が再現できませんでした。
エラー発生時の画面ハードコピーの送付をお願い致します。

■原因
三鷹検証環境での調査の結果、本件とは 別に以下の問題点が判明しましたので対応致します。
①バースシフト選択時のチェックロジックに誤りがありました。
    ※結果として、作業品名単位でカウントされてしまいます。
②上限チェック数は、プログラム内で固定化されており、設定されている数値に誤りがありました。（11ではなく9が上限値です）

■対策
①バースシフト選択時のチェックロジックを修正致します。
②上限チェック数は、システム定数とします。
    ※1～99を指定可能です。

2020/02/07
エビデンスを以下に格納しましたので確認をお願い致します。
https://app.box.com/folder/92427290666
【No132】バース着桟順位指定管理バース上限エラー.xlsx
",オフラス,●,,,,,,,,2020/02/07,2020/02/19,2020/02/27,AP・コーディング,確認完了,"IOS20-OFL-SBM-T2-003_画面個別機能仕様書_VIAA030101_バースNo着桟順位指定管理
P13
5.入力チェック
表5.-1　入力チェック一覧 3.バース",,TSK-00035865,INC-00153758,,"千葉保守問題点No.132対応

詳細の記述を以下の通り修正致します。

・バースマスタに登録されているバース以外はエラーとします。
・1つのバースに対して11隻（※）を超える船が設定されている場合エラーとします。
※システム定数により、1～99を設定可能です
",作業完了,,,,,,,,,確定図修正,1029,,e,,,,,,,,,,,,,,,,,,,,
,133,2020/01/30,千葉,YJP那須,伊藤祐希,[IOS20-OFL]：オフラス（運転管理）接続不良（運転管理システムに接続できない）,Q1：後続テスト実施不可,X：共通,X：共通,運転管理システム,"■事象
1/30お昼頃から運転管理システムの接続ができなくなった。
・接続エラー時のメッセージ抜粋
oflsbm.common.exception.JOBException: java.sql.SQLException: javax.resource.ResourceException: IJ000453: Unable to get managed connection for java:/OracleDS

■あるべき姿
運転管理システムに接続可能

■代替手段
なし
","■原因
調査中です。

2020/5/25
事象のエラー（OracleDSのリソース枯渇）を発生させ得る要因であるOracleのコネクションのリーク（閉じ漏れ）について、以下の調査方法で調査を行いました。
しかし、結果として現状のプログラムに対してコネクションリークを発生させ得る処理を見つけることは出来ませんでした。継続して調査となります。
なお、現状の調査資料については以下に格納しています。
https://app.box.com/folder/113946067470

【調査方法】
Oracleとのコネクションを確立する部品「DBConnectionManager.getConnection()」を使用しており、かつ、コネクションを閉じていない箇所(※)の洗い出しを行う。
※当該部品をjavaのtry-with-resources文で使用するか、使用した後のfinally句にclose()を記載していればコネクションは閉じられるため、どちらも考慮されていない箇所がないかという観点になります。

■対策
【暫定対策】
サーバ（DB・AP）の再起動により、事象が改善した事を確認済。

【恒久対策】",オフラス,●,,,,,,,,,,2020/05/25,調査中,確認完了,,,TSK-00035864,INC-00153757,,,,,,,,,,,,,,,e,,,,,,,,,,,,,,,,,,,,
,134,2020/02/04,千葉,YJP新山,伊藤祐希,SAISPlusオンラインオーダ受信エラー,Q1：後続テスト実施不可,A：オーダ管理,A：オーダ管理,SAISPlusオンラインオーダ受信,"■事象
SAISPlusからのオンラインオーダにおいて、2オーダの取込が行われていない。
・メッセージ一覧には、受信処理が異常終了したメッセージが出力されている。
・オンラインオーダ受信ログ一覧には、受信ログが出力されていない。
■あるべき姿
受信エラーが発生せず、SAISPlusからのオンラインオーダの取込が行われる。
■代替手段
なし
","■原因
既設システムでは、オンラインオーダの船車コードがブランクの場合、以下の通り、デフォルト値を設定しています。

  SAISPlus：99999（プログラム固定）
  OneSAP：99998（iniファイル）
  アストモス：00000（プログラム固定）

新システムにおいても、デフォルト値を設定する機能がありますが、
船車コードがブランクの場合、封印要否判定において受信処理が異常終了していました。

■対策
新システムにおいても、デフォルト値を設定する機能がありますが、
オンラインオーダ受信において、正しく動作していなかった為、修正致します。デフォルト値は、システム定数で定義しており、メンテナンス画面から変更可能です。
※SAISPlus、OneSAP、アストモス、それぞれでデフォルト値を設定可能です。

2/6
検証結果エビデンスの確認をお願い致します。
https://app.box.com/folder/92427290666
【No134】船車コードブランクのSAISPlusオーダ受信エラー.xlsx

2020/11/2　確認完了の為クローズします。(伊藤）
",オフラス,●,,,,,,,,2020/02/06,2020/02/19,2020/11/02,AP・コーディング,確認完了,"・IOS20-OFL-SBM-T2-001_機能仕様書_オーダ管理
P37
2.5.3.	整合性チェック
表2.5.3. 1オーダ登録時の整合性チェック 8.船車コードチェック
",,,,,"千葉保守問題点No.134対応

オーダ管理機能仕様書P37の2.5.3.整合性チェック
表2.5.3. 1オーダ登録時の整合性チェック 8.船車コードチェックへ以下の記述を追記致します。

オンラインオーダ受信において、船車コードがブランクだった場合、システム定数に定義されているデフォルト船車コードを自動設定します。デフォルト船車コードは、SAISPlus、OneSAP、アストモスLPG、それぞれで設定する事ができます。
",作業完了,,,,,,,,,確定図修正,1030,,e,,,,,,,,,,,,,,,,,,,,
,135,2020/02/05,千葉,YJP村上,伊藤祐希,[IOS20-OFL]:ＪＥＴＡ－１（輸入品）継続保税作業不具合,Q3：後続テスト実施可能,F：外航通関,F：外航通関,[VIFX020108]継続保税作業（ヤード・出荷）,"■事象 
ジェット燃料の輸入品継続保税作業時に一部数量・価格が正しく表示されない箇所があります。 
帳票側で手修正したため、パッチ修正は不要です。 
(対応希望日：1か月以内）

■あるべき姿 
正しいデータが取り込み、表示される。 

■代替手段 
　帳票を手修正 

","■原因
本来、『保税作業に使用した貨物』の数量を入力した際に、『使用した外国貨物』の数量、価格を計算すべきだが、『保税作業に使用した貨物』に輸入台帳を選択した場合、『使用した外国貨物』の数量、価格が計算されていないため、不正な数量で価格情報が登録されていました。
また、『使用した外国貨物』の数量については、固定値0.001(KL)が設定されており、その数量を元に価格(CIF\)が算出されておりました。
※『保税作業に使用した貨物』に保税台帳を選択した場合は、同様の現象は発生致しません。
■対策
『保税作業に使用した貨物』に輸入台帳を選択した場合でも、『使用した外国貨物』の数量、価格を自動計算するように修正致します。
また、帳票手修正により、データパッチは不要とのことですが、テーブル内の整合性を維持するため、価格のデータパッチは必要と考えます。業務APリリース時にあわせて実施致します。",オフラス,●,,,,,,,,2020/02/17,2020/03/25,2021/08/06,設計不備,確認完了,,,TSK-00036159,,,,,,,,,,,,,,,,e,,,,,,,,,,,,,,,,,,,,
,136,2020/02/07,千葉,YJP新山,伊藤祐希,IOS20-OFL:作業油種識別コードエラー,Q3：後続テスト実施可能,B：作業計画管理,B：作業計画管理,JOBNo設定,"■事象
新規品名登録でAS（アスファルト）の出荷の為、マスタ設定してJOBNO設定したが
作業油種識別コードの取得失敗しJOBNO設定できなかった。
当該品名の需給品名Bコードは5004でありマスタ設定画面では5001～5002：アスファルトとなっていたので範囲外の可能性がある。
需給品名Bコードマスタで範囲を5004まで拡大したが、状況は変わらなかった。

■あるべき姿
Bコード5004でエラーなくJOBNO設定できる。

■代替手段
一時的に5002で品名登録（SAP送信前に戻す）

2/7
対策の内容に従いマスタ変更後、JOBNo設定が行える様になりました。

","■原因
千葉ターゲット環境からインポートしたDBで動作を確認しました。
TIMX104需給品名Bコードマスタの需給品名Bコードの範囲指定が重複しているデータが存在している事が原因です。
■対策
需給品名Bコード名称が「その他」のデータにおいて、Bコードの範囲指定が「5004～7000」を定義しているデータが存在します。
このデータの範囲指定を「5005～7000」へ変更して下さい。",オフラス,●,,,,,,,,,,2020/02/07,データ不備,確認完了,"・IOS20-OFL-SBM-T2-001_機能仕様書_オーダ管理
P22
2.2.4.需給品名Ｂコード
P124
3.2.2.11.特殊オーダ登録・ハッチ洗浄オーダ",,TSK-00036322,INC-00155163,,"千葉保守問題点No.136対応

①IOS20-OFL-SBM-T2-001_機能仕様書_オーダ管理  P22  2.2.4.需給品名Ｂコードの「コードは4桁固定数値～」の記述を以下の通り修正致します。また、表2.2.4. 1 需給品名Ｂコードの範囲と油種を削除致します。

需給品名Bコードマスタの範囲と油種は、需給品名Bコードマスタマスタで定義します。

②IOS20-OFL-SBM-T2-001_機能仕様書_オーダ管理  P124  3.2.2.11.特殊オーダ登録・ハッチ洗浄オーダの「ハッチ洗浄可能需給品名Ｂコードマスタを使用して判定します。」の記述を「需給品名Bコードマスタを使用して判定します。」に修正致します。
",作業完了,,,,,,,,,確定図修正,1031,,e,,,,,,,,,,,,,,,,,,,,
,137,2020/02/07,千葉,YJP新山,伊藤祐希,品名マスタの需給品名Bコードガイド表示,Q3：後続テスト実施可能,M：マスタ管理,M：マスタ管理,マスタメンテナンス画面ガイド表示,"■事象
品名関連マスタメンテナンス画面で項目名を選択すると画面下部にガイドが表示される。需給品名Bコードを選択して表示されるガイドが需給品名Bコードマスタの定義と一致していない。

問題点エビデンスは、以下に格納しています。
https://app.box.com/folder/92427290666
【No137】品名マスタの需給品名Bコード範囲ガイド表示.xlsx

■あるべき姿
ガイド表示が間違いであれば訂正する。

■代替手段

","■原因
ガイドは固定表示のため、変更される事がない固定値のみ表示すべきでしたが、他のマスタメンテナンス画面からメンテナンス対象となっている可変データに対してガイドを表示していました。

■対策
需給品名Aコード同様、項目名だけ表示する様に修正致します。

2/18
検証エビデンスを以下に格納しましたのでご確認をお願い致します。
https://app.box.com/folder/103846975819
【No137】需給品名Bコードのメンテナンス画面ガイド表示修正.xlsx

確認完了の為、クローズします。（伊藤）",オフラス,●,,,,,,,,2020/02/18,2020/08/20,2020/08/20,AP・コーディング,確認完了,,,,,,,,,,,,,,,,,,,e,,,,,,,,,,,,,,,,,,,,
,138,2020/02/07,千葉,YJP村上,伊藤祐希,IOS20-OFL:インボイス按分計算書不具合,Q2：代替手段により後続テスト実施可能,F：外航通関,F：外航通関,[VIFX010105] - 揚荷按分計算確定,"■事象
インボイス按分計算書で不具合がありました。改修お願い致します。 

外貨在庫日報数量は問題なさそうなので、インボイス按分計算書が正しく計算表示できれば良いです。 
※今回は、バータアウトで他港分の数量を入力し作成しています。
 (対応希望日：1か月以内）

この本船で自社通関のNACCS連携の検証を行う予定でしたが見送ります。（別オーダーで対応） 

■あるべき姿
按分計算書が他港分を考慮して表示、計算（四捨五入）できる。 

■代替手段
手入力で修正 

（添付ファイル：ＣＨＯＫＡＩＳＡインボイス按分.xlsx　をご参照ください） 

","■原因
画面（揚荷按分計算確定）と帳票（インボイス案分計算書）に原因があり、帳票分に関しては、No.139に別起票致します。
他港のインボイスが存在するオーダの場合、他画面（他港情報確定画面）から実受数量等の他港情報を入力しますが、実受数量入力後に揚荷按分計算確定画面に戻ったタイミングにて、揚荷按分計算確定画面の実受数量を再計算しており、この時点の端数制御処理に不備（切捨て）がありました。
（他港を含まないオーダの場合、当該事象は発生せず正しく動作いたします。）

2020/2/17 追記
インボイス按分計算書（帳票）に品名－揚地名が正常に表示されない現象につきまして、画面側にも原因があります。
本来、インボイスの揚荷按分情報を登録する際に、他港ありの情報にも関わらず、他港なしの情報として登録されている為となります。

■対策
他港情報確定画面から戻った際に実施している端数制御を四捨五入に修正いたします。

2020/2/17 追記
他港ありのインボイスの揚荷按分情報について、他港ありの情報として、登録されるように修正致します。",オフラス,●,,,,,,,,2020/02/17,2020/03/25,2021/08/06,AP・コーディング,確認完了,,,TSK-00036336,INC-00155200,,,,,,,,,,,,,,,e,,,,,,,,,,,,,,,,,,,,
,139,2020/02/07,千葉,YJP村上,伊藤祐希,IOS20-OFL:インボイス按分計算書不具合,Q2：代替手段により後続テスト実施可能,F：外航通関,帳票,インボイス案分計算書,"■事象
インボイス按分計算書で不具合がありました。改修お願い致します。 

外貨在庫日報数量は問題なさそうなので、インボイス按分計算書が正しく計算表示できれば良いです。 
※今回は、バータアウトで他港分の数量を入力し作成しています。
 (対応希望日：1か月以内）

この本船で自社通関のNACCS連携の検証を行う予定でしたが見送ります。（別オーダーで対応） 

■あるべき姿
按分計算書が他港分を考慮して表示、計算（四捨五入）できる。 

■代替手段
手入力で修正 

（添付ファイル：ＣＨＯＫＡＩＳＡインボイス按分.xlsx　をご参照ください） 

","■原因
他港時の品名の表示制御に不備があったため『コスモ石油（株）』と表示されるべきところが『出光』となっておりました。
■対策
他港時における品名の表示制御を、品名-揚地名が正しく表示されるように修正いたします。

2020/03/09
既設を改めて確認したところACTUALの集計値を自港と他港の判別をしておりませんでしたので、既設と同様の処理を行うよう修正いたします。

2020/3/11
検証エビデンスを下記に格納いたしました。
https://app.box.com/folder/103743953853
【保守No139】検証エビデンス.xlsx
",オフラス,●,,,,,,,,2020/03/11,2020/06/17,2021/08/06,AP・コーディング,確認完了,,,TSK-00036336,,,,,,,,,,,,,,,,e,,,,,,,,,,,,,,,,,,,,
,140,2020/02/10,千葉,YJP大武,伊藤祐希,【大至急確認依頼】原油タンク受払表,Q2：代替手段により後続テスト実施可能,G：マスバランス,G：マスバランス,在庫計算更新,"■事象
標記の件、原油受払月報の払出増減が大きく出ていますので 
集計方法の確認をお願いします。 

＃100032の原油洗浄（＃70012から受入、＃60020に払出）を行って、 
1/23から在庫ゼロになりました。 
1/24からは同タンクで受払を行っていますが、シフト量が反映されていません。 

月報に関するデータとなりますので、お手数ですが 
至急ご確認していただき、在庫の修正の有無を 
本日中にご連絡いただけますでしょうか？ 
よろしくお願いいたします。 

■あるべき姿
タンク受払が正しく計算される

■代替手段
データパッチ
","本件、No024と同事象です。

■原因
開放中のタンクにて、同日中に受入→払出を行ったためです。
No024(インシデント管理No956)と同様の事象です。
恒久対応はNo024(インシデントNo956)にて管理いたします。
暫定対応としてデータパッチを適用します。

■対策
本件、生産管理課三辻様とお電話でお話させていただき、以下の進め方としております。
・2/10　三鷹検証環境にてデータパッチ準備、BOX格納
・2/12　9:00　BOXに格納したデータパッチをモニタサーバに移動
・2/12　AM　リモート接続にて、データパッチ適用
　　　　　　　三辻様に対応内容をご確認いただく
本票は、上記のデータパッチ対応が確認次第、クローズさせていただきます。

2020/2/12
1/24～27の開放中タンクの払出についてお話を伺っておりましたが、実は1/19から油種比率をリアルタイムに算出する必要がある旨伺いました。
原油タンク受払実績画面より、各油種を指定してメンテナンスいただくことで対応進めることとなっております。
メンテナンスにあたり、各日各油種のシフト量を算出し、定時致します。

2020/2/14
本件、三辻様よりデータメンテナンス実施完了、月報変動値を確認した旨、メールでご連絡いただきました。
本件はクローズさせていただきます。
",オフラス,●,,,,,,,,2020/02/12,,2020/02/14,仕様通り,確認完了,,,TSK-00036405,INC-00155384,,,,,,,,,,,,,,,e,,,,,,,,,,,,,,,,,,,,
,141,2020/02/18,千葉,YJP吉永,伊藤祐希,IOS20-OFL:出荷船名変更画面とバース・バッチ量変更画面でオーダー内容に差異がある,Q2：代替手段により後続テスト実施可能,C：進捗管理,C：進捗管理,バース・バッチ量変更画面,"■事象
出荷オーダー（ボンド出荷）の船名を変更して確認でバース・バッチ量変更画面でオーダー確認したところ
双方の画面でオーダー内容に差異があることが分かった。（同じ艀内でテレコになっていた）
オーダーから登録やり直して解消しましたが、原因がわからない為調査お願いします。

■あるべき姿

■代替手段
　オーダーから再登録する。
","■原因
操作履歴と同様の操作を行い動作を確認しましたが、三鷹検証環境では再現しませんでした。但し、調査中に出荷船名画面の問題が判明しましたので修正致します。

【判明した問題点】
1オーダ複数艀のボンド出荷JOBオーダにおいて、船名変更を行うとオーダ内の全ての艀が更新されてしまいます。

■対策
対象の艀のみ更新対象となる様に修正致します。
修正モジュールは、No.141向けとしてリリースさせて頂きます。
リリース後、同様の問題が発生する様でしたら、別番号で新規起票をお願い致します。

2/21
検証結果エビデンスを以下に格納しました。
https://app.box.com/folder/92427290666
【No141】出荷船名変更画面とバース・バッチ量変更画面でオーダ内容に差異がある.xlsx

",オフラス,●,,,,,,,,2020/02/21,2020/06/17,2021/08/06,AP・コーディング,確認完了,,,,,,,,,,,,,,,,,,,e,,,,,,,,,,,,,,,,,,,,
,142,2020/02/18,千葉,YJP北薗,伊藤祐希,IOS20-OFL:【NACCS連携】出光申告時の価格入力、価格按分計算書・申告情報作成画面不具合,Q2：代替手段により後続テスト実施可能,F：外航通関,F：外航通関,価格入力、価格按分計算書・申告情報作成画面,"■事象 
NACCS連携の出光申告での確認で価格按分計算書で不具合がありました。改修お願い致します。 
①価格按分計算書画面に評価運賃が表示されない
②価格按分計算書画面、価格按分計算書(帳票)の総合計％が不正
③IC・IM・IS・BP輸入申告情報作成画面の課税標準額が不正
④IC・IM・IS・BP輸入申告情報作成画面の地方消費税額が不正
⑤IC・IM・IS・BP輸入申告情報作成画面の「申告予定日」が未来日を入力するとエラーとなる
⑥IC・IM・IS・BP輸入申告情報作成画面の「仕入書価格」がJPY（単位：￥）にて無条件表示され、価格入力が不可
(対応希望日：1週間以内)

■あるべき姿 
①、②
正しい総合計が提示される。評価運賃表示される。 
③、④、⑤、⑥
IC・IM・IS・BP輸入申告情報作成画面が正しく表示され、然るべき入力ができること。
■代替手段 
　なし ","■原因
①本来、価格区分マスタに存在する区分はすべて表示可能である必要がありましたが、新たに追加した価格区分は表示されないようになっておりました。
②本来、差(KL)/インボイス数量(KL)で％を算出する必要がありましたが、総合計の％について、計算せず、%を合計した数値を表示しておりました。
③本来、課税標準額を算出する際に使用する石油石炭税額は100円未満を切捨てる必要がありましたが、100円未満を切捨てず、課税標準額の算出に利用しておりました。
④本来、地方消費税額を算出する際に使用する消費税額は、100円未満を切捨てる必要がありましたが、100円未満を切捨てず、地方消費税額の算出に利用しておりました。
⑤予定日を入力する項目にも関わらず、未来日入力時、エラーとする実装としていたためです。
⑥仕入書価格には価格入力画面にて入力した単位、単価をそのまま表示すべきところ、誤認識で無条件に￥換算して表示しておりました。
■対策
①価格区分マスタに存在する区分はすべて表示可能になるように修正致します。
②差(KL)/インボイス数量(KL)で％を算出するように修正致します。
③課税標準額を算出する際に使用する石油石炭税額は100円未満を切捨てるように致します。
④地方消費税額を算出する際に使用する消費税額は、100円未満を切捨てるように致します。
⑤予定日入力項目の入力チェック処理を外します。
⑥価格入力画面に入力した内容をそのまま表示するように修正いたします。",オフラス,●,,,,,,,,2020/02/25,2020/03/25,2021/08/06,AP・コーディング,確認完了,,,TSK-00036738,INC-00156513,,,,,,,,,,,,,,,e,,,,,,,,,,,,,,,,,,,,
,143,2020/02/21,千葉,YJP大武,伊藤祐希,原油タンク受払実績の入力,Q2：代替手段により後続テスト実施可能,G：マスバランス,G：マスバランス,入荷実績計算書,"■事象
2/15の入荷実績計算書(海底配管)の数量が正しくない
そのため、原油タンク受払実績上も正しくない

■あるべき姿
正しく入荷実績計算ができる

■代替手段
原油タンク受払実績画面でメンテナンス
","■原因
海底配管を使った入荷が1日で終了し、翌日も海底配管を使った入荷があった場合に発生しております。
(この状況は、切替後初でした。)

海底配管の品名は1つになるように運用をお願いしておりますが、1日で入荷が終わった場合には、元の品名の払出と入荷した品名の入荷で在庫計算上、2品名(払出した品名の在庫は0)になる場合がありました。
この状態で翌日なにもなければ、在庫0の品名は削除されるため問題になりませんが、今回のように翌日にも海底配管を使った入荷があった場合に問題になったと見ております。
詳細な情報を追調査しております。

2020/02/25
調査の結果、上記の原因の通りでした。
海底配管が複数品名になる場合(上述のケース)では、数量が0のものを除いて海底配管の品名を取得するようにします。

■対策
入荷実績計算時に、海底配管からの払出品を取得する際に、数量0のものは除外するようにします。

暫定対応として、原油タンク受払実績画面で以下のメンテナンスを実施していただきたいです。
以下資料の「■メンテナンス案」の内容をご確認ください。
https://app.box.com/folder/104257593135
【No143】マスバランス_入荷実績計算書_原油タンク受払実績

2020/02/27
修正結果の検証エビデンスを以下に格納いたしました。
https://app.box.com/folder/104257593135
【No143】エビデンス_データ取込(入荷実績)_海底配管の数量不正_検証エビデンス
",オフラス,●,,,,,,,,2020/02/27,2020/05/20,2021/08/06,AP・コーディング,確認完了,,,,,,,,,,,,,,,,,,,e,,,,,,,,,,,,,,,,,,,,
,144,2020/02/21,千葉,YJP新山,伊藤祐希,IOS20-OFL:バースバッチ量変更時OMC側JOB削除されない,Q3：後続テスト実施可能,C：進捗管理,A：オーダ管理,バース・バッチ量変更,"■事象
海上出荷で05A,05C-Mの2つの油種を持つ船で05C-Mの数量変更があったため、バースバッチ量変更より変更を実施した。問題なく変更できたが、変更していない05AのJOBがOMC側に２つできてしまっていた。（JOBNO217113、217116）
運転管理側は217113は表示なし（削除されている？）。

問題点エビデンス
https://app.box.com/folder/92428074851
【No144】バースバッチ量変更時OMC側JOB削除されない.xlsx

■あるべき姿（いずれかお願い致します。）
・変更になっていないJOBは更新しない
・更新する場合は旧JOB削除をOMCに通知する。

■代替手段
オフラス側に存在しないJOBは使わないようにする。

","■原因
画面操作履歴を確認しましたが、バース・バッチ量変更の前にオーダ編集画面から05C-Mのオーダ数量変更を行っています。
この時、05C-Mの計画取消伝文は運転制御へ送信されていましたが、変更対象ではない0.5Aは送信されていませんでした。

■対策
オーダ編集画面からオーダ情報が変更された場合、変更対象でない品名についても計画取消伝文を送信し、オーダ確定後の状態へ戻します。

3/4
検証結果エビデンスを以下に格納しました。
https://app.box.com/folder/92427290666
【No144】オーダ数量を変更したが運転制御のJOBが削除されない.xlsx
",オフラス,●,,,,,,,,2020/03/04,2020/03/25,2021/08/06,AP・コーディング,確認完了,"IOS20-OFL-SBM-T2-001_機能仕様書_オーダ管理
P92
3.2.2.オーダ追加／変更／削除
(2)運転制御システムへの計画情報取消送信
",,TSK-00036936,"INC-00157291
",,"千葉保守問題点No.144対応

「①オーダステータスが～を送信します。」の後に以下の記述を追記致します。

オーダ管理サブシステムの画面からオーダ情報の変更を行った場合、オーダ管理No単位で計画情報取消を送信します。（変更対象でない品名についても計画情報取消を送信します）
",作業完了,,,,,,,,,確定図修正,1137,,e,,,,,,,,,,,,,,,,,,,,
,145,2020/02/25,千葉,YJP増井,高橋洋介 ,混合計算時のエラー,,L：試験管理,B：作業計画管理,混合計算,"■事象
問合せ
①Lab-Aid依頼番号1025697　統一品名略号LSIHAの製造ロット(ロット番号A2-00221-18-B4)において、混合計算を行った際、「デット在庫の試験依頼が取得できません。(No.60000002)」というエラーメッセージが表示され、 水分の計算結果が求められなかった。 
②上記のエラーについて、システムメッセージの履歴が残っていない。 
混合計算結果ログフォルダ及び混合計算エラーログフォルダにも該当試験依頼に対する計算履歴が残っていない。 
③ブレンダロット（タンクロットではない）のため、直観的には「デッド在庫」はないはずであるが、 デッド在庫に関するメッセージが出ている。
■あるべき姿

■代替手段

","■原因
仕様通り
運転管理でブレンド試験を行う際、画面のデッド在庫が設定されて試験依頼される。ブレンド計算時に、ブレンダの作業前在庫（デッド在庫）の試験依頼の情報を取得しようとしてエラーとなっている。
■対策
作業前在庫を0に変更してから、混合計算を行うことで対応可能である。
3/11
対応方法について、高橋様に確認致しました。
ブレンド試験依頼は、作業前在庫に0を設定致します。
生産タンクの試験依頼については、現状通りとします。",オフラス,●,,,,●,,,,,,2020/03/11,仕様変更,確認完了,"IOS20-OFL-SBM-T2-001_機能仕様書_品質管理_別紙_作業形態別試験依頼
シート：06_一般シフト セルO27
シート：07_ガソリン生産 セルO27",,TSK-00036968,,,"千葉保守問題点No.145対応

以下の画面からのブレンド試験依頼は、在庫量に0を設定する様に修正致します。

VIBA020303 一般シフト生産作業予定 - 編集画面
VIBA020402 ガソリン生産作業予定 - 編集

また、以下の品質管理の確定図の記述は、在庫量の設定値を0に修正致します。

IOS20-OFL-SBM-T2-001_機能仕様書_品質管理_別紙_作業形態別試験依頼
シート：06_一般シフト セルO27
シート：07_ガソリン生産 セルO27
",作業完了,,,,,,,,,確定図修正,1075,No.1075 (確定図修正),e,,,,,,,,,,,,,,,,,,,,
,146,2020/02/28,千葉,YJP北薗,伊藤祐希,【至急確認依頼】IOS20-OFL:継続保税作業の数量が正しく表示されない,Q3：後続テスト実施可能,F：外航通関,F：外航通関,継続保税作業(ヤード・出荷),"■事象 
ジェット燃料の継続保税作業を実施しようとしたが数量が正しく表示されず、トータル数量にKEROSENE数量が加算されない。 
(本日中（パッチ対応）、2週間以内（恒久対応))

■あるべき姿 
KEROSENE数量が表示され、トータル数量も正しく表示される。 

■代替手段 
なし（本日中に作業実施したい為、パッチ対応お願いします。） 

","■原因
価格(CIF\）を算出するにあたり、各価格区分毎の金額を数量×単価で算出しているが、その際に、数量と単価がどちらも小数の場合、浮動小数点の言語制約による誤差が発生して、小数点以下が通常の計算では、起こりえない桁数となり、処理の途中で、javascriptエラーが発生し、処理が中断されたことから、トータル数量の自動計算が実行されない状況となっておりました。
■対策
浮動小数点の言語制約の対策として、
小数同士の演算について、一度、整数に変換して演算後、小数に戻して結果を得ることで、小数同士の演算が発生しないように修正致します。

2020/02/28　YJP追記
暫定対応として、データパッチを実施致しました。(2/28)",オフラス,●,,,,,,,,2020/03/04,2020/03/25,2020/04/13,,確認完了,,,TSK-00037173,INC-00158250,,,,,,,,,,,,,,,e,,,,,,,,,,,,,,,,,,,,
,147,2020/02/28,千葉,YJP新山,伊藤祐希,IOS20-OFL:陸上出荷JOBがOMCで削除されていない,Q1：後続テスト実施不可,B：作業計画管理,B：作業計画管理,,"■事象
陸上出荷JOBが一度JOBNO設定までされたのち、出荷タンクが1基から2基に追加になったことで新しいJOBNOが設定されたが、OMC側には旧JOBの削除が連携されておらず、結果としてOMC側に変更前のJOBが残ってしまった。
※運転管理システムにはない

【問題点エビデンス】
https://app.box.com/folder/92428074851
【No147】変更になった陸上出荷旧JOBが削除されていない.xlsx

■あるべき姿
更新する場合は旧JOB削除をOMCに通知する。

■代替手段
オフラス側に存在しないJOBは使わないようにする。

","■原因
3/16
連絡頂いた事象では、「一度JOBNO設定が完了した後、出荷タンクを1基から2基へ追加した」とありますが、ログ上は、一度目のJOBNo設定でエラーが発生しています。
状況は、以下の通りです。

 一度目のJOBNo設定でエラーが発生しており、送信NGとなっています。エラー発生後、運転制御から応答（OK）を受信していますが、既に送信NGとなっているため、受信データは破棄されます。出荷タンクを1基から2基へ追加した際には、運転制御へ未送信と判断しており、取消伝文の送信は行わず、JOB情報の更新のみを行っています。
結果として、運転制御からJOBが削除されず残った状態となっています。

状況を整理したい為、一度目のJOBNo設定においてエラーが発生し、送信NGであったか確認して頂けないでしょうか。

3/24
前回、ご連絡した通り、操作履歴とログから以下の事象が発生しています。
結果として、運転制御側でJOBが2つ作成されています。

・一度目のJOBNo設定において、送信NGが発生している。
・送信NG後、運転制御から応答伝文（OK）を受信している。
    ※送信NG確定後の為、受信結果は破棄されています。
・二度目のJOBNo設定は、送信OKとなっている。

■対策
問題点の連絡があった時点で、日数が経過しており、一部ログが流れた後でした。
過去に遡って、ログを調査しましたが、同じ事象は発生していませんでした。
三鷹検証環境においても、事象が再現が行えない為、本件は、再現待ちとさせて頂きます。

同じ事象が発生した際は、JOBNo設定画面での操作結果の確認をお願い致します。
即時、第一報を頂ければ、リモート接続でログを収集して調査致します。
",オフラス,●,,,,,,,,,,2020/03/24,再現待ち,確認完了,,,TSK-00037191,INC-00158324,,,,,,,,,,,,,,,e,,,,,,,,,,,,,,,,,,,,
,148,2020/03/02,千葉,YJP大武,伊藤祐希,"北海道FAT521関連
日跨ぎ入荷終了日に別の入荷を開始した場合の入荷実績計算",Q2：代替手段により後続テスト実施可能,G：マスバランス,G：マスバランス,入荷実績計算書,"北海道FAT問題点管理No521と同件(千葉でも同様の事象が発生します)です。

■事象
日跨ぎの入荷終了日に別の入荷を開始する場合の入荷実績計算にて、後に入荷するJOBの海底配管の受払が作成されない。

■あるべき姿
データが作成される

■代替手段
・入荷にかかる日付をいっぺんにデータ取込
・原油タンク受払実績画面でメンテナンス
","■原因
入荷実績計算時では、海底配管のシフト量を求める際に、前日の海底配管在庫量を元に、海底配管のシフト量を求めております。
問題のケースでは、先に実施している入荷が日跨ぎであるため、海底配管の在庫が0になっており、終了後に実施される入荷で、海底配管の数量を取得する際に数量0となり、データを作成しない状況です。
海底配管のシフト量を求めるために、前日の海底配管在庫量と使うのではなく、システム定数にて、海底配管の容量を規定するようにする対応を提案いたします。
※海底配管のメンテナンスで、容量が変わる場合にも対応できるかと思っております。

今回のケースは、日跨ぎで終了した入荷がある場合で、入荷の終了日に、別の入荷を開始した場合に発生しております。

以下に状況説明の資料を格納いたしました。
https://app.box.com/folder/105363117306
【北海道FATNo521】【千葉保守No148】マスバランス_日跨ぎ入荷の終了日に次の入荷が開始された場合

■対策
本件、インシデント管理にて対応させていただきたく思っております。",オフラス,●,,,,●,,,,,2021/02/18,2021/04/23,仕様通り,確認完了,"IOS20-OFL-SBM-T2-001_機能仕様書_マスバランス_v1.2
IOS20-OFL-SBM-T2-003_画面個別機能仕様書_VIGC020701_入荷実績計算書_v1.2
",,,,,"北海道FAT問題点No521
千葉保守問題点No148対応

日跨ぎ入荷の終了日に、次の入荷が開始された場合、前日の海底配管の在庫数量が取得できないことから、次の入荷の海底配管に関する受払実績が作成されない。
入荷実績計算では、海底配管の容量について、前日の在庫数量を用いていたため(既設同様)

本件対応として、海底配管の容量をシステム定数に定義、メンテナンス可能とし、入荷実績計算で、用いる対応を検討している。
これにより画面および作成されるデータは正しく作成される。
※本対応を実施しなくとも、従来通り原油タンク受払実績画面にてメンテナンスすることで運用は可能

懸念点は帳票への影響である。
同日に同船で複数荷揚をした場合の表示が正しくないと思われる点も含めて、本件の対応を追従するかを検討する必要がある。
※本件特殊なケースにあたるため、このような状況では入荷実績計算書の帳票は使わない、という運用も考えられると思っております。

2020/07/26
以下に改修エビデンスを格納いたしました。
https://app.box.com/folder/105363638093
【北海道FATNo521】【千葉保守No148】【インシデントNo1034】マスバランス_日跨ぎ入荷の終了日に次の入荷が開始された場合
※修正結果シートを追加し、改修後のエビデンスを載せております。
",確認完了,0.5人日,0.5人日,0.5人日,1.0人日,1.5人日,,懸念点の自営帳票側は対象外,,,1034,No.1034,e,,,,,,,,,,,,,,,,,,,,
,149,2020/03/03,千葉,YJP張替,伊藤祐希,IOS20-OFL:外貨原油在庫日報不具合,Q3：後続テスト実施可能,F：外航通関,帳票,外貨原油在庫日報,"■事象 
原油外貨在庫日報で画面では表示されているが帳票印刷時には該当の項目がない。 

■あるべき姿 
画面と同様に帳票にも印字される。 

■代替手段 
帳票印刷時にEXCELで手修正 ","■原因
帳票側では、承認Noの左から9桁目が『8』もしくは『9』となっている場合は取得対象から除外していたため、該当のデータが表示されていませんでした。

■対策
除外の条件を削除し、画面と同様の条件で同様の内容が表示されるよう修正いたします。

2020/03/05
検証エビデンスを下記に格納いたしました。
https://app.box.com/folder/105795369174
【保守No149】検証エビデンス.xlsx
",オフラス,●,,,,,,,,2020/03/05,2020/03/25,2020/04/01,設計不備,確認完了,,,TSK-00037381,INC-00159172,,,,,,,,,,,,,,,e,,,,,,,,,,,,,,,,,,,,
,150,2020/03/05,千葉,YJP新山,伊藤祐希,新規JOBでJOB登録済エラーについて,Q3：後続テスト実施可能,B：作業計画管理,B：作業計画管理,JOBNo設定,"■事象
運転制御において、3/2 の2C-CR-4 装置JOB（JOBのNo：41004 ）開始時点でJOBCONにてエラーコマンド12:JOB登録 20:JOB登録済が発生し開始できなかった。
JOBを再作成する事で作業は開始できたが、今年に入り、同様の現象が2件発生している。

  2/14 22:14 510077
  2/22 15:53 588403

■あるべき姿
作業中JOBが使用しているJOBNoは、他のJOBで使用しない。

■代替手段
JOBNo削除→JOBNo設定を実行して、新しいJOBNoを採番する。
同様のエラーが発生した場合、上記操作で新しいJOBNoを採番する。
","■原因
以下のチェックがOKであれば、JOBNo採番可と判断しています。
作業状態が作業中であっても、同一作業日付でなければ、JOBNoを採番可能です。

1. 同じ作業日に同じJOBNoがない場合、採番可
2. 同じ作業日に同じJOBNoがあっても、JOB状態が終了または、削除の場合、同一JOBNoは採番可

■対策
以下の条件に合致した場合は、JOBNoを再採番致します。
※親JOBNo、子JOBNoともに同じチェックを行います。
※1→2の順でチェックを行います。

1. 作業日付に関わらず、作業状態が「作業中」または「停止中」であれば採番不可とする。
2. 同一作業日付で同じJOBNoのJOB情報が登録されている場合、作業状態が「終了」または「削除」以外であれば採番不可とする。

1の条件に「登録済」を入れると、運転制御側でJOBを開始せず放置されたJOBNoが採番対象にならない為、対象外にしています。

3/12
検証結果エビデンスを以下に格納しました。
https://app.box.com/folder/92427290666
【No150】運転制御で作業中のJOBと同じJOBNoが設定される.xlsx
",オフラス,●,,,,,,,,2020/03/12,2020/06/17,2021/08/06,AP・コーディング,確認完了,"IOS20-OFL-SBM-T2-001_機能仕様書_作業計画管理
P17
2.2.2.JOB No
",,,,,"千葉保守問題点No.150対応

「JOB No（仮JOB No）は～採番可能とします。但し～採番可能とします。」の記述は、以下の通り修正致します。

仮JOB Noは、作業日付が同一でなければ、同一仮JOB Noを使用する事が出来ます。
JOB Noは、以下の順番でチェックを行い、条件に合致する場合は採番不可とし、次のJOB Noを再採番します。

1. 作業日付に関わらず、作業状態（※1）が「作業中」または「停止中」。
2. 作業日付とJOB Noが同一で、且つ、作業状態が「終了」または「削除」以外。
",作業完了,,,,,,,,,確定図修正,1138,,e,,,,,,,,,,,,,,,,,,,,
,151,2020/03/11,千葉,YJP新山,伊藤祐希,IOS20-OFL:装置切替JOBのライン切替について,Q3：後続テスト実施可能,B：作業計画管理,B：作業計画管理,装置JOBルート切替,"■事象
装置切替JOBでライン指定「直送」状態でのタンク切替を実施した際に導通確認後直送弁が閉止する事象が発生した。
さしあたっては原因の調査をお願い致します。

この件に関しては並行してOMC側にも連絡しております。
検証機での確認をお願いしたく思います。

■あるべき姿
同じ事象を発生させない為のシステム歯止めをかける。

■代替手段
OMC側でルート切替指定を登録してタンク切替を実施する。

【問題点エビデンス】
https://app.box.com/folder/92428074851
【No151】装置JOB直送弁閉止により装置締め切り運転.pptx
","■原因
三鷹検証環境にて、運転制御側で動作確認を行い現象が再現されました。本件は、運転制御側の問題点として対応を進めます。

■対策
千葉事業所の運転制御側での運用によるものである為、運転管理側での対応は不要です。",運転制御,●,,,,,,,,,,2020/03/12,その他,対応不要,,,TSK-00037806,INC-00160965,,,,,,,,,,,,,,,e,,,,,,,,,,,,,,,,,,,,
,152,2020/03/11,千葉,YJP大武,伊藤祐希,IOS20-OFL:海底配管在庫量不具合,Q2：代替手段により後続テスト実施可能,G：マスバランス,G：マスバランス,入荷実績計算,"■事象
3/1～3/3の原油揚荷の実績で、海底配管の在庫量が 
ダブルカウントになったので、ご確認をお願いいたします 
【原油タンク受払実績　＃２海底配管】 
3/1　通常はシフトのみのところ入荷実績が入り、在庫有となった 
3/2　通常揚荷中は在庫ゼロが在庫有 
3/3　前日在庫有のため、ダブルカウント 
入荷実績計算書は問題なし 

■あるべき姿 
在庫が2重登録にならない 

■代替手段 
なし","■原因
本件、3/1～3/3の原油揚荷の内、3/1の終了時点で、作業中のJOBが無い状態(作業終了のJOBとまだ開始していないJOBのみという状況になった)になったため、入荷実績計算処理で、揚荷終了と判断され、海底配管への入荷データを作成したため、海底配管の数量がダブルカウントになっておりました。
揚荷終了の判断ロジックについては、既設と同様のため、既設システムにおいても同様の問題が発生していたと思われます。
既設システムでは、原油タンク受払実績画面にて、海底配管の当日在庫、計測在庫を直接入力することで、在庫量の更新が行えていた模様のため、当該状況になった場合、原油タンク受払実績画面より、不要な入荷データの削除と、在庫数量の調整を行っていたものと考えられます。
新設システムでは、原油タンク受払実績画面にて、在庫数量の入力、更新を行う仕様がございません。
メンテナンス性を鑑みると、既設のように海底配管の在庫数量を更新できる機能を追加しておく必要があるのではないかと考えております。

■対策
本件、恒久対応としては、上記の機能追加を、インシデント管理にて対応させていただきたく思います。

暫定対応としては、データパッチにて海底配管の在庫数量を更新いたします。
その後、原油タンク受払実績、在庫計算・更新をご実施いただきたく思います。
以下にデータパッチ及びその後の画面操作の手順と、結果のエビデンスを格納いたします。
https://app.box.com/folder/106625182516
【No152】マスバランス_入荷実績計算書_入荷途中の海底配管に入荷受払が生成されている
※暫定対応手順シートをご確認ください。

2020/3/13
三辻様とお話させていただき、3/12～3/13で新たな入荷作業を実施していることから、3/16週に最新のDBを確認、その後データパッチをあててリカバリ操作を行っていただくように進めていきます。

2020/03/17
3/12～14の入荷作業について、データパッチの影響確認を行いました。
データパッチ適用後、事前に想定していた画面リカバリ操作でデータメンテナンスしていただけると思われます。

https://app.box.com/folder/106625182516
【No152】マスバランス_入荷実績計算書_入荷途中の海底配管に入荷受払が生成されている
※暫定対応手順_20200317シートをご確認ください。

2020/03/18
以下に既設のロジック調査結果を格納しております。
https://app.box.com/folder/106625182516
【No152】既設ロジック調査結果_データ取込_原油タンク揚荷で不要な海底配管への入荷がある
",オフラス,●,,,,,,,,,,,仕様不備,仕様整理中,IOS20-OFL-SBM-T2-001_機能仕様書_マスバランス_v1.2,,TSK-00037805,INC-00160962,,"千葉保守問題点No152対応

データ取込時の入荷実績計算にて、入荷完了として海底配管への入荷受払データを作成する条件は、当日の入荷作業の原油タンク受払に、作業中の受払データが存在しない事である。(新設、既設ともに同条件)
千葉保守問題点管理No152のケースでは、荷揚全体としては作業中の状態であるが、個々の荷揚げ作業としては区切りが良い状態(原油タンク受払データとして、当日の受払データがすべて作業完了の状態)であったため、原油入荷が完了したと誤判定されて、入荷受払データが作成されていた。そのため、海底配管の在庫数量が、不要な入荷分多い状態になってしまった。
※既設では、この状況になっても、原油タンク受払実績画面より、当日のタンク在庫、計測在庫を更新する機能が存在していたため、最悪、画面から修正が可能な状態でした。

本件対応として、以下2点の是非を検討する必要があります。
・データ取込時の入荷終了の判断条件に以下の条件を追加
　　原油揚荷計画の終了日が設定されており、データ取込の指定日と同一であること
　この条件を追加することにより、荷揚げ作業の区切りが良い状態でも、船全体の作業状況を加味して、入荷終了の判断ができるようになります。
　しかし、原油とナフサを共積みしている入荷で、海底配管を用いるような場合には、ナフサの入荷作業と海底配管の受払、在庫数量が意図通りに算出できない課題があります。(共積みケースについては、修正に関わらず、意図通りには計算できない状況です。)

・原油タンク受払実績画面より、タンクの当日在庫、計測在庫を更新できるように機能追加する
　　既設で実は存在していた機能を新設でも実現します。
　　在庫の修正については、仮想タンクのみ変更できるようにする、等の対象範囲を絞ることも検討できる内容と思っております。

既設ロジックの調査結果は以下に格納しております。
https://app.box.com/folder/106625182516
【No152】既設ロジック調査結果_データ取込_原油タンク揚荷で不要な海底配管への入荷がある
",IKC確認中,1.00人日,1.00人日,0.50人日,0.50人日,1.00人日,確認中,,"2020/12/18:保守問題点管理表で管理。必要であれば保守問題点管理表から改善リストへ移行


メンテ画面開発方向で要検討（2021/5/20）",,1097,No.1097,e,,,,,,,,,,,,,,,,,,,,
,153,2020/03/13,千葉,YJP大武,伊藤祐希,IOS20-OFL:石化ナフサ授受表不具合,Q3：後続テスト実施可能,G：マスバランス,G：マスバランス,石化ナフサ受払表,"■事象 
商品管理／関連帳票出力／石化ナフサ受払表画面で 
不具合が発生していますので、ご確認をお願いします。 
大きな問題はありませんが、月初作業の一つなので少しでも早く解決したいです。 

① 12月末にPCN内貨在庫がゼロになったため、「棚卸在庫数量」をゼロにして登録した。 
② 1月の「前月在庫」に在庫があると表示され、「当月在庫」が残ってしまう。 
③ 実際は、在庫ゼロのため「棚卸在庫数量」をゼロにして登録した。 
④ ②③同様 

■あるべき姿 
棚卸在庫数量で登録後、翌月で前月在庫が0になる 

■代替手段 
なし 
","■原因
2019年12月の在庫データが3,851,219で登録されていたためでした。(登録日2020/1/7 16:51)
その後伝票の変動があったのか、在庫数量は0になったと思われますが、3,851,219でデータ作成されていたため、1月以降にも影響しておりました。
(調査の結果、1/8に石化用ライトナフサの出荷伝票が訂正されておりました。その差分は、3,851,219でした。)

■対策
本件、三辻様とお電話で状況確認させていただきました。
アプリとしての対応は不要の認識です。
12月の在庫を正しく登録するために、画面から、登録ボタンを押下いただきました。
1月2月のデータも更新された12月のデータを反映させるために、画面から登録ボタンを押下いただきました。
上記にて、3月の画面表示が想定通りになっていることをご確認いただきましたので、本件クローズとさせていただきます。
",オフラス,●,,,,,,,,,,2020/03/13,その他,確認完了,,,,,,,,,,,,,,,,,,,e,,,,,,,,,,,,,,,,,,,,
,154,2020/02/28,千葉,YJP小笠原,伊藤祐希,同期通信制御ワークテーブルの不要データが削除されずに残っている,Q3：後続テスト実施可能,E：品質管理,E：品質管理,同期通信制御ワークテーブル,"※No.147の調査中に発見された問題ですが、No.147の問題とは無関係です。
■事象
同期通信制御ワークテーブル(TIXW001)のデータが削除されずに残っている。
■あるべき姿
使用済みの同期通信制御ワークテーブル(TIKW001)のデータが削除される。
■代替手段
なし","■原因
削除処理を行っていないため。
■対策
使用済みの同期通信制御ワークテーブル(TIXW001)のデータを削除するように修正します。",オフラス,●,,,,,,,,2020/03/16,2020/05/20,2020/05/20,設計不備,確認完了,,,,,,,,,,,,,,,,,,,e,,,,,,,,,,,,,,,,,,,,
,155,2020/02/28,千葉,YJP吉永,伊藤祐希,計画送信ログ（TIBL001）及び計画送信ワーク（TIBW001～TIBW005）が削除されていない。,Q3：後続テスト実施可能,B：作業計画管理,X：共通,計画送信ログ、及び計画送信ワークテーブル,"※No.147の調査中に発見された問題ですが、No.147の問題とは無関係です。
■事象
計画送信ログ（TIBL001）及び計画送信ワーク（TIBW001～TIBW005）が削除されていない。
■あるべき姿
計画送信ログ（TIBL001）及び計画送信ワーク（TIBW001～TIBW005）が削除される。
■代替手段
なし","■原因
ハウスクリーニングの対象になっていない。
■対策
日次のハウスクリーニング処理の対象とする。
※削除条件は、JOB情報と同じ

2020/4/16
対応後の検証結果を以下に格納しました。
https://app.box.com/folder/110648457378
2020/11/2　クローズします。(伊藤）",オフラス,●,,,,,,,,2020/04/16,2020/06/17,2020/11/02,環境設定,確認完了,,,,,,,,,,,,,,,,,,,e,,,,,,,,,,,,,,,,,,,,
,156,2020/03/16,千葉,YJP北薗,伊藤祐希,価格変更時の不具合,Q3：後続テスト実施可能,F：外航通関,F：外航通関,価格入力画面,"■事象
価格入力画面にて、輸入申告情報が未登録分の価格情報を変更後、
外貨入荷オーダ一覧を確認すると、「価按」アイコンが赤色になり、
「申告」アイコンが押下できない状態となる。

■あるべき姿
「価格」アイコンが押下できる状態となる

■代替手段
なし


","■原因
輸入申告情報について、登録済と未登録の情報が混在し、
価格入力画面から未登録分の価格情報を登録した場合、
進捗ステータスを「価格入力確定済」に更新していた為、外貨入荷オーダ一覧の「価按」アイコンが赤色になり、「申告」アイコンが押下できない状態となっておりました。
■対策
輸入申告情報について、登録済と未登録の情報が混在し、
価格入力画面から未登録分の価格情報を登録した場合、
進捗ステータスを変更しないように修正します。",オフラス,●,,,,,,,,2020/03/18,2020/11/18,2021/08/06,AP・コーディング,確認完了,,,,,,,,,,,,,,,,,,,e,,,,,,,,,,,,,,,,,,,,
,157,2020/03/11,千葉,YJP村上,伊藤祐希,IOS20-OFL:リリース後にJavaエラー発生,Q1：後続テスト実施不可,E：品質管理,その他,,"■事象
本日リリース作業後にガソリン生産ブレンドシミュレーション及びJOBNO設定時にJavaエラーが発生。 
作業登録できない状況ですので早めの対応をお願いします。 

■あるべき姿
Javaエラーの原因がわかり、発生させない。
 
■代替手段
なし","■原因
検証環境、保守環境において、ターゲットと同様のリリース、リリース後に同様の操作を実施いたしましたが、再現いたしません。

2020/03/19 YJP追記
各種ログにて継続調査していくなかで、
品質管理の適用規格取得依頼伝文（C13）の送信時にエラーが発生しております。（この伝文のみがエラー）
業務APと通信APとのIFとして使用しているEAIテーブルに通信APが書き込みにいった際にエラーが発生。
→通信時に何らしかのエラーが発生したことが原因と思われますが、当該、根本となるエラーを調査中の状況です。

■対策
前回リリースの状況に戻します。（3/11実施）

2020/11/26 YJP追記
3/11の切戻し後、調査を行い、下記の2点より3/11にリリースしたモジュールが、本障害の発生原因ではないと考えられます。
　・3/11のリリースには適用規格取得要求(C13)の送信処理に関連するモジュールの修正は含まれていない
　・YJP検証環境およびYJP保守環境において同様の障害が発生しない
そのため、3/25に再リリースを実施しました。
その後、同様の事象は発生しておりません。
2020/11月度の保守月例会にてクローズとさせて頂きたいと思います。",オフラス,●,,,,,,,,,,2020/11/30,その他,確認完了,,,TSK-00037834,INC-00161123,,,,,,,,,,,,,,,e,,,,,,,,,,,,,,,,,,,,
,158,2020/03/23,千葉,YJP北薗,伊藤祐希,IOS-OFL:輸入申告情報入力　申告区分誤り修正依頼,Q1：後続テスト実施不可,F：外航通関,F：外航通関,通関業者輸入申告情報入力,"■事象 
実務担当者が外交通関業務の輸入申告情報入力確定時に申告区分を誤って確定させてしまいました。誤）IC 正）IM 
申し訳ありませんがデータの修正をお願い致します。 
※納税伝票は、削除しましたので修正は不要です。 
(対応希望日：3月23日まで )

■あるべき姿 
パッチで修正依頼（添付参照） 

■代替手段 
なし 


","■原因
オペレーションミス
■対策
データパッチにて対応いたします。
",オフラス,●,,,,,,,,2020/03/18,,2021/03/23,その他,確認完了,,,TSK-00038120,INC-00162421,,,,,,,,,,,,,,,e,,,,,,,,,,,,,,,,,,,,
,159,2020/03/24,千葉,YJP北薗,伊藤祐希,IOS20-OFL:外貨製品在庫日報不具合,Q2：代替手段により後続テスト実施可能,F：外航通関,F：外航通関,外貨製品在庫日報,"■事象 
3/23外貨製品在庫日報のTOP留出品GASOIL、BOTTOMOILの払出量が 
外貨製造搬出日一覧の3/23明細と合わない。（１隻だけちゃんと登録されていない？） 
(対応希望日：3月27日（パッチ対応）、別途恒久対応 )

■あるべき姿 
正しく在庫日報が表示される。 

■代替手段 
なし

","■原因
異なるオーダで、同一の「承認番号」、「承認日」の情報について、
外貨搬出実績数量確定画面にて、同じ保税終了届番号の保税台帳から引き落としを実施した為、
保税台帳を引き落とす際(保税台帳明細)のキー項目が重複し、
正常に保税台帳から引き落としされず、
外貨製造在庫日報を集計した際に正しい集計結果が表示されませんでした。

■対策
承認番号入力画面にて、同様の「承認番号」、「承認日」を登録した場合、
「既に同一の承認番号、承認年月日が使用されています。」とメッセージを表示することで、
異なるオーダで、同様の「承認番号」、「承認日」のデータを作成できないように修正致します。

2020/03/27 YJP 追記
データパッチを実施致しました。
",オフラス,●,,,,,,,,2020/03/31,2021/05/12,2021/08/06,仕様不備,確認完了,,,TSK-00038451,INC-00163940,,,,,,,,,,,,,,,e,,,,,,,,,,,,,,,,,,,,
,160,2020/02/24,千葉,YJP新山,伊藤祐希,IOS20-OFL:ブレンドシミュレーション推定性状,Q2：代替手段により後続テスト実施可能,K：ブレンドシミュレーション,K：ブレンドシミュレーション,,"■事象
ブレンドシミュレーション後の試験依頼で想定した推定性状と異なる値が入っていた。
また、ブレンドシミュレーション履歴画面で再度計算したときに新しく履歴が残らなかった。

■あるべき姿
計算結果確定したときの推定性状で試験依頼が作成される。
ブレンドシミュレータ電卓、計算履歴の改善（仕様確認後）

■代替手段
同事象が発生した場合は再度ブレンドシミュレーションを実施する。","■原因
計算履歴テーブルの更新は計算終了直後に行われており、初回以降の計算は常に「BS計算履歴管理コード」で紐づけされているため、再計算を後日に行っても履歴は上書きで保存される仕様となっています。この動作は生産と出荷で違いはありません。また、初回と再計算で計算処理にも違いはありません。

■対策
（お試しで）再計算を実施したいが、履歴を変更したくない時は、電卓から対象の計算を呼び出して再計算いただく運用をお願いいたします。電卓での計算は常に追加で履歴に保存されます。

",オフラス,●,,,,,,,,,,2020/05/29,仕様通り,確認完了,,,TSK-00038411,INC-00163721,,,,,,,,,,,,,,,e,,,,,,,,,,,,,,,,,,,,
,161,2020/03/31,千葉,YJP小笠原,伊藤祐希,IOS20-OFL:PHXからのDGO定時ロットの試験依頼が作成されない,Q2：代替手段により後続テスト実施可能,E：品質管理,その他,最適制御からの試験依頼作成,"■事象
3/24よりPHXからデータを受信して試験依頼を作成するDGOが定時になっても試験依頼作成されない 
メッセージログでは性状の受信履歴があったが、正常な時と比べて明らかに少ない。 
本日もREG生産でPHXからデータ受信していたがそちらは異常なかった。 
PHXからのDGOのレポートも添付します。（FINファイルではない） 

■あるべき姿 
正常にデータを受信し、試験依頼が作成される。 

■代替手段 
手入力で試験依頼を作成する。 ","■原因
3/25日のリリースにミスがありました。
初期流動問題点No.429(インシデントNo.834)のリリース対象の2つのモジュールのうち、1つのモジュールの反映が漏れておりました。
■対策
本日(3/31)15:00に緊急リリースを実施致します。",オフラス,●,,,,,,,,,"2020/3/31
",2020/03/31,その他,確認完了,,,TSK-00038753,INC-00165401,,,,,,,,,,,,,,,e,,,,,,,,,,,,,,,,,,,,
,162,2020/04/01,千葉,YJP吉永,伊藤祐希,シーバースから原油とナフサの同一船での入荷での通関業務ができない,Q1：後続テスト実施不可,F：外航通関,C：進捗管理,タンク受入搬入計算書作成,"■事象
本件は、原油・ナフサ共積みの事前検証を行った際に発覚した問題点になります。
シーバースから原油とナフサの同一船での入荷で、原油を複数インボイス計画した時、1インボイスが通関対象とならなかった。

■あるべき姿
全てのインボイスが通関対象として業務が実施できること
■代替手段
なし
","■原因
原油・ナフサ共積みのタンク受入搬入計算書作成時、１タンクに原油・ナフサを入荷した場合、
共積み処理にて外航通関の輸入進捗（インボイス）更新対象の判定に誤りがありました。
その為、1インボイスのみ更新対象と判定されず、通関対象となっていませんでした。
※プロパン・ブタン共積みの場合にも発生します。
　共積み以外の搬入計算書作成には影響がありません。
■対策
輸入進捗（インボイス）更新対象の判定処理を修正致します。",オフラス,●,,,,,,,,2020/04/02,2020/04/06,2021/08/06,AP・コーディング,確認完了,,,,,,,,,,,,,,,,,,,e,,,,,,,,,,,,,,,,,,,,
,163,2020/04/02,千葉,YJP北薗,伊藤祐希,原油、ナフサ共積みの場合、タンク受入搬入計算書(帳票）が原油、ナフサそれぞれ分かれて帳票が出力されない,Q1：後続テスト実施不可,F：外航通関,帳票,タンク受入搬入計算書(帳票）,"■事象
原油、ナフサ共積みに関して、原油オーダのタンク受入搬入計算書を出力したのにも関わらず、ナフサの情報も出力される。
■あるべき姿
原油オーダの情報のみ出力されること。
■代替手段
なし","■原因
タンク受入搬入計算書のデータを取得する場合、オーダ管理番号を元に情報を取得していた為、原油、ナフサの区別ができておりませんでした。
■対策
タンク受入搬入計算書のデータを取得する場合、オーダ管理番号だけでなく、同時揚げ区分(原油、ナフサ、プロパン、ブタン等の区分）も考慮してデータを取得するように修正致します。
また、下記の帳票についても同時揚げ区分を考慮できてないので、修正致します。
・ボートノート
・インボイス按分計算書
・価格按分計算書

",オフラス,●,,,,,,,,2020/04/03,2020/04/06,2020/04/14,設計不備,確認完了,,,,,,,,,,,,,,,,,,,e,,,,,,,,,,,,,,,,,,,,
,164,2020/04/01,千葉,YJP北薗,伊藤祐希,IOS20-OFL:年度変更による外航通関での確認依頼,Q2：代替手段により後続テスト実施可能,F：外航通関,F：外航通関,-,"■事象 
マスタ変更をしたいのですが、オフラス更新になって初めて行う為 どこで変更して良いのかわからないのでご教授願います。 宜しくお願い致します。 

① 包括運送（公団：成田空港　ＪＥＴＡ－１） 
　４－〇〇〇と連番で採番しています。 
　先頭の４は、税関承認番号になり、２０２０年度は『３』になります。 『４』から『３』に変更したいです。
※添付資料あり 

② 関税・輸入消費税延納担保 
　２０１９年度は、１ＡＰ００５３００でした。 
２０２０年４月１日以降は、『１ＡＰ００５８１６』になります。 
※輸入申告時に使用するコードです。

 ③『納付書明細』にも納期限延長通知番号の表示があります。
こちらも『１ＡＰ００５８１６』になります。この表示はどのようになるのでしょうか？マスタがないという事は毎月手入力になってしまうのでしょうか？輸入申告以外にも使用するのであれば、以前のようにマスタで管理したいです。

■あるべき姿 

■代替手段 


■代替手段

","■原因
①ボンド出荷オーダ一覧の左上部の「包括」アイコンを選択して頂き、包括保税運送申告画面より承認番号、承認期間等の情報を登録して下さい。
4/8に保税運送があることを伺っておりますので、上記操作も4/8までに実施をお願いします。

②TIMX598_帳票・納税所宛先マスタにて管理しておりますので、
トップメニューの「マスタ管理」→「マスタ一覧」→「110.帳票・納税所宛先マスタ」　にて
[納期限延長承認番号]を1AP005300→1AP005816に変更していただければ、
変更した時点から、当該変更内容にて画面表示されます。

③　②と同様TIMX598_帳票・納税所宛先マスタにて管理しておりますので、
トップメニューの「マスタ管理」→「マスタ一覧」→「110.帳票・納税所宛先マスタ」　にて
[納期限延長承認番号]を1AP005300→1AP005816に変更していただければ、
変更した時点から、当該変更内容にて帳票出力されます。

■対策
上記原因欄に記載した内容を実施してください。
",オフラス,●,,,,,,,,,,2020/04/13,その他,確認完了,,,TSK-00038892,INC-00165923,,,,,,,,,,,,,,,e,,,,,,,,,,,,,,,,,,,,
,165,2020/04/06,千葉,YJP那須,伊藤祐希,IOS20-OFL:ETBE台帳修正願い,Q2：代替手段により後続テスト実施可能,J：バイオターミナル管理,J：バイオターミナル管理,バイオターミナル台帳,"■事象 
ETBEの台帳が実態と現状あっていません。悪い点も確認する必要がありますが 
まずはリセットする為にも台帳の修正をお願い致します。 
2/22から総在庫および21309306750の台帳に切り替わったようにお願い致します。 
（それ以前と合わなくなりますが、承知の上です） 
最終的には12月22日からあっていないのでそこから修正頂きたいです。 

【2020/4/14追記】
4月以降の伝票を起票しましたが、台帳の引き落としがおかしいです。

■あるべき姿 
台帳が実際の在庫と合う 

■代替手段 
EXCEL（台帳）を手修正 
","■原因
今回の事象として以下の３つの要因があると考えております。

・同日に入荷と出荷が行われた場合の実作業と画面操作の順序逆転
入荷数量を反映（台帳を追加）する際、以下の計算により入荷時点の増減数量を求めております。
　増減数量＝入荷JOB前尺－受入開始日の在庫数量
上記の計算において、同日に出荷→入荷の順で作業が行われた場合、入荷JOB前尺は出荷後の状態の値となりますが、その際に出荷伝票が未確定だった（在庫の引落が行われていない）場合、在庫数量は出荷前の値となり、結果として出荷分の数量が増減として計算されてしまったと考えられます。
今回のETBE台帳において、2019年12月22日と2020年2月14日に上記の事象が発生している様に見受けられます。

・出荷伝票の確定順の逆転
1月31日と2月1日の出荷伝票において、伝票確定（在庫の引落）が2月1日→1月31日の順に行われた結果、2月1日の在庫計算結果が「1月30日の在庫数量－2月1日の出荷数量」となり、結果として1月31日の出荷分の数量が差分となりました。

・出荷伝票の確定漏れ
3/22日付の出荷伝票が未確定のため在庫の引き落としが行われず、差分となっております。

【2020/4/14追記に対する回答】
データパッチ後の出荷伝票確定作業において、以下の順番でオペレーションが行われているように見受けられます。
　①4月3日～4月9日の出荷伝票確定を実施
　②4月1日、4月2日の出荷伝票確定を実施
　③4月12日の出荷伝票確定を実施
　④4月11日の出荷伝票確定を実施
　⑤4月10日の出荷伝票確定を実施
追加でお問合せ頂いた事象については①→②のオペレーションが行われた際、上に記載の「・出荷伝票の確定順の逆転」が発生しており、出荷分の数量が差分となっております。
また、③～⑤のオペレーションにおいても同じ事象が発生しており、その分についても差異となっております。

■対策
対応として、受領した資料に従いETBE台帳のデータパッチを行います。
（一部、伊藤様とご相談させて頂いた内容をもとに受領資料を修正しています）
データパッチ後の検証結果を以下に格納しています。
https://app.box.com/folder/109971113408

また、今回の事象について、実作業の順序に合わせてオペレーションを行って頂くことで、事象の発生が防止できると考えております。
システム側で未然に防ぐ方策（伝票確定時や台帳追加時に警告を表示させる等）については必要に応じてご相談いただければと思います。

【2020/4/14追記に対する回答】
本件についても作業の順番に合わせてETBE台帳のデータパッチを行います。
上に記載させて頂いている通り、システム側で未然に防ぐ、または事象が発生した後にリカバリ可能とする方策については別途ご相談させて頂ければと思います。

2020/4/16
4月1日以降のETBE台帳および4月14日の出荷伝票データパッチ後の検証結果を以下に格納しました。
https://app.box.com/folder/109971113408
・【No165】ETBE台帳修正対応（4月1日以降分）.xlsx
",オフラス,●,,,,,,,,2020/04/16,2020/04/17,2020/09/08,仕様通り,確認完了,,,TSK-00039143,INC-00167444,,,,,,,,,,,,,,,e,,,,,,,,,,,,,,,,,,,,
,166,2020/04/06,千葉,YJP新山,伊藤祐希,"IOS20-OFL:ブレンド出荷タンク在庫チェック表不具合
元に戻す
",Q2：代替手段により後続テスト実施可能,帳票,帳票,ブレンド出荷タンク在庫チェック表,"■事象
①4/3のブレンド出荷タンク在庫チェック表で品名と比率が合わない事象が発生。
確認するとBF-LSの分で1段ずれている。

②05C-Mの数量が画面と帳票で一致していない。※画面は1580KL、帳票は1585KL


■あるべき姿
計画通りに帳票が出力される。

■代替手段
なし

","■原因
①集計対象としないオーダのタンク情報も集計対象としていたため、タンクに関する内容が1段ずれて表示されておりました。
②伊藤様にオーダの数量について変更されているか確認中です。
　2020/4/14 追記
　4/10に取得した現地データをもとに確認を行ったところ、画面と帳票の両方とも数量は1580KLが表示されておりました。
■対策
①集計対象としないオーダのタンク情報を集計せずに別々で表示するよう修正いたします。
②伊藤様からの連絡をいただき次第記載いたします。
　2020/4/14 追記
推測ではありますが、画面のハードコピーと帳票のハードコピーを取得されるタイミングから4月10日まででデータ変更を行い、元に戻されたのではないかと思われます。
　問題点エビデンス上では画面は1580KL、帳票は1585KLとなっており、4月6日時点の現地データをもとに検証環境にて確認した際は画面、帳票ともに1585KLで一致しており、4月10日時点の現地データをもとに検証環境にて確認した際は画面、帳票ともに1580KLの表示となっておりました。
 　そのため、②については画面と帳票ともに数量が一致していることから現状のままとさせていただきたく思います。
　伊藤様にご連絡させていただいた、4月6日時点の現地データをもとに検証環境にて確認した資料は下記に格納しております。
　<https://app.box.com/file/649954191735>
　・ブレンド出荷タンク在庫チェック表の数量について.xlsx

2020/4/15 追記
検証エビデンスを下記に格納いたしました。
https://app.box.com/file/653918244672
【保守No166】検証エビデンス.xlsx



",オフラス,●,,,,,,,,2020/04/15,2020/05/20,2020/05/29,AP・コーディング,確認完了,,,TSK-00039144,INC-00167448,,,,,,,,,,,,,,,e,,,,,,,,,,,,,,,,,,,,
,167,2020/04/06,千葉,YJP村上,伊藤祐希,継続保税（出荷）画面の添加剤数量が実績値と不一致,Q2：代替手段により後続テスト実施可能,F：外航通関,F：外航通関,,"■事象
継続保税（出荷）画面の添加剤数量と海上出荷流量計積算記録表（日報）の添加剤数量にて小数以下の端数制御が原因？で添加剤数量が一致しないケースがある。

■あるべき姿
画面と帳票の添加剤数量は一致していること

■代替手段","■原因
新設オフラスとして、添加剤の入力を手入力から自動表示に新規機能として対応したものの、端数制御の処理を実装していなかったため、端数が発生した際、システム（JAVA言語）にて条件により四捨五入、五捨六入が自動制御されたことから、帳票（海上出荷流量計積算記録表（日報））の添加剤数量と一致しないケースが存在しております。

■対策
継続保税（出荷）画面_添加剤数量の初期表示時、数量端数制御（切り捨て）を実装いたします。",オフラス,●,,,,,,,,2020/04/16,2020/11/18,2021/08/06,設計不備,確認完了,,,,,,,,,,,,,,,,,,,e,,,,,,,,,,,,,,,,,,,,
,168,2020/04/08,千葉,YJP村上,伊藤祐希,ボンド出荷オーダ一覧に削除オーダが表示される,Q3：後続テスト実施可能,F：外航通関,A：オーダ管理,,"■事象
ボンド出荷オーダーを変更した際に外貨製造搬出日一覧から削除されたが、ボンド出荷オーダー一覧に残ったまま消えなくなってしまった。

■あるべき姿
オーダーの変更（ボンドでなくなったとき）に正常に削除される。

■代替手段

","■原因
表示されなかったデータは保税運送（内航船の外貨出荷）です。
保税運送の場合、外貨品情報のみを外航通関側に連携しております。
今回、当該外貨品を内貨品に変更されていますが、内貨品の場合は外航通関側に連携していないことから、外航通関側に変更前のデータが残ってしまっています。
■対策
外貨品から内貨品に変更になった場合、外航通関側にも更新状態を連携するように修正致します。

暫定対処としてデータパッチを実施いたしました。（4/8実施）",オフラス,●,,,,,,,,2020/04/24,2020/05/20,2021/08/06,設計不備,確認完了,,,,,,,,,,,,,,,,,,,e,,,,,,,,,,,,,,,,,,,,
,169,2020/04/08,千葉,YJP村上,伊藤祐希,原油・ナフサの共積みにて、タンク受入搬入計算書の表示が不正,Q2：代替手段により後続テスト実施可能,F：外航通関,C：進捗管理,,"■事象
原油・ナフサの共積みにて、原油とナフサ
のインボイス情報が逆転表示される。
（原油にナフサのインボイス情報、ナフサに原油のインボイス情報が表示されている）
■あるべき姿
原油は原油のインボイス情報、ナフサはナフサのインボイス情報を正しく表示すること

■代替手段

","■原因
調査中です。
流出対象の品名でなく、流出対象のタンク情報にて原油かナフサの判断を実施しているため

■対策
暫定対処としてデータパッチを実施いたしました。（4/10実施）

5/15
本件、対応を行うにあたり、まずは仕様の確認をさせていただくたく。
以下、BOXに資料を格納しましたので、ご確認いただき、
問題がないようでしたら、対応を進めていきたいと思います。

格納場所：https://app.box.com/folder/113126022392
【千葉保守No169】原油・ナフサ共積みのインボイス情報について.xlsx

6/3
検証結果エビデンスを以下に格納しました。
格納場所：https://app.box.com/folder/114712176527 
【No169】原油・ナフサの共積みにて、原油とナフサのインボイス情報が逆転表示される。.xlsx

当該作業次回予定未定の為、一旦クローズします。（8/20伊藤)",オフラス,●,,,,,,,,2020/06/03,2020/08/20,2020/08/20,設計不備,確認完了,,,,,,,,,,,,,,,,,,,e,,,,,,,,,,,,,,,,,,,,
,170,2020/04/21,千葉,高木義尚,伊藤祐希,ベンゼン発生量調査票不具合,Q2：代替手段により後続テスト実施可能,帳票,,,"■対応希望日： 4/28まで

■事象
ベンゼン発生量調査票においてIMO対応で品名追加した0.5Aが帳票に出力されない。

■あるべき姿
品名追加した0.5Aが帳票に出力される。

■代替手段
どこからの情報かわかれば手入力で追加する。（代替手段がとれれば対応希望日は延長可）

","■原因
IMO対応で追加になった「0.5A」は帳票の条件に含まれていなかった。
同様に「BF LSFO（12310018）」なども含まれていないのが判明。
■対策
帳票のデータ取得条件に統一品名コードの追加が必要。
対象の品名について生産管理課　室橋様の回答待ち（2020/4/24）
→「0.5A」の統一品名コードは「12110000」で新規に追加する。(2020/9/7)
■その他（追加確認依頼事項）
１．品名追加：05A　→　上記にて対策済み。
２．入荷・シフト量の収集データ元確認　→　集計SQLの条件修正
　※ドームルーフタンク（受入量）の＃５０１８３だけ入荷とシフト量がテレコ
＞＞確認事項（室橋様より受領）
１．オフラス更新に伴うものと思われるが、同タンク・同品名でも2つに分かれて集計されていた
　次年度以降は、問題ないか？　→調査中
２．＃１０２０８、＃３５５、＃３５６はデータが多数収集されていた　→重複を出力しないように修正
３．＃１０１１３、＃６０００３、＃６０００５、＃５１２９は、「タンク別受払実績表(全体)」データと一部不一致。データ取り込み不良？　→　60003,60005についてはデータ不具合、その他は対応済み

対応期限希望：2020年12月",自営帳票,●,,,,,,,,,2021/02/10,2021/08/06,,確認完了,,,TSK-00040002,INC-00171737,,,,,,,,,,,,,,,e,,,,,,,,,,,,,,,,,,,,
,171,2020/05/07,千葉,YJP北薗,伊藤祐希,IOS20-OFL:通関実績ステータス修正願い,Q1：後続テスト実施不可,F：外航通関,F：外航通関,通関業者輸入申告情報入力画面,"■事象 
実務担当者のミスにより申し訳ありませんが、通関実績のステータス戻しをお願い致します。 


■あるべき姿 
ステータスが業者申告前に戻る 


■代替手段 
なし ","■原因
オペレーションミス
■対策
データパッチにて対応致します。

5/13　YJP追記
データパッチを実施致しました。",オフラス,●,,,,,,,,2020/05/12,2020/05/13,2020/05/13,その他,確認完了,,,TSK-00040501,INC-00173999,,,,,,,,,,,,,,,e,,,,,,,,,,,,,,,,,,,,
,172,2020/05/19,千葉,YJP新山,伊藤祐希,SAP⇒千葉オフラスへのオーダー連携時に削除・新規で連携されてしまう,Q1：後続テスト実施不可,A：オーダ管理,A：オーダ管理,OneSAPオンラインオーダ受信,"■事象
SAP⇒千葉オフラスへのオーダー連携の際、新規オーダーだが削除・新規の順にオーダー連携されてしまう。

【確認済のオーダーNo】
オーダーNo：93652、93654、93664、93663、93637、93696、93695
※この他にも複数オーダーにて同様事象が発生

過去オーダーと重複したオーダーNoである場合、一度目の連携で削除と判定されてしまうと思われる。

【問題点エビデンス】
https://app.box.com/folder/113454785411
ボンド出荷オーダーエラー出力.xlsx
オンラインオーダーBOND.pptx

■あるべき姿
新規オーダーのみ連携される。

■代替手段
なし
","■原因
アプリデスクサービス渡邉様より、以下の連絡あり。
SAP側の問題のため、運転管理側での対応はありません。

アプリサービスデスク　渡邉です。

当件について、急ぎでの確認依頼でしたのでSAP側にも並行して調査依頼をしており、
その結果SAP側より削除⇒新規としてオーダー連携していることが本日分かりました。

新オフラス側ではそれを受け取り、削除・新規と表示されているものと思われます。
SAP側で原因特定ができましたので、当件はキャンセルとさせて頂きます。

もし他に確認すべき点がありましたら、別途ご連絡させて頂きます。
以上、よろしくお願いいたします。

渡邉

■対策
なし（SAP側で対応）
",オフラス,●,,,,,,,,,,2020/05/19,仕様通り,対応不要,,,TSK-00040987,INC-00174894,,,,,,,,,,,,,,,e,,,,,,,,,,,,,,,,,,,,
,173,2020/05/19,千葉,YJP新山,伊藤祐希,IOS20-OFL:入出荷作業状況表示不具合,Q3：後続テスト実施可能,C：進捗管理,C：進捗管理,入出荷作業状況表示,"■事象
進捗管理の入出荷作業状況表示画面LPG入荷の流量がTONではなくKLで表示され、終了時間が計算される。
（作業数量はTONなのでアンマッチ）

【問題点エビデンス】
https://app.box.com/folder/92428074851
【No173】入出荷作業状況表示不具合.xlsx

■あるべき姿
流量がTONで表示され、終了時間が計算される。

■代替手段
OMCで確認

2020/6/18小林追記
各所へ確認し取り纏めましたので以下をご確認ください。
https://idemitsu.ent.box.com/folder/115331526145
流量計を使用しないJOBの進捗状況表示画面の流量値取扱い.xlsx参照
方針としては、受信側（運転管理側）で受信した流量値をタンク単位で変換するでお願いします。","■原因
画面には、運転制御から受信した「指定タンク実績（ID：1551）」の流量を表示しています。
また、終了時刻についても受信した流量を使用して計算しています。
指定タンク実績の流量は、重量タンクであっても容量値（KL/H）が設定されていたため、流量値の表示と終了時刻の計算結果が正しくありませんでした。

本現象は、海上入荷の様に流量計を使用しないJOBで発生します。
出荷の様に流量計を使用するJOBは、「中間実績（ID：1351）」の瞬時流量を使用しており、瞬時流量には、JOBの単位で変換された値が設定されています。（重量JOBであれば、流量計の単位がが容量でも重量値へ換算した値が設定されます）

■対策
対策は、以下の何れかとなります。
・受信側（運転管理側）で受信した流量値をタンク単位で変換する
・送信側（運転制御側）でタンク単位で変換した流量値を伝文へ設定する
北海道にも影響があるため、千葉の意向だけで対応方法を決定する事ができません。
本件の対応をPJT預かりとして頂き、どちらで対応すべきかを取りまとめて頂けないでしょうか。
どちらで対応するにしても、タンク単位で変換する処理の追加となるので工数は変わりません。

5/28
他所への影響もあるため、運転制御側で修正すべきか運転管理側で修正すべきか、千葉だけで決定する事ができない。本件については、PJTへ調整を依頼中。
6/22
各所の取り纏めを行い、運転管理側で対応する事に決定。
6/29
タンク中間実績は、タンクマスタの単位区分を参照し、
換算に使用する密度は、最新の定時タンク在庫から取得致します。
7/1
検証結果エビデンスを格納しました。
https://app.box.com/folder/92427290666
【No173】入出荷作業表示画面で流量と終了予定日時が正しくない.xlsx
",オフラス,●,,,,,,,,2020/07/01,2020/07/08,2021/08/06,設計不備,確認完了,"・IOS20-OFL-SBM-T2-001_機能仕様書_進捗管理_v1.2
・IOS20-OFL-SBM-T2-003_画面個別機能仕様書_VICB040101_内航入荷作業状況一覧_v1.2
・IOS20-OFL-SBM-T2-003_画面個別機能仕様書_VICB040201_外航入荷作業状況一覧_v1.2
・IOS20-OFL-SBM-T2-003_画面個別機能仕様書_VICB040501_入出荷作業状況表示一覧_v1.2
・IOS20-OFL-SBM-T2-003_画面個別機能仕様書_VICB040301_出荷作業状況表示一覧_v1.2
・IOS20-OFL-SBM-T2-003_画面個別機能仕様書_VICB040401_陸上出荷作業状況表示一覧_v1.2
・IOS20-OFL-SBM-T2-003_画面個別機能仕様書_VICB040601_シフト生産作業状況一覧_v1.2
・IOS20-OFL-SBM-T2-003_画面個別機能仕様書_VICB040701_ミキシング・水切り・サーキュレーション作業状況一覧_v1.2",,TSK-00040550,INC-00174224,,"千葉保守問題点No.173対応（インシデントNo1163）

①対象ドキュメントについて、計画数量と実績数量のラベル表記を修正する。（KL,TONを併記）
②対象ドキュメントについて、運転管理側から受信した流量値をタンク単位で変換する。（変換方法は、OMC受信データにタンク最新密度（直近のタンク定時在庫の密度）を掛けてTON/Hとする。）
また、ラベル表記を修正する（KL/H,TON/Hを併記）


千葉保守問題点No.173対応（インシデントNo1165）

3.1.3.-3　タンク中間実績データ項目の16.タンク瞬時流量の記述を以下の通り修正致します。
タンクマスタの在庫単位名称を参照し、以下の通り、登録します。
【在庫単位名称が容量の場合】
受信した流量を登録します。
【在庫単位名称が重量の場合】
受信した流量にタンク在庫計算機能から取得したタンク密度（※1）を掛けた値を登録します。
（※1）タンク在庫計算機能は、最新の定時タンク在庫から取得した密度をタンク密度とします。
",作業完了,,,,,,,,,確定図修正,"1163
1165",,e,,,,,,,,,,,,,,,,,,,,
,174,2020/05/20,千葉,芥川健司,伊藤祐希,ブレンドシミュレーションが実行できない,Q1：後続テスト実施不可,K：ブレンドシミュレーション,計算エンジン,ブレンドシミュレーションエンジン,"■事象
C重油のブレンドシミュレーションをターゲット機で実行したところ
＊＊＊＊＊　[OUTファイル名]のエラーが画面上に表示され、計算できない
■あるべき姿
計算できる
■代替手段
5/20にプログラムリリースした内容に不具合があると考えられ、切り戻し、動作することを確認した
","■原因

■対策

リリースしたプログラムに不具合があったため5/18に切戻しを実施。
新規にNo.180を起票。こちらはクローズ。
",IKC,●,,,,,,,,,2020/06/17,2020/06/18,AP・コーディング,対応不要,,,,,,,,,,,,,,,,,,,e,,,,,,,,,,,,,,,,,,,,
,175,2020/06/05,千葉,YJP大武,伊藤祐希,原油未入荷指定に伴う、帳票出力不具合,Q3：後続テスト実施可能,G：マスバランス,G：マスバランス,在庫計算・更新,"■事象
　帳票「原油タンク別品名別日報月報（タンク別）」の当日在庫と品名計が不一致

　＃100032は5/31に通油と揚荷があった。
原油の月跨ぎ入荷があったため、マスバランス「未入荷指定」を設定
　原油タンク受払実績では、揚荷実績のみ除外され、当日在庫が正しく計上されている

■確認・依頼事項
　原油タンク受払実績は正しく集計されているでしょうか？
　帳票出力は正しい数値で収集され出力されるでしょうか？
帳票（品名別）は正しい数値でしょうか？

■あるべき姿
正しい在庫が表示される

■代替手段
なし
","■原因
計算対象日に未入荷の原油タンク受払が存在するタンクについて、
未入荷以外の原油タンク受払の数量が原油タンク在庫の当日数量に反映されないため

問題があるのは、未入荷指定当日に通油等、他の作業があったタンクの当日総在庫の値です。
品名別の在庫は正しく計算されているため、原油タンク受払実績は正しく集計されております。

帳票出力は、上記のタンク当日総在庫が正しい値になれば、正しい数値で出力される認識です。

帳票（品名別）は、品名別の在庫を表示しているため（個々のタンクの総在庫は表示していない）、正しい数値が表示されている認識です。

■対策
未入荷の原油タンク受払が存在するタンクについてのみ、
品名別在庫決定の時点で、原油タンク在庫の当日数量の更新を行う。
※未入荷のないタンクについては現状通り、
　「未入荷のないタンクでしか実施しない作業品名別在庫調整処理」
　にて原油タンク在庫の当日数量の更新が行われる

2020/06/15
修正エビデンスを以下に格納しました。
https://app.box.com/folder/115660807444
【No175】マスバランス_未入荷指定時に入荷以外の作業が存在した場合のタンク在庫数量

ご確認のほど、よろしくお願いいたします。

2021/07/28
2021/07/27にリリース後確認OKのご連絡を頂きましたので、対応完了に更新いたします。",オフラス,●,●,,,,,,,2020/06/15,2021/07/14,2021/07/27,AP・コーディング,確認完了,,,,,,,,,,,,,,,エビデンス再確認依頼（2021/5/20）,,,,e,,,,,,,,,,,,,,,,,,,,
,176,2020/06/09,千葉,YJP大武,伊藤祐希,原油未入荷指定に伴う、帳票出力不具合,Q3：後続テスト実施可能,G：マスバランス,G：マスバランス,データ取込,"■事象
2020/05/31に72341 YAMATOGAWAを未入荷指定
翌、2020/06/01にデータ取込を実施

1) 当日在庫数量の2倍になってしまう
2) 6/1のシフト払出がAXLとMRに分散されてしまう

■あるべき状態
1) 海底配管(#2)の当日在庫が正しい値となること(8,650.081)
2) MRからのみのシフト払出となること

■代替手段
以下の操作を画面から実施
・5/31～6/1のデータ取込
・5/31の原油メンテナンス
・5/31未入荷指定＆在庫計算更新
・6/1の原油メンテナンス
・6/1の在庫計算更新
","■原因
1)データ取込時に当日の原油タンク受払のタンク数量を集計し、
    海底配管の当日在庫、計測在庫の更新を行いますが、未入荷指定時は日跨ぎ入荷として判断されてしまい、海底配管への入荷処理だけを行っていたため
　→今回のケースでは、未入荷指定したことで、6/1に払出、入荷を行ったとするように修正
    
2) 在庫計算・更新処理の原油タンク受払処理順を取得する際に
    設備コード、作業順で取得しているが、
    未入荷が入る場合上記では対応できないため

■対策
APの修正を行います。

2020/06/15
修正エビデンスを以下に格納しました。
https://app.box.com/folder/115661110819
【No176】マスバランス_未入荷指定時のデータ取込で海底配管の在庫が増える

ご確認のほど、よろしくお願いいたします。

2021/07/28
2021/07/27にリリース後確認OKのご連絡を頂きましたので、対応完了に更新いたします。",オフラス,●,●,,,,,,,2020/06/15,2021/07/14,2021/07/27,AP・コーディング,確認完了,,,,,,,,,,,,,,,エビデンス再確認依頼（2021/5/20）,,,,e,,,,,,,,,,,,,,,,,,,,
,177,2020/06/11,千葉,小林義彦,伊藤祐希,揚荷記録表(1時間)の時間当たりで使用してる値が仕様書と異なっている（動作と仕様書との相違）,Q3：後続テスト実施可能,C：進捗管理,C：進捗管理,揚荷記録表(1時間),"■事象
（１）時間当(T)、累計(T)の値が生数量を使用して算出されており、仕様書と異なっている。（LPG,MET）「APの修正」
（２）品名がLPGの場合は後尺換算数量を使用して算出した結果を表示する。とあるがLPGだけでは無い。（MET等）「仕様書の修正」
（３）実際は算出した結果（値）のみでは無く、項目名（KL⇒T）も変更されているが仕様書にその記載が無い。「仕様書の修正」

＜不具合エビデンス
https://idemitsu.ent.box.com/folder/115332043879
揚荷記録表画面（重量物の時間当たりの値が不正）.xlsx

■あるべき姿
（１）仕様書通りにAPを修正する。
（２）動作通りに仕様書を修正する。
（３）動作通りに仕様書を修正する。

■代替手段
なし
2020/6/24小林追記
インシデントNo1161に記載の内容で修正をお願いします。

2020/6/30小林追記
検証結果エビデンス確認して問題ありません。「リリース待ちへ」変更しました。リリースについては、千葉・北海道へ確認の上、対応する様にお願いします。
","■原因
（１）（２）入荷品の単位区分ではなく、LPG・LPG以外で判定していた為。
（３）仕様書に未記入だった為。

■対策
（１）時間当(T)と累計(T)の値は、入荷品の単位区分が重量であれば、後尺換算数量にて算出した結果を表示する様に修正致します。
（２）確定図修正のインシデントを登録し、（１）の修正内容を反映致します。
（３）確定図修正のインシデントを登録し、入荷品の単位区分により単位の表示を切り替える事事を追記致します。

6/25
確定図修正済（（２）、（３）対応済）

6/29
検証結果エビデンスを格納しました。
https://app.box.com/folder/92427290666
【No177】揚荷記録表画面（重量品の時間当たりの値が不正）.xlsx",オフラス,●,,,,,,,,2020/06/29,2020/07/08,2021/08/06,AP・コーディング,確認完了,"IOS20-OFL-SBM-T2-003_画面個別機能仕様書_VICB040902_揚荷記録表(1時間)
",,,,,"千葉保守問題点No.177対応

3. 画面項目一覧、6. 初期表示、7.特記事項の以下の項目について、単位表示に重量品の単位を追加致します。

【揚荷記録表データ】
 換算量、予定量－換算量
【揚荷記録表データ(品名・タンク毎)】
 前尺・換算量、後尺・換算量、差引・換算量
【揚荷記録表データ(品名・タンク・時間毎)】
 換算量、時間当、累計
【揚荷記録表データ　総揚荷数量】
 換算量、差、時間当、累計

また、以下の記述を修正致します。

3. 画面項目一覧、6. 初期表示の注釈を追記し、入荷品の単位区分により、単位表示を切り替える事を記述致します。

6. 初期表示の17.予定数量単位は、入荷品の単位区分に単位表示を切り替える事を記述致します。

7.特記事項の⑪時間当に入荷品の単位区分が重量の場合は、後尺換算数量にて算出した結果を表示する様に修正致します。",作業完了,,,,,,,,,確定図修正,1161,,e,,,,,,,,,,,,,,,,,,,,
,178,2020/06/11,千葉,YJP北薗,伊藤祐希,IOS20-OFL:TOP保税作業で申告操作ができない,Q1：後続テスト実施不可,F：外航通関,F：外航通関,[VIFX020114]IMW輸入申告情報作成画面,"■事象 
実務担当者からTOP保税作業の申告で、申告したTOP-2016-(F)の申告が登録できていません。（登録しても青にならない） 
（手順が悪かったのかは不明） 
内容添付致します。 
状況としてTOP-2016-(F)のスタータスを完了する前に、KEROSENEで継続保税２ＤＨでJET保税作業を先に確定しています。 
(対応希望日：１週間以内（パッチ対応）、恒久対応（一か月以内）)
■あるべき姿 
TOP保税作業が申告確定できる 

■代替手段 
なし ","■原因
TOP保税作業にて、一連の業務（記録～許可）を実施後に、継続保税作業を実施する仕様の認識です。
今回、記録→終了後に継続保税作業を実施した為に、データの不整合となっております。
■対策
暫定対応：
データパッチを実施致します。
恒久対応：
対応方法として下記の2案を提示させて頂きますが、どちらにするか仕様面を踏まえて一度相談させて下さい。
①TOP保税作業の一連の業務（記録～許可）を実施後に継続保税作業を可能とする制御を追加する。
②TOP保税作業の記録→終了後に継続保税作業を実施可能(データの整合性を担保する）にする。

6/15 YJP追記
暫定対応のデータパッチを実施致しました。

6/29 YJP追記
出光様より、恒久対応として、②の案で対応を進めるように回答があり、②の案で対応中。",オフラス,●,,,,,,,,2020/07/10,2020/09/09,2021/08/06,AP・コーディング,確認完了,,,TSK-00042150,INC-00180562,,,,,,,,,,,,,,,e,,,,,,,,,,,,,,,,,,,,
,179,2020/06/04,千葉,高木義尚,伊藤祐希,バイオターミナル台帳の修正依頼,Q3：後続テスト実施可能,J：バイオターミナル管理,J：バイオターミナル管理,バイオターミナル台帳,"■事象
　バイオターミナル台帳の引渡し人・輸入者の住所を変更をお願いします。
■あるべき姿
　【引渡し人】東京都港区虎ノ門一丁目２番６号　⇒　東京都中央区八重洲二丁目７番１２号
　【輸入者】 東京都港区虎ノ門一丁目２番６号　⇒　東京都中央区八重洲二丁目７番１２号

■代替手段
　出力時に手修正
","■原因

■対策
　2020/06/15 EXE
　「■あるべき姿」に記載の通り、改修を実施しました。
　　エビデンス：https://app.box.com/folder/115654938838",自営帳票,●,,,,,,,,,2020/07/08,2020/07/10,,確認完了,,,,,,,,,,,,,,,,,,,e,,,,,,,,,,,,,,,,,,,,
,180,2020/06/18,千葉,芥川健司,伊藤祐希,A重油(デッドあり)のブレンドシミュレーション結果の混合比率がおかしい,Q1：後続テスト実施不可,K：ブレンドシミュレーション,計算エンジン,ブレンドシミュレーション実行結果表示,"■事象
ブレンドシミュレーションのエンジンの計算結果（をデッドなしに換算した値）と実行結果画面に不整合があり、結果、正しい制約値のチェックが行われていない。
■あるべき姿

■代替手段
5/17にプログラムリリースした内容に不具合があると考えられるため切り戻しを行い、動作することを確認した。","■原因
2020/6/18 IKC芥川
（エビデンスあり）
2019/6/22 YJP追記
　OUTPUTファイルの比率の出力位置が1バイトもしくは2バイト左にズレて出力されているため、ブレンドシミュレーション側で正しく読み込めません。対応をお願いします。
■対策
",IKC,●,,,,,,,,,2020/10/14,2022/02/01,AP・コーディング,確認完了,,,,,,,,,,,,,,,,,,,e,,,,,,,,,,,,,,,,,,,,
,181,2020/06/22,千葉,YJP新山,伊藤祐希,入出荷作業状況表示画面,Q3：後続テスト実施可能,C：進捗管理,C：進捗管理,ブレンド出荷の計画数量表示,"■事象
ブレンド出荷の計画数量が正しくない。
以下の計算結果を表示してる。

計画数量(体積) = 作業計画情報の出荷作業予定量 / （先頭の基材タンクの）タンク中間実績の密度

■あるべき姿
ボンド出荷の計画数量は、既設システム同様、容量値のみ表示する様にする。
■代替手段

2020/6/30小林追記
検証結果エビデンス確認して問題ありません。「リリース待ちへ」変更しました。
リリースについては、千葉・北海道へ確認の上、対応する様にお願いします。
","■原因
ボンド出荷は、オーダ情報の単位区分が重量、JOB情報の単位区分が容量で作成される。
入出荷作業状況表示画面、出荷作業状況表示画面の計画数量表示において、JOB情報の単位区分ではなくオーダ情報の単位区分を参照してJOBの容量・重量を判定していた為、ボンド出荷JOBに容量値と重量値の両方を表示していた。

■対策
①ボンド出荷の計画数量は、既設システム同様、容量値のみ表示する様に修正致します。
②入出荷作業状況表示画面、出荷作業状況表示画面における容量・重量判定の記述は、
「JOBの単位区分」を参照する事を記述致します。

6/29
検証結果エビデンスを格納しました。
https://app.box.com/folder/92427290666
【No181】入出荷作業状況表示画面（ブレンド出荷の計画数量が正しくない）.xlsx

9/8 ターゲットにて確認完了の為クローズしました。（伊藤）",オフラス,●,,,,,,,,2020/06/29,2020/07/08,2020/09/08,AP・コーディング,確認完了,"IOS20-OFL-SBM-T2-003_画面個別機能仕様書_VICB040501_入出荷作業状況表示一覧

IOS20-OFL-SBM-T2-003_画面個別機能仕様書_VICB040301_出荷作業状況表示一覧
",,,,,"千葉保守問題点No.181対応

①ボンド出荷の計画数量は、既設システム同様、容量値のみ表示する様に修正致します。

②入出荷作業状況表示画面、出荷作業状況表示画面における容量・重量判定の記述は、「JOBの単位区分」を参照する事を記述致します。
",作業完了,,,,,,,,,確定図修正,1166,,e,,,,,,,,,,,,,,,,,,,,
,182,2020/06/24,千葉,YJP小笠原,伊藤祐希,ブレンドシミュレーションの換算係数の変更,Q3：後続テスト実施可能,K：ブレンドシミュレーション,K：ブレンドシミュレーション,換算係数,"■事象
TIKX012のデータ修正をお願いします。
■あるべき姿

■代替手段
","■原因
データ修正依頼。
■対策
データパッチにて対応します。

2020/06/30
　検証をエビデンスをBOXに格納しましたので、ご確認をお願いします。
https://app.box.com/folder/116805860095
【No182】TIKX012(BS最新換算係数)テーブルのデータ修正.xlsx
9/8　ターゲットにて確認完了の為クローズしました。（伊藤）",オフラス,●,,,,,,,,"2020/6/30
",2020/07/08,2020/09/08,その他,確認完了,,,,,,,,,,,,,,,,,,,e,,,,,,,,,,,,,,,,,,,,
,183,2020/06/03,千葉,高木義尚,伊藤祐希,IOS20-OFL:入出荷作業報告書不具合,,帳票,帳票,入出荷作業報告書,"■対応希望日： 2週間以内

■事象
入出荷作業報告書がoutputdataエラーで一部の実績しか出力されない。
6/1はREGの出荷実績に原因があると想定されるが、6/2は不明。
ベンダー（システムエグゼ殿）に確認お願いします。
※添付はエラーで止まったときの状態

7/21 伊藤様
他のクライアントPCでも同様な事象なのを確認

■あるべき姿
エラーなく帳票出力が可能となる。

■代替手段
なし


","■原因
 2020/06/03 EXE福田
検証環境では同一の事象が発生されず、原因不明。
定期的に発生している事象か確認中。

2020/9/7 EXE福田
検証環境に本番データを復元し動作確認するも事象が再現せず。

2020/9/29
サーバ上のファイルと開発環境のファイルを比較すると1ファイルに差分があることが判明。
開発環境に差分があるファイルを戻すと不具合の事象が再現した。
　対象：「RIDP000004_PrintStartEndTime.sma」
　本番環境更新日：2018/9/10、開発環境更新日：2019/5/28

■対策
開発環境で最新の資源では事象が発生しないため、本番環境と差分がある1ファイルをリリースすることで、不具合は解消する想定。
開発環境での出力結果をエビデンスとして連携します。
エビデンス：【No183】入出荷作業報告書エラー出力　＞　
　　　　　　・EXE環境）20200601分_RIDP000004.xlsm
　　　　　　・EXE環境）20200602分_RIDP000004.xlsm
　　　　　　・EXE環境）20200720分_RIDP000004.xlsx",自営帳票,●,,,,,,,,2020/09/29,2020/10/14,2020/10/14,AP・コーディング,確認完了,,,TSK-00041756,INC-00179028,,,,,,,,,,,,,,,e,,,,,,,,,,,,,,,,,,,,
,184,2020/06/23,千葉,高木義尚,伊藤祐希,IOS20-OFL:製品半製品受払表不具合（半期）,,帳票,帳票,製品半製品受払表,"■対応希望日：2週間以内

■事象
製品半製品受払表で半期（上期、下期）で検索を実施したが、画面と帳票で数量が合わない。
検索期間なども含めて状況を確認してください。
添付は一部分提示していますが全体的にあってないです。

■あるべき姿
検索結果が正しく画面、帳票に反映される

■代替手段
とりあえずどれが正しいデータなのか教えてください。



","■原因
原因は複数あり
１．下期の条件で通期のデータを取得してしまっていた。
２．画面と帳票でデータの取得条件に相違あり。

■対策
原因１、については、帳票改修完了。

原因２．画面を正として出力内容を画面に合わせるように修正
",自営帳票,●,,,,,,,,,2021/02/10,2022/02/25,,確認完了,,,,,,,,,,,,,,,,,,,e,,,,,,,,,,,,,,,,,,,,
,185,2020/07/02,千葉,高木義尚,伊藤祐希,IOS20-OFL:パイプライン明細表不具合,,,,パイプライン明細表,"■対応希望日：1か月以内

■事象
パイプライン明細表(6月)の合計数量が月の合計を計算した結果と合わない。
5月分を念のため確認したが問題なかった。

■あるべき姿
日ごとの合計と合計数量の値が一致する。

■代替手段
EXCELで出力して手修正


","■原因
システムエグゼ調査中（7/3)

2020/07/03 EXE福田
取得期間を設定している箇所に誤りがありました。
本来DATE型で設定するべきところをNUMBER型にしてしまったため、翌月の設定になりませんでした。
誤：2020/06/02 - 2020/06/31
正：2020/06/02 - 2020/07/01

■対策
2020/07/03 EXE福田
SQLを正しい条件（DATE型）に変更しました。",自営帳票,●,,,,,,,,2020/07/03,2020/08/12,2020/08/12,AP・コーディング,確認完了,,,TSK-00043010,INC-00184252,,,,,,,,,,,,,,,e,,,,,,,,,,,,,,,,,,,,
,186,2020/07/02,千葉,高木義尚,伊藤祐希, IOS20-OFL:J-A1出荷証明書ロゴ変更願い,,帳票,,J-A1出荷証明書,"■対応希望日： 2週間以内

■事象
出光のロゴマーク変更に伴い、J-A1の出荷証明書のロゴ変更をお願い致します。

07/03 伊藤様
右上の「出光」の文字消していただけませんでしょうか。

■あるべき姿
新しい出光ロゴマークとなる

■代替手段
なし


","■原因

■対策
2020/07/03 EXE福田
ロゴマークを変更しました。
2020/07/06 EXE福田
右上の「出光」文字マークを削除しました。
2020/07/14伊藤様
内容確認済み。リリース日調整中。
2020/11/10 IKC青井
11/18リリースで調整中。",自営帳票,●,,,,,,,,,2020/11/18,2020/11/18,仕様変更,確認完了,,,,,,,,,,,,,,,,,,,e,,,,,,,,,,,,,,,,,,,,
,187,2020/06/29,千葉,高木義尚,伊藤祐希,IOS20-OFL:ETBE台帳不具合,,J：バイオターミナル管理,J：バイオターミナル管理,バイオターミナル台帳,"■事象
①入荷時の増減数量の最初登録したときと2回目開いたときで合わない（2回目が正）
②ETBEの台帳において移出しているのに総在庫が翌日増えている

■あるべき姿
①初回登録時から正しく増減数量が登録される
②移出した後の総在庫が正しく計算される

■代替手段
EXCELで出力して手修正
パッチ対応は6月分（6月30日まで）まとめてお願いしたいので別途連絡致します。
→7/6追記
伊藤様よりデータパッチのご依頼を受領済。","■原因
①6月21日の台帳登録と出荷伝票確定の操作順序が実態（出荷伝票確定→台帳登録）と異なっており、台帳更新時に入荷前総在庫が再計算されたためです。
但し、本件についてはアプリ側にも問題がある事が分かり、実態通り（出荷伝票確定→台帳登録）に操作を行ったとしても、台帳登録時の入荷前総在庫には同日分の出荷は反映されない（直前日の在庫数量を設定する）動きとなっておりました。

②6月13日と6月14日の出荷伝票確定の操作順序が逆になっており、結果として6月13日の出荷分の数量が在庫に反映されなかったためです。

なお、それぞれの事象の詳細については以下に格納しております。
https://app.box.com/folder/117257820135
ファイル名：ETBE_6月29日受領分（YJP追記有り）.xlsx

■対策
本件の暫定対策として、7/6受領の依頼通りデータパッチ対応を実施致します。

恒久対策としては以下となります。
①台帳登録時の入荷前総在庫には同日分の出荷は反映する様にアプリ改修を実施致します。
その上で、実態通りに操作を行って頂く事で、本事象が発生しなくなります。
※もしアプリ改修前に同様の業務（同日に出荷→入荷の順で作業を実施）が発生した場合、お手数ですが出荷伝票確定、台帳登録後に台帳更新の操作を行って頂きます様、お願い致します。
②出荷伝票確定操作を実態に合わせて「6月13日伝票の確定→6月14日伝票の確定」の順に行って頂く事で同様の事象は発生しなくなります。

また、オペレーション順序の逆転についてはシステム側で未然に防ぐ方法について引き続きご検討下さいます様、よろしくお願い致します。

2020/7/7
ETBE台帳のデータパッチ後の検証結果を以下に格納しました。
https://app.box.com/folder/117379614510
・【No187】ETBE台帳修正対応.xlsx

2020/7/8
ターゲット環境へデータパッチを実施致しました。
本件で判明したアプリの不備と、問題発生を未然に防ぐための機能追加についてはそれぞれ保守問題点No189、No190へ分割しました。",オフラス,●,,,,,,,,2020/07/07,2020/07/08,2020/09/08,仕様通り,確認完了,,,,,,,,,,,,,,,,,,,e,,,,,,,,,,,,,,,,,,,,
,188,2020/07/06,千葉,高木義尚,澤田陽哉,払出増減伝票の送信で千葉オフラスと徳山オフラスで仕様の違いがある,,I：伝票発行管理,I：伝票発行管理,,"■事象
払出増減伝票の送信で千葉オフラスと徳山オフラスで仕様の違いがある。
仕様の変更なのか考慮漏れなのかPJでご確認いただき、今後の運用方法についてご検討願います。
※詳細は問題点エビデンス参照

■あるべき姿
徳山同様の仕様に変更するか、画面で担当店を登録できるようにする等

■代替手段
なし
","■原因

■対策
2020/7/30 YJP
暫定対応として、起票された払出増減伝票をBINASへ連携するため、担当店をアストモスとするデータパッチの対応を行っております。
",IKC,●,,,,,,,,,,,,仕様整理中,,,,,,,,,,,,,,,"恒久対応について、YJPへ状況問合せ（2021/5/20）
当時、パッチ適用のみで恒久対応は未対応。現地業務ヒアリングのうえ仕様調整（2021/5/27）

アストモスブタンの払出増減伝票送信について、千葉で同一問合せ発生。
過去対応と同様に払出増減伝票に対し、担当店アストモスで更新するデータパッチ適用（2022/4/4）

恒久対応の再検討：PJT問題点No3301",,,,e,,,,,,,,,,,,,,,,,,,,
,189,2020/07/09,千葉,YJP那須,伊藤祐希,ETBE台帳登録時の入荷前総在庫の数量不備,Q2：代替手段により後続テスト実施可能,J：バイオターミナル管理,J：バイオターミナル管理,バイオターミナル台帳,"保守問題点No187より分割
■事象
同日に出荷→入荷の順で作業が発生した際、順番通りに操作を行ったとしても、台帳登録時の入荷前総在庫には同日分の出荷数量が反映されない。
（直前日の在庫数量を設定される）

■あるべき姿
台帳登録時に入力した受入日と同じ日の引落（出荷伝票確定）があった場合は前日の在庫から出荷数量を引いた値を入荷前総在庫として表示する。

■代替手段
台帳登録後、同じ伝票を何もせずに更新することで出荷数量が反映可能。
","■原因
台帳の新規登録時の入荷前総在庫の算出処理において、受入日の直前の日付（直近の在庫データ）の在庫数量を取得しているため。

■対策
あるべき姿の通りアプリ改修を行います。

2020/7/22
修正後の検証エビデンスを以下に格納致しました。
https://app.box.com/folder/118475834214",オフラス,●,,,,,,,,2020/07/22,2020/08/12,2020/09/08,AP・コーディング,確認完了,,,,,,,,,,,,,,,,,,,e,,,,,,,,,,,,,,,,,,,,
,190,2020/07/09,千葉,YJP那須,伊藤祐希,ETBE台帳のチェック機能または修正機能,Q2：代替手段により後続テスト実施可能,J：バイオターミナル管理,J：バイオターミナル管理,バイオターミナル台帳,"保守問題点No187より分割
■事象
ETBE台帳において、業務（出荷および入荷）を実施した順に操作（出荷伝票の確定、入荷台帳の登録）が行われなかった場合に、台帳数量が実態と異なる値となる。

■あるべき姿
事象を発生させないようにするための対応方法について検討を進めていく。

【対応案１】
画面操作を行う際にチェックを入れる。（修正規模：小～中）
・出荷伝票確定時に伝票日付より過去日に未確定の伝票が残っている場合に警告メッセージを表示する
・出荷伝票確定時に伝票日付と同日の作業日のETBE入荷がある場合に警告メッセージを表示する
・入荷台帳登録時に受入日と同日以前の未確定出荷伝票が残っている場合に警告メッセージを表示する
⇒上記は警告メッセージのため、操作は可能。誤って操作した場合には問題事象が発生してしまう。

【対応案２】
台帳数量を修正するための以下の機能を追加する。（修正規模：大）
・確定した出荷伝票の引落を修正可能とする（バイオターミナル出荷伝票は確定から未確定へステータスを戻せる様にする等）

※但し、ステータスを戻せる順番には制約を付ける必要がある（対象より未来日の出荷または入荷があった場合にはまずそちらから修正しなければならない）

■代替手段

2021/1/22:保守or仕様変更についての打ち合わせで進捗について確認する。","■原因

■対策
【対応案１】として、画面操作を行う際に以下のチェック（確認メッセージの表示）を追加する対応を行った際の検証エビデンスを格納しました。	
　①出荷伝票確定時に伝票日付より過去日に未確定の伝票が残っている場合
　②出荷伝票確定時に伝票日付と同日の作業日のETBE入荷がある場合
　③入荷台帳登録時に受入日と同日以前の未確定出荷伝票が残っている場合

格納場所
https://app.box.com/folder/184500389768
　【No190】バイオターミナルの伝票確定時および台帳登録時の確認メッセージ追加.xlsx",オフラス,●,,,,●,,,,2022/12/02,2022/12/21,,仕様通り,確認完了,IOS20-OFL-SBM-T2-001_機能仕様書_バイオターミナル管理,,,,,"千葉保守問題点No190対応

■事象
ETBE台帳において、業務（出荷および入荷）を実施した順に操作（出荷伝票の確定、入荷台帳の登録）が行われなかった場合に、台帳数量が実態と異なる値となる。

■あるべき姿
事象を発生させないようにするための対応方法について検討を進めていく。

【対応案１】
画面操作を行う際にチェックを入れる。（修正規模：小～中）
・出荷伝票確定時に伝票日付より過去日に未確定の伝票が残っている場合に警告メッセージを表示する
・出荷伝票確定時に伝票日付と同日の作業日のETBE入荷がある場合に警告メッセージを表示する
・入荷台帳登録時に受入日と同日以前の未確定出荷伝票が残っている場合に警告メッセージを表示する
⇒上記は警告メッセージのため、操作は可能。誤って操作した場合には問題事象が発生してしまう。

【対応案２】
台帳数量を修正するための以下の機能を追加する。（修正規模：大）
・確定した出荷伝票の引落を修正可能とする（バイオターミナル出荷伝票は確定から未確定へステータスを戻せる様にする等）

※但し、ステータスを戻せる順番には制約を付ける必要がある（対象より未来日の出荷または入荷があった場合にはまずそちらから修正しなければならない）

【対応案１】でのお見積りを提示いたします。",仕様変更承認済,0.75人日,1.75人日,1.00人日,0.50人日,0.00人日,対応依頼,,"2020/12/18:保守問題点管理表で管理。必要であれば保守問題点管理表から改善リストへ移行


方針調整のための千葉打合せ実施予定（2021/5/20）

注文書送付予定（2022/11/14）
",,1168,No.1168,e,,,,,,,,,,,,,,,,,,,,
,191,2020/07/08,千葉,YJP新山,伊藤祐希,一般シフト生産作業予定画面で添加剤張込順が自動設定されない,Q2：代替手段により後続テスト実施可能,B：作業計画管理,B：作業計画管理,一般シフト生産作業予定画面、ガソリン生産作業予定入力画面,"■事象
一般シフト生産作業予定画面で添加剤張込順が自動設定されない。※7/8千葉ターゲット環境へのモジュールリリース後から発生している。

＜問題点エビデンス＞
https://app.box.com/folder/92428074851
【No191】一般シフト生産作業予定画面で添加剤張込順が自動設定されない.xlsx

■あるべき姿
一般シフト生産作業予定画面で添加剤張込順が自動設定される。

■代替手段
添加剤張込順を手動設定する。
","■原因
千葉初期流動問題点No.647対応において、一般シフト生産作業入力画面とガソリン生産作業予定画面の修正モジュールをリリースしています。
該当モジュールに北海道PJT横断テスト問題点No.074（インシデントNo.938）が含まれていました。

■対策
北海道PJT横断テスト問題点No.074（インシデントNo.938）を含まない修正モジュールを再リリース致します。

7/13
修正モジュールをリリースし、千葉ターゲット環境にて動作確認済。",オフラス,●,,,,,,,,,2020/07/13,2020/07/13,AP・コーディング,確認完了,,,,,,,,,,,,,,,,,,,e,,,,,,,,,,,,,,,,,,,,
,192,2020/07/10,千葉,YJP新山,澤田陽哉,Oracleアーカイブログが溢れた為、DB更新が行えない。,Q1：後続テスト実施不可,X：共通,その他,Oracleアーカイブログ削除,"■事象
日次バックアップにおいてOracleアーカイブログが削除されていない。DB更新が行えない為、アプリケーションが異常終了している。

運転制御が送信したコントロールステップ20に対して、運転管理から応答伝文が返信されない為、タイムアウトエラーが発生しています。

■あるべき姿
日次バックアップにおいてOracleアーカイブログが削除される。

■代替手段
手動でOracleアーカイブログを削除する。
","■原因
NetVault（バックアップツール）の保存領域が枯渇し，バックアップが正常に動作しなくなったため。
※アーカイブログをバックアップジョブの実行と共に削除する仕組みとなっているため。

領域が枯渇したのはDELL社設計時の運用タスク検討漏れ（過去ファイル削除運用の必要性をユーザに説明していなかった。）もしくは設計ミス。

■対策
サポート回答により，VTL（仮想テーブライブラリ）機能を使えば保存領域のローテーションが可能とのことであることが判明。
DELLの見解を踏まえ，以下2案のどちらで対応するか検討する。

対応案１　：　VTL機能を使ってバックアップジョブを再構築する。
対応案２　：　現環境のまま，領域があふれる前に定期的にマニュアル削除する運用手順を確立する。

2021/1/25 追記
百留様にてホワイトリストの再設定を実施予定

2021/2/19 追記
百留様にてホワイトリストの再設定を実施頂き、一部解消したとのこと。引き続き、ご対応頂く

2021/03/24 追記
引き続き、百留様にてご対応中とのこと

2021/05/20 青井追記
ホワイトリスト対応を行ったが、アーカイブログ溢れが再発。
関係者に再確認し原因調査を行ったところ、定期再起動時にNetVaultの復旧対応を
行っていなかったため、バックアップジョブが失敗していた。
バックアップジョブの一部である、アーカイブログバックアップ処理も実施されていないため、
ログバックアップおよびアーカイブ削除が実施されていないことが原因。

対処後、定期的な状況監視を行っていたが、NetVaultのバックアップジョブは正常処理
されており、アーカイブ溢れの再発もないため、クローズとする。
",IKC,●,,,,,,,,,,2021/05/20,環境設定,確認完了,,,,,,,,,,,,,,,原因と対処内容、経過を記載しクローズ（2021/5/20）,,,,e,,,,,,,,,,,,,,,,,,,,
,193,2020/07/13,千葉,YJP増井,高橋洋介 ,"品転品の試験結果が「---」or「―――」でOneSAPに連携されたため、試験成績書の測定値が
ハイフンで印字されるという事象が発生いたしました。

ハイフンでの連携はオフラス再構築後から発生した事象ですが、
現状のLab-Aidの仕組みをご確認いただけませんでしょうか
",Q3：後続テスト実施可能,L：試験管理,L：試験管理,OneSAP連携,"■事象
潤滑油試験の品転品の試験結果が「---」or「―――」でOneSAPに連携されたため、試験成績書の測定値がハイフンで印字されるという事象が発生いたしました。
ハイフンでの連携はオフラス再構築後から発生した事象ですが、現状のLab-Aidの仕組みをご確認いただけませんでしょうか。

■あるべき姿

■代替手段

","■原因
仮報告の品転については既に対応済みです。今回は仮報告もされていない潤滑油試験に対して品転が行われているため、以前発生した仮報告における品転と同じ動きになっています。
今回の調査依頼の報告値として「―――」を期待しているが、「---」となる件は別件になります。
サンプル別試験項目マスタのデータタイプが「X0:すべて可能（チェックなし）」となっているため、文字マスタにより、「---」から「―――」に変換が行われなかった。
原因調査報告（【No193】報告値が「---」となる原因について.xls）を参照のこと
2020/8/26
「---」,「―――」の試験項目がOneSAP（潤滑油）への送信対象となるのは仕様です。

■対策
サンプル別試験項目マスタのデータタイプを「X1:すべて可能（チェックあり）」に変更する。
2020/8/26
「---」,「―――」の試験項目がOneSAP（潤滑油）への送信対象外とする対応は、試験管理インシデントNo113として登録し、管理します。
",IKC,●,,,,,,,,2020/10/09,2020/10/14,2021/08/06,仕様通り,確認完了,,,,,,"OneSAP（潤滑油）送信において、""---""（未試験）の試験項目を送信対象外（レコードを出力しない）とする。",完了,0.60人日,0.50人日,0.70人日,0.70人日,0.50人日,,,実施します(千葉案件）,,113,2020/9 17K2D016_097,e,,,,,,,,,,,,,,,,,,,,
,194,2020/07/21,千葉,YJP張替,伊藤祐希,出荷密度一覧表の温度が異常,Q3：後続テスト実施可能,B：作業計画管理,帳票,出荷密度一覧表,"■事象
7/18に出力された出荷密度一覧表の0.5C-Mの温度が100℃超える異常な値となっている。
通常との違いとして異なるバースで0.5C-Mの出荷があるがブレンダーが違う為出荷比率もタンクも異なっている。
■あるべき姿
正しい温度で出力される。
■代替手段
手書きで修正
","■原因
ブレンド出荷の場合、タンクのブレンド比率と最新のタンク温度をもとに温度を算出して表示しておりましたが、出荷JOBの中で同一のブレンド出荷品が複数存在する場合、JOB毎に分けられず、出荷品名に紐づいたすべてのタンクから温度を算出して表示しておりました。

■対策
出荷品名とJOB毎に、設定されたタンクとそのタンク温度をもとに温度の算出を行います。",オフラス,●,,,,,,,,2020/08/06,2020/08/12,2020/08/12,設計不備,確認完了,,,,,,,,,,,,,,,,,,,e,,,,,,,,,,,,,,,,,,,,
,195,2020/07/28,千葉,YJP那須,伊藤祐希,IOS20-OFL:ETBE台帳の在庫修正について,Q3：後続テスト実施可能,J：バイオターミナル管理,J：バイオターミナル管理,バイオターミナル台帳,"■事象
度々申し訳ございません。
ETBE台帳の在庫修正をお願い致します。

■あるべき姿

■代替手段
手書きで修正

対応希望日：できれば今週中

","■原因
状況については既にご認識済かもしれませんが、今回の事象としては実態通りに操作が行われなかった結果、7月6日の引落数量が在庫に反映されなかったためとなります。
（7月6日、7月9日、7月10日の引落（伝票確定）が7月9日→7月10日→7月6日の順に行われております）

■対策
ご依頼の通りにデータパッチを行います。
ETBE台帳のデータパッチ後の検証結果を以下に格納しました。
https://app.box.com/folder/119004429746
・【No195】ETBE台帳修正対応.xlsx

2021/5/20　青井追記
過去対応状況確認したところ、データパッチ適用しユーザ確認が取れていたが、
問題点管理表がクローズされていなかった。
",オフラス,●,,,,,,,,2020/07/29,2021/07/30,2021/07/30,仕様通り,確認完了,,,,,,,,,,,,,,,リリース済みで内容更新漏れ（2021/5/20）,,,,e,,,,,,,,,,,,,,,,,,,,
,196,2020/07/30,千葉,YJP北薗,伊藤祐希,IOS20-OFL:輸入許可通知書の税率が合わない,Q1：後続テスト実施不可,F：外航通関,F：外航通関,通関業者輸入申告情報入力,"■事象 
　首件、外航入荷オーダー一覧の申告のところで輸入許可通知書(LPG)の内容を入力しましたが、 
　消費税と地方消費税の金額が誤って出てきます。 
　 
　GAS　CAPRICORNは確定済、NS FRONTIERは未確定です。 
　 

■あるべき姿 
税率が正しく表示される。 

■代替手段 
なし 


","■原因
本来、換算レートを変更時に、税額（関税、石油石炭税、消費税、地方消費税）を再計算すべきだが、税額の再計算を実施していないためです。
「船名：GAS　CAPRICORN」については、価格情報を入力後に換算レートを変更して、登録を実施した為、変更前の換算レートで計算された誤った税額が登録されたと考えられます。
■対策
暫定対応：
「船名：GAS　CAPRICORN」については、データパッチを実施致します。
「船名：NS FRONTIER」については、エビデンスの金額で計算すると、税額は仕様通り計算されていると考えております。税額の計算式に変更等がありましたらご教授ください。
恒久対応：
換算レート変更時に税額を再計算するように対応致します。

2020/7/31 YJP追記
「船名：NS FRONTIER」の税額について、問題ない旨の回答あり。
「船名：GAS　CAPRICORN」について、8/3(月）にデータパッチ予定。

2020/8/3 YJP追記
暫定対応として「船名：GAS　CAPRICORN」について、データパッチを実施致しました。",オフラス,●,,,,,,,,2020/08/05,2020/11/18,2021/08/06,AP・コーディング,確認完了,,,TSK-00044074,INC-00189126,,,,,,,,,,,,,,,e,,,,,,,,,,,,,,,,,,,,
,197,2020/08/18,千葉,YJP新山,伊藤祐希,0.5AのブレンドSIM計算できない,Q3：後続テスト実施可能,K：ブレンドシミュレーション,計算エンジン,ブレンドSIM計算,"■事象
現在0.5Aのブレンドシミュレーションを実施しても計算ボタンを押したところでエラーが出力され計算できない状態です。
1つ前の生産は8/12以前に計算しているため、8/12リリース含めてご確認お願い致します。
＜問題点エビデンス＞
https://app.box.com/folder/121138905784
■あるべき姿
ブレンドシミュレーションが実行できる
■代替手段
なし
","■原因
計算エンジン内部での実行時エラーですので、調査をお願いします。
※InファイルとOut2ファイルを問題点エビデンスに格納しました。
■対策",IKC,●,,,,,,,,,2020/10/14,2022/02/01,AP・コーディング,確認完了,,,,,,,,,,,,,,,,,,,e,,,,,,,,,,,,,,,,,,,,
,198,2020/08/20,千葉,高木義尚,伊藤祐希,協定書実績入力画面の日時等の入力欄で数字以外のマイナス（-）が登録できてしまう,,D：実績管理,D：実績管理,協定書実績入力画面,"■事象
協定書実績入力画面の「バース情報・離桟日時（分）」欄に「-0」が登録されて、港湾統計データ取り込み処理時にエラーが発生してしまった。

■あるべき姿
画面の日時の入力欄で空白でない場合の入力チェックは、""0""～""9""の数字以外エラーにするべき。

また、日付項目の数値の入力チェックは「日時データとして扱う事が出来る数値以外はエラーとします。」としているが実装として数値型に変換できるかとしているなら、日付型に変換できるかとするべきではないか合わせて確認願います。
これはシステム全体の話になります。

■代替手段
画面での入力値の更新","■原因
入力値「-0」が入力チェックの考慮から漏れておりました。

■対策
入力チェックロジックを修正します。

2020/08/26
修正エビデンスを以下に格納いたしました。
https://app.box.com/folder/121588429043
【No198】実績管理_協定書実績入力画面_時間項目に-0が入力できる",オフラス,●,,,,,,,,2020/08/26,2020/10/14,2020/10/14,AP・コーディング,確認完了,,,,,,,,,,,,,,,,,,,e,,,,,,,,,,,,,,,,,,,,
,199,2020/08/19,千葉,YJP北薗,伊藤祐希,TOP保税作業　不具合,Q2：代替手段により後続テスト実施可能,F：外航通関,F：外航通関,TOP保税作業,"■事象
TOP保税作業での不具合がありますので確認・改修お願い致します。

保険額を算出する時に、使用する換算レートが違う為、正しい金額になっていません。
関係帳票は、保税作業関係と輸入台帳も対応が必要です。
(1か月以内（９月中旬まで）)

2020/10/01 確認NG
包括保険料（INS）の算出時のみ使用する換算レートは一次通関時のレートである。CIF算出時のFOBに対する換算レートは作業時の換算レートである

■あるべき姿
正しい金額で保険額が算出される

■代替手段
EXCELで手修正


","■原因
保税作業時に使用する換算レートは、IM申告時の換算レートを使用すべきところ保税作業時点の換算レートを使用していたためです。

■対策
保税作業時は、IM申告時に使用した換算レートにて保険料を算出するように修正いたします。

2020/09/17 追記
一次申告作業以降のTOP保税作業、VAC保税作業、継続保税作業、外貨船用品（機用品）、外国貨物運送申告、において包括保険料（INS）を算出する際に使用する換算レートは一次申告作業時の換算レートを使用するように修正いたします。
また、対応する帳票に関しても、保険料算出時に使用する換算レートは一次申告作業時の換算レートを使用するように修正いたします。

2020/09/30 追記
検証エビデンスを下記BOXに格納いたしましたので、内容のご確認をお願いいたします。
https://app.box.com/folder/123551211368
【No199】保険料は一次通関時の換算レートを使用.xlsx

2020/10/01 追記（確認NG）
CIF算出時も一次通関時の換算レートを使用していいたため、包括保険料（INS）を算出する場合のみに修正いたします。

2020/10/09追記
検証エビデンスを下記BOXに格納いたしましたので、内容のご確認をお願いいたします。
https://app.box.com/folder/124093541487
【No199】保険料は一次通関時の換算レートを使用.xlsx

",オフラス,●,,,,,,,,2020/10/09,2020/11/18,2021/08/06,設計不備,確認完了,,,TSK-00044882,INC-00192815,,,,,,,,,,,,,,,e,,,,,,,,,,,,,,,,,,,,
,200,2020/08/27,千葉,伊藤祐希,伊藤祐希,業者申告誤入力削除依頼,Q1：後続テスト実施不可,F：外航通関,F：外航通関,通関業者輸入申告情報入力,"■事象
オフラスで申告入力箇所を誤ってしまったため、
添付の許可番号21333518610の業者申告を削除願います。
一段下と船名が同じため、入力箇所を誤りました。
（対応希望日：出来れば8/31週初め）

■あるべき姿

■代替手段
なし

","■原因
操作ミス
■対策
データパッチにて対応いたします。
2020/08/28 追記
データパッチ実施の検証エビデンスをBOXに格納いたしました。
内容をご確認願います。
https://app.box.com/folder/121711249129
No200_業者申告データパッチ結果.xlsx

内容に問題無ければ、8/31にデータパッチを実施させていただく予定です。
2020/08/31 追記
データパッチ内容に問題の無い連絡を受け、8/31に千葉ターゲット環境にデータパッチを実施",オフラス,●,,,,,,,,,,2020/08/31,その他,確認完了,,,,,,,,,,,,,,,,,,,e,,,,,,,,,,,,,,,,,,,,
,201,2020/09/01,千葉,YJP張替,伊藤祐希,ブレンド出荷タンク在庫チェック表不具合,Q3：後続テスト実施可能,B：作業計画管理,帳票,ブレンド出荷タンク在庫チェック表,"■事象
　同日に同油種別ブレンダーで出荷タンクが異なったとき、当該帳票の品名数量と出荷タンクが合わない事象が発生しています。
出荷に影響はありませんが事前のチェックで混乱を招きますので修正お願い致します。（1ヶ月以内）

■あるべき姿
上記状況でユーザーの想定通り帳票が出力される。

■代替手段
なし
","■原因
同油種の出荷品名が存在する場合、タンク情報がうまく紐づけられていなかったためです。
■対策
同油種における出荷品名とタンク情報が予約したものと一致するよう修正いたします。",オフラス,●,,,,,,,,2020/09/28,2020/10/14,2020/10/14,AP・コーディング,確認完了,,,,,,,,,,,,,,,,,,,e,,,,,,,,,,,,,,,,,,,,
,202,2020/09/02,千葉,YJP新山,伊藤祐希,SpiralScheduleへ連携したオーダ情報の日付不正,Q3：後続テスト実施可能,A：オーダ管理,A：オーダ管理,,"■事象
SpiralScheduleへのオーダ情報の連携で9/31のオーダが連携された。

受付済の内航出荷オーダ情報（作業日付8/31）に対して、オーダ入力画面から作業日付の月だけ8から9へ変更して再受付を行った。エラーが発生せずに登録する事ができたが、一覧画面に9/31のオーダ情報を表示できない為、オーダ詳細一覧画面で作業日付を範囲指定（9/30～10/01）して表示。

＜問題点エビデンス＞
https://app.box.com/file/714501404818

■あるべき姿
正しい日付でオーダ情報が作成される。

■代替手段
オーダ情報を手動変更する。
","■原因
オーダ入力画面において、作業日付が日付として正しいかチェックしていませんでした。

■対策
オーダ入力画面において、入力された日付データが日付として正しいかチェックを行います。
該当オーダは、画面から削除済。

9/17
エビデンスを以下に格納致しました。
　格納場所：https://app.box.com/folder/122854016186
　【No202】不正な日付でオーダ情報が作成される.xlsx
ご確認をお願い致します。",オフラス,●,,,,,,,,2020/09/17,2021/01/13,2021/05/21,AP・コーディング,確認完了,,,,,,"IKC内部検知（事後起票）
千葉の環境にて，ユーザがVIAA021501画面でオーダーをマニュアル登録した際，20200431というあり得ない日付でのデータが作成された。
※オーダー管理No「1912200010」（ただし，該当データは既にパッチ当て済み。）

11/19
千葉保守問題点No.202 にて対応済の為、仕様変更としてはキャンセル
※不具合対応として対応実施",キャンセル,,,,,,,,,,1182,,e,,,,,,,,,,,,,,,,,,,,
,203,2020/09/07,千葉,YJP小笠原,伊藤祐希,同一規格品ロット作成失敗,Q3：後続テスト実施可能,E：品質管理,X：共通,同一規格品ロット作成,"■事象
同一規格品ロット作成機能においてJ-A1をベースに「J-A1X」「J-A1Y」「J-A1ｺｳﾀﾞﾝ」が作成されるが
9/5のロット作成時は「J-A1ｺｳﾀﾞﾝ」だけ失敗しエラーが出力されていた。
再送時には問題なく処理されました。
■あるべき姿
ロット作成時に失敗せず送信される。
■代替手段
なし
（試験依頼一覧からリカバリ可能）","■原因
同一規格品の試験依頼を作成する際に適用規格の取得で試験管理との通信を行っています。
「J-A1ｺｳﾀﾞﾝ」の通信処理の際にSFサービスでソケットタイムアウトが発生し処理に失敗しているものと思われます。
■対策
SFサービスのソケットタイムアウト値は10秒となっています。
これを60秒に変更して、同現象が再現するか様子を見させていただきたいです。
2020/11/26 追記
ソケットタイムアウト値変更後のログを取得し、確認中です。
2021/01/07 追記
保守問題点No.205の対応を実施し、再度、同現象が再現するか様子見とさせてください。

2021/03/26 追記
No.203、205の対応後もソケットタイムアウトは発生しておりますが、本問題点と同様の事象、また、SFサービスのソケットタイムアウトに起因する業務に影響のある問題は発生しておりませんので、一度、クローズとし、同様の問題が発生した場合には、新規で起票することとさせて頂きたいと思います。",オフラス,●,,,,,,,,,2020/10/14,2021/03/26,環境設定,確認完了,,,,,,,,,,,,,,,,,,,e,,,,,,,,,,,,,,,,,,,,
,204,2020/09/14,千葉,YJP村上,伊藤祐希,外貨製造搬出日一覧から数量変更したオーダの削除,Q1：後続テスト実施不可,F：外航通関,F：外航通関,外貨製造搬出日一覧,"■事象
出荷中に急遽ボンド出荷オーダーの数量変更する事態が発生ししたため、ボンド出荷オーダーを作成し直しています。
ただし、途中で中断した分が残ってしまっているため申し訳ありませんが添付のオーダーの削除をお願いします。
（対応希望日：可能であれば9/16難しければ今週中）

■あるべき姿

■代替手段
なし

","■原因
誤操作
■対策
データパッチで対応いたします。

2020/09/17 追記
データパッチ実施の検証エビデンスをBOXに格納いたしました。
内容をご確認願います。
https://app.box.com/folder/122823612242
【No204】ボンド出荷オーダ削除対応.xlsx

内容に問題無ければ、9/18にデータパッチを実施させていただく予定です。
2020/09/18 追記
9/18 データパッチ実施
",オフラス,●,,,,,,,,2020/09/17,,2020/09/25,データ不備,確認完了,,,,,,,,,,,,,,,,,,,e,,,,,,,,,,,,,,,,,,,,
,205,2020/09/18,千葉,YJP新山,伊藤祐希,海上出荷JOB終了にならない,Q1：後続テスト実施不可,C：進捗管理,Y：通信管理,,"■事象
海上出荷JOBにおいてCS50以降の受信履歴がなく、進捗画面でも残り200KLから進まなくなっていた。
※OMC側は送信した履歴あり

出荷終了しても状況が変わらなかったため、OMCから実績再送したが状況は変わらなかった。
実績ファイルメンテで実績を入力しJOBを終了した。

■あるべき姿

■代替手段
実績ファイルメンテで実績を手動入力する。
","■原因
CS50以降のコントトールステップ受信において、SFサービスでソケットクローズが発生し、受信処理に失敗しています。
なお、No.203にて対応致しますソケットタイムアウト値の設定変更との関係性について、ただ今調査中です。

■対策
No.203との関係性調査の結果、事象の発生箇所が異なることから、No.203との直接的な関係性はないことが分かりました。そのため、No.205として別途対応が必要となります。
本件では、受信時のソケットクローズのタイミングが早いことが原因と思われますので、ソケットクローズのタイミングを遅らせる処理を追加し、同現象が再現するか様子見とさせていただきたいです。

2021/01/13 リリースを実施致しましたので、同現象が再現するか様子見とさせて頂きます。

2021/02/19 追記
2/10にログを取得し、確認しましたが、ソケットタイムアウトのExceptionが発生しております。
業務には影響が出ていないことを確認しております。
このExceptionがエラーに関連しているかどうかについて、まだ分かっておりませんので、その点も含め引き続き調査とさせてください。
調査結果については、3月の月例会にて報告致します。また、Exceptionとエラーに関連がない場合は、一旦、クローズとさせて頂きたいと思います。

2021/03/26 追記
No.203、205の対応後もソケットタイムアウトは発生しておりますが、本問題点と同様の事象、また、SFサービスのソケットタイムアウトに起因する業務に影響のある問題は発生しておりませんので、一度、クローズとし、同様の問題が発生した場合には、新規で起票することとさせて頂きたいと思います。",オフラス,●,,,,,,,,,2021/01/13,2021/03/26,環境設定,確認完了,,,,,,,,,,,,,,,,,,,e,,,,,,,,,,,,,,,,,,,,
,206,2020/09/18,千葉,YJP村上,伊藤祐希,外貨製品在庫日報の払出数量不正,,F：外航通関,F：外航通関,外貨製品在庫日報,"■事象
9/13出荷分のORIHIME分、8信和丸に積み、もう一隻当日予定されていた艀の代わりに翌日の9/14　8信和丸が残りを積込み出荷しました。
その9/14積込み分が反映されていないようです。
■あるべき姿
積込み分が正しく反映されること。

■代替手段


","■原因
仕様とおりです。
9/14 ORIHIME
　GAS OIL        　   38.796KL
　BOTTOM OIL　 457.318KL
のデータですが、
保税台帳上、搬出日が9/13になっておりますことから、
9/15（9/14集計分）でなく、9/14（9/13集計分）の外貨製品在庫として集計されております。
調査結果エビデンスをBOXに格納いたしました。
https://app.box.com/folder/123291677947
【No206】外貨製品在庫の集計について.xlsx

■対策
対応不要にてクローズとさせていただきます。",オフラス,●,,,,,,,,,,2020/09/18,仕様通り,対応不要,,,,,,,,,,,,,,,,,,,e,,,,,,,,,,,,,,,,,,,,
,207,2020/10/13,千葉,YJP新山,伊藤祐希,内航入荷JOBが送信中のままとなりJOBを削除できない,Q3：後続テスト実施可能,B：作業計画管理,B：作業計画管理,JOB送信,"■事象
内航入荷JOB（JOBNo：132366）を運転制御へ送信したが、ステータスが送信中のまま遷移しない。また、ステータスが送信中の為、JOBを削除する事もできない。
運転制御へJOBは送信されており、応答伝文も正常で返信されている。

＜問題点エビデンス＞
https://app.box.com/file/729602851314

■あるべき姿
運転制御から受信した応答伝文に従い、JOBのステータスを遷移する。

■代替手段
なし
","■原因
調査中です。

10/12の14:31頃、JOB送信結果受信において、DBとのコネクションリセットが発生し、受信処理に失敗しています。
この時間帯にOracleの再起動がかかっているように思われます。

10/21
当該時間帯(10/12 14:31)にDBサーバの再起動を行っていたことが原因になります。
■対策
＜暫定対応＞
該当JOBのステータスを未送信状態へ手動変更しました。

対策としましては、
　・業務で使用する時間帯の再起動は控えていただくようお願い致します。
　・再起動が必要な場合は、ユーザに周知徹底した上で、実施をお願い致します。

また、今後このような事象が発生した場合のリカバリ方法としまして、下記内容になることが考えられますので、ご検討ください。
・送信中で残ってしまったJOBに対して、送信ステータスを未送信状態に戻すパッチを当てます。
・パッチを当てた上で、再度JOBNo設定を行っていただくことになります。

11/27（IKC青井）
11/11にサーバ再起動作業が原因であることを報告し、
クローズの了承を頂いたため完了とする。",IKC,●,,,,,,,,,,2020/11/27,その他,確認完了,,,,INC-00204002,,,,,,,,,,,,,,,e,,,,,,,,,,,,,,,,,,,,
,208,2020/10/06,千葉,YJP村上,伊藤祐希,外貨在庫日報不具合,,F：外航通関,F：外航通関,外貨製品在庫日報,"■事象
外貨製品在庫日報にて表示上の問題と思われますが気になる点がございますので調査対応お願い致します。
数量の修正はパッチ対応でお願い致します。
（対応希望日：1か月以内）

■あるべき姿

■代替手段

2021/1/22:保守残件としてどうなっているか定例にて確認する。

2021/5/31搬出日と承認日を合わせる運用にするため、対応不要","■原因
仕様とおりの認識です。
外貨製品在庫日報に表示しているデータは保税台帳から取得しておりますが、保税台帳は、許可･承認番号＋許可･承認日に対し、複数の搬出日の登録が不可となっております。

今回、外貨製造搬出業務を9/29、9/30に実施されておりますが、同じ承認番号（LDS-1207）、承認日（2020/09/28）のTOP保税作業から引落し（搬出）されており、上記の保税台帳の許可･承認番号に複数の搬出日を登録できないという前提から、搬出日9/29の搬出数量に9/30の搬出数量を纏めており、外貨製品在庫日報としても9/30分を9/29に集計した形で表示しております。

既設においても、既設のテーブル構成を見る限りでは同様の事象であったと思われます。
■対策
下記の2案が考えられますが、いずれもインシデント対応の認識です。
案１）
外貨製品在庫日報の搬出数量の取得は、保税台帳でなく搬出日単位で管理している外貨製造搬出明細から取得する。
懸念として、外貨製品在庫日報は搬出日単位で表示されますが、保税台帳明細は１搬出日に集約された形での表示となります。
案２）
保税台帳の複数搬出日の登録を可能とする。
当対応が一番と思いますが、テーブル構成を変更する必要があることから影響範囲が大きくなります。

月次確定時には搬出数量は一致することから、対応不要としていただくか、
上記のインシデント対応を実施するか、申し訳ございませんがご検討願います。
",オフラス,●,,,,●,,,,,,2020/10/06,仕様通り,対応不要,"IOS20-OFL-SBM-T2-003_画面個別機能仕様書_VIFX060102_外貨製品在庫日報作成_v1.4
IOS20-OFL-SBM-T2-003_画面個別機能仕様書_VIFX040202_外貨搬出実績数量確定_v1.4
",,,,,"保守_問題点管理表No.208対応

今回、外貨製造搬出業務を9/29、9/30に実施されておりますが、同じ承認番号（LDS-1207）、承認日（2020/09/28）のTOP保税作業から引落し（搬出）されており、上記の保税台帳の許可･承認番号に複数の搬出日を登録できないという前提から、搬出日9/29の搬出数量に9/30の搬出数量を纏めており、外貨製品在庫日報としても9/30分を9/29に集計した形で表示しております。
既設においても、既設のテーブル構成を見る限りでは同様の事象であったと思われます。

下記の2案の対策が考えられますが、いずれの案を実装するかご検討願います。
案１）
外貨製品在庫日報の搬出数量の取得は、保税台帳でなく搬出日単位で管理している外貨製造搬出明細から取得する。
懸念として、外貨製品在庫日報は搬出日単位で表示されますが、保税台帳明細は１搬出日に集約された形での表示となります。
案２）
保税台帳の複数搬出日の登録を可能とする。
当対応が一番と思いますが、テーブル構成を変更する必要があることから影響範囲が大きくなります。",IKC確認中,,,,,,,,"2020/12/18:保守問題点管理表で管理。必要であれば保守問題点管理表から改善リストへ移行


方針調整のための千葉打合せ実施予定（2021/5/20）",,1218,,e,,,,,,,,,,,,,,,,,,,,
,209,2020/10/21,千葉,YJP村上,伊藤祐希,DBサーバ異常,,X：共通,その他,Oracleアーカイブログ削除,"■事象
千葉製油所のDBサーバで、アーカイブログがいっぱいになったと思われるエラーが発生しています。
緊急措置として、アーカイブログ削除→DBサーバ再起動の手順で実施して問題ないでしょうか。

■あるべき姿

■代替手段


","■原因
保守_問題点管理表No.192と同件です。
■対策
NetVaultのバックアップジョブが正常稼働していなかったため。
NetVaultの設定を確認し正常な状態に修正。
（2021/2/18 IKC青井）",IKC,●,,,,,,,,,,2021/02/18,環境設定,確認完了,,,,,,,,,,,,,,,,,,,e,,,,,,,,,,,,,,,,,,,,
,210,2020/10/21,千葉,YJP村上,伊藤祐希,TOP保税作業の帳票にてエラー発生,,F：外航通関,帳票,"TOP保税作業記録表
TOP保税作業終了届
TOP保税作業使用原油明細
TOP保税作業国内引取品明細","■事象
TOP保税作業の書類を作成しようとしたの際に添付のようなエラーメッセージが出て、帳票が正常に作成されませんでした。
今回IMを３本使用しています。２本使用した時は、大丈夫だったのですが、IM使用に制限はあるのでしょうか？
（対応希望日：1か月以内）

■あるべき姿
エラー無く、出力されること

■代替手段


","■原因
IMが3本の場合のシート作成判定処理に誤りがありました。
3本の場合にエラーが発生するため、2本使用した場合は正常に動作しています。
■対策
3本時の判定を修正し、エラー発生なく作成されるよう対応いたします。",オフラス,●,,,,,,,,2020/11/06,2021/01/13,2021/08/06,AP・コーディング,確認完了,,,,,,,,,,,,,,,,,,,e,,,,,,,,,,,,,,,,,,,,
,211,2020/10/21,千葉,YJP吉永,伊藤祐希,バースバッチ量で数量変更後オーダー管理画面数量が正しくない,Q3：後続テスト実施可能,C：進捗管理,C：進捗管理,バース・バッチ量変更画面,"■事象
10/21　7BTで出荷した南山（05A　70KL　05C-M　100KL）が
バースバッチ量で数量変更後にオーダー管理側の数量が設定した数量になっていないことがわかった。（下位への送信は問題なかった）
その影響により協定書実績に05C-Mが表示されない事象も発生している。

■あるべき姿
オーダー変更後にオーダー数量も正しく修正される
■代替手段
協定書実績を手書きで修正

","■原因
調査中です。

10/26
バース・バッチ量変更画面で、オーダ数量は以下の計算式で求めていますが、
　オーダ数量 = オーダ数量(DB値) - 変更前計画数量(画面値) + 変更後計画数量(画面入力値)

以下の操作により、オーダ数量の値が変更した値になっていませんでした。
また、協定書実績で05C-Mの項目がない件については、オーダ数量がマイナス値の場合、協定書実績を作っていない為です。
①10/20 15:20 出荷JOB ×42個をJOBNo設定 ※トランザクション張られる
②10/20 15:25 内航出荷オーダ編集画面から該当オーダの数量を変更
                         05A：100 ⇒ 70
                         05C-M：250 ⇒ 100
　　※オーダ数量は70, 100に書き換えられる
③10/20 15:32 該当オーダのJOBNo設定
　　※15:20からトランザクションが張られてしまっている為、計画数量は②で更新した値ではなく、変更前の100, 250で作られる
④10/21 07:34 バース・バッチ量変更画面から計画数量を70, 100に変更して登録
　　※変更前の計画数量は、②で登録された100, 250が表示される
　05Aのオーダ数量 = 70(DB値) - 100(変更前計画数量) + 70(変更後計画数量)
                               = 40
　05C-Mのオーダ数量 = 100(DB値) - 250(変更前計画数量) + 100(変更後計画数量)
                                   = -50
■対策
オーダ数量は変更後計画数量で更新するように修正致します。

エビデンスを以下に格納致しました。
https://app.box.com/folder/125175233531
【No211】バースバッチ量で数量変更後にオーダー管理側の数量が設定した数量になっていない.xlsx
",オフラス,●,,,,,,,,2020/10/28,2020/12/09,2021/01/06,AP・コーディング,確認完了,,,,,,,,,,,,,,,,,,,e,,,,,,,,,,,,,,,,,,,,
,212,2020/10/20,千葉,YJP新山,伊藤祐希,【至急】SAP揚荷登録処理が出来ない,Q1：後続テスト実施不可,Y：通信管理,その他,伝票実績送信,"■事象
本件、アプリサービスデスク経由で流通業務部 担当者からあがった問合せです。
 
オフラス側では送信済みとなっていますが、SAP側に届いていないようなので、まずはオフラス側の状況をご確認いただけますでしょうか。
 
 流通業務部 担当者コメント
--------------------------------------------
SAPにて、揚荷入力処理を行おうとしたところ、
ステータス（2）は揚荷入力処理を行えませんと表示されました。
内容を見ると、送り状数量がゼロ表示になっていたため、海運課経由で積地の千葉事業所に連絡を取っていただいたところ、実績済みの回答をもらっていますので、このままでは、入力できないでいます。
対応お願いいたします。
--------------------------------------------
 
アプリサービスデスク確認結果
--------------------------------------------
千葉製油所のオフラスの実績がSAPに取り込まれておりません。
恐れ入りますが、取り込まれない原因調査と対応方法をご教授いただけますでしょうか。
参考までに、ASDの確認結果を添付いたします。
--------------------------------------------

＜問題点エビデンス＞
https://app.box.com/folder/124780375347
【No212】SAP揚荷登録処理ができない.xlsx

■あるべき姿
伝票実績がSAPに取り込まれる。

■代替手段
なし

","■原因
10月18日 22時台に該当伝票Noを含む伝票実績ファイルが送信されています。
ファイル送信を実行すると、L3.5サーバの所定のフォルダへ格納された後、IKC提供のバッチファイルを実行しています。該当時間帯にOneSAPのサーバ載せ替え作業が行われており、一時的にOneSAPへ送信しない様に設定を変更していたが、リカバリ処理が行われていなかった。

■対策
伝票実績ファイルの手動送信を実行。

＜バックアップファイル＞
D:\eai\OneSAP\SndBackup\SB02InputNyushukkaInETSRPSO.csv2020101973419
※伝文ファイル内の伝票Noは、10004、10005、10008
 
＜手動送信方法＞
バックアップフォルダ内のファイルを「SB02InputNyushukkaInETSRPSO.csv」へリネームし、
「D:\eai\OneSAP\GBR00770」へコピーする。
「SBM0_CopyToRenkeiNAS.bat」を手動実行し、SAPへファイル送信を行う。

＜送信結果＞
https://app.box.com/folder/124781030601

10/26
手動再送後、ユーザの後続処理に問題がなかった事からクローズします。
",IKC,●,,,,,,,,,,2020/10/26,その他,確認完了,,,,,,,,,,,,,,,,,,,e,,,,,,,,,,,,,,,,,,,,
,213,2020/10/27,千葉,YJP吉永,伊藤祐希,オーダ登録時の排他管理がうまくいっていない,Q3：後続テスト実施可能,A：オーダ管理,A：オーダ管理,オーダ登録,"■事象
保守問題点No.211から派生した問題点になります。

オーダ登録時の排他管理がうまくいっていません。
複数ユーザが同時にオーダ登録を行った時、後に変更した情報が反映されており、更新エラーとならない。
※排他管理の仕様は、画面共通機能仕様書の「4.2. 排他管理」を参照ください。
■あるべき姿
後に変更した情報が反映されずに、オーダ登録エラーとなること。
■代替手段
一度、オーダ編集画面を再表示し、データ変更後、オーダ登録を行う。","■原因
オーダ登録時、オーダ情報を再取得し、常に最新の情報で排他管理を行っている為、更新エラーとならずに後に変更した内容が反映されています。
■対策
後に行った変更内容は反映せずに、「他のユーザーが変更しています。再度登録し直してください。」とエラーメッセージを画面左上に表示致します。

11/24 
思いのほか修正に時間がかかっている為、エビデンス提出日の変更をお願いしたく宜しくお願い致します。

12/7
エビデンスを以下に格納致しました。
https://app.box.com/folder/127517776582
【No213】複数ユーザ同時にオーダ登録を行った場合、後に編集した内容が反映される.xlsx

2021/04/26YJP追記
千葉がエビデンス確認中の間に北海道で同じ問題点が発生しました。（No.320で起票）
北海道環境には、修正モジュールをリリース済です。",オフラス,●,,,,,,,,2020/12/07,2021/05/26,2022/02/25,AP・コーディング,確認完了,,,,,,,,,,,,,,,,,,,e,,,,,,,,,,,,,,,,,,,,
,214,2020/10/27,千葉,YJP吉永,伊藤祐希,JOBNo設定時の排他管理がうまくいっていない,Q3：後続テスト実施可能,B：作業計画管理,B：作業計画管理,JOBNo設定,"■事象
保守問題点No.211から派生した問題点になります。

JOBNo設定時、オーダとJOBの排他管理がうまくいっていません。
JOBNo設定中に、オーダ変更を行った時、オーダ情報が変更になったのにも関わらず、変更前のオーダ情報でJOBを作成してしまっている。
設定エラーとならない。
■あるべき姿
設定エラーとなること。
■代替手段


","■原因
JOBNo設定画面で検索を実行した時点のオーダ情報でJOB情報を作成しています。
設定ボタンを押下した時に、オーダ情報が更新されているかの確認を行っていない為、変更前の情報でJOBを作成している。
■対策
対策として下記良いか確認をお願い致します。
・JOBNo設定時、1件ごとにオーダ情報が更新されているかの確認を行います。
・更新されている場合は、全てのJOBNo設定が完了しましたら、「オーダー情報が変更されているオーダーがあります。」ポップアップを表示するように修正いたします。

上記内容で合意致しました。
　・JOBNo設定時、オーダ1件ごとにオーダ情報が更新されているかの確認を行います。
　・更新されている場合は、[失敗]アイコンを表示し、次のJOBNo設定の処理に行きます。
　・全てのJOBNo設定が完了しましたら、「オーダー情報が変更されているオーダーがあります。」旨のポップアップを表示するように修正いたします。

11/24 
思いのほか修正に時間がかかっている為、エビデンス提出日の変更をお願いしたく宜しくお願い致します。

12/7
エビデンスを以下に格納致しました。
https://app.box.com/folder/127517918625
【No214】JOBNo設定時にオーダ変更を行った場合に変更前のオーダでJOBを作成している.xlsx

",オフラス,●,,,,,,,,2020/12/07,2021/05/26,2022/02/25,AP・コーディング,確認完了,,,,,,,,,,,,,,,,,,,e,,,,,,,,,,,,,,,,,,,,
,215,2020/10/28,千葉,青井圭介,伊藤祐希,緊急時運用報告調査表の不具合,Q2：代替手段により後続テスト実施可能,G：マスバランス,帳票,,"■事象
商品管理／石連週報／緊急時運用報告調査表で
帳票作成をしても受入量・払出量のデータが収集されない。

■あるべき姿
帳票作成をしたら、すべてのデータが出力される。

■代替手段
SAPから基礎データを収集し転記する。
","■原因
2020年1月の北海道対応時、対応誤りがありデータ出力処理がコメントアウトされていた。

■対策
データ出力処理のコメントアウトを削除する。

■追加検討
連絡頂いた追加検討事項について継続調査するため、リリース後も本件はクローズしない。
① SAPからの取り込みデータ（「出力データ」シート）に同じ伝票のものが
８件収集されているため、１件にしてほしい。
→上記により手順１を実施しなければならないと理解しました。
　誤入力防止や作業効率からご検討をお願いします。

② 「対象外」と入力するものは、初めからSAPから取り込まないようにできるか？
→①と同様、手順２の誤入力防止や作業効率からご確認をお願いします。

11/12 IKC青井
追加検討事項①と②について、ユーザより取り下げ依頼があったため、
問合せ事項の修正・リリースは完了しているのでクローズする。
",自営帳票,●,,,,,,,,2020/11/02,2020/11/02,2020/11/12,AP・コーディング,確認完了,,,TSK-00047826,INC-00207143,,,,,,,,,,,,,,,e,,,,,,,,,,,,,,,,,,,,
,216,2020/11/05,千葉,YJP村上,伊藤祐希,外貨在庫日報不具合,,F：外航通関,F：外航通関,外貨在庫製品日報作成,"■事象
外貨製品在庫日報にて、通関が終わっているのに関わらず、一覧にずっと残ったままの状態となっているものが数件あります。
こちら急ぎませんので、今月中に削除して頂くようにご依頼願います。
（対応希望日：今月(11月）中）

■あるべき姿

■代替手段
なし。","■原因
在庫数量が０の情報も無条件に表示対象としているためです。
2020/11/13 追記
上記制御については対応済で業務APに不備がないことが判明いたしました。
左記事象の実際の原因は、過去に発生した不具合に対し、過去データのリカバリ（不要データの削除）が漏れていたためです。
■対策
表示対象の条件として、「残数量―予約数量＞０」の条件を追加いたします。
2020/11/13 追記
データパッチにて、有効になっている日報データを削除いたします。
付きましては、提示していただいた黄色マーカデータの通関日（内貨振替日）をご提示していただきたく、こちらで認識した削除対象データと一致しているかをデータパッチ前の検証を実施したいと考えております。
2020/11/19 追記
提示していただいた通関日とこちらで認識した削除対象データが一致しておりました。
11/24にデータパッチを実施させていただく予定です。
2020/11/24 追記
本日（11/24）、データパッチを実施いたしましたのでご確認願います。
",オフラス,●,,,,,,,,2020/11/13,2020/11/24,2020/11/25,データ不備,確認完了,,,,,,,,,,,,,,,,,,,e,,,,,,,,,,,,,,,,,,,,
,217,2020/11/05,千葉,YJP張替,伊藤祐希,内外貨同時運送申告書について,,F：外航通関,帳票,内外貨同時運送申告書,"■事象
内外貨同時運送申告書の申告日付が『###』で表示される。
（対応希望日：今月(11月)中）
■あるべき姿

■代替手段


","■原因
対象の帳票で印刷倍率の設定に誤りがあったため、申告日付の項目で『###』と表示されておりました。
■対策
印刷倍率を修正し、各項目で『###』とならないよう対応いたします。",オフラス,●,,,,,,,,2020/11/19,2020/11/27,2020/12/02,AP・コーディング,確認完了,,,,,,,,,,,,,,,,,,,e,,,,,,,,,,,,,,,,,,,,
,218,2020/11/06,千葉,YJP吉永,伊藤祐希,オンラインオーダー受信時テストカードの状態が変更される,Q3：後続テスト実施可能,A：オーダ管理,A：オーダ管理,SAISPlusオンラインオーダ受信,"■事象
オンラインオーダー受信時なぜかテストカードの項目が要から否に変更されている。
上位からの変更はされていない。（SAISからの入力画面にない）
テストカードについての条件は仕様書確認してもわかりませんでした。
どういった条件で要否の設定されるか確認、ご対応お願い致します。

■あるべき姿
テストカードが初めから要になっているときは否に変更しない（現状確認後修正）

■代替手段
なし

■対応希望日：1か月以内","■原因
テストカードの項目は、取引先No.2コード, No.2補助コードを条件に納入先マスタの試験成績書要否フラグを設定しています。
エビデンスにあります、「要」から「否」に変わったオーダNo：69019, 61056(※)については、いづれも保留オーダを受信しており、その際、テストカードの補完処理を行っていない為、初期値の「否」が設定されていました。

(※)オーダNo：61056については、エビデンスでは正常にオーダが取り込まれているように見えますが、保留オーダ受信後、オンラインオーダ情報修正画面から再登録を行っていました。

■対策
保留オーダ受信時にもテストカードの補完処理を行うように修正致します。

12/7
エビデンスを以下に格納致しました。
https://app.box.com/folder/127525088832
【No218】オンラインオーダ受信時なぜかテストカードの項目が要から否に変更されている。.xlsx
",オフラス,●,,,,,,,,2020/12/07,2021/01/13,2021/05/21,AP・コーディング,確認完了,,,,,,,,,,,,,,,,,,,e,,,,,,,,,,,,,,,,,,,,
,219,2020/11/06,千葉,YJP那須,青井圭介,納税伝票の訂正が出来ない,Q1：後続テスト実施不可,I：伝票発行管理,I：伝票発行管理,伝票訂正,"■事象
伝票を「訂正」ボタンより赤黒訂正しようとしたところ、以下のエラーメッセージが出て伝票起票できない
　変更不可データのため、［訂正］伝票作成画面は開けません。

■あるべき姿
伝票の訂正ができる

■代替手段
なし
","■原因
対象の納税伝票について、何らかの要因により訂正済として伝票データが更新されており、そのために変更不可（訂正アイコンに赤線で取消線）の状態となっておりました。

2020/11/16
本件に関してデータを確認した結果、想定外の方法（例：タブの複製）により複数の画面を開いて操作されたと思われる状況となっていました。
結果、取消伝票および訂正伝票作成時に被訂正伝票との紐付けできない伝票が作成され、取消伝票と訂正伝票を削除しても被訂正伝票が再度訂正できない状況が発生しておりました。

本件に関する調査状況（データの登録状況、事象を再現させる方法など）について、以下の「【No219】納税伝票訂正不可の調査資料.xlsx」にまとめております。

■対策
対象の伝票については訂正済ではない状態へ戻すデータパッチを行い、伝票の訂正を可能とします。
検証エビデンスを以下に格納いたしました。
https://app.box.com/folder/125672884466

恒久対応については引き続きなぜ事象が発生したのか調査を行います。

2020/11/16
複数画面を開いて操作する場合は、お伝えしている「Chromeのユーザープロファイルを切り替える方法（ショートカットを複数用意する）」での実施をお願いいたします。

2020/11/17　IKC青井
複数タブによる操作であったことが判明。
操作方法について、「ショートカットを複数用意する」方法を連携。
本件は原因がシステム操作誤りであることと、データパッチ適用により
後続業務が完了したためクローズする。
",IKC,●,,,,,,,,,,2020/11/18,仕様通り,確認完了,,,,,,,,,,,,,,,,,,,e,,,,,,,,,,,,,,,,,,,,
,220,2020/11/09,千葉,YJP大武,青井圭介,2020/10の月締めで実地棚卸表と製油所受払月報の在庫が合わない品名がある,Q1：後続テスト実施不可,Y：通信管理,Y：通信管理,OneSAP入出荷伝票の受信,"■事象
2020/10の実地棚卸表と製油所受払月報の月末在庫が不整合になっている品名がある

■あるべき姿
月末在庫が合致する

■代替手段
なし

","■原因
OneSAPから受信する入出荷伝票が欠落しており、オフラスの伝票数量とOneSAPの伝票数量が合致していない状態になっていた。
欠落した日付と原因は以下の通り
　10/01　L35から転送されたファイルの一部が文字化けしてしまい、受信できなかった
　10/12　L35からの転送機能が実行されず、受信できなかった
　10/21　L30で取込機能を実施したが、DBに接続できなかった

■対策
本件は、問題ファイルの再取込を実施しております。
また、調査の結果以下の状況です。
　10/01　再取込時にL35から処理しなおしましたが、再現せず取り込まれました。
　　　　　→ログからは異常が確認できず、再処理でも再現しなかったため、再現待ちとさせていただきたいです。
　10/12　このログが、取得時点ですでに失われており、別で取得もしていなかったため、詳細の調査ができない状態です。
　　　　　→本件再現待ちとさせていただき、再現時にログを取得するようにさせていただきたいです。
　10/21　この日はDBのアーカイブログが溢れていたため、その影響でDBに接続できていないために発生しておりました。
　　　　　→アーカイブログ溢れの対応によって、発生しなくなると考えられます。

2021/1/25 YJP追記
10月度の締め処理後、同様の事象は発生しておりませんので、一度クローズし、再発時は再起票にて対応させて頂きたいと思います。",オフラス,●,,,,,,,,,,2021/01/25,再現待ち,確認完了,,,,,,,,,,,,,,,,,,,e,,,,,,,,,,,,,,,,,,,,
,221,2020/11/11,千葉,YJP村上,伊藤祐希,TOP保税作業の副生留分の入力について,,F：外航通関,F：外航通関,TOP保税作業記録表入力,"■事象
TOP保税作業で確認・修正をお願いします。
副生留分が出ていないのですが、副生留分を入力しないと作業が進まない。
本日税関申告する予定でしたが、保税作業期間は１７日まで計画しているので来週申告するので、１３日までに対応頂けませんでしょうか。
（対応希望日：11/13）

■あるべき姿
次業務へ進めること

■代替手段
","■原因
副生留分の装置（流量計番号：3D-FRS-D-207D、タグ：D3FP207D）にて
2020/11/09　1,369.327
2020/11/10　1,369.328
と、0.001KLの差異が発生しております。
副生留分の流量計値については、初期流動_問題点管理表No.541にて、100L未満は切り捨ての対応していることから、流量計積算値記録表作成画面においては、1,269.300にて表示されていますが、副生留分有り/無しの判定時は100L未満を切捨てをせず、生値で判定していたため、本事象が発生しております。
■対策
恒久対応：
副生留分有り/無しの判定を100L未満切捨てた結果で判定するように修正いたします。
暫定対応：
11/16にデータパッチを実施いたします。

2020/11/19 追記
検証エビデンスを下記BOXに格納いたしました。
内容のご確認をお願いいたします。
https://app.box.com/folder/126448912242
【No221】TOP保税作業副生留分0時の画面不備対応.xlsx
",オフラス,●,,,,,,,,2020/11/19,2021/01/13,2022/04/19,AP・コーディング,確認完了,,,,,,,,,,,,,,,,,,,e,,,,,,,,,,,,,,,,,,,,
,222,2020/11/19,北海道,YJP小笠原,百留哲平,ブレンドSIMでアウトプットファイルの読込に失敗する,Q1：後続テスト実施不可,K：ブレンドシミュレーション,Y：通信管理,ブレンドシミュレーション,"■事象
「アウトプットファイルの読込に失敗した」とのエラーでブレンドSIMが回せない。
https://app.box.com/file/743415614093
■あるべき姿
正常にブレンドSIMが回せる。
■代替手段
なし
※09:34に別件でサービスの再起動が行われており、それ以降は現象は解消されている
","■原因
計算エンジンが作出力するアウトプットファイル(2011190735001S-Out2.DAT)が存在しないため、ブレンドSIMで読込に失敗しています。
ログを確認した限りでは、ブレンドSIMが計算エンジンの呼び出しに失敗している形跡は見当たりませんでしたので、計算エンジンがアプトプットファイルの作成に失敗している可能性が考えられます。
アウトプットファイルの作成に失敗していないか、またどういった場合に作成に失敗する可能性があるのか、調査をお願いします。
■対策
2020/12/14
北海道初期流動問題点No.297に関連してサーバの動作が不安定な状態にあったことが原因と考えられるため、本件はクローズし、恒久対応は北海道初期流動問題点No.297に準じるものとします。",IKC,,●,,,,,,,,,2020/12/14,その他,対応不要,,,,,,,,,,,,,,,,,,,e,,,,,,,,,,,,,,,,,,,,
,223,2020/11/20,北海道,吉田諒,柴田裕,生産シフト作業報告書出力エラーについて,,,,,"■事象
生産シフト作業報告書出力時に            Error outputdateが出力される。

■あるべき姿
正常出力
■代替手段
なし
","■原因
　データにNULL値が登録されていることで、取り込み処理でエラーとなった

■対策
2020/11/20 EXE
　帳票側で、NULL値であった場合、0表示とするよう修正する
エビデンス223格納済み",自営帳票,,●,,,,,,,,2020/11/20,2020/11/27,データ不備,確認完了,,,,,,,,,,,,,,,,,,,e,,,,,,,,,,,,,,,,,,,,
,224,2020/11/20,北海道,YJP小笠原,柴田裕,試験依頼の受付待ちでないため変更できない旨のその他エラー,Q2：代替手段により後続テスト実施可能,E：品質管理,Y：通信管理,試験依頼,"■事象
エビデンスの様な事象が発生。
当日どのような操作をして事象に陥ったか調査お願いします。
https://app.box.com/file/743814435969
■あるべき姿
もし、試験中に変更？登録？動作でこのエラーになるのであれば、
そもそも作業を受け付けない、グレーアウトする等があるべきではないでしょうか。
試験カードの再作成が必要になってしまいます。
■代替手段
試験カード再作成
","■原因
11/19の朝は北海道初期流動問題点No.297に関連してサーバの動作が不安定な状態にありました。（百留様が09:35頃にサービスの再起動を行い不安定な状態は解消されています。）
A4-01119-10-S62EIZANTは、Lab-Aidでは09:24に受付が行われ「試験中」となりましたが、オフラスが試験中となった試験結果を受信できておらず、オフラスとLab-Aidのステータスが不一致の状態となりました。
この状態で採取時刻を10→11に変更する試験依頼伝文をLab-Aidに送信したため、その他エラーとなっています。
■対策
オフラスとLab-Aidのステータスが不一致な状態は、通信が正常に動作している場合には起こり得ないイレギュラーな状態です。
その他エラーの内容が「サンプルの状態が受付待ちではないため、試験依頼の変更ができません。」の場合は、何らかの原因でステータスが不一致な状態となっているため、Lab-Aidで「受付待」まで戻してもらい、再度試験依頼を行うリカバリが必要となります。
",IKC,,●,,,,,,,,,2020/11/25,その他,対応不要,,,,,,,,,,,,,,,,,,,e,,,,,,,,,,,,,,,,,,,,
,225,2020/11/20,北海道,YJP大武,柴田裕,REG実績が歯抜けになっている,Q2：代替手段により後続テスト実施可能,D：実績管理,D：実績管理,シフト生産実績ファイルメンテナンス,"■事象
　REGの作業実績（DLN,BB、受けタンク）の実績が完全に作成されていない。
　運転制御では問題なさそう。

■あるべき姿
正常に取り込まれる

■代替手段
OMC実績、密度履歴を参照して反映させる


","■原因
本件、ガソリン生産のJOBですが、一連のJOBの最後の伝文の受信が11/19 06:05付近でした。
当時、北海道初期流動問題点管理No297にある状況で、オフラスが不安定な状態になっておりました。
そのため、タンク在庫計算モジュールの呼び出しに失敗しており(オフラスのメッセージ一覧にエラーが表示されております)、JOB全体の後尺の情報が正しく登録されませんでした。
そのため、問題エビデンスのような画面表示になっております。
原因、対応については、北海道初期流動問題点管理No297に準じます。

■対策
本件のリカバリ対応として、実績ファイルメンテナンス画面から、密度(前尺と同じ)を入力、計算ボタンを押下後、登録ボタンを押下してください。
ステータスは「確認中」とさせていただきます。",IKC,,●,,,,,,,,,2020/11/25,その他,対応不要,,,,,,,,,,,,,,,,,,,e,,,,,,,,,,,,,,,,,,,,
,226,2020/11/20,千葉,YJP張替,伊藤祐希,継続保税作業終了届が出力できない,Q1：後続テスト実施不可,F：外航通関,帳票,継続保税作業終了届,"■事象
11月18日の入れ替え後、継続保税作業終了届が出力できない。
■あるべき姿

■代替手段


","■原因
No.199の横展開用のモジュールの中に、動作確認の中から漏れたモジュールが存在し、それがエラー発生に起因しておりました。
■対策
横展開用のモジュールを修正し、エラーが発生せず出力できるようにする。
また、今後このようなことがないよう、対応に注意いたします。",オフラス,●,,,,,,,,2020/11/20,2020/11/20,2020/11/20,AP・コーディング,確認完了,,,,,,,,,,,,,,,,,,,e,,,,,,,,,,,,,,,,,,,,
,227,2020/11/24,北海道,YJP小笠原,柴田裕,試験依頼が登録中のまま状態が遷移しない,Q2：代替手段により後続テスト実施可能,E：品質管理,L：試験管理,試験依頼応答,"■事象
試験依頼において登録中のまま遷移しない依頼がたまにある（11/23から）
https://app.box.com/file/745228812031
■あるべき姿
正常に遷移する
■代替手段
新規で同様内容でカード作成を行うと、正常に遷移するので仮対応としている

2020/1/5:運転管理のサーバ不調に伴う不具合のため、クローズ","■原因
11/23から11/24に発生した試験管理サーバのメモリ不足に起因し、以下の３つの試験依頼の処理において、メモリ不足のため、処理を中断していました。各試験依頼のメモリ不足エラーの発生場所は以下となっていますが、発生場所が徐々に悪化し、試験に近い場所で発生しています。
１）11/23 23:16 0.5A　EAI送信依頼時に起動エラー
２）11/23 23:23 KERO-G　試験依頼登録時にメモリーエラー
３）11/24 05:05 NPRG　試験依頼登録起動時にメモリーエラー
■対策
11/23に発生したメモリ不足となった原因を明確にし、メモリ不足に対応する。
※メモリ不足発生時のLab-Aidモジュールのメモリ使用量を確認したが、メモリを正常時と同じ使用量であったことを確認している。",IKC,,●,,,,,,,,,2020/01/05,環境設定,対応不要,,,,,,,,,,,,,,,,,,,e,,,,,,,,,,,,,,,,,,,,
,228,2020/11/25,北海道,YJP大武,柴田裕,"水切り実績ファイルメンテ、　タンク水切り実績で差し引きが＋の場合、
水切り実績がーで登録される。
",Q2：代替手段により後続テスト実施可能,D：実績管理,D：実績管理,"水切り実績
実績ファイルメンテナンス","■事象
水切り実績ファイルメンテ、　タンク水切り実績で差し引きが＋の場合、
水切り実績がーで登録される。
■あるべき姿
差し引きが＋の場合は、水切り実績を０で処理してほしい。（既設どおり）
■代替手段
手でメンテナンスする。


2021/1/19:YJPに未決事項を確認し、必要であれば打ち合わせで要否判断","■原因
本件、2020/11/20のお打合せで柴田様から打診を受けた件と思っております。
挙動としては、新設の仕様通りの認識です。
(水切りJOBが実施されたが、他JOBの要因もあって、タンク尺が増えてしまった場合、実績値がマイナスで算出される)
本件はインシデント管理にて対応させていただきたく思います。

■対策
インシデント管理に登録するにあたり、あるべき姿を確認させてください。
(タンク受払、タンク増減への影響を確認させてください。)
・水切り実績ファイルメンテ、タンク水切り実績で差引(後尺ー前尺)が＋の場合、0として処理するということは、
　水切りJOBの実績受信時点で差引が＋であった場合、実績数量0として登録する認識で良いでしょうか。
　その場合、タンク受払、タンク増減には、実績0で連携されていきます。(水切り中の場合はタンク増減の調整で数量が設定される可能性が高いですが)
→2020/11/27
　その認識でOKとのご連絡を頂きましたので、インシデント管理へ登録いたします。

2021/05/18
改修エビデンスを以下に格納いたしました。
https://app.box.com/folder/137580514749
【No228】実績管理_同時利用等で水切り実績がマイナスになった場合に実績0として登録",オフラス,,●,,,●,,,,2021/05/18,2021/05/27,2021/06/30,仕様通り,確認完了,IOS20-OFL-SBM-T2-001_機能仕様書_実績管理_v1.3,,,,,"保守問題点管理No.228対応

水切りJOBの実績は、マイナスになる場合がある。
(水切り中に受入すると、前尺＜後尺になる場合がある)
水切りJOBの実績がマイナスになる場合は、実績0に補正する処理を追加する。
(タンク受払、増減にも0で連携されていく)
この処理はシステム定数にスイッチを設けて、ON/OFFの切り替えを可能とする。",仕様変更承認済,0.50人日,1.00人日,1.00人日,0.50人日,0.50人日,対応依頼,,"2020/12/18:保守問題点管理表で管理。必要であれば保守問題点管理表から改善リストへ移行

2020/2/4:北海道では品質記録としての扱いで有り手修正している事から必要機能と判断します。
※工数3.5人日妥当、愛知は要確認。",,1219,2021/2 20K2D001_018,e,,,,,,,,,,,,,,,,,,,,
,229,2020/11/25,北海道,YJP張替,柴田裕,装置受払計画一覧表で一部のタンクが表示されない,Q2：代替手段により後続テスト実施可能,B：作業計画管理,帳票,装置受払計画一覧表,"■事象
HCCOのJOBを実行しているがタンク259が表示されない。
2G-PPのJOBを実行しているがタンク453が表示されない
■あるべき姿

■代替手段


","■原因
調査中です。
11月24日時点のデータを確認いたしましたが、再現せずタンクNoは出力されました。
また、新規で該当装置のJOBを作成しましたが、同じく帳票上に出力されました。
調査時のエビデンスを格納いたしましたので、ご確認ください。
https://app.box.com/folder/127073065868
一旦進捗を再現待ちに変更いたしました。
■対策
12/2時点で再現せず、三鷹環境でもデータが存在すれば出力されるため一旦クローズする",オフラス,,●,,,,,,,,,2020/12/02,再現待ち,対応不要,,,,,,,,,,,,,,,,,,,e,,,,,,,,,,,,,,,,,,,,
,230,2020/11/25,北海道,YJP張替,柴田裕,装置受払作業シートで一部のタンクが表示されないものと出力順が逆となっている,Q2：代替手段により後続テスト実施可能,B：作業計画管理,帳票,装置受払作業シート,"■事象
PLAT-PG-PZのJOBを実行しているがタンクが表示されない。
HCCOのJOBを実行しているがタンク259が表示されない。
2DH-DWGOのタンク出力が逆となっている。切替炭の内容は不要
■あるべき姿

■代替手段


","■原因
■対策
11/27時点のエビデンスで、PP,HCCOの出力については
データがあればされるということで、現地でも出力を確認しました。

保守No230についてはPGPZとタンク逆の件はについては初期流動No263で管理されており
HCCO出力の件は再現し無い為、対応不要でクローズ致します。
",自営帳票,,●,,,,,,,,,2020/12/02,再現待ち,対応不要,,,,,,,,,,,,,,,,,,,e,,,,,,,,,,,,,,,,,,,,
,231,2020/11/27,北海道,芥川健司,,新IRISの試験データの更新ができていない,Q1：後続テスト実施不可,Y：通信管理,Y：通信管理,LAB-AID→新IRIS通信,"■事象
11/23ごろから新IRISの試験データの更新ができていない。
■あるべき姿
定期的に通信ができている
■代替手段


2020/1/5:運転管理のサーバ不調に伴う不具合のため、クローズ","■原因
調査中
11/23に発生したメモリ不足により、新IRISへの送信が行われない状態となっていた。
■対策
11/25に送信を再開させた。
その際、ファイル送信が再開されたことを確認した。
(11/30増井）
11/27に新IRISでデータ受信できていないという報告を受けたため、
再度、新IRISへの送信状況を確認したが、新IRISへの試験結果を送信していることを試験管理サーバおよびEAIサーバ上で確認した。
(12/2増井)
芥川様より、新IRISにて受信されていることが確認できたのと連絡を受けました。
恒久対応として、11/23に発生したメモリ不足の原因を明確にし、メモリ不足原因の対応を行う。",IKC,,●,,,,,,,,,2020/01/05,環境設定,確認完了,,,,,,,,,,,,,,,,,,,e,,,,,,,,,,,,,,,,,,,,
,232,2020/11/30,北海道,YJP吉永,市川大地,作業品名マスタの出荷作業形態コードにガイダンス表示出ず,Q3：後続テスト実施可能,M：マスタ管理,M：マスタ管理,マスタメンテナンス画面のガイダンス表示,"■事象
作業品名マスタの出荷作業形態コードにカーソルを当てても入力項目のガイダンス表示が出ない
■あるべき姿
出荷作業形態コードにカーソルを当てると入力項目のガイダンス表示が出る
■代替手段
仕様書を参照する

","■原因
マスタメンテナンス画面のガイダンス（入力ガイド）に該当項目の定義を行っていないためです。

■対策
作業品名マスタの出荷作業形態コードにカーソルを当てた場合に以下のガイダンス（入力ガイド）表示を行うように定義登録を行います。
【表示内容】
0：単品　1：一般ブレンド　2：バースブレンド　3：計量　4：燃料油ブレンド　5：副製品　6：副製品ブレンド

2020/12/3
検証エビデンスをBOXに格納いたしました。
https://app.box.com/folder/127304804310
【No232】作業品名マスタの出荷作業形態コードの入力ガイド表示.xlsx
",オフラス,,●,,,,,,,2020/12/03,2020/12/17,2020/12/21,AP・コーディング,確認完了,,,,,,,,,,,,,,,,,,,e,,,,,,,,,,,,,,,,,,,,
,233,2020/11/30,北海道,吉田諒,,IOS20-OFL：パイプライン作業シート修正依頼,,B：作業計画管理,帳票,パイプライン作業シート,"■事象
オフラス帳票：①ﾊﾟﾜｰｴﾝｼﾞﾆｱﾘﾝﾊﾟｲﾌﾟﾗｲﾝ作業シート➁北電パイプライン出荷作業シート　
　　　　　　　において、出力される帳票が①、➁でテレコになっている。
　　　　　　　また、内容が古い。
　　　　　　　
■あるべき姿
　　出力する帳票のテレコ状態をあるべきに戻してほしい。
　　（北電出力で北電のシートを出してほしい。）
　　古い文言の修正を行ってほしい。
修正箇所は例として、ザックリ黄色箇所で明示。
（北電C重油硫黄、窒素分規格の数字も変わっています。　）
（ライン指定も、旧システムの数字が表示されている。固定文字でしょうか）
■代替手段


","■原因
 ①と②の帳票のファイルIDが入れ替わっていた
■対策
　ファイルIDを付け直し修正する
",自営帳票,,●,,,,,,,,2020/12/23,2021/01/12,AP・コーディング,確認完了,,,,,,,,,,,,,,,,,,,e,,,,,,,,,,,,,,,,,,,,
,234,2020/12/01,千葉,YJP村上,伊藤祐希,"申告数量の入力誤りがありますので、添付の一番下の段を削除願います。
　大変お手数お掛けしますが、至急ご対応頂きたく宜しくお願いいたします。
",Q1：後続テスト実施不可,F：外航通関,F：外航通関,,"■事象
申告数量の入力誤りがありますので、添付の一番下の段を削除願います。
大変お手数お掛けしますが、至急ご対応頂きたく宜しくお願いいたします。
（対応希望日：出来るだけ早急に）

■あるべき姿

■代替手段
なし","■原因
操作ミス
■対策
データパッチにて対応いたします。
下記日程で対応いたします。
12/1：千葉ターゲットの最新DBダンプ取得
12/2：データパッチ作成、検証、検証結果確認（検証エビデンス確認依頼）
12/3：千葉ターゲットにデータパッチ実施

2020/12/02 追記
検証エビデンスをBOXに格納いたしました。
内容をご確認願います。
https://app.box.com/folder/127216942689
【No234】申告数量誤入力対応.xlsx

データパッチ実施（12/2）

2020/12/03 IKC青井 追記
後続業務実施確認が取れたため、クローズする。
",オフラス,●,,,,,,,,,,2020/12/03,その他,確認完了,,,,,,,,,,,,,,,,,,,e,,,,,,,,,,,,,,,,,,,,
,235,2020/12/01,千葉,YJP大武,伊藤祐希,マスバランス 原油タンク受払実績,Q1：後続テスト実施不可,G：マスバランス,G：マスバランス,原油タンク受払,"■事象
　マスバランス　原油タンク受払実績画面で月末の水在庫処理を実施した。
　帳票「原油タンク別品名別日報月報」で確認すると、
タンク在庫（スロップ在庫）が52.85KLのところ、品名計の在庫量がゼロになってしまった。
　また、在庫量が受払増減に含まれている。

　本事象は「北海道FAT　№445」と類似しています。

■あるべき姿
　品名計の在庫量が計上され、当日在庫と一致する。

■代替手段
","■原因
本件、原因は、「100KL未満、計測在庫の1%未満の品名在庫は0として、他の品名に按分する」という調整ルールによるものでした。
全ての油種が「100KL未満、計測在庫の1%未満」であった場合に調整先が無く、在庫が0になったのが原因です。(すべての油種が100KL未満、計測在庫の1%未満であるケースはかなりレアかと思います。)
本件の対応としては、2案ございます。
1)　すべての油種が調整対象であった場合、特例として、在庫の調整を行わない(そのまま各油種が残る)
2)　すべての油種が調整対象であった場合、特例として、最大油種に集約する(最大油種のみが残る)
本件対応はインシデント管理にて対応させていただきたく思います。

また、使用部門様より、本件の取り下げのご連絡を頂いております。
(水在庫の報告数量が誤っていたため、正しい水在庫では期待通りの結果が得られており、問題事象は発生していないとのこと)

■対策
上記、判明したレアな問題ケースについてはインシデント登録させていただきます。
本件は、水在庫の報告値誤りが原因のため、対応不要としてクローズいただきたく思います。

2020/1/8 クローズします。(伊藤）",オフラス,●,,,,,,,,,,2020/01/08,その他,対応不要,IOS20-OFL-SBM-T2-001_機能仕様書_マスバランス_v1.4,,,,,"保守問題点管理No.235対応

(千葉)原油タンク受払(在庫計算更新)で、100KL未満かつ計測在庫の1%未満の品名については、在庫調整対象とし、対象の品名在庫を0として、他の品名在庫に按分する、という仕様があるが、「すべての油種が100KL未満かつ計測在庫の1%未満」の場合についての対応が規定されていない。現状は、調整対象の品名在庫は0になるため、すべての油種が調整対象の場合、在庫が0になってしまう。対応案として、検討しているのは以下2案1)　すべてが調整対象だった場合、在庫調整をしない2)　すべてが調整対象だった場合、最大の品種にすべて寄せる本件は千葉で発覚した課題ですが、全所で発生するため、全所への対応が必要である認識です。",IKC確認中,,,,,,,,2020/12/18:保守問題点管理表で管理。必要であれば保守問題点管理表から改善リストへ移行,,1220,,e,,,,,,,,,,,,,,,,,,,,
,236,2020/12/01,北海道,YJP吉永,柴田裕,親JOBキャンセル、未実施の子JOB実績,Q2：代替手段により後続テスト実施可能,C：進捗管理,C：進捗管理,親JOBキャンセル,"■事象
親JOB－子JOBの関係にあるJOB（入荷、ガソリン生産）において
運転制御で親JOBキャンセルを行うと、
未実施の子JOBの実績の欄がオフラスでくなるため、実績修正が出来ない。
（旧はできた）
■あるべき姿
制御で親JOBキャンセルをしても、実施予定だった子JOBも
オフラスで実績修正するようにする。

■代替手段
帳票手修正


2021/1/19:YJPに未決事項を確認し、必要であれば打ち合わせで要否判断","■原因
本件、仕様通りの認識です。
千葉初期流動問題点管理No762にて、親JOBキャンセル後、入荷実績メンテナンス画面にて、未作業工程が表示されているとの指摘を受け、未作業の親JOBキャンセルにより削除になった工程は非表示に修正しております。
千葉では削除の工程は表示しないが正で、北海道では削除された工程も表示するが正、ということでしょうか。
その場合、本件は千葉挙動と北海道挙動のスイッチ切替が可能なようにする必要がある認識です。
また、削除工程が表示されている場合の運用について確認させてください。
　・親JOBが終了している状態のため、各子JOB(工程)の開始終了日時は必須入力ですが、運用としては、削除された工程の内、一部の工程のみデータを入力し、入力された工程は作業状態が終了、それ以外の工程は削除のままとして更新するのでしょうか。
　・今回は入荷JOBでしたが、シフト生産(ガソリン含む)でも親JOBキャンセルが実行できる認識です。
シフトの場合でも同様に削除された子JOB(工程)を表示させ、作業開始終了、実績数量の登録を行うことがあるのでしょうか。

■対策
本件、まずはステータス仕様調整中とさせていただき、あるべき姿を確認させていただければと思います。

2021/06/04 YJP追記
検証エビデンスを以下BOXに格納致しました。
ご確認いただけますでしょうか。
https://app.box.com/file/818293952123
・【No236】親JOBキャンセル実行時、未実施JOBを削除しない.xlsx",オフラス,,●,,,●,,,,2021/06/04,2021/06/10,2021/06/30,仕様通り,確認完了,IOS20-OFL-SBM-T2-001_機能仕様書_実績管理_v1.3,,,,,"保守問題点管理No.236対応

親JoBキャンセルにて削除された子JOBを実績ファイルメンテナンス画面からメンテナンスしたい要望がある。
北海道製油所ではメンテナンスのため、削除JOBの表示をしたく、千葉事業所ではメンテナンスしないため、削除JOBは非表示が望ましい状況。
システム定数によりスイッチ可能なようにすることは決定として、北海道製油所パターンでの挙動については要調整。

現在案は以下2案
A）実績メンテナンス画面にて、削除JOBも表示可能とする。　その際、更新された子JOBのステータスは削除→終了に更新する。　削除JOBについては、従来の入力チェック(開始終了、実績)のチェック対象外とする

B）親JOBキャンセル受信時に、未実施の子JOBを削除にしない。　ファイルメンテナンスで更新する際は、すべての未実施JOBについて、開始終了、実績を入力する運用とする。　(データ入力の必要のない工程は、前尺＝後尺＝実績0になるように更新する)　B案では「親JOBは実際終了しているが、子JOBは未実施」というような今までにないデータパターンとなるため、帳票側へ与える影響の確認も必要A案は影響範囲が比較的狭いが、修正内容が深く、コストがかかるB案は影響範囲が比較的広いが、修正内容は浅め、しかし帳票へも影響すると思われる。

2020/12/07
B案にて検討を進める旨、メールにてご連絡いただきました。
2020/2/8
北海道にて必要帳票（自営帳票）への影響が無い事を確認済",仕様変更承認済,2.00人日,1.00人日,1.00人日,1.00人日,2.00人日,対応依頼,,"2020/12/18:保守問題点管理表で管理。必要であれば保守問題点管理表から改善リストへ移行

2021/2/4：北海道の特殊な入荷ケースでは必要な機能と判断します。
工数は妥当と判断するが帳票側への影響の確認が必要です。
→タンク増減日報尾等の表示がどうなるかを確認する。自営帳票もあるため、YJPとエグゼとで確認する。
北海道側にこちらの改修に伴い、帳票にでるようになるが問題ないかを確認する。

2020/2/8
北海道にて必要帳票（自営帳票）への影響が無い事を確認済（YJP,EXE）
又、気になる点も無いとの事。",,1221,2021/2 20K2D001_018,e,,,,,,,,,,,,,,,,,,,,
,237,2020/12/01,北海道,吉田諒,,装置受払作業シートで一部のタンクが表示されないものと出力順が逆となっている,,B：作業計画管理,帳票,装置受払作業シート,"■事象
装置受け払作業シート　において
PLAT-PG-PZのJOBを実行しているがタンクが表示されない。
HCCOのJOBを実行しているがタンク259が表示されない。
2DH-DWGOのタンク出力が逆となっている。切替済の内容は不要

■あるべき姿

■代替手段
手修正
","
保守No230についてはPGPZとタンク逆の件はについては初期流動No263で管理されており
HCCO出力の件は再現し無い為、対応不要でクローズ致します。
",自営帳票,,●,,,,,,,,,2020/12/01,調査中,確認完了,,,,,,,,,,,,,,,,,,,e,,,,,,,,,,,,,,,,,,,,
,238,2020/12/03,北海道,YJP村上,石井真紀,石油石炭税が表示されない,Q2：代替手段により後続テスト実施可能,F：外航通関,F：外航通関,通関業者輸入申告情報入力,"■事象
外航入荷オーダー一覧の申告の入力画面において、石油石炭税が表示されない
（対応希望日：今月中）

■あるべき姿
以前のオフラスでは石油石炭税が表示されていた
こちらに表示されないことにより、納税伝票にも金額が表示されない
納税書類作成の石油石炭税納税申告書にも金額が表示されない

■代替手段
手修正
","■原因
仕様通りです。
通関業者輸入申告情報入力画面にてNACCSを選択された場合、NACCSから受信する輸入申告許可伝文の石油・石炭税に該当する内国消費税等税額を画面に表示しますが、該当伝文の石油・石炭税に対する内国消費税等税額が0円だったためです。
■対策
実務担当者様（菊池様）と運用にて対応されることで調整させていただきました。（12/11）
本件、対応不要でクローズとさせていただきます。",オフラス,－,●,－,－,－,,,,,,2020/12/11,仕様通り,対応不要,,,,,,,,,,,,,,,,,,,e,,,,,,,,,,,,,,,,,,,,
,239,2020/12/03,北海道,YJP新山,柴田裕,12/3リリース後、帳票出力でデバッグ画面が表示される。,,B：作業計画管理,帳票,装置受払作業シート,"■事象
12/3リリース後、帳票出力でデバッグ画面が表示される。
■あるべき姿

■代替手段
","■原因
　呼び出し方法（Call）に問題あり
■対策
　呼び出し方法を、戻り値を取得するように変更する",自営帳票,,●,,,,,,,,2020/12/03,2020/12/03,その他,確認完了,,,,,,,,,,,,,,,,,,,e,,,,,,,,,,,,,,,,,,,,
,240,2020/12/07,北海道,吉田諒,,作業シート：装置受払作業で試験分類が表示されておらず不要と表示される,,B：作業計画管理,帳票,装置受払作業シート,"■発生日
　2020/12/03
■対応希望日

■事象
  切り替え済みのタンクにおいて試験依頼をしていますが
　試験分類の表示がされておらず不要のままとなっている。
■あるべき姿

■代替手段
","■原因
　試験結果と試験依頼のテーブルを結合していたこと
　試験依頼にはデータがあるが、試験結果にはデータがなく抽出できなかったため不要と表示された
■対策
　試験依頼テーブルのみの参照とし、ジョブが完了していない試験について不要以外のステータスを表示するように修正する

2020/12/08 EXE
　エビデンス確認依頼中
2020/12/09 EXE
  柴田様からリリースするようご指示いただいたためリリース準備開始",自営帳票,,●,,,,,,,2020/12/08,2020/12/17,2020/12/21,AP・コーディング,確認完了,,,,,,,,,,,,,,,,,,,e,,,,,,,,,,,,,,,,,,,,
,241,2020/12/07,千葉,YJP大武,伊藤祐希,ナフサ・原油共積みの日跨ぎ入荷,Q2：代替手段により後続テスト実施可能,G：マスバランス,G：マスバランス,入荷実績計算書,"■発生日：12/7

■対応希望日：12/15

■事象
　(1)12/1～2にKSBからナフサ・原油（共積み）を入荷した。
　(2)実績確定のため、入荷実績計算書から原油のデータを更新。
　(3)12/1 海底配管（＃２）に不要な入荷実績が反映されていたため、削除。
　　12/1～2の入荷のため12/1の在庫は本来0になるが、在庫がある。
　(4)12/2 当日在庫ダブルカウント（12/1在庫繰り越しのため）
　(5)帳票も原油受払実績と同様にデータが反映される

※4/7に今回と同じナフサ共積みのKSBからの入荷がありましたが、
　1日で終了したため、問題はありませんでした。

■あるべき姿
　12/1の海底配管在庫がゼロになる。
　その後の海底配管在庫数量は、8650.081KLになる。

■代替手段
　入力方法など手段がありましたら教えてください。
","■原因
本件は、ナフサ原油共積みの日跨ぎ入荷で発生しておりますが、原因は、千葉保守問題点管理No152(インシデントNo1097)と同件です。
ナフサは原油品名ではないし、原油タンクへの受入でもないため、原油受払に取り込まれません。そのため、海底配管の滞留分を#70012に押し出した入荷(これは原油タンクへの入荷なので、原油受払に取り込まれます。)が原油タンク受払上入荷となり、原油的には日跨ぎ時点で入荷作業の区切りが良いという状況になっておりました。(この件が千葉保守152と同件の部分です)
そのため、12/01で入荷が終了したと誤認され、入荷実績が作成されております。
本件の恒久対応としては、千葉保守152(インシデント1097)で管理させていただくとともに、原油ナフサ共積みの場合、ナフサの入荷で日跨ぎしないように、日跨ぎする際には原油の入荷まで進められるように調整をお願いしたいです。


■対策
本件の恒久対応は、保守152(インシデント1097)にて管理させてください。
暫定対応としては、データパッチの適用が必要です。
以下にデータパッチ適用エビデンスを格納いたしましたので、ご確認ください。https://app.box.com/folder/127796506964
【No241】マスバランス_ナフサ、原油共積み_データパッチエビデンス

データパッチ適用後のご確認が完了次第、本件はクローズしていただければと思います。

2020/12/15
データパッチ適用後、ユーザ様より確認OKの旨ご連絡いただいたため、確認完了に変更いたします。",オフラス,●,－,－,－,,,,,2020/12/11,,2020/12/15,仕様通り,確認完了,,,,,,,,,,,,,,,,,,,e,,,,,,,,,,,,,,,,,,,,
,242,2020/12/10,千葉,YJP小笠原,伊藤祐希,試験成績書出力一覧のブレンダロットNo表示,,E：品質管理,E：品質管理,試験成績書出力一覧,"■発生日
■対応希望日
■事象
バースが「1BT(7BT)」の場合に、ロットNoのブレンダ名が「T1(T7)」であるブレンダロットNoしか表示されず、バースとブレンダ名が紐づくブレンダロットNoが無い場合は空白表示となっている。
■あるべき姿
バースとブレンダ名が紐づくブレンダロットNoが取得できなかった場合は、紐づけ関係なく取得したブレンダロットNoを表示する。
■代替手段
","■原因
海上ブレンド出荷(多口出荷)の運用における運転管理側の影響範囲を調査したところ、試験成績書出力一覧のブレンダロットNoの表示ロジックに不備が見つかりました。
千葉初期流動No.608の対応漏れです。作業計画領域のみ対応され品質管理領域の対応がされておりませんでした。
■対策
あるべき姿となるように修正します。

2020/12/15
検証エビデンスを以下に格納致しました。
https://app.box.com/folder/128007753234
【No242】試験成績書出力一覧のブレンダロットNoの表示.xlsx

2021/03/25
保守問題点No.308で確認するため本件はクローズします。
",オフラス,●,●,●,●,－,,,,2020/12/15,2021/01/13,2021/03/25,仕様不備,確認完了,,,,,,,,,,,,,,,,,,,e,,,,,,,,,,,,,,,,,,,,
,243,2020/12/10,北海道,芥川健司,芥川健司,ブレンドシミュレーションのＣ重油の動粘度の一部に値がおかしいと思われるものが存在する,Q2：代替手段により後続テスト実施可能,K：ブレンドシミュレーション,計算エンジン,ブレンドシミュレーションエンジン,"■発生日
11/27
■対応希望日

■事象
ブレンドシミュレーションのＣ重油の動粘度の一部に値がおかしいと思われるものが存在する
■あるべき姿

■代替手段
テストブレンドおよび既設ブレンドシミュレーションを回すことで対応する。","■原因
ブレンドシミュレーションエンジンの内、北海道専用のロジック部分に不具合（バグ）あり。
千葉などには影響はない
■対策
ブレンドシミュレーションエンジンﾌﾟﾛｸﾞﾗﾑの北海道Ｃ重油の変更を行う
【2020/12/16芥川記】
リリース後、3.6C2000品名のシミュレーションで動粘度が正しく計算されていることを確認しましたので
本件はクローズします",IKC,－,●,－,－,,,,,2020/12/15,2020/12/16,2020/12/16,AP・コーディング,確認完了,,,,,,,,,,,,,,,,,,,e,,,,,,,,,,,,,,,,,,,,
,244,2020/12/16,北海道,YJP吉永,柴田裕,添加剤オーダ入力データの発注日が7桁で登録されるためにスケジューラ側で取込めないについて,Q2：代替手段により後続テスト実施可能,A：オーダ管理,A：オーダ管理,スケジューラ取込,"■発生日：　2020/12/11　（スケジューラ側で検知した日付とした）
 
■発生拠点：　北海道製油所
 
■対応希望日：　1週間以内　※スケジューラ側の要望
 
■事象
（１）添加剤受入オーダ入力で作成された発注日が7桁の為、スケジューラ側で取込めない。
　　※TIAA001_オーダ管理の「ORD_INST_YMD」の値が7桁（本来は8桁）
（２）既に作業済のオーダの発注日も画面上空白となっている。
　　※発注日が空白状態ではオーダ確定できないはずが確定され、既に作業済となっている。
（３）[VIAA020902] - 添加剤受入オーダ入力 - 新規・修正・削除画面の発注日の「日」の設定において
　　頭にゼロ（0）が付与されない。（年・月は問題無い）
 
※今回は、スケジューラ側のプログラムで対応したが今回のケースのみである為同様の操作で再発します。
　　（例：2021年１月1日が2021011などは対応できていない）
 
■あるべき姿
「日」の設定において頭にゼロ（0）を付与してが付与する事。
　（年・月と同様にする事）
 
■代替手段
・入力時に注意する。（運用者へ連絡済）
・カレンダ―補助機能で設定する。
 

2020","■原因
「日」入力時、""0""埋めを行っていない為
■対策
「日」入力時、""0""埋めするように修正致します。

※対応画面は、添加剤受入オーダ入力画面のみになります。
　日付を入力できる他の画面は、0埋めを行っています。

12/17
エビデンスを以下に格納致しました。
https://app.box.com/folder/128166536377
【No244】添加剤受入オーダ入力で作成された発注日が7桁の為、スケジューラ側で取込めない.xlsx",オフラス,●,●,●,●,－,,,,2020/12/17,2020/12/23,2021/01/12,AP・コーディング,確認完了,,,,,,,,,,,,,,,,,,,e,,,,,,,,,,,,,,,,,,,,
,245,2020/12/16,北海道,,柴田裕,入出荷作業報告書実績不具合,Q2：代替手段により後続テスト実施可能,D：実績管理,帳票,入出荷作業報告書,"■発生日：　2020/12/12
 
■対応希望日：　1週間以内
 
■事象
入出荷作業報告書帳票において，中栄丸のK-1　オーダNo42689の実績値がおかしい
 
■あるべき姿
上記の値は300,084が正しいと思われる
 
■代替手段
手修正
","■原因
データの構成上添加剤（ｸﾏﾘﾝ）とK-1が2重で取得されるようになっていた
■対策
2重で取得された場合添加剤ではないほうのみを表示するよう修正",自営帳票,,●,,,,,,,,2020/12/23,2021/01/12,,確認完了,,,,,,,,,,,,,,,,,,,e,,,,,,,,,,,,,,,,,,,,
,246,2020/12/16,北海道,,柴田裕,【北海道オフラス】出荷伝票密度表示不具合,Q2：代替手段により後続テスト実施可能,I：伝票発行管理,帳票,出荷伝票,"■発生日：　2020/12/12
 
■対応希望日：　今月中
 
■事象：　油種BF－LSFOの出荷伝票の本伝を印刷すると密度が１で印字される。
　　　　　（オーダー画面や印字直前の画面では密度は0.9148になっている）
■あるべき姿：　オーダー時の密度が印字されても出荷時密度とは異なるので
　　　　　　　　密度は印字しない。油種BF-LSFOに限らず全油種対象でブランクとする。
 
■代替手段：　仮伝を印刷すると空白なのでこれを代用。
","■原因
現行仕様
■対策
仮伝と同様の処理（ブランク表示)となるよう に修正",自営帳票,,●,,,,,,,,2020/12/23,2021/01/12,,確認完了,,,,,,,,,,,,,,,,,,,e,,,,,,,,,,,,,,,,,,,,
,247,2020/12/17,北海道,,柴田裕,作業シート海上ブレンド出荷帳票について,Q2：代替手段により後続テスト実施可能,B：作業計画管理,帳票,海上出荷作業,"■発生日：
　2020/12/17

■対応希望日：
　2020/12/24

■事象：
　作業シート　海上出荷作業　海上ブレンド出荷作業シート（ブレンドタブ）出力において、
　ブレンド出荷JOBがどんなに沢山ついても
　ブレンド出荷タブが２つしか出力されない。
　あふれたJOBが出力されない。

■あるべき姿
　ブレンド出荷においても、ついたJOB分だけ帳票に出力する。
■代替手段
　手書きでカバー
","■原因
処理不具合
データ取得後6つまでしかデータを出力できなかったため
■対策
データが6つ以上あった場合でもシートを作成し出力できるよう修正",自営帳票,,●,,,,,,,2021/01/12,2021/01/21,2021/01/21,,確認完了,,,,,,,,,,,,,,,,,,,e,,,,,,,,,,,,,,,,,,,,
,248,2020/12/17,北海道,YJP大武,柴田裕,マスバラ原油タンク受け払い実績,Q3：後続テスト実施可能,G：マスバランス,G：マスバランス,データ取込,"■発生日：　12/17

■発生拠点：　北海道製油所

■対応希望日：　とりいそぎ数字の修正は今週中　　

■事象
原油タンク受払実績において
シーバース1船目の揚荷終了と２船目の揚荷開始が同一日に実施された場合、タンク’２’に取り込まれる在庫に不具合がある。
詳細は添付資料参照願います。不具合スライドは４，５

■あるべき姿
１船目入荷終了、同日入荷開始の場合、翌日揚げ荷中の当日在庫は０にしてほしい。
２船目終了日、当日在庫に２倍数量をとりこまないでほしい

■代替手段
なし
","■原因
本件は、12/11～14の日跨ぎを含む複数JOBの入荷で発生しておりますが、原因は、インシデントNo1097(千葉発生のインシデント)と同件です。
12/13の締め(12/14 0:00時点)で、海底配管を用いる入荷の子JOBが区切り良く終了していた(作業中のJOBが無い状態だった)ため、荷揚終了と判断され、海底配管の入荷受払を作成しております。
※該当のJOBはJOB_NO111103のAXLの入荷です。当該JOBは12/13 23:55開始になっておりますが、これはJOB実績の値であり、日締めの時点では開始が12/14 0:00になっておりました。
そのため、締め処理のタイミングでは区切りの良い状態と判断されております。
本件の恒久対応としては、インシデント1097で管理させていただきます。
本件は、改めて実績管理のタンク受払作成、商品管理の油量実績取込、データ取込とリカバリ操作を行うことで解消できますが、日々のメンテナンス結果をリセットしてしまうため、今回はデータパッチ対応をさせていただくのがよろしいかと思います。

■対策
暫定対応のデータパッチエビデンスを以下に格納いたしました。
https://app.box.com/folder/128209336618
【No248】マスバランス_マスバラ原油タンク受け払い実績_データパッチエビデンス

本件の恒久対応はインシデント1097で管理するとして、データパッチ適用後の確認が済み次第、本件クローズとさせていただきたく思います。",オフラス,－,●,－,－,,,,,,,2020/12/18,仕様通り,確認完了,,,,,,,,,,,,,,,,,,,e,,,,,,,,,,,,,,,,,,,,
,249,2020/12/23,千葉,YJP吉永,伊藤祐希,オンラインオーダーでゾーンコードが取得できない,Q2：代替手段により後続テスト実施可能,A：オーダ管理,A：オーダ管理,SAISPlusオンラインオーダ受信,"■発生日：2020/12/22（オーダ受信日としました）

■対応希望日：状況の確認は年内、対応は1か月以内

■事象
　SAISから2ページ目の取引先のオーダーを受信しましたが、オンラインオーダー受信側では該当する海上ゾーンコードがなく
エラーはじかれていました。
受信した？と思われるゾーンコードはオフラスには存在しません。
つきましては送信データの確認と受信側の処理に問題がないかご確認お願い致します。

●問題点エビデンス↓↓↓
https://app.box.com/folder/128490177001
■あるべき姿
エラーなくオーダー受信できる

■代替手段
手入力で対応

","■原因
調査中です。

12/23 YJP
青井様よりSAIS側の不具合が原因であることが判明したとの連絡をいただきました。
本件は、受信側は対応不要としてクローズ致します。
■対策
",オフラス,●,,,,,,,,,,2020/12/23,その他,対応不要,,,,,,,,,,,,,,,,,,,e,,,,,,,,,,,,,,,,,,,,
,250,2020/12/23,北海道,YJP大武,柴田裕,マスバラ　水在庫受け払いで40013タンクで例外が発生,Q2：代替手段により後続テスト実施可能,G：マスバランス,G：マスバランス,水在庫受払表,"■発生日：　2020/12/23

■発生拠点：　北海道製油所

■対応希望日：　可能であれば今週中、遅くとも来週月曜（２８）まで

■事象
マスバラ　水在庫受け払いで40013タンクで例外が発生しました　が発生

■あるべき姿
エラーは発生の原因と、ご対応をお願いします。

■代替手段
なし
","■原因
本件、直接の原因は水在庫テーブル(TIGX015)に在庫日付が202012のデータが存在することによるものです。
在庫日付はYYYYMMDDで作成されるため、形式が合わず、日付を取得する際にエラーとなっておりました。
本件で不可解なのは、在庫日付が202012の6桁形式で作成された経緯です。
これまでの運転実績からも、今回のデータパッチ後の画面登録確認でも、このようなデータは作成されたことはありませんでした。
おかしなデータの作成日は2020/12/23 10:00頃ですが、この時間帯でどのような操作をしたのか、ご確認いただけないでしょうか。
操作履歴データからは、通常変更することが出来ないドロップダウンリストの値(画面表示されているものではなく、その裏に持っているシステム用の項目です)が変更されて登録された履歴があり、なんらか通常ではない操作をしたか、状況になっていたのではないかと推察できます。

■対策
暫定対応として、データパッチを適用いたします。
データパッチエビデンスを以下に格納いたしましたので、ご確認ください。
https://app.box.com/folder/128513136617
【No250】マスバランス_水在庫受払表_データパッチエビデンス

恒久対応としては、問題のあった当時の操作内容によります。

2020/12/25
データパッチ適用済み、確認OKを頂きました。
残はユーザ操作手順の再検証です。
ステータスを調査中に戻します。

2020/12/25追記
ユーザ操作手順を元に三鷹検証環境で再検証しましたが、本件事象が再現しませんでした。
以下に再検証エビデンスを格納しております。
https://app.box.com/folder/128513136617
【No250】マスバランス_水在庫受払表_再確認エビデンス

本件は、再現待ちとさせていただきたく思います。

2021/1/25追記
2月度の保守月例会時点まで様子見とさせていただき、再発しない場合はクローズとさせていただきたいと思います。

2021/02/19 追記
本件発生後、同事象が再発しておりませんので、一旦、クローズとさせていただきます。",オフラス,－,●,－,－,,,,,,,2021/02/19,再現待ち,確認完了,,,,,,,,,,,,,,,,,,,e,,,,,,,,,,,,,,,,,,,,
,251,2020/12/23,千葉,YJP村上,青井圭介,EAIサーバにてエラー通知,,Y：通信管理,Y：通信管理,,"■発生日：2020/12/23

■対応希望日

■事象
本日、9:46に千葉のEAIサーバにてエラー検知がありました。
イベントログを確認したところ、以下Boxに格納しているイベントログの
記録がありました。
https://idemitsu.ent.box.com/folder/128492917011

■あるべき姿

■代替手段
","■原因
イベントログのメッセージ内に「STD-10054」の出力がありますが、
この末尾5桁の「10054」はWindowsエラーコードになります。
このエラーコード発生時は、
通信経路上のネットワーク機器に一時的な問題が発生している可能性や、
通信パケットのバッティングによってたまたま発生した可能性等が考えられます。

■対策
EAIは、この通信異常を検知し、自動再送を行っており、再送は正常に行われておりました。
本件は、対応不要としてクローズとさせていただきたく思います。",オフラス,●,,,,,,,,,,2020/12/23,その他,対応不要,,,,,,,,,,,,,,,,,,,e,,,,,,,,,,,,,,,,,,,,
,252,2020/12/24,北海道,YJP張替,柴田裕,装置受払計画一覧表にて一部の装置における備考が表示されない,Q2：代替手段により後続テスト実施可能,B：作業計画管理,帳票,装置受払計画一覧表,"■発生日：2020/12/24

■対応希望日：1月中

■事象：
オフラス作業計画でHCY　HGO装置払出のJOBを設定した。
12/25の09：00スタートで設定したが、帳票の装置受払計画一覧表にその計画が表示されない。

■あるべき姿：
装置受払計画一覧表のL勤欄に　□HYC-HGO CHG　　　　20262　09：00開始　と表示される。
■代替手段：
あり。手入力し印刷する。","■原因
HYCではLGOとHGOの2油種を表示するのですが、備考の部分について1油種目(LGO)は表示するロジックとなっておりましたが、2油種目(HGO)を表示する際のロジックに不具合がございました。

■対策
2油種目も1油種目と同様表示するよう修正いたします。",,,●,,,,,,,2021/01/12,2021/01/21,2021/01/21,AP・コーディング,確認完了,,,,,,,,,,,,,,,,,,,e,,,,,,,,,,,,,,,,,,,,
,253,2021/01/04,北海道,YJP張替,柴田裕,直出荷品名別タンク別　在庫チェック表不具合,Q2：代替手段により後続テスト実施可能,B：作業計画管理,帳票,直出荷品名別タンク別在庫チェック表,"■発生日：　2020/12/25
■対応希望日：　なるべくはやく

■事象
直出荷品名別タンク別　在庫チェック表不具合
（初期流動やインシデント対応で修正を重ねているが、不具合が直りきっていない。）

＜問題点エビデンス＞
https://app.box.com/folder/129037139448

■あるべき姿
問題点エビデンス参照

■代替手段
人の手で推定する
","■原因
事象①5114は1600KLついている。26日0時時点の推定を出力する要求と思うが、25日分の出荷分を反映していない。
⇒実績数量が計画数量よりも大きい場合、反映していませんでした。
　問題点エビデンスにあります通りオーダ数量：600,000Lに対して、実績数量が600,053である為。
事象②払い出し容量MAX超えているがどこの数字でしょうか。
⇒JOB日付：20201224
　 JOBNo：343859
の登録済みのJOBが存在しています。
JOB日付は12/24ですが、25日開始予定の子JOBが存在している為、その予定数量が加味されております。
事象③LO-100KLの在庫で次タンクからの払い出し数量分にカウントの仕様はどこへ？
⇒12/26出荷予定のREGは、海上出荷、及び陸上出荷を予定していますが、他JOBの同一タンクの考慮がされていませんでした。
１番目のタンクから払出可能かチェック、不可の場合、２番目のタンクのチェックと処理を行っていますが、この場合、海上出荷, 陸上出荷のJOB毎に行っているので、それぞれの予定数量が１番目のタンクで払出可能と判断されている為、このような表示となっていました。
事象④26日生産分数量加味されていない。（２６日時点の推定が出来ていない）
・5114　3300KL生産予定
・5115   3300 KL生産予定
⇒バッチシフトは複数の子JOBに分かれる為、子JOBの開始予定日時を参照して、26日分の受入予定量を作成しています。
上記タンクを使用しているJOBNo：343861,343862のJOBは26日,27日開始予定のJOBが存在している為、26日分のみ計上しております。

・10106 生産計画なし
⇒JOB日付：20201224
　 JOBNo：343859
の登録済みのJOBが存在しています。
JOB日付は12/24ですが、26日開始予定の子JOBが存在している為、その予定数量が加味されております。

事象⑤RLNは12/24出荷計画は、2500KLで計画しているが、帳票で出力すると4400KLになっている
⇒適正な値になった帳票を出力するまでの間に、数量の変更等があったと考えられます。
■対策
事象①：実績数量を反映するように修正致します。
事象②：現状通りとさせていただきたく
事象③：複数JOBが同じタンク切替を行う場合、考慮するように修正致します。
事象④：現状通りとさせていただきたく
事象⑤：現状通りとさせていただきたく",オフラス,,●,,,,,,,2021/01/12,2021/01/21,2021/01/21,AP・コーディング,確認完了,,,,,,,,,,,,,,,,,,"PJT_問題点管理
No2568
北海道初期流動
No213
旧インシデント管理
No1214",e,,,,,,,,,,,,,,,,,,,,
,254,2021/01/04,北海道,YJP吉永,柴田裕,有効在庫アラームで開放タンクを取り込む,Q2：代替手段により後続テスト実施可能,B：作業計画管理,B：作業計画管理,タンク在庫チェックデータ作成,"■発生日：　2020/12/31
■対応希望日：　なるべくはやめに

■事象
北海道オフラス　タンク在庫チェック-有効在庫アラーム
にて、12/31頃より開放タンクもエラーに対象に含めて出力するようになった

＜問題点エビデンス＞
https://app.box.com/folder/129035665943

■あるべき姿
開放タンクは在庫チェックエラーの対象除外

■代替手段



2021/1/19:YJPに未決事項を確認し、必要であれば打ち合わせで要否判断","■原因
払出可能量は、「在庫量 - 運転下限容量(LO)」で計算されます。
開放中タンクの場合、レベルが0に設定されますので、在庫量も在庫計算処理により0となり、その為、払出可能量は、LO分がマイナス値として表示されます。

画面仕様書の記述では、有効在庫アラームの対象となるタンクNoは、受払可能量がマイナス値のタンクNoです。
上記の通り、開放中タンクは、払出可能量がマイナス値になるので、有効在庫アラームの対象になります。
※IOS20-OFL-SBM-T2-003_画面個別機能仕様書_VIBA040101_タンク在庫チェック P.17を参照してください。
■対策
本件は、仕様変更扱いとさせていただきます。
対応するにあたり、開放中タンクであれば、払出可能量を0扱いとするのか、または、マイナス値だがエラーとしない（有効在庫アラーム対象外にし、赤文字表示もしない）

2021/06/07 YJP追記
以下に検証エビデンスを格納しました。
ご確認いただけますでしょうか。
https://app.box.com/folder/138720109794
・【No254】タンク在庫チェック-有効アラームにて開放タンクがアラーム対象外にする.xlsx

2021/07/09 YJP追記
WATERのタンクについて、開放中タンクにもかかわらず、有効アラーム対象となっています。
引き続き調査致します。

2021/07/19 YJP追記
タンク在庫チェック画面にて、有効在庫アラーム対象にするか否かの判定処理にて、
誤りがありWATERタンクが払出可能量マイナス値にもかかわらず、有効在庫アラームの
表示対象となっていました。
WATERタンクにて、タンク在庫チェック画面の有効在庫アラーム表示判定を修正致します。
引き続き対応し、エビデンスを提出致します。

2021/07/26 YJP追記
以下に検証エビデンスを格納しました。
ご確認お願い致します。
https://app.box.com/folder/138720109794
：【No254】（再）タンク在庫チェック-有効アラームにて開放タンクがアラーム対象外にする.xlsx",オフラス,,●,,,●,,,,2021/06/08,"2021/6/10
2021/7/29",2021/07/29,仕様変更,確認完了,,,,,,"開放中タンクの場合、払出可能数量を""0""とする。
開放中タンクかどうかの判断は、TIM側でタンクステータスを「保守」に設定すると、定時タンク在庫のレベルに0が設定されるので、レベルが０のタンクを開放中タンクと判断します
システム定数による機能スイッチ切替可能とします。
（北海道：ON、他所：OFF）",仕様変更承認済,1.00人日,1.00人日,0.50人日,0.50人日,2.00人日,対応依頼,,"2021/1/12　対応工数の見積もりをお願いします。

2021/2/4：旧オフラスと同じにするという理由（開放中タンクは対象外とする）で問題なしと判断。工数5.0人日は妥当と判断。",,,2021/2 20K2D001_018,e,,,,,,,,,,,,,,,,,,,,
,255,2021/01/04,北海道,YJP吉永,柴田裕,陸上G-HCオーダーの受信書き換えについて,Q2：代替手段により後続テスト実施可能,A：オーダ管理,A：オーダ管理,陸上出荷オーダ受信,"■発生日：　北海道オフラス更新～
■対応希望日：　出来るだけ早めに

■事象
陸上出荷オーダー（G-HC）について
夜間処理テーブルで毎日０KLで陸上オーダーが計画されるものの
新オフラスでは陸上出荷システムより翌日分オーダを受信すると、G-HCオーダー０KLで受信してしまう。
（ガス回収実績様オーダーなので、本社側でオーダーがつくわけでは無い為）
ただ、実績用として運転制御にてJOBを準備する必要がある。

旧オフラスではG-HCのオーダーは０KL受信しオーダとして消えるという事は無かったようなのですが
（オフラス保守GR殿、旧オフラスの動作について確認可能でしょうか）
新オフラスからは、陸上から０KL受信をそのまま処理してしまう為G-HCオーダが０KLとなり、
JOB設定を誤る可能性が高い

＜問題点エビデンス＞
https://app.box.com/folder/129036474606

■あるべき姿
G-HCに関しては、陸上出荷システムから０KL計画受信しても、
オーダー数量の更新は行わないで欲しい

■代替手段
陸上オーダー受信後、人の手で毎回G-HCオーダーを１KLに書き換え、
JOBを作成している。


2021/1/19:YJPに未決事項を確認し、必要であれば打ち合わせで要否判断","■原因
数量0の陸上出荷オーダ受信は、削除として扱います。
特定の油種のみ、オーダ情報の更新を行わない機能は設けられておりません。
※オーダ管理機能仕様書 「3.1.2.1.オーダ受信・登録（4）変更区分の決定」参照

■対策
陸上出荷オーダ受信処理において、特定の油種のみ、オーダ情報の更新を行わない機能を追加致します。

2021/06/01 YJP
以下に検証エビデンスを格納致しました。
ご確認いただけますでしょうか。
https://app.box.com/folder/138390486483
・【No255】油種別陸上出荷オーダ受信にて特定油種のオーダ情報を更新しない.xlsx",オフラス,,●,,,●,,,,2021/06/02,2021/06/10,2021/06/30,仕様変更,確認完了,,,,,,"陸上出荷オーダ受信処理において、特定の油種（※）のみ、オーダ情報を更新しないように対応する。
（※）更新しない油種はシステム定数に定義します。",仕様変更承認済,1.50人日,1.00人日,1.00人日,1.00人日,0.50人日,対応依頼,,"2021/1/6　対応工数の見積もりをお願いします。

2021/2/4：旧オフラスと同じにするという理由で問題なしと判断。工数5.0人日は妥当と判断。（北海道ではガス回収用のオーダを陸上出荷オーダとして扱っている為。愛知用確認）
※千葉では装置受払で扱っている為、不要。",,,2021/2 20K2D001_018,e,,,,,,,,,,,,,,,,,,,,
,256,2021/01/04,北海道,YJP大武,柴田裕,マスバラ水在庫受払表の実測水在庫が前月データになる,Q2：代替手段により後続テスト実施可能,G：マスバランス,G：マスバランス,水在庫受払表,"■発生日：　2021/1/1
■対応希望日：　今月中

■事象
マスバラ水在庫受払において、前月の実測水在庫数量が翌月の水在庫として参照されてしまう。

＜問題点エビデンス＞
https://app.box.com/folder/129045631549

■あるべき姿
繰り越した値を使用する。

■代替手段
手修正
","■原因
本件、データ更新と画面表示のタイミングの問題と思われます。

2020/01/05の10時頃、北海道ターゲット環境でオフラスを確認させていただきましたが、問題エビデンスで受領した状態とは異なっておりました。
#10012、#40013両タンクとも、繰越と1日目の水在庫について整合が取れており、問題点が確認できない状況です。
ターゲット環境の確認エビデンスを以下に格納いたしました。
https://app.box.com/folder/129116265271
【No256】マスバランス_水在庫受払表_月末在庫ではなく実測水在庫が引き継がれている

本件のデータを確認したところ、1/4昼に12月データを更新されており、1/5朝に1月データを更新されております。
このことから、おそらく12月データを更新後、1月データを再更新する前の状態でエビデンスを取得されたものと思われます。
(1月のデータは1/1～4の定時処理で作成されているので、1/4に実施された12月データの更新後は、1月の水受入、払出等の入力を行い、再度計算、更新しなければ、正しい値が格納されません。)

■対策
本件は過去のデータを更新した後、それ以降のデータの再計算を実施する前の状態だったと思われ、現在は整合した値が表示されていることから、対応不要とさせていただきたく思います。
",オフラス,－,●,－,－,,,,,,,2021/01/04,その他,対応不要,,,,,,,,,,,,,,,,,,,e,,,,,,,,,,,,,,,,,,,,
,257,2021/01/05,北海道,YJP村上,菊池聖子,外貨在庫引き落とし不可,Q1：後続テスト実施不可,F：外航通関,F：外航通関,"ボンド出荷オーダ一覧
外貨製造搬出日一覧","■発生日
2020/12/24
■対応希望日
1週間以内、1/8まで
■事象
外貨製造搬出日一覧より、在庫の引き落としを実施しようとしたところ、
引き落とし台帳にデータが計上されない。
要因は外貨ナフサ出荷データと思われる。(初出荷)
■あるべき姿
画面上に引き落とし台帳、数量が表示され、引き落とし可能とする。
■代替手段
12月末在庫締めがあるため、外貨在庫は手修正にて対応。","■原因
分割インボイスにてボンド出荷オーダを登録された場合、外航通関の外貨搬出実績数量確定画面の表示制御が複数行対応されていなかったことから、2行目以降のデータを取得出来ず画面表示されておりません。
また、外貨製造搬出日一覧の方は、誤って2行表示しておりますが、2行とも1行目の情報取得表示しております。
■対策
（恒久対応）
分割インボイス時は1行に集約して表示するように修正いたします。
（暫定対応）
改修版のリリースまでに、同様の分割インボイスのボンド出荷が発生する場合は、今回同様、該当データは手修正にて対応願います。
該当データ以外は、[確定]行為をしていただくことで、次日の業務は実施可能になります。
該当データ部位の画面表示は誤っていますが、[確定]することで該当データ以外のデータは確定され、上述のように次業務の実施が可能となりますことから、当該運用にて対応願います。
リリースまでに発生しうる、1/7、1/11のデータのリカバリは、プログラムのリリース時に併せて対応させていただきます。

2021/01/13 追記
検証エビデンスを格納いたしました。内容をご確認願います。
https://app.box.com/folder/129573450877
【No257】外貨在庫引き落とし不可対応.xlsx
",オフラス,,●,,,,,,,2021/01/13,2021/01/14,2021/01/21,設計不備,確認完了,,,,,,,,,,,,,,,,,,,e,,,,,,,,,,,,,,,,,,,,
,258,2021/01/05,北海道,YJP村上,菊池聖子,インボイスデータが反映されない,,F：外航通関,A：オーダ管理,外航入荷オーダ一覧,"■発生日
2020/12/21
■対応希望日
2週間以内、1/15まで
■事象
原油は1隻に複数油種の原油を積んでくる。
本来、オーダーは複数油種をまとめて1画面に入力するが、揚荷オペレーション上、
1画面に1油種ごとオーダー入力するケースがある。
「外航入荷オーダー一覧」の「インボイス按分計算書」作成に反映させるため、
外航オーダー画面上にある「インボイスデータ」にオーダー画面上にない油種を入力したが、
データが反映されていない。

2021/01/06　現象発生時
「外航入荷オーダ入力画面-修正・削除」画面にて、一旦、[確定]ボタンを押下し、オーダ確定を行う。
インボイスを分ける必要があることに気付き、「外航入荷オーダ入力画面-修正・削除」画面の[インボイスデータ]ボタンから
「インボイスデータ入力」画面にてインボイス情報を入力したところ、下記のメッセージが表示されたので[はい]を押下。
『登録済みのインボイスデータを破棄し、変更後の内容でインボイスデータを再作成します。よろしいですか？』
「インボイスデータ入力」画面から入力した情報が消えたので、再度、インボイス情報を入力し、今度は[いいえ]を押下。
「インボイスデータ入力」画面に入力した情報が残存していることから、インボイスデータが作成されたと認識し、
次業務としての外航通関業務を実施しようとしたところ、外航通関側にインボイスデータが展開されていなかった。

■あるべき姿
インボイスデータ画面に入力したデータが外航通関システムに反映されるようにする。
■代替手段
帳票の手作成。
但し、保税作業に使用する予定があるカーゴは代替なし。
","■原因
インボイスデータを外航通関側に連携するタイミングは、外航入荷オーダ編集画面で確定を行った時になります。
ただし、現状、インボイス情報登録後、遷移元の外航入荷オーダ編集画面で確定をすると、インボイスデータとオーダ情報のチェック内容に誤りがあり、登録したインボイスデータが破棄されてしまうことが判明しました。
その為、登録したインボイスデータが外航通関に連携されていませんでした。

■対策
オーダ確定時、インボイスデータを登録できるようにインボイスデータとオーダ情報のチェック処理を修正致します。
※本件、リリースされるまでは、申し訳ございませんが、１オーダ画面に１油種毎にオーダを登録していただく運用でお願い致します。

2021/1/21
以下にエビデンスを格納致しました。
ご確認いただけますでしょうか。
https://app.box.com/folder/129515518088
【No258】インボイスデータが外航通関に連携されない.xlsx
",オフラス,,●,,,,,,,2021/01/12,2021/01/14,2021/05/07,AP・コーディング,確認完了,,,,,,,,,,,,,,,,,,,e,,,,,,,,,,,,,,,,,,,,
,259,2021/01/05,北海道,庄司大樹,,オフラス(運転管理システム)にログインできない。,,N：製油所モニタ,N：製油所モニタ,オフラス製油所モニター,"■発生日
20221/01/05
■対応希望日
できるだけ早めに
■事象
試験結果をオフラス製油所モニターにて確認するためにログインしようとした時に、プロトコル違反といったエラーが発生しログインできない。
何度かログインしようと試みたり時間を置けばログインできるものの度々当該エラーが発生するとのこと。
■あるべき姿
ログインする際に当該エラーが出ないこと。
■代替手段
","■原因
PJT問題点No.1009（千葉初期流動問題点No.051）と同件となります。
IKC様にてOracleサポートに問い合わせ中という認識です。

■対策
暫定対応として、千葉では事象発生時にUIサービスを再起動するという改善策を実施しております。
　＜対応内容＞
　　本件のエラーに関連する以下の文字列を含むExceptionが出力されたらUIサービスを自動で再起動する処理を
　　組み込む。
　　　・対象の文字列：『プロトコル違反です。』もしくは『IJ000453』
　
暫定対応ということで、北海道には実施しておりませんでした。
こちらを対応することにより、本件のエラー発生によるログイン不可の状態が続くという状況は改善することができます。

2021/02/19 追記
IKC澤田様へOracleサポートへの問い合わせ状況をご確認頂き、IKC様にて今後の対応を検討頂く
上記の暫定対応を愛知、徳山へも実施することとし、本件は、クローズとする
",IKC,,●,,,,,,,,2021/02/10,2021/02/19,,確認完了,,,,,,,,,,,,,,,,,,,e,,,,,,,,,,,,,,,,,,,,
,260,2021/01/06,北海道,YJP大武,百留哲平,タンク別在庫を送信しない日について、データが作成されない,Q2：代替手段により後続テスト実施可能,G：マスバランス,G：マスバランス,タンク別在庫,"■発生日
2021/01/06

■対応希望日
特になし

■事象
BINAS向けのタンク在庫送信にて、先方システムの都合でデータ送信しない日があるが、対象の日の在庫データが自動で作成されない。

■あるべき姿
データ送信しない日は、在庫データの作成のみ行い、送信はしない

■代替手段
タンク在庫データ送信画面より、対象日の在庫データを作成","■原因
非稼働日の場合、画面起動と同じようにBINAS送信を行わないようにする対応を行っているが、
スケジューラー起動の場合、翌日の午前10:00に起動されるため、商品在庫日付
は前日にすべきだが、前日日付への変換処理が行われていないため
画面起動の場合は、指定した日付そのままで検索する形となっているため、問題なかった。

■対策
スケジューラー起動時は稼働日、非稼働日ともに起動日-1日を対象日付とするように修正

2021/01/08
修正エビデンスを以下に格納しました。
https://app.box.com/folder/129311452463

ご確認のほど、よろしくお願いします。

2021/01/26　エビデンス確認OKを頂いたため、リリース待ちに変更",オフラス,●,●,,,－,,,,2020/01/08,2021/01/28,2021/01/28,AP・コーディング,確認完了,,,,,,,,,,,,,,,,,,,e,,,,,,,,,,,,,,,,,,,,
,261,2021/01/12,北海道,YJP吉永,柴田裕,DLNの手動オーダー登録でエラー,Q2：代替手段により後続テスト実施可能,A：オーダ管理,A：オーダ管理,内航出荷オーダ登録,"■発生日：　2021/1/8

■対応希望日：　１か月以内

■事象
DLNの手動オーダーをつけようとすると、エラー発生。
変化点としては、出荷品分割マスタからDLNオーダーでPG-PZを
分割するマスタを削除した。

事象に至った原因を調査願います。

問題点エビデンス
https://app.box.com/folder/129526668918
【No261】DLN手動オーダーエラー.xlsx
■あるべき姿
出荷品分割を削除してもオーダー受付可能。
■代替手段
オーダ画面で、一旦別品名で受付し、修正画面からDLNを選びなおして
出荷形態をブレンド→単品に選択しなおすと、問題なく登録される。

","■原因
分割品のオーダ情報を作成する際に、出荷品分割マスタに分割作業品名が２品名登録されている前提で処理を行っている為、エラーとなっていました。
品名の再選択を行ってエラーにならないのは、新規オーダ登録とオーダ変更の処理が別となっており、また、マスタに登録されている分割作業品の登録数を考慮し処理を行っている為になります。

■対策
オーダ受付時、マスタに登録されている品名数を考慮してオーダ情報を作成するように修正致します。
また、出荷品分割マスタに分割作業品名が１品名のみ登録されている場合は、”分割なし”としてオーダ情報を作成するように修正致します。

2021/1/22
エビデンスを以下に格納致しました。
https://app.box.com/folder/130085694620
【No261】内航出荷DLN手動オーダーエラー.xlsx

",オフラス,●,●,,,,,,,2021/01/22,2021/01/28,2021/01/28,AP・コーディング,確認完了,,,,,,,,,,,,,,,,,,,e,,,,,,,,,,,,,,,,,,,,
,262,2021/01/12,千葉,YJP吉永,伊藤祐希,中止オーダ削除正常処理されないオーダーについて,,C：進捗管理,A：オーダ管理,中止オーダ削除画面,"■発生日：2021/01/12

■対応希望日：
　　パッチ対応　　　　　　　　　　　　　　可能であれば1/13難しければ今週中
　　不具合であった場合の恒久対応　1か月以内

■事象
　1/10の６芝浦丸のオーダーを中止オーダー削除から実施したが正常に削除されず、オーダー一覧には残ったまま
同じ艀のものは仮伝⇒本伝に移行せず仮伝のままで伝票発行できない状態です。
合わせて外航通関側でも外貨搬出製造日一覧の中で削除できていない状態にあります。
原因となる可能性のある操作、事象も含めて添付させて頂いていますのでご確認ください。
まずは伝票等の処理を完了させなければいけない為、パッチでの対応をお願い致します。

問題点エビデンス
https://app.box.com/folder/129527424450
【No262】中止オーダー削除したがオーダー削除されなかった.xlsx
■あるべき姿

■代替手段
なし","■原因
オーダ明細情報の削除を実行し、協定書実績を再作成する箇所でエラーが発生していました。
複数艀（３隻以上）のボンド出荷の中止オーダ削除を行った時、削除対象以外の協定書実績を再作成する際に、１隻の艀の協定書実績しか作っておらずエラーとなっていました。
※今回の場合、１光伸丸の協定書実績は作るが、７まこと丸が作られずにエラーとなっています。
途中で処理が終了した為、6芝浦丸が削除されずに残ってしまい、仮伝のままの状態になっていました。

■対策
データパッチ対応について、最新のDBから確認し行う為、明日（1/13）の対応は難しい状況です。
今週中の対応とさせていただきたく。
[暫定対応]
1/15に仮伝を本伝にするデータパッチを適用致しました。

[恒久対応]
協定実績再作成時、削除対象以外の全ての艀の協定書実績を作成するように修正致します。

2021/1/21
エビデンスを以下に格納致しました。
https://app.box.com/folder/130085836581
【No262】中止オーダ削除を行ったが、オーダが消えない.xlsx
",オフラス,●,●,,,,,,,2021/01/21,2021/02/10,2021/05/21,AP・コーディング,確認完了,,,,,,,,,,,,,,,,,,,e,,,,,,,,,,,,,,,,,,,,
,263,2021/01/12,北海道,YJP大武,柴田裕,オフライン作業の実績について,Q3：後続テスト実施可能,D：実績管理,B：作業計画管理,入荷実績作業計画,"■発生日：　2021/1/9

■発生拠点：　北海道製油所

■対応希望日：　1週間以内

■事象
9B/Tからオフライン（運転制御直接指令）でFRNのオフライン揚げ荷を実施した。

■あるべき姿
オフラインで実施した為、実績ファイルメンテで実績化ができないので、実績のレコードを作成お願いできないでしょうか。
また、旧オフラスではオフライン作業の実績化が出来たが、新オフラスでは不可能でしょうか？
（シフト生産作業においてはマニュアルシフト機能を使用して実績化ができているが、入出荷に関してはこれにあたる機能がないので困っている。）
■代替手段
なし
","■原因
新設では、入荷実績のオフライン登録は存在しません。
パス設定をしていただき、オフラスからJOB作成いただけば、実績ファイルメンテナンスから実績の入力が可能です。

本件、北海道にて入荷のトラブルがあり、10163タンクへFRNを直接入荷作業を行った(バルブ等の設備をオープンして入荷を実施した)と伺っております。
このようなJOBの実績を入力するためには、以下の手順で操作いただければと思います。
１．入荷パスの設定を実施
２．オーダ管理にて、入荷オーダを作成、確定(バース着桟設定も実施)
３．作業計画にて、入荷作業計画を作成、JOB設定
４．実績管理にて、入荷実績ファイルメンテナンスより作業開始、終了日時と実績数量を入力
５．伝票発行管理にて、対象の伝票の確定、送信
　　　すでに、手入力で対象の伝票を作成していた場合は、２．のオーダ作成時にできた伝票は不要なため、削除

■対策
本件、現在パス情報作成中とのことで、パス作成後に、上述の対応を実施いただきたく思います。
オーダ、作業計画は過去の作業日で作成できませんが、実績は過去日の入力もできるため、
作業開始日時、終了日時はオフライン入荷の実績日時を入力してください。

本件、担当はIKC様、ステータスは対応中とさせていただきます。",IKC,,●,,,,,,,,,2021/01/31,仕様通り,確認完了,,,,,,,,,,,,,,,,,,,e,,,,,,,,,,,,,,,,,,,,
,264,2021/01/12,千葉,,,IOS20-OFL:生産シフト作業報告書印刷比率修正願い,,,,生産シフト作業報告書,"■発生日
　2021/01/12
■対応希望日
　2021/02/12
■事象
　生産シフト作業報告書の1頁目の印刷の拡大比率が62%になっておりますので79%に変更お願いします。
（2ページ目以降は79%になっていますので問題ありません）

■あるべき姿
正しい比率で印刷できる

■代替手段
印刷時修正で対応

","■原因
リリース資源が62％になっていた為
■対策
比率修正済み
",自営帳票,●,,,,,,,,,2021/02/10,2021/03/04,,確認完了,,,,,,,,,,,,,,,,,,,e,,,,,,,,,,,,,,,,,,,,
,265,2021/01/12,千葉,,,海上出荷流量計積算記録表G-3の扱いについて,,,,海上出荷積算記録表,"■発生日
　2021/01/12
■対応希望日
　2021/02/12
■事象
海上出荷流量計積算記録表の灯油、軽油（G-3用）の出荷数量、取引数量について
日報ではどちらも表示されない（船名も表示されない）
月報ではどちらも表示されるが数量が正しくない（元々メーター差し引き数量と同じにはならないが比較してもおかしい）
現状の算出方法と改善方法について協議させてください。

■あるべき姿
正しい数量が表示される

■代替手段
手修正で対応

","■原因
データ移行起因の既存不具合
G-3以外のものが取得されていた
■対策
会議調整中
2021/02/24協議後データがおかしい件確認中

2021/03/03EXE
G-3のもののみ取得するよう変更しデータをそのまま表示するよう修正",自営帳票,●,,,,,,,,,2021/03/31,2022/04/19,仕様変更,確認完了,,,,,,,,,,,,,,,,,,,e,,,,,,,,,,,,,,,,,,,,
,266,2021/01/22,千葉,YJP大武,伊藤祐希,マスバランス 原油入荷時の海底配管,Q2：代替手段により後続テスト実施可能,G：マスバランス,G：マスバランス,データ取込,"■発生日：1/20

■対応希望日：1/27（月次決算締めのため）

■事象
　≪原油入荷 ①1/18～20、②1/20～21≫
　1/18　入荷①の海底配管シフトが日跨ぎになった。当日在庫は「海底配管量-シフト量」
　1/19　前日在庫量分のシフト払出し、当日在庫は「０」。入荷継続のため、OK
　1/20　入荷①が終了。入荷②の海底配管シフト量が1/18の在庫量となってしまい、
　　　　当日在庫が発生している。入荷継続のため、「０」が正しい。
　1/21　入荷②終了したが、入荷量が反映されていない。

■あるべき姿
　1/20　シフト払出 8650.081KL、在庫 0KL
　1/21　入荷 8650.081KL、在庫8650.081KL

■代替手段
　なし

なお、明日23日～24日で入荷予定があります。
","■原因
本件、千葉エビデンス確認中のインシデントNo1034に関連すると考えられます。
千葉に反映が必要な問題点の一覧としてご提示済みのため、ご確認いただきたく思います。

2021/01/25
海底配管が上げ切らないまま日跨ぎし、終了日に次の入荷が開始してしまったケースです。
海底配管が上げ切られていない状態での日跨ぎになっておりますので、インシデントNo1034でご提示した状況と多少違うように見えますが、本質としては同様です。
(日跨ぎ入荷した終了日に入荷が開始した場合に、海底配管の数量を前日値から使われている)
本件については、千葉に反映が必要な問題点として別途エビデンス確認を依頼させていただいております。
最新の状態であれば本件事象が発生しませんので、エビデンスのご確認をお願いいたします。

■対策
暫定対応としては、1/25にデータパッチを適用するように考えております。
当日にデータ取得、パッチ作成、エビデンス確認、パッチ適用まで作業完遂させたいと考えておりますので、ご協力のほど、よろしくお願いします。

2021/01/25
データパッチのエビデンスを以下に格納いたしました。
https://app.box.com/folder/130287170368
【No266】マスバランス_日跨ぎ入荷後の入荷で海底配管の在庫が正しくなくなる_データパッチ

恒久対応については、インシデントNo1034になりますので、本件はデータパッチ適用確認後、クローズしていただければと思います。

2021/01/29
暫定対応パッチ適用済み、恒久対応はインシデント管理移行のため、
本件はクローズとする。（千葉室橋様確認済み）IKC青井",オフラス,●,－,－,－,,,,,,,2021/01/29,仕様通り,確認完了,,,,,,,,,,,,,,,,,,,e,,,,,,,,,,,,,,,,,,,,
,267,2021/01/25,千葉,YJP吉永,伊藤祐希,LPGオンラインオーダー変更時の輸送形態不具合について,Q2：代替手段により後続テスト実施可能,A：オーダ管理,A：オーダ管理,アストモスLPGオンラインオーダ受信,"■発生日

■対応希望日：1か月以内

■事象
　オンラインオーダーでLPGの船名が変更になった際輸送形態が0（物流無関係）に変更されてしまう。
船名マスタから変更前も変更後も6（タンカー）であることは確認済み。
数量変更などでは事象は発生していない。

・問題点エビデンス
https://app.box.com/folder/130305731654

■あるべき姿
輸型区分が物流無関係にならない

■代替手段
手修正で対応（IKC青井1/25追記）
※修正漏れが発生してしまう。

","■原因
オンラインオーダ再登録が原因となります。
船名をいづみ丸に変更した伝文を受信しましたが、保留オーダとなった為、オンラインオーダ情報修正画面から、オーダの再登録を行っています。
その際、輸送形態がブランクでオーダ情報に登録された為、編集画面からオーダ確定を行った時、初期値の「物流無関係」が登録されています。

以下、輸送形態が「物流無関係」に設定されてしまった経緯になります。
12/14 16:40 アストモスLPGオンラインオーダの追加伝文受信
                ⇒正常にオーダが取り込まれる。
                   伝文に輸型は設定されていないが、受信処理の中で輸送形態を補完する処理を行っている為、
                   オーダ情報の輸送形態は、「タンカー」として登録されます。
12/18 13:36 オーダ確定
12/18 13:38 アストモスLPGオンラインオーダの変更伝文受信
                ⇒船名を「２２いづみ丸」に変更した伝文を受信したが、既にオーダ確定済みの為、
                   オーダは取り込まれず、保留オーダとなります。
12/18 13:51 保留となったオーダをオンラインオーダ情報修正画面から再登録
                ⇒情報修正画面で表示している輸型がブランクの為、再登録を行った時、
                   オーダ情報の輸送形態がブランクで登録されてしまう。
                   （※受信した伝文の輸型が設定されていない為）
12/18 14:54 オーダ編集画面からオーダ確定を行う。
                ⇒輸送形態がブランクで登録されている為、編集画面表示上、輸送形態は初期値の
                   「物流無関係」が表示されています。
                   そのままオーダ確定を行った為、「物流無関係」が登録されています。
■対策
受信処理同様、オンラインオーダ再登録の際、輸型がブランクだった場合、輸送形態を船マスタから取得して設定するように修正致します。

2/5 エビデンスを以下に格納致しました。
ご確認いただけますでしょうか。
https://app.box.com/folder/131050750604
・【No267】オンラインオーダでLPGの船名が変更になった際輸送形態が0（物流無関係）に変更されてしまう.xlsx",オフラス,●,●,－,－,,,,,2021/02/05,2021/03/10,2021/05/21,設計不備,確認完了,,,,,,,,,,,,,,,,,,,e,,,,,,,,,,,,,,,,,,,,
,268,2021/01/26,北海道,YJP吉永,柴田裕,揚げ荷進捗一部データ取得失敗,Q3：後続テスト実施可能,C：進捗管理,C：進捗管理,揚荷記録表（１時間）,"■発生日：　2021/1/23

■対応希望日：　1か月以内

■事象
進捗管理ー揚げ荷記録表で、
JOB開始して定時を跨いだ時点で確認すると、あるタンクの前尺の生、換算が入っていなかった。
現状を確認すると、入っている。（ただ、開始時刻が、19:06から19:01とかわっている）

この事象についてご見解は可能でしょうか。
なぜ開始時刻が変わったのか。なぜこの時取得できなかったのか。

・問題点エビデンス
https://idemitsu.ent.box.com/folder/130361478018

■あるべき姿
データの抜けをなくす

■代替手段

","■原因
前段として、揚荷記録データは以下のように作られます。
・CS30受信時に揚荷管理の初期データを登録する。
 ※前尺は、CS30伝文に登録されている
・CS50受信時にタンク使用中となる。
・毎正時に定時タンク在庫計算を実行する。
　計算後、1時間毎の揚荷管理データを登録する。
　※定時タンク在庫計算とCS受信は非同期

本件は、CS30受信、CS50受信、定時タンク在庫計算が同じタイミング（19:00:00～19:00:59）に実行された為、結果として、CS30受信より前の19:00:00のデータが揚荷記録に登録されました。

また、開始時刻が変わってしまう件は、本件とは別問題となりますので、保守問題点No.xxxにて管理致します。
■対策
定時タンク在庫計算後の揚荷記録登録において、登録データの時刻がCS30受信よりも前であれば対象外とする。
CS30受信時の前尺データを表示するように修正致します。

2021/2/8
以下にエビデンスを格納致しました。
https://app.box.com/folder/131237373104
【No268】進捗管理ー揚げ荷記録表で、JOB作業中タンクの前尺の生、換算数量が入っていなかった。.xlsx",オフラス,●,●,,,,,,,2021/02/09,2021/02/24,2021/02/24,AP・コーディング,確認完了,,,,,,,,,,,,,,,,,,,e,,,,,,,,,,,,,,,,,,,,
,269,2021/01/16,北海道,,,入出荷作業品名実績の連携,Q3：後続テスト実施可能,,,入出荷作業報告書,"■発生日：2021/1/16
 
■発生拠点：　北海道製油所
 
■対応希望日：　できれば今月中。　過ぎてもおおきな問題は無い。
 
■事象
実績ファイルメンテで入出荷の品名を変更しても
JOB検索画面の作業品名及び入出荷作業報告書の出力品名が変更されない。（連携されない）
 
■あるべき姿
実績ファイルメンテで品名を変更したら、
JOB検索画面、入出荷作業報告書に修正した品名が連携される
■代替手段
","■原因
データ更新に伴う表示の問題
■対策
自営帳票ではDBをそのまま出力しているためデータが更新されれば反映されると思われます。
品名：TIBB002 WK_PROD_NM

2021/02/19 追記
システムエグゼ様にて進捗状況を更新頂く

2021/02/24
修正後リリース依頼ずみ
修正前：TIBB002の作業品名を表示
修正後：TIBB007の作業品名を表示
　　　　※TIBB007のデータがない（取得できない）場合は
           TIBB002の作業品名を表示",自営帳票,,,,,,,,,,2021/02/24,2021/02/24,,確認完了,,,,,,,,,,,,,,,,,,,e,,,,,,,,,,,,,,,,,,,,
,270,2021/01/27,北海道,YJP大武,柴田裕,入出荷作業品名実績の連携,Q3：後続テスト実施可能,D：実績管理,D：実績管理,入出荷作業報告書,"■発生日：2021/1/16
 
■発生拠点：　北海道製油所
 
■対応希望日：　できれば今月中。　過ぎてもおおきな問題は無い。
 
■事象
実績ファイルメンテで入出荷の品名を変更しても
JOB検索画面の作業品名及び入出荷作業報告書の出力品名が変更されない。（連携されない）
 
■あるべき姿
実績ファイルメンテで品名を変更したら、
JOB検索画面、入出荷作業報告書に修正した品名が連携される
■代替手段
→問題点or改善リストに移行するかを確認する。","■原因
ご連絡いただいたのが1/27のため、今月中の対応は難しいです。
調査いたします。

2021/02/05
調査が遅れて申し訳ございません。
本件、JOBの情報を更新した結果が一覧に反映されていない？(個別画面では反映されている)というものですが、
画面で更新したデータと一覧で表示しているデータの意味合いが異なるために、表示が変わっております。
画面で更新したデータはJOBの入荷品データ(品名の単位で取り扱う)であり、一覧で表示しているのは子JOBデータ(運転単位で取り扱う)のためです。
以下に資料をまとめましたので、ご確認ください。
https://app.box.com/folder/131041547830
【No270】実績管理_入荷作業品名実績の連携

本件の対応が必要な場合、インシデント管理にて対応させていただきたく思います。

■対策
2021/02/05に柴田様より、対応内容があまり手をかけたくない内容のためいったん保留とご連絡いただいております。

2021/04/12 上記保留とのご連絡を頂いていたため、ステータスを対応不要に変更いたします。

2021/4/23
　2/5柴田様より帳票だけでも品名欄に入出荷品名を出力したいと連絡受領。
　⇒自営帳票側に上記対応を打診し、2/12に修正済み。（青井記）",オフラス,,,,,,,,,,,2021/04/12,仕様通り,対応不要,,,,,,,,,,,,,,,,,,,e,,,,,,,,,,,,,,,,,,,,
,271,2021/01/27,北海道,YJP吉永,柴田裕,作業状況表示、未作業JOBの流量について,Q3：後続テスト実施可能,C：進捗管理,C：進捗管理,作業状況表示一覧画面,"■発生日：2021/01/27

■対応希望日：　年度内

■事象
オフラスー進捗管理ー作業状況表示　において
未作業、終了JOBにおいて出所不明の数字が表示されている。
（どこを参照しているか）

・問題点エビデンス
https://app.box.com/folder/130442433210
■あるべき姿
未作業、終了しているJOBの流量は0または-として表示してほしい

■代替手段

","■原因
作業状況表示一覧画面にて表示している流量についてですが
　・未作業JOB：作業計画時の作業流量
　・作業中JOB：中間実績の流量
　・終了JOB：空白
を表示しています。
■対策
本件、仕様通りの認識です。
但し、ミキシング・水切り・サーキュレーション作業状況一覧画面で終了JOBの場合も、作業計画時の流量を表示している為、空白を表示するように対応致します。

2/3 IKC様から千葉事業所へ、未作業JOBの表示について、業務運用に影響があるか否か、確認していただいております。回答をもって対応内容を決定致します。

2021/02/19 追記
IKC様より千葉事業所へ未作業JOBの表示について、北海道の要求に合わせた場合に業務運用に影響があるか否かをご確認頂く

2021/03/03 YJP追記
IKC様より千葉事業所の業務影響はないとの連絡をいただきました。
未作業JOBの流量について、ブランクで表示するように対応を進めてまいります。

2021/03/12
エビデンスを以下に格納しました。
https://app.box.com/folder/133317524759
・【No271】【千葉】作業場状況一覧画面の未作業JOBの流量表示について.xlsx
・【No271】【北海道】作業場状況一覧画面の未作業JOBの流量表示について.xlsx
",オフラス,●,●,,,,,,,2021/03/12,2021/03/18,2021/03/24,設計不備,確認完了,,,,,,,,,,,,,,,,,,,e,,,,,,,,,,,,,,,,,,,,
,272,2021/01/28,北海道,YJP張替,柴田裕,装置受け払い計画表HY出力,Q3：後続テスト実施可能,B：作業計画管理,帳票,装置受払計画一覧表,"■発生日：　2021/1/28

■発生拠点：　北海道製油所

■対応希望日：1週間以内程度

■事象
オフラスでHY-BSのタンク設定をしても
装置受け払い計画一覧表のM勤L勤欄に出力されない。
（タンクNo欄には設定タンクは出力される）

■あるべき姿
正しく出力される
■代替手段
手入力
","■原因
1月29日の最新DBで確認いたしましたが、備考にHY-BSの情報が出力されました。
■対策
現在も出力されないかご確認いただきたく。
ステータスを確認中に変更しました。

2021/02/02
ステータスを再現待ちに変更しました。
調査時のエビデンスは下記に格納しています。
https://app.box.com/folder/130827514474

2021/03/26 追記
三鷹検証環境で再現しなかったことと、本件発生以降、同様の事象が発生していないため、
4月の保守月例会までに再発していない場合は、クローズとさせて頂きたいと思います。

2021/04/23 追記
本件、起票時以降、同様の事象が発生していないため、一旦、クローズとさせて頂きます。
同様の事象が再発した場合には、新規で起票するように致します。",オフラス,,●,,,,,,,,,2021/04/23,再現待ち,確認完了,,,,,,,,,,,,,,,,,,,e,,,,,,,,,,,,,,,,,,,,
,273,2021/01/29,北海道,YJP吉永,,ETS-R APサーバのサービス異常終了発生,Q1：後続テスト実施不可,C：進捗管理,Y：通信管理,通信,"■発生日：2021/01/29

■対応希望日

■事象
今朝3時5分、以下のサーバにおいてサービス異常終了が発生。
その後、当該サービス未起動との発報連絡がありました。

対象     ：北海道製油所
サーバ    ：S2153500（運転管理AP（ETS-R））
サービス  ：FREESIA-SF

発報連絡後サーバの状況を確認し、4時6分にサービスを手動起動。
その後、静観し現状は特に問題なし。

本件の発生原因について調査をお願いします。

＜ログファイル＞
https://idemitsu.ent.box.com/folder/130576384965

また、その影響により以下の事象が発生しております。
・４:00の定時在庫が抜け落ちています。　（復旧方法はございますか）
・当該期間の開始システムとのコントロールステップ連携ができていませんでした。（終了ステップで復旧済み）
・その他、原因と影響の調査ご見解をお願い致します。

■あるべき姿

■代替手段
","■原因
状況について、以下します。
・４:00の定時在庫が抜け落ちています。　（復旧方法はございますか）
　→運転制御側からタンク在庫のリカバリ送信が可能であれば、再度上げていただくことで復旧できます。
　　　(しかし、運転制御側でも、締め時刻の在庫は上げられたように記憶していますが、その他の時間で揚げることができるかについては、運転制御側にご確認いただきたいと思います。)
・当該期間の開始システムとのコントロールステップ連携ができていませんでした。（終了ステップで復旧済み）
　→すでに復旧済みとのことで、この件は特に問題ないかと思います。
・その他、原因と影響の調査ご見解をお願い致します。
　→停止していた時間帯が、3時4時なので、周辺に送るデータも特にない認識です。影響的にはほぼないと考えられるかと思います。
　　　原因調査については、引き続き行います。

■対策
2021/02/19 追記
原因調査中です。引き続き、調査致します。

2021/03/11 追記
Windowsイベントログを確認したところ、2021/1/29  3:04:35にjava.exeでエラーが発生し、
その後、SFサービスが異常終了していることを確認致しました。
現状、原因は不明です。（ただし、千葉ではSFサービスの異常終了は発生しておりません）
一旦、ステータスを「再現待ち」とし、様子見とさせて頂きたいと思います。

2021/03/17 追記
SFサービスの異常終了の再発時ですが、以下のログとログが出力されるフォルダの取得をお願い致します。
　・Windowsアプリケーションログ
　・D:\freesia\FREESIA_SF\wildfly-9.0.2.Final\standalone\log（※）
　・D:\freesia\FREESIA_UI\wildfly-9.0.2.Final\standalone\log（※）
※フォルダごと取得をお願い致します。

2021/03/26 追記
本件、発生以降、SFサービスの異常終了は起きておりませんので、一度、クローズとさせて頂き、再発時には、新規起票と上記のログの取得をお願い致します。",オフラス,,,,,,,,,,,2021/03/26,再現待ち,確認完了,,,,,,,,,,,,,,,,,,,e,,,,,,,,,,,,,,,,,,,,
,274,2021/02/01,北海道,YJP大武,青井圭介,ETS-R→SpiralSchedule間の連携ファイルについて,Q3：後続テスト実施可能,Y：通信管理,Y：通信管理,データ送信,"■発生日
　2021/01/30
■対応希望日
　特になし
■事象
S0117000 : 製油所荷繰生産計画 本番 サーバ（北海道）
　ETS-RからSpiralScheduleへ連携するタンク在庫ファイルにおいて、
　CSVファイルとFINファイルのファイル名に相違があったため、
　Stagingサーバ上のポーリング処理にて処理対象無しとしてスキップされ
　ファイルが滞留していた。

■あるべき姿
　ファイル名が同一で滞留なく送信される

■代替手段
　FINファイル名を合わせる

仕様上、CSVとFINファイルは命名規則により同一で定義されています。
今回発生したファイル名相違の原因調査をお願いいたします。
","■原因
EAIサーバのEAI設定を確認したところ、
EAIサーバ→SpiralScheduleへの送信設定が通信不可になっております。
ログ出力状況からみて、7/22から通信不可になっており、
EAIサーバ→SpiralScheduleへのcsvファイルおよびfinファイルの送信は行っていないようです。
YJPとしては、通信不可に設定変更した認識はありませんが、
IKC様のほうで設定変更されたのでしょうか。

■対策
北海道はオフラスを経由していないため、本件は不問でクローズする。（2021/2/18 IKC青井）
",IKC,,●,,,,,,,,,2021/02/18,環境設定,確認完了,,,,,,,,,,,,,,,,,,,e,,,,,,,,,,,,,,,,,,,,
,275,2021/02/02,千葉,YJP柳田,青井圭介,１月納税伝票実績がSAPに反映されていない件,Q2：代替手段により後続テスト実施可能,Y：通信管理,Y：通信管理,データ送信,"■発生日
　2021/01/19
■対応希望日
　2021/02/02
■事象
　OneSAP連携について、1/19分が連携されていない
■あるべき姿

■代替手段
","■原因
APサーバからEAIサーバへ伝文は到達していましたが、
EAIサーバ内で実行する、OneSAP連携bat（SBM0_CopyToRenkeiNAS.bat）が
実行されなかったようです。
実行されなかった原因は引き続き調査致します。

2021/02/03
事象が発生した時間帯（1/19 12:02～12:20頃）に
L3.5EAI用DBサーバのOracleアラートログに下記のエラーと、
これに起因したと思われるエラーが出力されておりました。
　TNS-12535: TNS: 操作はタイム・アウトしました。
　└考えられる原因
　　・ネットワークに問題が発生している
　　・ファイアウォールによるポートフィルタリングが発生している
　　・ネットワークやOSの負荷が高い

OneSAP連携されていなかった該当の伝文はAPサーバから「1/19 12:15頃」に受けており、
そのタイミングでEAIサーバのEAIはDB接続できず、EAI定義情報が取得できなかったため、
EAIが正常に動作していなかったと考えられます。

■対策
連携されなかった伝文のリカバリについては、
該当の伝文ファイルをEAIサーバのフォルダ「D:\eai\OneSAP\GBR00770」へ格納し、
同フォルダ内のOneSAP連携bat（SBM0_CopyToRenkeiNAS.bat）を管理者権限で実行。（済）

2021/02/03
IKC様のほうでOracleアラートログについて確認願えますでしょうか。
Oracleアラートログは下記Boxに格納しています。
https://app.box.com/folder/130918359241",IKC,●,,,,,,,,,,2021/06/24,その他,確認完了,,,,,,,,,,,,,,,,,,,e,,,,,,,,,,,,,,,,,,,,
,276,2021/02/02,北海道,YJP張替,柴田裕,タンク在庫チェック表１２９タンクの払い出し予定量不具合,Q3：後続テスト実施可能,B：作業計画管理,B：作業計画管理,タンク在庫チェック,"■発生日：2021/2/2

■発生拠点：　北海道製油所

■対応希望日：　なるべく早く

■事象
ブレンド出荷タンク在庫チェック表にてマーカー（１２９）の払い出し予定量がデタラメ。

■あるべき姿
正常にL単位で集計、出力願います。

■代替手段
○○で〇〇する。
","■原因
添加剤タンクの場合、予定数量へ反映する際に、Lではなくcc単位で集計してしまっている為に、大きな値となって出力されています。

■対策
L単位で集計して出力するように修正致します

2/19
以下に検証結果エビデンスを格納致しました。
https://app.box.com/folder/131967245576
・【No276,295】ブレンド出荷タンク在庫チェック表、タンク在庫チェック画面で添加剤タンクの在庫量・払出予定数量が不正.xlsx",オフラス,,●,,,,,,,2021/02/19,2021/02/24,2021/02/24,設計不備,確認完了,,,,,,,,,,,,,,,,,,,e,,,,,,,,,,,,,,,,,,,,
,277,2021/02/02,千葉,YJP大武,伊藤祐希,マスバランス タンク在庫日報（石炭在庫）,Q2：代替手段により後続テスト実施可能,G：マスバランス,G：マスバランス,他課タンク在庫,"■発生日
2021/02/01

■対応希望日：2/3（月次決算締めのため）、最長第5営業日の2/5

■事象
　1/31タンク在庫日報（石炭）の在庫数量が訂正できない。

(1)	動力課日報で6BV50Aタンクの石炭在庫数量の訂正（78.463→0）
(2)	新IRIS/操業情報システム/他システム通信/製油所データ作成よりリカバリ
※オフラス側でデータを受信したようなメッセージは出なかった
(3)	オフラス/実績管理/タンク実績リカバリ/タンク在庫日報 再編集
(4)	オフラス/マスバランス/タンク在庫日報⇒訂正が反映されない

■あるべき姿
　・1/31タンク在庫日報（石炭）の在庫数量 0KL
　・決算帳票である製油所受払月報、実地棚卸表への反映

■代替手段
　なし
訂正手段が違う場合、ご教示願います。
","■原因
本件、暫定対応として、データパッチを適用、動力課タンクである6BV50Aのレベル、換算数量を0とするようにします。(千葉室橋様と相談して内容を決定しました。)

操作としては、新IRIS側からデータの再送を行ったとのことですが、オフラスのデータとしてはデータを受信しておりません。((3)に記載されているようにオフラス側では受信メッセージもデータ更新も行われておりません)
後日になりますが、EAIまでデータが到達していたのかどうかを確認いたします。

2021/02/03
千葉ターゲット環境を調査したところ、動力課のタンク在庫(新IRISより受信する伝文201:自家燃タンク在庫)は
2/1の7:00に受信したのみでした。(L3.5、L3.0どちらにも7:00のファイルしかありませんでした。)
新IRISから再送されたのが2/1　14:00～16:30付近と伺っておりますが、その時間帯ですと、日別装置稼働実績(伝文ID:204)が受信されておりました。
もしかして、再送されたものが異なっている(自家燃タンク在庫を再送したかったが、日別装置稼働実績を再送していた)可能性は無いでしょうか。
オフラスとしては、自家燃タンク在庫を受信できていないため、在庫の修正がされていないという状況のため、恒久対応は不要と考えております。

■対策
暫定対応：データパッチにて、当該タンクの1/31在庫を0にする
恒久対応：調査結果に準ずる
→自家燃タンク在庫の再受信がされていないためであると考えられます。
ステータスを確認中とさせていただきますので、問題なければ対応不要に更新してください。
　⇒ユーザによる新IRIS操業品質側の操作誤りによるもの。
　　オフラス側は不問のため本件はクローズ扱いとする。（2021/2/18 IKC青井）",IKC,●,－,－,－,,,,,2021/02/02データパッチエビデンス,,2021/02/18,仕様通り,確認完了,,,,,,,,,,,,,,,,,,,e,,,,,,,,,,,,,,,,,,,,
,278,2021/02/02,北海道,YJP小笠原,柴田裕,ブレンドシミュレータ画面の要望①,Q2：代替手段により後続テスト実施可能,K：ブレンドシミュレーション,K：ブレンドシミュレーション,VIKA010101_ブレンドシミュレータ条件入力,"■発生日：2021/01/29
■対応希望日：なるべく早く
■事象
ブレンドシミュレータ画面にて、要望があり纏めていますので資料をご確認ください。
なお、スライド３以外は、要望の件が既設では実装されており、今回の変更で大変使いにくくミスの元になるので修正してほしいと切望を受けています。個別でも構いませんので調整をお願い致します。

https://app.box.com/file/771350037168
①仮報告で試験未完のものは、前回のLOT値を表示するようにしてほしい。（以前の仕様）

■あるべき姿
資料参照
■代替手段
人歯止め
","■原因
初回起動時、基材性状情報はタンク最新ロットの性状情報を表示しています。
タンク最新ロットが仮報告の場合、試験未完の試験項目の性状値は未設定のため空白で表示されます。
仕様通りです。
■対策
インシデント対応となります。

2021/07/26
検証エビデンスを以下に格納致しました。
https://app.box.com/folder/142026181636
【No278】基材タンクの最新ロットが仮報告の場合は未完了の試験項目の性状値に前回ロットの値を表示する.xlsx
",オフラス,－,●,－,－,●,,,,2021/07/27,2021/08/05,2021/09/07,仕様通り,確認完了,No.876,,,,,"基材タンクロットが仮報告の場合の前回ロット性状値の表示。

(1)北海道固有機能とする。
(2)ブレンドシミュレータ条件入力画面の初回表示時に、基材タンクロットが仮報告の場合、未完了の試験項目の性状値として、前回ロットの性状値を表示する。
(3)前回ロットの定義は以下とする。
　・タンクタグNoが同じ
　・試験分類が基材タンクロットの取得対象である
　　※基材タンクロットの取得対象試験分類は品質管理のシステム定数に定義あり
　・合否判定結果区分が「1:合格」である
　　※ロット確立区分(有効/無効/保留)ではなく、Lab-Aidでの試験の合否判定結果(合格/不合格)です
　・サンプル採取日時が最新ロットより前の直近でブレンド基材有効期間内である
　　※ブレンド基材有効期間はブレンドシミュレーションのシステム定数に定義あり
(4)表示されている基材性状値が、前回ロット性状値と分かるような文字色を変える等の表示制御はしないものとする
(5)ブレンドシミュレーションの合否判定に影響は及ぼさないものとする
※前回ロット性状値でブレンド計算を行った項目が、仮報告ではなくなり試験結果を受信したら前回ロット性状値とは大きく異なっていた場合など、計算結果が変わることが想定されますが、システムでは検知できませんので、運用で対応していただくことになります。
",仕様変更承認済,3.0人日,4.0人日,1.5人日,1.5人日,1.5人日,対応依頼,"(1)北海道固有機能とする。
(2)ブレンドシミュレータ条件入力画面の初回表示時に、基材タンクロットが仮報告の場合、
未完了の試験項目の性状値として、前回ロットの性状値を表示する。
(3)前回ロットの定義は以下とする。
　・タンクタグNoが同じ
　・試験分類が基材タンクロットの取得対象である
　　※基材タンクロットの取得対象試験分類は品質管理のシステム定数に定義あり
　・合否判定結果区分が「1:合格」である
　　※ロット確立区分(有効/無効/保留)ではなく、Lab-Aidでの試験の合否判定結果(合格/不合格)です
　・サンプル採取日時が最新ロットより前の直近でブレンド基材有効期間内である
　　※ブレンド基材有効期間はブレンドシミュレーションのシステム定数に定義あり
(4)表示されている基材性状値が、前回ロット性状値と分かるような文字色を変える等の表示制御はしないものとする
(5)ブレンドシミュレーションの合否判定に影響は及ぼさないものとする
　→ 前回ロット性状値でブレンド計算を行った項目が、仮報告ではなくなり試験結果を受信したら
　 前回ロット性状値とは大きく異なっていた場合など、計算結果が変わることが想定されますが、
　 システムでは検知できませんので、運用で対応していただくことになります。",見積書受領待ち（2021/5/27）,,,2021/6　17K2D016_110,e,,,,,,,,,,,,,,,,,,,,
,279,2021/02/02,北海道,YJP小笠原,柴田裕,ブレンドシミュレータ画面の要望②,Q2：代替手段により後続テスト実施可能,K：ブレンドシミュレーション,K：ブレンドシミュレーション,VIKA010101_ブレンドシミュレータ条件入力,"■発生日：2021/01/29
■対応希望日：なるべく早く
■事象
ブレンドシミュレータ画面にて、要望があり纏めていますので資料をご確認ください。
なお、スライド３以外は、要望の件が既設では実装されており、
今回の変更で大変使いにくくミスの元になるので修正してほしいと切望を受けています。
個別でも構いませんので調整をお願い致します。

https://app.box.com/file/771350037168
②試験分類がシミュレーター立ち上げ時「出荷検査」になっているものがあるので、「製造」で表示してほしい。
また、前回の制約上限値、下限値がリセットされて、いちいち手入力しているので、前回値を表示してほしい。

■あるべき姿
資料参照
■代替手段
人歯止め
","■原因
出荷の場合は規格を取得して試験分類を決定します。
生産の場合は、作業計画側に試験依頼の設定があれば試験依頼の試験分類を使用し、試験依頼の設定がなければ出荷と同じように規格を取得して試験分類を決定します。
規格から試験分類を決定する方法は以下の通りのため、試験分類＝出荷検査が選択されることはありません。
　・試験分類＝製造、製造形態＝ブレンダー、で最初に取得できたもの
　・上記がなければ、試験分類＝製造または装置原料、で最初に取得できたもの
作業計画側で出荷検査の試験依頼を設定している状態でシミュレータを起動し、出荷検査になっているのであれば仕様通りの動きとなります。
■対策

2021/05/20 柴田
運用にてBS起動前に試験依頼をしないという運用で回避することと担当と合意していますので、運用で逃げる案で一旦クローズ致します。",IKC,,●,,,,,,,,,2021/05/20,仕様通り,対応不要,,,,,,,,,,,,,,,,,,,e,,,,,,,,,,,,,,,,,,,,
,280,2021/02/02,北海道,YJP小笠原,柴田裕,ブレンドシミュレータ画面の要望③,Q2：代替手段により後続テスト実施可能,K：ブレンドシミュレーション,K：ブレンドシミュレーション,VIKA010101_ブレンドシミュレータ条件入力,"■発生日：2021/01/29
■対応希望日：なるべく早く
■事象
ブレンドシミュレータ画面にて、要望があり纏めていますので資料をご確認ください。
なお、スライド３以外は、要望の件が既設では実装されており、
今回の変更で大変使いにくくミスの元になるので修正してほしいと切望を受けています。
個別でも構いませんので調整をお願い致します。

https://app.box.com/file/771350037168
③NPRG生産時、BB性状のMON値、RVP値が空白のため、手入力している。MON値は「91.5」、RVP値は「430」で固定のため、その値を表示してほしい。

■あるべき姿
資料参照
■代替手段
人歯止め
","■原因
BS基材性状固定値マスタに登録されていないため。
■対策
BS基材性状固定値マスタに登録すると固定値が表示されるようになります。
三鷹検証環境で動作確認した検証エビデンスをBOXに格納しました。
https://app.box.com/file/771657480833
",IKC,－,●,－,－,－,,,,,,2021/02/05,仕様通り,確認完了,,,,,,,,,,,,,,,,,,,e,,,,,,,,,,,,,,,,,,,,
,281,2021/02/02,北海道,YJP小笠原,柴田裕,ブレンドシミュレータ画面の要望④,Q2：代替手段により後続テスト実施可能,K：ブレンドシミュレーション,K：ブレンドシミュレーション,VIKA010101_ブレンドシミュレータ条件入力,"■発生日：2021/01/29
■対応希望日：なるべく早く
■事象
ブレンドシミュレータ画面にて、要望があり纏めていますので資料をご確認ください。
なお、スライド３以外は、要望の件が既設では実装されており、今回の変更で大変使いにくくミスの元になるので修正してほしいと切望を受けています。個別でも構いませんので調整をお願い致します。

https://app.box.com/file/771350037168
④全ての油種のタンク生産時、「デッド考慮する」のレ点欄がデフォルトで入ってくる。不要。

■あるべき姿
資料参照
■代替手段
人歯止め

2021/03/22 柴田
　北海道としては、案1）を希望します。
","■原因
仕様通りです。
ブレンドシミュレータ条件入力画面の払出タンク情報(タンクデッド)の「デッド考慮」チェックボックスの初期表示は「チェックあり」です。
■対策
インシデント対応となります。
対応案として以下の2点が考えらえます。
　案1）無条件で初期表示を「チェックなし」とする。
　案2）作業計画の画面で入力したデッド量が「0」以下の場合のみ初期表示を「チェックなし」とする。

2021/04/22 追記
システム定数(SYS_COMP_TANK_DEAD)により「デッド考慮」チェックボックスのチェック有無を切り替えられますが、同じシステム定数を全く別物のデッドフラグでも使用しております。
そのため、「デッド考慮」チェックボックスをチェックなしとするためにシステム定数(SYS_COMP_TANK_DEAD)を変更すると、デッドフラグの挙動に不都合が生じてしまいます。
「デッド考慮」チェックボックス用に新規にシステム定数を追加し、チェックボックスの初期表示のチェック有無を切り替えられるように修正します。

2021/05/11
検証エビデンスを以下に格納致しました。
https://app.box.com/folder/137151908220
【No281】ブレンドシミュレーション初回起動時のデッドフラグの初期値.xlsx
",オフラス,●,●,●,●,－,,,,2021/05/11,2021/05/19,2021/05/20,AP・コーディング,確認完了,No.867,,,,,,,,,,,,,,,,,,e,,,,,,,,,,,,,,,,,,,,
,282,2021/02/02,北海道,YJP小笠原,柴田裕,ブレンドシミュレータ画面の要望⑤,Q2：代替手段により後続テスト実施可能,K：ブレンドシミュレーション,K：ブレンドシミュレーション,VIKA010101_ブレンドシミュレータ条件入力,"■発生日：2021/01/29
■対応希望日：なるべく早く
■事象
ブレンドシミュレータ画面にて、要望があり纏めていますので資料をご確認ください。
なお、スライド３以外は、要望の件が既設では実装されており、
今回の変更で大変使いにくくミスの元になるので修正してほしいと切望を受けています。
個別でも構いませんので調整をお願い致します。

https://app.box.com/file/771350037168
⑤C重油の出荷と生産全て、シミュレーター起動時、「VISCOSITY」の制約上下限値が空白のため、都度手入力している。前回値を表示してほしい。

■あるべき姿
資料参照
■代替手段
人歯止め
","■原因
制約上下限値は、規格の目標値を表示するかBS計算履歴の前回値を表示するか、システム定数で設定が可能となっており、BS計算履歴の前回値を表示する設定となっております。
そのため「VIS」以外の制約上下限値は正しく前回値が表示されておりますが、「VIS」のみ取得ロジックに誤りがあるため取得できず空白で表示されております。
■対策
「VIS」の前回値取得ロジックを修正します。

2021/02/04 追記
検証結果エビデンスをBOXに格納しましたので、ご確認をお願いします。
https://app.box.com/file/772151664715
",オフラス,●,●,●,●,－,,,,2021/02/04,2021/02/10,2021/05/07,AP・コーディング,確認完了,,,,,,,,,,,,,,,,,,,e,,,,,,,,,,,,,,,,,,,,
,283,2021/02/02,北海道,YJP小笠原,柴田裕,ブレンドシミュレータ画面の要望⑥,Q2：代替手段により後続テスト実施可能,K：ブレンドシミュレーション,K：ブレンドシミュレーション,VIEX010102_ブレンドシミュレータ計算結果詳細確認,"■発生日：2021/01/29
■対応希望日：なるべく早く
■事象
ブレンドシミュレータ画面にて、要望があり纏めていますので資料をご確認ください。
なお、スライド３以外は、要望の件が既設では実装されており、
今回の変更で大変使いにくくミスの元になるので修正してほしいと切望を受けています。
個別でも構いませんので調整をお願い致します。

https://app.box.com/file/771350037168
⑥全ての出荷と生産、シミュレーター計算結果のTOTAL PERCENTAGE値が空白。計算結果を表示してほしい。

■あるべき姿
資料参照
■代替手段
人歯止め
","■原因
仕様通りです。
結果性状にはアウトプットファイルから取得した推定性状値を表示し、推定性状にはアウトプットファイルから取得した推定性状値に対して丸め処理を行った値を表示します。
丸め処理に必要な情報は、規格情報と合わせて試験管理システムから取得します。
試験項目略号の定義がない性状項目に関しては丸め処理に必要な情報が取得できないため、推定性状は空白で表示されます。
（TOTAL_PERCENTAGEに限らず、推定性状が空白で表示されている性状項目すべて同じ）
■対策
インシデント対応となります。
試験項目略号の定義がない性状項目は、丸め処理を行わず、アウトプットファイルから取得した推定性状値をそのまま推定性状に表示することは可能です。
表示したい性状項目は「TOTAL_PERCENTAGE」のみでしょうか？
",IKC,●,●,●,●,,,,,,,,仕様通り,仕様整理中,,,,,,"試験項目略号の定義がない規格項目の推定性状値の表示の変更。

(1)全所共通機能とする。
(2)ブレンドシミュレータ計算結果詳細確認画面で、試験項目略号の定義が無い規格項目の推定性状値は、丸め処理を行わずに結果性状値と同じ値を表示する。
",IKC確認中,1.0人日,0.5人日,0.5人日,0.5人日,0.0人日,確認中,,,,,,e,,,,,,,,,,,,,,,,,,,,
,284,2021/02/02,北海道,YJP小笠原,柴田裕,ブレンドシミュレータ画面の要望⑦,Q2：代替手段により後続テスト実施可能,K：ブレンドシミュレーション,K：ブレンドシミュレーション,VIKA010101_ブレンドシミュレータ条件入力,"■発生日：2021/01/29
■対応希望日：なるべく早く
■事象
ブレンドシミュレータ画面にて、要望があり纏めていますので資料をご確認ください。
なお、スライド３以外は、要望の件が既設では実装されており、
今回の変更で大変使いにくくミスの元になるので修正してほしいと切望を受けています。
個別でも構いませんので調整をお願い致します。

https://app.box.com/file/771350037168
⑦軽油の出荷と生産、全てにおいてアロマ値が空白。数字を「15」固定で表示してほしい。

■あるべき姿
資料参照
■代替手段
人歯止め
","■原因
BS基材性状固定値マスタに登録されていないため。（保守問題点No.280と同じ）
■対策
BS基材性状固定値マスタに登録すると固定値が表示されるようになります。
軽油のブレンドに使用する基材作業品名コードに対して基材性状固定値を設定してください。
アロマ値の試験項目略号は「ARO」です。
",IKC,－,●,－,－,－,,,,,,2021/02/05,仕様通り,確認完了,,,,,,,,,,,,,,,,,,,e,,,,,,,,,,,,,,,,,,,,
,285,2021/02/02,北海道,YJP大武,柴田裕,SULのタンク進捗締め不具合,Q3：後続テスト実施可能,D：実績管理,D：実績管理,ファイルメンテナンス,"■発生日：　21/1/29

■発生拠点：　北海道製油所

■対応希望日：なるべく早め

■事象
SULにおいて、タンク切り替えを行っても
どうちらのタンクも作業中のまま残ったので、
２９日夕方、担当が終了タンクの実績をファイルメンテで閉めようとしたところ
誤って作業中タンク５０７タンクを閉め登録した。
結果、日報にてSULの装置受け入れ中が出力されたりされなかったりしている。
資料参照願います。
（次の切り替えは2/4-5予定）
・タンク切り替えは２８日１０時ころ実施。なぜ、切り替え前タンクも作業中で残っていた？
・現在の状況はどのような状態で、どうのような対応が必要なのか
資料参照
■あるべき姿
装置作業中JOBは日報にその旨出力される
■代替手段
○○で〇〇する。
","■原因
切替が出来なかった原因については、調査を行います。
誤って終了させてしまったJOBについては、次の切替が2/4または5とのことですので、取り急ぎデータパッチ対応を行って、誤って終了させる前の状態に戻そうと考えております。
データパッチの対象は、JOBNo599156、599157の2JOBです。

2021/02/05
本件、切替前のJOBであるJOBNO599154の実績受信時にエラーが発生しており、そのため作業終了になっていませんでした。
エラーの原因は、599154で受入タンクとして#3506と#3507の2基タンクが設定、登録されておりますが、運転制御からのJOB実績には#3506のみしか含まれていなかったため、#3507のタンク分が取得できず、エラーとなっております。(3507のタンクは実際には使われていないのではないかと考えております。)
元々の計画で、このJOBだけ2タンク利用になっておりましたが、そもそも2タンク利用のJOB登録は通常の運用であるのでしょうか。計画入力上誤って入力しただけであれば、本件の対応は特に不要かと思われます。
今後も複数タンク利用する計画で、実際には使うかどうかわからない状態で運用する場合には、計画にあるタンクが運転制御から上がってこない場合について追加対応する必要があり、インシデント管理にて対応させていただきたく思います。

■対策
上記、ご確認ください。
ステータスは確認中とさせていただきます。",オフラス,－,●,－,－,,,,,,,2021/02/05,その他,対応不要,,●,,,,,,,,,,,,,,,,,e,,,,,,,,,,,,,,,,,,,,
,286,2021/02/02,北海道,,, IOS20-OFL：PL日報取り込み不具合,,,,海上出荷流量計積算記録表（日報）,"■発生日：　2021/01/29
 
■発生拠点：　北海道製油所
 
■対応希望日：　今週中
 
■事象
海上出荷流量計積算記録表（日報）にてパイプラインのFSC-920-21の出荷数量が取り込まれずエラー
添付参照
 
■あるべき姿
出荷数量が出力される
■代替手段
","■原因
JOB区分がPL出荷だったため対象から漏れていた
■対策
JOB区分がPL出荷のものも対象に含める",自営帳票,－,●,－,－,,,,,,2021/02/10,2021/02/10,調査中,確認完了,,,,,,,,,,,,,,,,,,,e,,,,,,,,,,,,,,,,,,,,
,287,2021/02/03,千葉,YJP大武,伊藤祐希,「製油所受払月報」在庫数量不突き合い,Q2：代替手段により後続テスト実施可能,Y：通信管理,Y：通信管理,OneSAP伝票受信,"■発生日
2021/02/02

■対応希望日
2021/02/03　11:00

■事象
ファイルボランチ「製油所受払月報」「実地棚卸表」の
スーパーゼアス、ゼアス、灯油（家庭用）、軽油、01A重油の
月末在庫に不突き合いがありました。
月報の前月在庫、出荷数量（SAPと一致）及び実地棚卸表は
数値に問題ないことを確認しましたので、
システム上の不具合についてご確認をお願いいたします。

決算業務締めが第3営業日の明日となるため、
明日の11時までにご確認をお願いいたします。

■あるべき姿
月末在庫が一致する

■代替手段
原因による","■原因
1/19　12:05に受信するOneSAPデータがL3.5EAIまでは到達しておりましたが、L3.0EAIに転送されておりませんでした。
原因は現在調査中ですが、1/19　12:00頃は、オフラスからの納税伝票がOneSAPに送信されなかった件も発生しており、関連が考えられます。

2021/02/04
No275と同様の為、No275で対応を管理させていただき、
クローズとさせていただきたく思います。

■対策
暫定対応：1/19　12:05に受信したファイルの再取込(済)
恒久対応：No275で対応を管理",オフラス,●,－,－,－,,,,,,,2021/02/04,その他,確認完了,,,,,,,,,,,,,,,,,,,e,,,,,,,,,,,,,,,,,,,,
,288,2021/02/03,北海道,YJP吉永,柴田裕,揚げ荷進捗一部データ取得失敗,Q3：後続テスト実施可能,C：進捗管理,C：進捗管理,揚荷記録表（１時間）,"保守問題点No.268から分割した問題点になります。
■発生日：　2021/1/23

■対応希望日：　1か月以内

■事象
進捗管理ー揚げ荷記録表で、JOB作業中と作業後で開始時刻が、19:06から19:01とかわっている

この事象についてご見解は可能でしょうか。
なぜ開始時刻が変わったのか。

・問題点エビデンス
https://idemitsu.ent.box.com/folder/130361478018

■あるべき姿
データの抜けをなくす

■代替手段","■原因
作業中はCS50受信時刻を表示しており、作業後はJOB実績の開始時刻を表示しています。
その為、変わってしまっています。
■対策
JOB実績の開始日時に何を登録しているのか、運転制御へ確認致します。
その回答をもって、作業中の開始時刻は、一番近い値を表示するように修正致します。

2021/2/5 
【運転制御側回答】
JOB実績の開始日時について、
JOB実績の開始日時は、JOBに対して制御を開始した時になります。
（※海上入荷の場合、タンク元弁、中間弁、先端弁のOPEN等の一連の開始シーケンスを始めた時。）
また、JOBコントロールステップ50をオフラスへ送信するタイミングは、全ての開始シーケンスが終了して
通油中になった時になります。

通常、タンク元弁などは大きいためOPENに時間が掛かりますので、「開始日時」と「JOBコントロールステップ50をオフラスへ送信する日時」には数分単位の差異が出ると思われます。

【揚荷一覧画面表示】
運転制御側の回答をもって、以下のように対応致します。
作業中の開始時刻は、JOBコントロールステップ50を受信したタイミングではなく、
JOB実績の開始日時に一番近い値と思われるJOBコントロールステップ30の受信時刻を表示するように修正致します。
なお、保守問題点No.268にて、作業中の前尺をCS30受信時の値を取得するように対応しますので、
開始時刻と前尺どちらもCS30受信時の値を表示するようになります。

2/15
エビデンスを以下に格納致しました。
https://app.box.com/folder/131690059673
【No288】揚げ荷記録表で、JOB作業中と作業後で開始時刻がかわっている.xlsx
",オフラス,●,●,－,－,,,,,2021/02/15,2021/02/24,2021/02/24,設計不備,確認完了,,,,,,,,,,,,,,,,,,,e,,,,,,,,,,,,,,,,,,,,
,289,2021/02/03,北海道,,柴田裕,"OMC,オフラスの実績の違いについて",,,,生産シフト作業報告書,"■発生日

■対応希望日

■事象
質問：
OMCとオフラスの実績値が異なるのは取得タイミングが異なるからでしょうか。
（オフラスはOMCの実績を使用していない、という認識で良いでしょうか）
また、4454→3563のシフトにおいて、流量計を使用していないが、
3563は流量計数量欄と差し引き数量で数字が異なる。（4454はぴったり数字が一致する）
なぜこのようになるか調査可能でしょうか
■あるべき姿

■代替手段
","■原因

■対策
■赤枠・・OMCとDCSで補正の前後尺数値が違いますが、取得タイミングが違いますか。（OMCの実績をオフラスで使用しているわけではない？）

→OMCがどのデータを使用しているか不明なため
取得タイミングはわかりかねますが帳票では
BBでいうと389167がTIBB004 MBO_CONV_QTY(JOBﾀﾝｸの前尺換算数量)、724107がTIBB004 MAO_CONV_QTY(JOBﾀﾝｸの後尺換算数量)
を表示しております。

■青枠・・作業報告書の青枠の実績が異なるのはなぜか分かりますでしょうか。(4454は同じだが、3563は異なる。流量計使用無)

→左の実績数量ではTIBB003 RESULT_QTY(工程コンポーネントの実績数量)を
表示しており右の差し引き数量ではJOBﾀﾝｸの前尺換算数量 - JOBﾀﾝｸの後尺換算数量を表示しております。
上記の値(DB値)に差が発生しているために実績値が異なっております。
→OMC側の気層部換算に問題があった。オフラスではクローズ",自営帳票,,,,,,,,,,,2021/02/03,,対応不要,,,,,,,,,,,,,,,,,,,e,,,,,,,,,,,,,,,,,,,,
,290,2021/02/04,千葉,YJP吉永,伊藤祐希,海上出荷オーダ削除依頼,Q1：後続テスト実施不可,A：オーダ管理,A：オーダ管理,内航出荷オーダ,"■対応希望日：可能であれば2/5難しければ2/8（パッチ対応）

■事象
　既に海上出荷中のオーダーにオーダーの変更依頼があり、オーダー変更をかけてしまったため
変更前のデータがオフラス上に残ってしまい、伝票が仮伝から本伝にならなくなってしまった。
つきましては未作業で残ってしまったデータの削除をお願いします。

■あるべき姿

■代替手段
伝票手修正
","■原因
操作ミス
■対策
2/5に対象オーダを削除するデータパッチを適用させていただきます。

以下に、データパッチ適用後の確認エビデンスを格納致しました。
https://app.box.com/folder/130984315537
・【No290】海上出荷オーダ情報削除依頼_データパッチ適用確認.xlsx

2/5 オーダ情報を削除するデータパッチを適用させていただきました。
本件、ステータスを「確認中」に更新致しました。
確認いただき、問題ないようでしたら、クローズをお願いできますでしょうか。",オフラス,●,－,－,－,,,,,,,2021/02/05,その他,確認完了,,,,,,,,,,,,,,,,,,,e,,,,,,,,,,,,,,,,,,,,
,291,2021/02/05,千葉,YJP那須,伊藤祐希,車番別実績データ新規登録品名選択不可,Q1：後続テスト実施不可,I：伝票発行管理,I：伝票発行管理,車番別実績新規登録,"■発生日
　2021/2/4
■対応希望日
　2月中
■事象
　本日オフラスDBサーバートラブルによるリカバリで陸上出荷車番別データを新規登録しようと思った際品名検索ができずゼアスかスーパーゼアスしか選択できない状態でした。
今月中にデータの登録したいと考えております。
■あるべき姿
　ゼアス、スーパーゼアス以外の品名が選択、登録できる。
■代替手段
　なし","■原因
車番別実績データ編集画面（VIIX060502）の品名検索画面の展開先が誤っており、各画面共通の品名検索画面（VIXH000005）を表示すべきところ、バイオガソリン出荷明細用の品名検索画面（VIXH000014）を表示していました。

■対策
車番別実績データ編集画面から品名検索を行う際は各画面共通の品名検索画面（VIXH000005）を表示するように修正いたします。

2021/2/12
検証結果のエビデンスを以下に格納致しました。
https://app.box.com/folder/131542210895
【No291】車番別実績データ新規登録品名選択不可.xlsx
",オフラス,●,－,－,－,,,,,2021/02/12,2021/02/25,2021/03/04,AP・コーディング,確認完了,,,,,,,,,,,,,,,,,,,e,,,,,,,,,,,,,,,,,,,,
,292,2021/02/05,北海道,YJP張替,柴田裕,ブレンド出荷在庫チェック表不具合,Q3：後続テスト実施可能,B：作業計画管理,帳票,ブレンド出荷タンク在庫チェック表,"■発生日：　2021/2/5

■発生拠点：　北海道製油所

■対応希望日：　即日、なるべくはやく

■事象
ブレンド出荷タンク在庫チェック表にて比率の出力に不具合あり。
資料参照

■あるべき姿
正常に比率出力。
■代替手段
○○で〇〇する。
","■原因
どんぶりのブレンド出荷と同様の油種がブレンド出荷計画に存在する場合、どんぶりのブレンド出荷の比率のセルに上書きされるように帳票が成形されるようになっており、その分1行ずれる形になっておりました。
■対策
どんぶりとそうでないブレンド出荷に同一の油種が存在する場合、比率のセルが上書きされないよう修正いたします。",オフラス,,●,,,,,,,2021/02/16,2021/02/24,2021/02/24,AP・コーディング,確認完了,,,,,,,,,,,,,,,,,,,e,,,,,,,,,,,,,,,,,,,,
,293,2021/02/08,北海道,YJP張替,柴田裕,ブレンド出荷在庫チェック表不具合,Q3：後続テスト実施可能,B：作業計画管理,帳票,ブレンド出荷タンク在庫チェック表,"■発生日：　2021/02/08

■発生拠点：　北海道製油所

■対応希望日：　なるべく早く
■事象
ブレンド出荷タンク在庫チェック表の一部油種にて比率がテレコで出力されている。
添付参照
■あるべき姿
計画通りに出力される。
■代替手段
","■原因
タンク情報の取得順序が需給品名Bコード、JOB区分の順となっており、出荷品名の取得順序がJOB区分、需給品名Bコードとなっているため、タンク比率が逆転する事象となっております。
■対策
出荷品名と同じようにタンク情報もJOB区分、需給品名Bコードの順で取得するようにし、比率が逆転しないよう修正します。",オフラス,,●,,,,,,,2021/02/16,2021/02/24,2021/02/24,AP・コーディング,確認完了,,,,,,,,,,,,,,,,,,,e,,,,,,,,,,,,,,,,,,,,
,294,2021/02/15,北海道,YJP大武,柴田裕,マスバラ原油タンク受払実績,Q3：後続テスト実施可能,G：マスバランス,G：マスバランス,データ取込,"■発生日：　2021/2/4

■対応希望日：　今月中

■事象
マスバラ原油タンク受払実績で、JOB開始して間もなく日を跨ぎ
配管滞油以下の実績で繰り越したため入荷中にもかかわらず在庫量に０が取り込まれない。
添付マーク箇所を０に修正願います。

■あるべき姿

■代替手段
","■原因
調査中です。

2021/02/16
本件、仕様通りの挙動という認識です。
問題になったのは、2/4～2/6で入港していたKOHO 1の入荷JOBですが、
KOHO 1の入荷は3つの入荷JOBに分かれて実施されておりました。
その内の2JOB目の入荷が、2/4 23:31～2/5 18:29で入荷しており、
2/4の日跨ぎギリギリでJOBが開始されたことから、海底配管分の入荷ができておらず、
途中の状態で日跨ぎを迎えております。
海底配管の残分は2/5に払出されております。
状況について以下にまとめました。
https://app.box.com/folder/131694292017
【No294】マスバランス_北海道_海底配管分を揚げきる前に日跨ぎ

■対策
データパッチエビデンスを以下に格納いたしました。
https://app.box.com/folder/131694292017
【No294】マスバランス_北海道_海底配管分を揚げきる前に日跨ぎ_データパッチ

ご確認くださいますよう、お願いいたします。

2021/02/16
本件の恒久対応については、仕様通りのため対応不要とさせていただきたく思います。
ステータスを確認中とさせていただきますので、問題なければ対応不要に更新ください。",オフラス,,,,,,,,,2021/02/15データパッチエビデンス,,2021/02/16,仕様通り,対応不要,,,,,,,,,,,,,,,,,,,e,,,,,,,,,,,,,,,,,,,,
,295,2021/02/16,北海道,YJP吉永,柴田裕,タンク在庫チェック在庫量が不正,Q2：代替手段により後続テスト実施可能,B：作業計画管理,B：作業計画管理,タンク在庫チェック,"■発生日：　2021/2/15　17:00頃

■発生拠点：　北海道製油所

■対応希望日：　即日
■事象
タンク在庫チェック在庫量が不正な為
有効アラームでエラー出力されている。
原因の究明、対応をお願い致します。

・問題点エビデンス
https://idemitsu.ent.box.com/folder/131736219992
■あるべき姿
正しい在庫を参照する

","■原因
・タンク：10012
　　⇒2/15 17時時点 16日に10012タンクを使用して、水切りJOBを予定しています。
　　　水切りの予定数量は計画の編集画面から登録できない為、水切り流量（KL/H）と作業時間から算出しています。
　　　16日予定のJOBは、流量：25(KL/H)、作業時間：999時間59分なので、
　　　予定数量はおよそ25,000(KL)になります。
　　　その値が在庫数量に反映されている為、マイナス値となっています。

・添加剤タンク：
　　⇒終了したJOBの実績数量を在庫へ反映する際に、Lではなくcc単位で集計してしまっている為に、
　　　在庫数量を超えてしまいマイナス値となっています。

■対策
　水切りJOBで使用するタンクの集計方法について、柴田様と直接お話させていただき、
　以下のように対応致します。
　・水切りJOBはタンク在庫予想の収集対象外とします。

　添加剤タンクは、ccではなくL単位で集計致します。（※保守問題点No.276と同件）

2/19
以下に検証結果エビデンスを格納致しました。
https://app.box.com/folder/131967245576
・【No276,295】ブレンド出荷タンク在庫チェック表、タンク在庫チェック画面で添加剤タンクの在庫量・払出予定数量が不正.xlsx",オフラス,●,●,－,－,,,,,2021/02/19,2021/02/24,2021/02/24,設計不備,確認完了,,,,,,,,,,,,,,,,,,,e,,,,,,,,,,,,,,,,,,,,
,296,2021/02/16,北海道,柴田裕,菊池聖子,外航入荷オーダー一覧の作業ボタン非表示,Q2：代替手段により後続テスト実施可能,F：外航通関,A：オーダ管理,外航入荷オーダー一覧,"■発生日　2021/2/16    北海道製油所

■対応希望日  
1週間から10日を目処
■事象
荷繰業務のオーダー管理画面にて「外航入荷オーダー」を入力。その際に、「インボイスオーダー」画面に情報を入力し、荷役終了後に外航通関側に検尺データを送信後、外航通関の「外航入荷オーダー一覧」を確認したところ操作ボタンの一部が非表示となっている。
■あるべき姿
操作ボタンを表示させる。
■代替手段
","■原因
アイコンボタン[BN][水切][揚按]が非表示になる条件は、以下になります。
　・外航入荷オーダ編集画面, インボイスデータ画面にて登録したオーダ品が内外貨同時
　・搬入計算書作成済み
当該外航入荷オーダは全量外貨ですが、インボイスデータ登録後、オーダ確定時に外航通関に連携する際、オーダ品を判断するロジックに誤りがありました。
その為、内外貨同時と判断されアイコンが非表示となっていました。
■対策
[暫定対応]
　データパッチを実施
　データパッチの適用日については、実務担当者様と調整中（2021/2/24実施予定）。

2021/2/24
　データパッチを適用致しました。ご確認をお願い致します。
[恒久対応]
　オーダ品が全量外貨か、内外貨同時かを判断するロジックを修正致します。

2021/2/19
　恒久対応を行いました検証結果のエビデンスを以下に格納致しました。
　https://app.box.com/folder/131985563265
　・【No296】外航通関_外航入荷オーダ一覧の操作アイコンボタンが非表示.xlsx",オフラス,●,●,－,－,,,,,2021/02/19,2021/03/03,2021/05/07,設計不備,確認完了,,,,,,,,,,,,,,,,,,,e,,,,,,,,,,,,,,,,,,,,
,297,2021/02/17,北海道,EXE鶴岡,柴田裕,水切り作業シート修正依頼,Q3：後続テスト実施可能,B：作業計画管理,B：作業計画管理,水切り作業シート,"■発生日
　2021/2/17
■対応希望日
　次回リリース（2/25）
■事象
　改定内容に基づく
■あるべき姿
　改定内容に基づく
■代替手段
","■原因
　水切り作業シートの内容に改定があるため、原本修正リリースしてほしい。
■対策
　改定版PDFを基に修正する。

2021/02/24EXE
修正後リリース依頼済み",自営帳票,－,●,－,－,－,,,,,2021/02/24,2021/02/24,その他,確認完了,,,,,,,,,,,,,,,,,,,e,,,,,,,,,,,,,,,,,,,,
,298,2021/02/25,千葉,YJP大武,伊藤祐希,マスバランス_原油処理実績表,Q3：後続テスト実施可能,G：マスバランス,G：マスバランス,原油処理実績表,"■発生日
　2021/02/25

■対応希望日：決算データとして紐づく場合、2/26
　　　　　　　上記以外、3/5

■事象
　(1)2/13、2/18 流量計の値と装置日報値が合わない。
　　2/13　流量計 26,710KL⇒装置日報 33,704.02KL
　　2/18　流量計 19,192KL⇒装置日報 15,143.8KL

　　本来、装置日報値に修正が入った場合、新IRISからオフラスへデータ送信を行い
　　リカバリを実施しますが、2/13～18の間は、装置日報の修正頻度が高く
　　オフラスへの再送信を行わず、手動で装置日報値をオフラスへ反映させています。

　(2)2/14、2/15、2/16は原油処理を行っていませんでしたが、JOB登録がされており
　　登録していたタンクの増減量が「通油量 タンク」の欄へ反映されているため、
　　0にして、「原油処理量」と「チェック」欄も0にしたい。

　　なお、原油受払実績画面にて通油量は0で確定しているので、
決算へ繋がるデータには影響が出ないと想定していますが、
合わせてご確認をお願いします。この結果、ご対応いただきたい期限が変わります。

■あるべき姿
　(1)2/13、2/18 流量計の値を装置日報値にする
　　2/13　流量計 26,710KL⇒装置日報 33,704.02KL
　　2/18　流量計 19,192KL⇒装置日報 15,143.8KL 

　(2)2/14、2/15、2/16通油量 タンク欄の数量を0にする

■代替手段
　なし

","■原因
本件の原因は、日別装置稼働実績のリカバリデータを受信していないことと、払出が終わった装置JOBが終了されていなかったため、タンクの自然増減が原油処理実績表に計上されていることです。
どちらもアプリ起因の問題ではないため、対応は難しいと考えております。

事象(1)については、装置日報の値を手動でオフラスへ反映させた、とのことですが、
原油処理実績表の流量計値で表示しているのは、日別装置稼働実績の特定タグ('C2CP002'と'C2FP117')の合算値です。
日別装置稼働実績の再受信はしていないとのことなので、画面上、エビデンスの値になります。
(データを確認いたしましたが、日別装置稼働実績の値と合致します。)
是正のためには、日別装置稼働実績の当該日データを再受信していただきたく思います。

事象(2)については、原油処理は行っていなかったもののJOBが登録されており、タンクの変動分が計上されている件ですが、
装置受払が実際には行われていなかったとしても、装置受払JOBが運転されていたため、タンクの自然増減分が計上されております。
こちら修正するためには、対象タンク(今回の例であれば、60022、60025、100036)の2Cへの装置払出の受払実績がなくなれば
対象タンクなし＝空白表示になり、画面上の原油処理量に反映されることを回避できます。
(本筋で行くと、JOB実績の終了時間を正しく修正→JOB実績再締め→タンク受払再締め→商品タンク受払再取込という手順になりますが、
日々のメンテナンス結果が失われるので現実的ではないと思われます。
基礎データメンテナンスの装置受払実績から、2C装置への払出、2/14、15、16について、受払実績を削除いただくか、原油処理実績表は今回このままとするかになるかと思っております。)

また、ご懸念の以下の件について
＞なお、原油受払実績画面にて通油量は0で確定しているので、
＞決算へ繋がるデータには影響が出ないと想定していますが、
＞合わせてご確認をお願いします。この結果、ご対応いただきたい期限が変わります。

原油タンク受払実績画面にて、通油量を0としているのであれば、
月次の原油棚卸で連携される処理量も0になるので、問題は出ないと思われます。

■対策
本件の対応については、アプリとしては対応不要になるかと考えております。
ステータスは「確認中」とさせていただきます。

2021/02/26
室橋様より、装置日報の再受信と基礎データメンテナンスにより、問題事情が解消した旨のご連絡を頂いたため、対応不要に更新いたします。",オフラス,●,－,－,－,,,,,,,2021/02/26,仕様通り,対応不要,,,,,,,,,,,,,,,,,,,e,,,,,,,,,,,,,,,,,,,,
,299,2021/02/25,千葉,EXE鶴岡,伊藤祐希,マスバランス_原油処理実績表,,,,,"■発生日
　2021/02/25

■対応希望日：決算データとして紐づく場合、2/26
　　　　　　　上記以外、3/5

■事象
　(1)2/13、2/18 流量計の値と装置日報値が合わない。
　　2/13　流量計 26,710KL⇒装置日報 33,704.02KL
　　2/18　流量計 19,192KL⇒装置日報 15,143.8KL

　　本来、装置日報値に修正が入った場合、新IRISからオフラスへデータ送信を行い
　　リカバリを実施しますが、2/13～18の間は、装置日報の修正頻度が高く
　　オフラスへの再送信を行わず、手動で装置日報値をオフラスへ反映させています。

　(2)2/14、2/15、2/16は原油処理を行っていませんでしたが、JOB登録がされており
　　登録していたタンクの増減量が「通油量 タンク」の欄へ反映されているため、
　　0にして、「原油処理量」と「チェック」欄も0にしたい。

　　なお、原油受払実績画面にて通油量は0で確定しているので、
決算へ繋がるデータには影響が出ないと想定していますが、
合わせてご確認をお願いします。この結果、ご対応いただきたい期限が変わります。

■あるべき姿
　(1)2/13、2/18 流量計の値を装置日報値にする
　　2/13　流量計 26,710KL⇒装置日報 33,704.02KL
　　2/18　流量計 19,192KL⇒装置日報 15,143.8KL 

　(2)2/14、2/15、2/16通油量 タンク欄の数量を0にする

■代替手段
　なし

","■原因

■対策(1)装置日報値＝C2FP117、C2CP002のため、出力条件は変更しないでください。
　繰り返しとなりますが、
　今回は、通常の送信以外に、装置日報をオフラスへ送信し、
　オフラス内での実績確定を実施後に、装置日報に変更がありました。
　既に、色々な実績確定をしており、タンク実績リカバリをしたくなかったため
　装置日報をオフラスへ再送信をせず、修正対象箇所を手動で修正しています。

　装置日報を再送信したら、反映されるでしょうか？

(2)流量計０の場合、通油タンクがないので「タンク」も０になります。
　(1)より条件の案としては、C2FP117、C2CP002＝０の場合、０です。
→修正については画面と内容を合わせるため一旦保留中
",自営帳票,,,,,,,,,,,2021/02/25,,対応不要,,,,,,,,,,,,,,,,,,,e,,,,,,,,,,,,,,,,,,,,
,300,2021/02/26,北海道,YJP那須,柴田裕,取消伝票の確定が出来ない,Q1：後続テスト実施不可,I：伝票発行管理,X：共通,SAP移動タイプ変換,"■発生日
　2021/2/26
■対応希望日

■事象
　取消伝票の確定をしようとしたところ、以下のエラーが表示され確定ができない。
　　『［SAP移動タイプ］が取得できませんでした。』

■あるべき姿
　取消伝票が確定、送信できる

■代替手段
　なし","■原因
確定しようとした取消伝票のパターンがSAP移動タイプ変換定義に未登録だったためです。

■対策
今回の取消伝票のパターンに合致するSAP移動タイプ変換定義情報を追加します。
なお、取消元の伝票のSAP移動タイプが「Z15（化学品授受（無償出荷））」である事より、今回の取消伝票に該当するSAP移動タイプは「Z16（化学品授受（無償出荷）　取消）」となるように定義情報を追加いたします。

三鷹環境で追加を行った際の検証エビデンスを以下に格納致しました。
https://app.box.com/folder/132448658354
【No300】取消伝票の確定が出来ない.xlsx

2021/6/24 IKC
3/1に急遽柴田様からの依頼でデータパッチを適用しており、
対応が完了していることから、本件をクローズする。
",オフラス,,,,,,,,,2021/02/26,2021/06/24,2021/06/24,データ不備,確認完了,,,,,,,,,,,,,,,確認催促（2021/5/27）,,,,e,,,,,,,,,,,,,,,,,,,,
,301,2021/03/01,北海道,YJP村上,石井真紀,NACCS受信伝文取得不可,Q1：後続テスト実施不可,F：外航通関,Y：通信管理,,"■発生日
　2021/2/16
■対応希望日
　2021/3/1
■事象
　オフラスとNACCS連携のフォルダにデータがたまっていて、オフラスに取り込まれない。
■あるべき姿
　1分毎の自動送信にてオフラスにNACCSからのデータが取り込まれる。
■代替手段
　なし","■原因
伝文ファイル名に環境依存文字（丸数字）が含まれていたため、文字化けが発生し、取得エラーとなっております。■対策
伝文ファイルを従来の英数字半角（日付＋NACCS業務ID＋通番）に変更
→実務担当者様にて実施
システム内部に保有している伝文ファイルを削除
→YJPにて3/1に実施

問題無く、伝文が受信できたことを実務担当者様に確認済（3/1）
本件の伝文は通関業者から取得していることから、通関業者様に伝文ファイル名の付与規定については、
再度、実務担当者様から通関業者様へ連絡していただく
→連絡済（3/1）",オフラス,,,,,,,,,,,2021/03/01,その他,確認完了,,,,,,,,,,,,,,,,,,,e,,,,,,,,,,,,,,,,,,,,
,302,2021/03/01,北海道,YJP張替,菊池聖子,継続保税作業終了届_プロピレン,Q3：後続テスト実施可能,F：外航通関,帳票,継続保税作業終了届(装置)_プロピレン,"■発生日　2021/3/1
■発生拠点：　北海道製油所
■対応希望日    1週間～10日くらいを目処
■事象
「継続保税作業終了届」を確定させ、印刷ボタンを押下したところエクセルで帳票が表示されたが、
テンプレートのみで内容はブランク、エラーメッセージが表示された。
　ちなみに保税品「プロピレン」で帳票を作成したのは更新後、初めてであり、他油種で「継続保税
作業終了届」を作成して、エラーとなった事象はなし。
■あるべき姿
  プロピレンの「継続保税作業終了届」帳票を出力させる。
■代替手段
　手入力
","■原因
『プロピレン』と判定させる処理にて『プロピレン』と判定できず、後続の処理にてエラーとなっておりました。
■対策
正しく『プロピレン』と判定させ、後続処理ので問題が発生しないようにし、帳票を出力できるよう修正します。",オフラス,,,,,,,,,2021/03/05,2021/03/18,2021/05/07,AP・コーディング,確認完了,,,,,,,,,,,,,,,,,,,,,,,,,,,,,,,,,,,,,,,
,303,2021/03/02,北海道,EXE鶴岡,柴田裕,IOS20-OFL：作業シート出力されない,Q1：後続テスト実施不可,,帳票,作業シート：シフト生産作業,"■発生日：　2021/3/1
■発生拠点：　北海道製油所
■対応希望日：　1週間以内， 
■事象
添付の計画にて、作業シートが出力されない。
■あるべき姿
作業シートが出力される。
■代替手段
手書き","■原因
シフト払出形態コードが「ﾀﾝｸ間シフト」かつ
「予定混合比率が100及び作業品種区分が240以外」
のものは単品として処理していた為になります。 
■対策
上記条件でパラメータの出力区分が1であればC重油として出力するよう修正",自営帳票,,,,,,,,,,2021/03/03,2021/03/24,,確認完了,,,,,,,,,,,,,,,,,,,,,,,,,,,,,,,,,,,,,,,
,304,2021/03/03,北海道,YJP小笠原,柴田裕,JET陸上出荷時にOMCで煙点の規格チェックエラー発生,Q3：後続テスト実施可能,B：作業計画管理,B：作業計画管理,計画情報(陸上出荷),"■発生日：2021/2/25
■対応希望日：1週間程度
■事象
JET陸上出荷準備時、OMCで性状チェックエラー発生。
OMCでの規格範囲は上位系から受け取る認識ですので、オフラス・ラボ側で調査をお願い致します。

2/24陸上JET準備時、「払出タンク性状チェック（1） 規格外（煙点）＝24.5　製造規格下限＝25.0」というアラームが発生しました。
石油製品製造規格表によると、「煙点25ｍｍ以上または、煙点18ｍｍ以上、ナフタレン分3容量％以下」となっており、5108の性状は煙点24.5mm,ナフタレン分0.3容量％で規格内に入っています。
2/18,12も同様に煙点が25を下回り、ナフタレンが３容量％以下というラボ結果になっていますが
アラームさかのぼって検索してもエラーメッセージは出ていないようです。

2/24と、2/18や12との違いは何があるのか
調査をお願い致します。
https://app.box.com/folder/132730779592

■あるべき姿
　規格を満たすのでエラーは発報しない

■代替手段
　SKIP対応
","■原因
計画情報(4004)とタンク最新性状(4601)の送信タイミングの関係で、OMCが持つ性状値と規格上下限値にギャップが生じたためです。
[2/24]
　14:18 OMCに計画情報を送信
　　ロット「A4-10204-09-T5108」（煙点：性状値「25.0」、下限値「25.0」）
　16:17 試験管理から5108の試験結果を受信
　　ロット「A4-10224-09-T5108」（煙点：性状値「24.5」、下限値「18」）
　16:17 OMCにタンク最新性状を送信
　　※タンク最新性状では、性状値のみ送信され、下限値は送信されません。
　22:08 OMCでJET陸上出荷準備時に性状チェックエラー発生
　　出荷ロットは「A4-10224-09-T5108」のため、
　　煙点の性状チェックは、性状値「24.5」、下限値「18」で行われるべきところ、
　　性状値「24.5」、下限値「25.0」で行われてエラーとなっています。

■対策
計画情報送信後に出荷ロットが更新された場合は、再度計画情報の送信を行ってください。

→事象承知いたしました。一旦問題点としてはクローズいたしました。
　問題が再燃すれば再度相談させていただきたく、よろしくお願いいたします。
",IKC,,,,,－,,,,,,2021/03/03,仕様通り,対応不要,,,,,,,,,,,,,,,,,,,,,,,,,,,,,,,,,,,,,,,
,305,2021/03/04,千葉,YJP小笠原,伊藤祐希,ロット試験報告書結果表示されない,Q1：後続テスト実施不可,E：品質管理,L：試験管理,ロット試験報告書一覧,"■発生日：2021/02/15
■対応希望日：今月中
■事象
　作業計画-品質管理I/F-ロット試験報告書出力一覧からロット試験報告書が見れなくなっています。
タイミングとしては停電により試験管理サーバーが停止してからになります。（2/15～）
よろしくお願い致します。
https://app.box.com/file/782814490352

■あるべき姿
ロット試験報告書出力一覧からロット試験報告書が確認できる
■代替手段
なし
","■原因
停電により、試験報告書（CA2）の送信処理中の特殊なファイル状態（送信元とバックアップが両方存在する）
となり、状態チェックでエラーとしてその後の試験報告書（CA2）処理が行われていなかった。
■対策
(2021/3/5 YJP増井)
送信可能な正常なファイル状態（送信元ファイルのみの状態）としたところ、送信が再開され、未送信となっていたすべての試験報告書が送信されたことを確認しました。
【今回現象について】
PDFのうち、試験報告書（CA2）のみに送られずに送信待ちとなっていた。
今回の対応により、未送信となっていたすべての試験報告書（CA2）が送信されたことを確認しました。

※今回問題となっていたロット試験報告書一覧画面を確認をお願いします。",オフラス,,,,,－,,,,,,2021/03/08,その他,確認完了,,,,,,,,,,,,,,,,,,,,,,,,,,,,,,,,,,,,,,,
,306,2021/03/05,千葉,YJP吉永,伊藤祐希,出荷ライン指定画面においてどんぶり出荷の表示が正しくない,Q3：後続テスト実施可能,B：作業計画管理,B：作業計画管理,出荷ライン指定画面表示,"■発生日： 2021/03/05
■対応希望日： 2週間以内
■事象
①出荷ライン指定画面表示において、どんぶり出荷の表示が正しくない。（同じ情報が重複して表示される）
②運転制御へ計画情報送信済のJOBに対してプロダクトラインの変更を行うと、2件のJOBに対して計画情報の変更伝文送信を実行する。1件目の伝文送信は成功するが、2件目の伝文送信は、他ユーザによるJOB情報更新エラーとなる。（排他制御が行われてしまう）

＜問題点エビデンス＞
https://app.box.com/folder/132873711005
：【No306】出荷ライン指定画面においてどんぶり出荷の表示が正しくない.xlsx

■あるべき姿
①どんぶり出荷は、１つにまとめて表示する。
但し、作業品名と船名が同一であっても、端数設定に「有」「受」の組合せが設定されていなければ、1つにまとめずに表示する。
②①の対応により、同じ情報が重複して表示されなくなる為、対応は不要。

■代替手段
片方のJOB情報を操作対象にしない様にしてください。
誤って操作した場合、同じ伝文が2回送信されますが、以降の操作に影響はありません。
","■原因
JOB登録済み（計画伝文送信済み）の場合、どんぶり出荷の判定をせずにオーダ単位で表示をしている為、重複して表示されています。

■対策
どんぶり出荷の判定を行い、１つにまとめて表示するように修正致します。

2021/03/12
エビデンスを以下に格納致しました。
https://app.box.com/folder/133349668562
【No306】【千葉】出荷ライン指定画面表示において、どんぶり出荷の表示が正しくない。（同じ情報が重複して表示される）.xlsx
【No306】【北海道】出荷ライン指定画面表示において、どんぶり出荷の表示が正しくない。（同じ情報が重複して表示される）.xlsx",オフラス,,,,,－,,,,2021/03/12,2021/03/24,2021/05/21,設計不備,確認完了,No.835,,,,,,,,,,,,,,,,,,,,,,,,,,,,,,,,,,,,,,
,307,2021/03/05,千葉,YJP吉永,伊藤祐希,出荷試験依頼画面にブレンダ品転アイコンが表示されない,Q3：後続テスト実施可能,B：作業計画管理,B：作業計画管理,出荷試験依頼画面表示,"■発生日： 2021/03/05
■対応希望日： 2週間以内
■事象
①基材タンク構成と比率が同じで作業品名が異なる有効なブレンダロットが存在するが、ブレンダ品転アイコンが表示されない。
②画面に表示されている無効なブレンダロット以降に有効なブレンダロットが存在するが、表示対象にならない。

＜問題点エビデンス＞
https://app.box.com/folder/132877579269
：【No307】出荷試験依頼画面にブレンダ品転アイコンが表示されない.xlsx

■あるべき姿
①基材タンク構成と比率が同じで作業品名が異なる有効なブレンダロットが存在すれば、ブレンダ品転アイコンを表示する。但し、ブレンダ品転試験依頼登録済であれば、ブレンダ品転アイコンを表示しない。
②選択された作業日付に該当するブレンダロットNoを表示する。

■代替手段
試験依頼画面から手動でブレンダ品転試験依頼を登録する。
","■原因
①以下の条件に合致する場合、品名欄にブレンダ品転アイコンを表示します。
　１）ブレンド出荷
　２）混合比率登録済み
　３）基材情報（タンクNo, 比率, タンクロット）が同一で有効なブレンダロット（元ロット）が存在する
　４）品名欄に表示しているブレンダロットに出荷対象の作業品名が未登録
　上記 4）の処理において、元ロットの作業品名と出荷対象の作業品名を比較すべきでしたが、
　品名欄に表示しているブレンダロットの作業品名と比較していました。

②出荷作業と基材情報が同一なブレンダロットNoから、指定された作業日付以前の最新ブレンダロットNoを品名欄に表示します。
但し、千葉事業所は、該当するブレンダロットが存在しても、使用するバースが1BTであれば採取場所がBT1、使用するバースが7BTであれば採取場所がBT7のブレンダロットNoを優先して表示します。
■対策
2021/03/11
①, ②の対応内容について、以下のBOXに詳細な資料を配置しました。
ブレンダロット表示の対応について、確認事項がございますので、ご確認いただけますでしょうか。
https://app.box.com/folder/133243663614
・保守問題点No307、No308対応方法について.xlsx

2021/03/11
対応方法について、合意がとれましたので、対応を進めてまいります。

2021/03/24
検証エビデンスを以下に格納致しました。
ご確認いただけますでしょうか。
https://app.box.com/folder/134084844906
【No307&308】ブレンダロットNo表示不正.xlsx",オフラス,●,●,●,●,－,,,,2021/03/24,2021/03/31,2021/05/21,仕様不備,確認完了,,,,,,,,,,,,,,,,,,,,,,,,,,,,,,,,,,,,,,,
,308,2021/03/05,千葉,YJP小笠原,伊藤祐希,試験成績書出力一覧のブレンダロットが正しくない,Q3：後続テスト実施可能,E：品質管理,E：品質管理,試験成績書出力一覧画面表示,"■発生日： 2021/03/05
■対応希望日： 2週間以内
■事象
試験成績書出力一覧画面において、選択したロット日付に該当するブレンダロットが表示されない。
※該当するブレンダロットは存在するが、基材タンク構成と比率が同じ過去のブレンダロットが表示される。

＜問題点エビデンス＞
https://app.box.com/folder/132877025105
：【No308】試験成績書出力一覧のブレンダロットが正しくない.xlsx

■あるべき姿
選択したロット日付に該当するブレンダロットが表示される。

■代替手段
試験管理システムから試験成績書を出力する。

2121/07/14
No.377の確認完了のため、こちらもクローズ。
","■原因
バースが7BTのため採取場所がBT7のブレンダロットNoを最優先で表示していたためです。
■対策
以下の優先度でブレンダロットNoを取得して表示するように修正します。
①作業計画の出荷から試験依頼を行っている場合は、該当のブレンダロトNoを表示する。
②ブレンド計算を行っている場合は、ブレンド計算に使用している基材タンクロットNoを使用して、作業日付以前の基材構成が一致する最新のブレンダロットNoを表示する。
③ブレンド計算を行っていない場合は、作業日付以前の最新タンクロットNoを使用して、作業日付以前の基材構成が一致する最新のブレンダロットを表示する。
※②と③のとき、バースが1BT(7BT)で最新ブレンダロットが複数存在する場合は、採取場所がBT1(BT7)を優先して表示する。

2021/03/24
検証エビデンスを以下に格納致しました。
ご確認いただけますでしょうか。
https://app.box.com/folder/134084844906
【No307&308】ブレンダロットNo表示不正.xlsx


",オフラス,●,●,●,●,－,,,,2021/03/24,2021/03/31,2021/07/14,仕様不備,確認完了,No.838,,,,,,,,,,,,,,,,,,,,,,,,,,,,,,,,,,,,,,
,309,2021/03/05,千葉,YJP吉永,伊藤祐希,集計しないと端数を両方設定した出荷タンク設定表示が正しくない,Q3：後続テスト実施可能,B：作業計画管理,B：作業計画管理,出荷タンク設定画面表示,"■発生日： 2021/03/05
■対応希望日： 2週間以内
■事象
オーダ登録時、「集計しない」と「端数（有・受）」を両方設定すると、出荷タンク設定画面において、どんぶり出荷として表示されない。（有と受のオーダが別々に集約されず別々に表示される）
出荷ライン指定画面は、１つに集約してどんぶり出荷として表示する。

＜問題点エビデンス＞
https://app.box.com/folder/132885973095
：【No309】集計しないと端数を両方設定した出荷タンク設定表示が正しくない.xlsx

■あるべき姿
他オーダとは集計しないが、端数（有・受）が設定されていれば、どんぶり出荷として１つにまとめて表示する。

■代替手段
オーダ登録時、「集計しない」を選択しない。
","■原因
「集計しない」に設定している場合、どんぶり出荷でも品名毎に集約せずに別々に表示しています。

■対策
品名毎に「集計しない」に設定されていても、どんぶり出荷の場合は、1つにまとめて表示するように修正致します。

2021/03/12
エビデンスを以下に格納致しました。
https://app.box.com/folder/133353927184
【No309】【千葉】「集計しない」と「端数（有・受）」を両方設定すると、どんぶり出荷として表示されない。.xlsx
【No309】【北海道】「集計しない」と「端数（有・受）」を両方設定すると、どんぶり出荷として表示されない。.xlsx",オフラス,,,,,－,,,,2021/03/12,2021/03/24,2021/05/21,設計不備,確認完了,No.836,,,,,,,,,,,,,,,,,,,,,,,,,,,,,,,,,,,,,,
,310,2021/03/08,北海道,YJP小笠原,柴田裕,OMCの最新ロット受信について,Q2：代替手段により後続テスト実施可能,E：品質管理,E：品質管理,タンク最新性状送信,"■発生日：2021/3/3
■対応希望日：１週間以内
■事象
陸上出荷準備時、0.5Aタンクロット不合格のアラーム発生。
オフラスは3/3　23時のロットで合格しているが、OMC側は3/1　23時のロットになっていた。
性状入っていること確認してSKIPで対応済。
3/4　0時またぐとOMC側も合格になっていた。

OMC側では、23時ロットが翌0:10に受信している事を確認している（添付ファイル参照）
オフラスのタンク最新日時とOMC受信に時間差があることの調査をお願い致します。

■あるべき姿
タイムリーな最新性状の受信
■代替手段
","■原因
最新ロット(10303-23)のタンク最新性状(有効)をOMCに送信した後に、過去ロット(10301-23)のタンク最新性状(無効)をOMCに送信しており、OMCのロット情報が過去ロットで上書きされてしまい、陸上出荷準備時にタンクロットが不合格の状態となっていたためです。
3/4出荷のために作業品名「05A-3ｸｼﾛ」「05A-3ﾄﾏﾌｲｼ」の品転ロットを作成しているようですが、3/3ロットが確立する前に品転試験依頼を行っているため3/1ロットを元とする品転ロットが作成されており、3/3ロットを元とする品転ロットを作成し直すために試験管理システムから3/1ロットを元する品転ロットの削除を行ったもとの思われます。

T10307のロット遷移を資料に纏めたものをBOXに格納しましたので、合わせてご確認をお願いします。
https://app.box.com/file/785350887097

■対策
試験管理システムからから受信した試験結果削除(C51)伝文のロットが過去ロットの場合は、OMCにタンク最新性状(4601)伝文を送信しないように修正します。

2021/03/15
検証エビデンスを以下に格納致しました。
https://app.box.com/folder/133126844154
【No310】過去ロットの品管削除を運転制御に通知しない.xlsx
",オフラス,,,,,－,,,,2021/03/15,2021/03/18,2021/04/09,仕様不備,確認完了,,,,,,,,,,,,,,,,,,,,,,,,,,,,,,,,,,,,,,,
,311,2021/03/08,北海道,EXE鶴岡,柴田裕,北電、パワーエンジパイプライン作業シート修正,Q3：後続テスト実施可能,,,北電、パワーエンジパイプライン作業シート,"■発生日：　2021/3/5
■発生拠点：　北海道製油所
■対応希望日：1週間以内
■事象
表題作業シートの修正をお願い致します。
添付参照願いまます。
（赤枠の文言の追加）
■あるべき姿
○○の値は○○の数値と合致する。
■代替手段
○○で〇〇する。","■原因

■対策
文言の修正",自営帳票,,,,,,,,,,2021/03/18,2021/03/24,機能改善,確認完了,,,,,,,,,,,,,,,,,,,,,,,,,,,,,,,,,,,,,,,
,312,2021/03/10,千葉,YJP村上,伊藤祐希,輸入JETA-1保税作業不具合,Q1：後続テスト実施不可,F：外航通関,F：外航通関,継続保税作業,"■発生日：　2021/3/10
■対応希望日：3月16日
■事象
輸入JETA-1の保税作業で、保税作業によってできた貨物の数量欄に数量が反映されず、
トータル数量欄に添加剤数量のみ反映され、価格も正しく計算されていない。
後作業の外貨台帳引落しの関係もあるので、１６日(火)までに対応可能でしたらお願いできますでしょうか
■あるべき姿
「保税作業によってできた貨物」欄のトータル数量・数量・価格で正しく表示される。
「保税作業に使用した貨物」欄の数量にを入力した数量が反映される。
■代替手段
なし","■原因
CIF計算時に一次申告時の換算レートが取得できないことが原因の模様ですが、詳細原因については継続して調査させてください
2021/03/25 追記
上記の想定とおり、CIF計算時の一次申告の換算レートが取得出来ていなかったことが原因です。
■対策
暫定対応といたしまして、データパッチにて対応させていただきます。
2021/03/25 追記
3/25に作成出来なかった保税データを作成したデータパッチを実施いたしました。
恒久対応につきましては、一次申告時の換算レートを正しく取得するように修正いたします。
2021/03/26 追記
検証エビデンスをBOXに格納いたしましたので、内容をご確認願います。
https://app.box.com/folder/134239321245
312_JETA-1保税作業.xlsx",オフラス,,,,,－,,,,2021/03/26,2021/05/12,2022/02/25,AP・コーディング,確認完了,,,,,,,,,,,,,,,,,,,,,,,,,,,,,,,,,,,,,,,
,313,2021/03/16,千葉,EXE鶴岡,伊藤祐希,マスバランス 原油タンク別品名別日報月報（タンク別）,Q3：後続テスト実施可能,,,マスバランス 原油タンク別品名別日報月報（タンク別）,"■対応希望日：3/23
■事象
　「原油タンク別受払累計表」の3/14 ＃100034
　水在庫が反映された。そのため、当日在庫に誤り。（備考欄：エラー表示あり）
→水の汲み上げはないため、水在庫受払表の入力をしていない
　原油タンク受払実績上は問題なし
　　→【情報】
3/14　＃100033に水をくみ上げたため、水在庫を入力した。
　　　＃100033側は問題なく反映されているが、
　　　同じデータが＃100034にも反映されてしまった？
■あるべき姿
　＃100034の水在庫0となり、当日在庫は48,728.530KL
　（原油タンク受払実績と同じデータが反映される）
■代替手段
　なし","■原因
ひとつ前の処理100033の水在庫の値が100034処理時に残ってしまっていた為
■対策
次の処理を行う際に前の値を残さないよう修正",自営帳票,,,,,,,,,2021/03/22,2021/03/24,2022/02/25,AP・コーディング,確認完了,,,,,,,,,,,,,,,,,,,,,,,,,,,,,,,,,,,,,,,
,314,2021/03/16,千葉,YJP村上,伊藤祐希,IBP申告操作不正,Q1：後続テスト実施不可,F：外航通関,F：外航通関,IBP輸入申告情報作成,"■発生日：　2021/3/16
■対応希望日：1週間以内（パッチ対応）、恒久対応別途相談
■事象
IBP申告画面で、「通関業者申告」を押す前に「確定」を押してしまった為、
「通関業者申告」を押せなくなってしまいまいした。
つきましては、お手数ですがIBPデータ未入力状態に戻して頂きたく、宜しくお願い致します。
■あるべき姿
　「登録」を押すことで「通関業者申告」が押せなくなることの認識がありませんでした。
　可能であれば、「通関業者申告」をクリックしなければ「登録」を押せないような仕組みに変更頂けたら幸いです。
■代替手段
なし","■原因
操作ミス
■対策
データパッチにて対応いたします。
2021/03/22 データパッチ実施

恒久対応ですが、
「「通関業者申告」をクリックしなければ「登録」を押せないような仕組みに変更頂けたら幸いです。」のご要望に関して仕様確認をさせていただきたく、本件、既設の操作に準拠した実装の認識です。通関業者申告の場合は[通関業者申告]ボタンを押下、自社申告の場合は[登録]ボタンを押下していただく認識です。
ご要望の対応ですと、自社申告は出来ず、必ず通関業者申告になりますが宜しいのでしょうか、ご検討いただけると有難いです。
2021/03/19 追記
恒久対応は必要無し。との回答受領（3/17）",オフラス,,,,,,,,,,,2021/03/23,その他,確認完了,,,,,,,,,,,,,,,,,,,,,,,,,,,,,,,,,,,,,,,
,315,2021/03/17,北海道,YJP小笠原,柴田裕,品転試験依頼の二重登録エラー,Q2：代替手段により後続テスト実施可能,E：品質管理,L：試験管理,試験依頼,"■発生日：2021/03/15
■対応希望日：1週間以内
■事象
添付の通り、品転登録で２重登録エラー発生したが、原因ととるべきであった対応をご教授ください。
該出荷はスキップで出荷済み
https://app.box.com/file/788002606953
■あるべき姿

■代替手段
SKIPで出荷。
","■原因
試験管理システムの伝文送信周期によりLab-Aidとオフラスで状態が不一致となり、最初に作成した品転試験依頼(05A-3ｸｼﾛ)がオフラスでは削除され、Lab-Aidでは削除されずに残ってしまったことが原因です。
今回の2重登録エラーはオフラスではなく試験管理が出しているエラーです。
オフラスでは削除されているため二重登録となる試験依頼は無いと判断して試験依頼を送信しますが、Lab-Aidには2重登録となるサンプル情報が有るためでエラー応答が返ってきて、試験依頼一覧の状態が「その他エラー」となっています。
A4-10312-22-T10307の品転試験依頼(05A-3ｸｼﾛ)
3/15
　16:34:08 Lab-Aidで受付を実施
　16:34:48 Lab-Aidで総合判定を実施
　　※まだ試験管理からオフラスには送信されていない
　16:35:09 オフラスで試験依頼の削除を実施、試験管理に削除を送信
　　※オフラスではこの時点では「受付待ち」なので削除を実施できる
　　※Lab-Aidでは「終了」なので削除されない
　16:35:20 試験管理から試験結果(試験中)を受信
　16:35:25 試験管理から試験結果(終了)を受信
　　※このタイミングで受信してもオフラスでは当該試験依頼は既に存在していない
試験管理システムでは1分周期で送信処理が起動しているようなので、今回は絶妙なタイミングで状態が不一致となったようです。　　　
■対策
今回のようにオフラスでは二重登録となる試験依頼はないと判断して試験依頼を行った結果、試験依頼一覧の状態が「その他エラー」となり、エラー内容の詳細が「2重登録エラーにより・・・」の場合は、試験管理側に連絡をして該当の試験依頼をLab-Aidで削除してから、オフラスで「その他エラー」となっている試験依頼を再度登録を行ってください。

2020/03/25 YJP試験管理
試験管理の状態報告を即時にできないかとの問い合わせがありました。
試験管理の状態報告は標準機能を利用して実現されています。標準機能はタスクスケジュール機能で実現しており、最低周期は１分となっています。標準のため、カスタマイズを実施する場合、コア部分を変更する必要があります。
このため、運用対応などで対応が可能かご検討いただいております。→運用の中で吸収する方向とし、クローズします。",IKC,,,,,－,,,,,,2021/04/09,仕様通り,対応不要,,,,,,,,,,,,,,,,,,,,,,,,,,,,,,,,,,,,,,,
,316,2021/03/17,千葉,YJP村上,伊藤祐希,TOP保税作業不具合,Q1：後続テスト実施不可,F：外航通関,F：外航通関,TOP保税作業申告情報作成,"■発生日：2021/03/15
■対応希望日：2021/03/22
■事象
保税作業計画一覧画面“申告”からIMW輸入申告情報作成画面に展開しない
■あるべき姿
画面展開し、ステータスが完了する。
■代替手段
なし
※補足
保税台帳・・・作成されています。※EXCELで帳票作成されているので印刷OK。
外貨製品在庫日報・・・１５日４：００で受入欄・当日残に反映されています。

","■原因
全て外貨で内貨の引取が無い、2次申告不要のケースでもあるにも関わらず、2次申告しようとしたため発生しております。
2次申告有りきで動作する実装となっております。
■対策
暫定対応
データパッチにて申告が終了したステータスに変更します。
ただし、アイコンの背景色が青になり、作業終了の表示となりますが、アイコンは押下可能状態です。
アイコンを押下すると左記事象が発生しますので予めご了承願います。
2021/03/24 追記
データパッチを実施いたしました。

恒久対応
各所に内貨引取が無い場合の画面所作を確認のうえ、対応策をご提示願います。

2021/06/01 追記
5/31の打合せにて、全て外貨引取時においても通常運用にて実施可能とする対応にすることに確定
対応時期は、ほぼ発生しないケースであることから6月末までとさせていただくことで調整

2012/06/28 YJP追記
検証エビデンスをBOXに格納いたしました。
内容のご確認をお願いいたします。
https://app.box.com/folder/140058082729
【No372】二次申告IMWのNACCS受信伝文不具合対応エビデンス.xlsx


",オフラス,,,,,,,,,2021/06/28,2021/07/28,2022/02/25,設計不備,確認完了,,,,,,,,,,,,,,,,,,,,,,,,,,,,,,,,,,,,,,,
,317,2021/03/18,北海道,YJP小笠原,柴田裕,T20204のK-1出荷における硫黄分上限チェックについて,Q2：代替手段により後続テスト実施可能,B：作業計画管理,B：作業計画管理,OMC払出タンク性状チェック,"■発生日：2021/03/16
■対応希望日：なるべく早く
■事象
OMCにてK-1海上出荷の準備チェックで品質エラー発生。
製造規格上限がKERO-Gの規格でCHKしている為発生しているとみられる。
#20204 タンク
なぜKERO規格で硫黄分チェックをしているか調査可能でしょうか
https://app.box.com/folder/133702356164
■あるべき姿
K-1はK-1規格で出荷チェック
■代替手段
SKIP
","■原因
計画伝文送信時に [K-1N] の規格上限値を送っている為、[K-1N] 規格で出荷チェックを行っています。
[K-1N] の規格が取得されてしまう原因は以下になります。
・作業品名：K-1 から統一品名略号を取得する際に、作業品名条件変換マスタにより [K-1N] が取得されてしまい、　その為、計画伝文送信時、統一品名略号 [K-1N] の規格を送っています。
※詳細な資料を以下に格納しました。
＜https://app.box.com/folder/133997495876＞
・【No317】保守問題点No317について.xlsx

■対策
本件、マスタ不備によることが原因と考えられます。
作業品名から逆引きした時に取得される、統一品名略号のマスタ定義が正しいかご確認いただけますでしょうか。
※この場合、バースNo変換による[K-1] から[K-1N] への変換

担当をIKC様、ステータスを確認中に更新致しました。
5/18 品名関連マスタをK-1でK-1NではなくK-1を引くようにマスタを修正しています。様子見ます。",IKC,,,,,,,,,,,2021/05/28,データ不備,確認完了,,,,,,,,,,,,,,,,,,,,,,,,,,,,,,,,,,,,,,,
,318,2021/03/19,千葉,EXE鶴岡,伊藤祐希,実績0の入出荷作業報告書について,Q3：後続テスト実施可能,B：作業計画管理,帳票,入出荷作業報告書,"■発生日：　2021/03/16
■発生拠点：　千葉事業所
■対応希望日：要相談
■事象
出荷開始直後にやむなく終了した出荷（実績０）があるために
入出荷作業報告書の処理がその出荷の所でエラーで止まり、後が印刷できなくなってしまった。
■あるべき姿
事象そのものがイレギュラーですが、クライアント環境で対応可能なら実施して終了としたいです。
それが難しいようでしたら申し訳ございませんが、対応頂きたいです。
■代替手段
なし","■原因
実績数量が0の場合比率の計算が正しく行われなかったため
■対策
クライアント環境での対応は難しいと思われるため帳票側の修正を行う。
修正内容：0の場合は比率の計算を行わず0で出力する
",自営帳票,,,,,,,,,,2021/03/24,2022/02/25,,確認完了,,,,,,,,,,,,,,,,,,,,,,,,,,,,,,,,,,,,,,,
,319,2021/03/19,北海道,YJP吉永,柴田裕,有効在庫アラーム不具合,Q3：後続テスト実施可能,B：作業計画管理,B：作業計画管理,タンク在庫チェック,"■発生日：　2021/3/18

■発生拠点：　北海道製油所

■対応希望日：　1週間以内

■事象
在庫チェック　有効在庫アラーム機能において、
陸上・海上出荷の出荷計画が正しく反映されていない。
また、出荷後の在庫量が増えている。

・問題点エビデンス
https://app.box.com/folder/133918051168
■あるべき姿
正しい計画、推定を出力する。
■代替手段
手計算
","■原因
①20209タンクの海上出荷の予定量が0(KL)
　⇒20209タンクを使用したJOBは２JOBあり、それぞれ18日の08:23, 08:30から開始され、
　　3/18 13:23には２JOB共に終了しています。
　　終了JOBの計画数量は、タンク在庫チェック画面の予定量に反映されません。
　　推測ですが、画面を確認した時点でJOBが終了している為、0と表示されていると思われます。
　　実務担当の方にいつ画面にて確認をしたか、ご確認いただけますでしょうか。

②陸上出荷の予定量がマイナス
　⇒作業中の実績数量にて、タンク同時使用の考慮がなされていない為、実績数量が計画数量よりも
　　大きな値となっており、マイナス値となっています。
　　⇒海上出荷２JOBの実績数量分、オーバーしています。

　　前段として、作業中の実績数量は、10分周期で収集しているタンク中間実績で計算を行っており、
　　流量計を使用しないJOBの場合、タンクの差尺値を実績数量（※）としています。
　　その為、同じタンクを同時に使用しているJOBが複数存在する場合、差尺値を実績数量としているJOBは、
　　他JOB分の実績数量も反映されますので、計画数量よりも実績数量の方が大きくなり得る可能性があります。
　　（※）タンク換算数量から前尺の換算数量を差し引いた値
　　　　　「機能仕様書：IOS20-OFL-SBM-T2-001_機能仕様書_進捗管理_v1.4.doc」
　　　　　 3.1.1.JOB作業状態登録機能のP.30を参照してください。

　　今回のケースにおいて、詳細な資料を以下に格納しました。
　　ご確認いただけますでしょうか。
　　＜https://app.box.com/folder/134508477859＞
　　・【No319】保守問題点No.319_陸上出荷JOBの予定数量について.xlsx

③出荷後在庫数量が増える
　⇒出荷後在庫量は、在庫数量から、当日の予定量を差し引いた値を表示しています。
　　今回の場合、陸上出荷の予定数量がマイナス値の為、増えた値となっています。
■対策
①：仕様通りとさせていただきます。
②：
本件、進捗管理の機能仕様書に記載がある通り、流量計を使用しないJOBの場合は、タンクの差尺値を実績数量としています。
原因に記載しましたが、タンク同時使用のJOBが複数存在する場合、差尺値が変化する為、計画数量よりも実績数量が大きくなる可能性があります。
タンク同時使用を考慮する場合は、インシデント対応とさせていただきたく。
その場合、仕様から詰めさせていただきたく思います。
③：②が解消されれば、正常な値となります。

2021/03/31IKC回答
①失礼いたしました。当日参照故の表示と思います。
➁同時作業の受け払い考慮は無いのですね。
　そもそも設計上、当日日中に見るような考慮はされていないという事でしょうかね。
　インシデントとなる件承知致しました。（旧では考慮されていたようですが）
　まずは当日作業中に確認できるような機能ではない件、承知致しました。
　現状優先度が低い為インシデント対応は、無ということでよろしくお願いします。
No319はクローズ致しました。
よろしくお願いいたします。",オフラス,,,,,●,,,,,,2021/03/31,仕様通り,対応不要,,,,,,,,,,,,,,,,,,,,,,,,,,,,,,,,,,,,,,,
,320,2021/03/22,北海道,YJP吉永,柴田裕,GーHC　JOBタンク設定出来ない,Q2：代替手段により後続テスト実施可能,B：作業計画管理,A：オーダ管理,出荷タンク設定,"■発生日：2021/3/20

■発生拠点：　北海道製油所

■対応希望日：　なるべく早く

■事象
3/21付JOB設定において、G-HC　JOBのタンク設定が
作業計画画面でできない。

20303を入力して設定→エラーメッセージ。　昨日は同様設定ができた。　
サクションは指定していない。　OMCでJOBも準備・開始していない。　
オーダーから軽油JOBも新規作成しても状況変わらず。
当該タンクは使用なし。

・問題点エビデンス
https://app.box.com/folder/133917683127
■あるべき姿
問題なく

■代替手段
陸上側で積み込みフラグを手動操作。
実績をオフラスに作業後に手入力する。","■原因
本件、千葉事業所で発生しました保守問題点No.213と同件になります。
※三鷹検証環境で、No213対応前の環境で再現の確認を致しました。

陸上出荷から油種別オーダを受信した際に、G-HCのJOBは削除されましたが、
オーダとJOBとの紐づけが解除されていない為、出荷タンク設定画面からタンクが登録できない状態となっていました。
※時系列は以下になります。
①2021/03/19 18:04 作業品名：G-HCのJOBNo設定を実施
②2021/03/20 17:41 陸上出荷（油種別）オーダ受信
                   ⇒15油種分の陸上出荷オーダを受信
                      G-HCの数量、0(KL)の伝文を受信している為、JOB情報の削除を実行し、
                      運転制御へ削除伝文送信（JOBは正常に削除される）
③2021/03/20 17:43 陸上出荷オーダ編集画面からG-HCの数量を変更
                   ⇒・②の処理中に陸上出荷オーダ編集画面を表示
                      ・②の処理終了（陸上出荷オーダ編集画面表示とデータベースの内容で差異が発生）
                      ・画面からG-HCの数量を1(KL)に変更し、オーダ確定を行う
                        ⇒ここでオーダ数量を１に更新した内容でオーダ情報が作成されてしまう。
                          （JOBとの紐づけも残ってしまう。）
④2021/03/20 XX:XX 出荷タンク設定画面からG-HCのタンクを入力して登録
                   ⇒JOBが削除されているのにも関わらず、オーダとJOBの紐づけは残っているのでエラーとなる。

③にてオーダ管理同士の排他管理がうまくいっていない為、後から編集した内容を反映してしまっています。
※排他管理の仕様は、画面共通機能仕様書の「4.2. 排他管理」を参照ください。
■対策
No.213は、③のオーダ登録時に後から変更を行った内容で更新しないように対応しております。
※No.213にて対応したエビデンスを以下に格納していますので、ご確認いただけますでしょうか。
https://app.box.com/folder/127517776582
【No213】複数ユーザ同時にオーダ登録を行った場合、後に編集した内容が反映される.xlsx

※本件、エビデンス確認中とさせていただきます。

2021/04/26YJP追記
No.213とNo.320は同件です。
No.320は、千葉で発生したNo.213がリリース待ちの間に北海道で発生した問題点になります。
北海道は、2021/04/01に修正モジュールをリリース済です。
",オフラス,,●,,,,,,,,2021/04/01,2021/05/07,AP・コーディング,確認完了,,,,,,,,,,,,,,,,,,,,,,,,,,,,,,,,,,,,,,,
,321,2021/03/22,北海道,YJP大武,柴田裕,マスバラ　水在庫受け払い水切りについて,Q3：後続テスト実施可能,G：マスバランス,G：マスバランス,水在庫受払表,"■発生日：2021/03/22
■対応希望日：対応方針による
■事象
水在庫受払表の水切り項目をピンポイントで修正する方法が知りたい

■あるべき姿
水受払表の水切り項目が更新できる

■代替手段
対応方針による","■原因
水在庫受払表で水切り項目が更新できないのは、新設画面仕様の通りの認識です。
当該項目のメンテナンス方法については、調査中です。

2021/03/24
本件、仕様の通りの状況と思われます。
水切りJOBの当日実績が実績管理のタンク受払、商品タンク受払と順々に引き継がれて来ております。
水在庫受払表の水切りJOBの実績項目は、データ取込時に商品タンク受払の水切り実績を取り込むようになっております。
そのため、メンテナンス方法としては、基礎データメンテナンスの水切り実績で、日々の水切り実績を適正値に修正いただいた上で、商品管理の原油実績取込のデータ取込を再実行していただきたく思います。
また、水在庫の数量が変わると、翌日以降の水在庫の数量も再計算する必要があるため、修正日から当日まで、データ取込を再実施いただきたいです。
(原油タンク受払のメンテナンス状況がリセットされますので、ご注意ください。)

検証環境で水切り実績の数量を変更した際のエビデンスを以下に格納しております。
https://app.box.com/folder/134075171634
【No321】マスバランス_北海道_水切りのメンテナンス

■対策
本件、システム的には対応不要の認識です。
状態を確認中とさせていただきますので、問題なければ対応不要に変更しクローズいただければと思います。",オフラス,,,,,,,,,,,2021/03/26,仕様通り,対応不要,,,,,,,,,,,,,,,,,,,,,,,,,,,,,,,,,,,,,,,
,322,2021/03/23,千葉,YJP柳田,伊藤祐希,ロット試験報告書出力一覧で参照できない,Q1：後続テスト実施不可,Y：通信管理,Y：通信管理,CA1_ロット試験報告書,"■発生日：2021/03/14
■対応希望日：
■事象
No.305が再発している可能性があります。14日以降出ていません。

■あるべき姿
ロット試験報告書出力一覧からロット試験報告書が確認できる

■代替手段

2023/06/27
　徳山リリース後確認を実施。正常に動作を確認。（和田）
　東ソー、住友金属東予","■原因
No.305とは原因が異なります。
試験管理EAI→L35EAI間で送信エラーが発生していました。
試験管理から以下のファイルを送信しようとしていましたが、
ファイル名に含まれている「申」という文字が原因でEAI内で文字化けし、
その影響で送信エラーになっています。
「CA1~20210313115623_A2-10212-13-T6371_S-M_福建申ﾕｴﾝ01_1058233.pdf」

「申」という文字は文字コード「905C」で表現され、
２バイト目に「5C」を持つ文字がファイル名に含まれていると
再現してしまいます。
２バイト目に「5C」を持つ文字は以下を参考にしてください。
https://ja.wikipedia.org/wiki/Shift_JIS

■対策
2021/3/23　応急対応その１
送信エラーとなった「CA1~20210313115623_A2-10212-13-T6371_S-M_福建申ﾕｴﾝ01_1058233.pdf」を退避し、送信対象外とすることにより、送信エラーPDF以降の未送信となっていたPDFファイルが送信されたことを確認しました。

送信エラーとなったPDFへの対応、および送信エラーに対する対応については検討中。

2021/3/23　応急対応その２（千葉事業所品質管理課　高橋様）
ファイル名に含まれる「文字コード2バイト目に5Cが含まれる文字」について、
ファイル名は試験管理マスタ内で管理している需要家簡略名称を元に生成しておりますので、
該当マスタを精査いたしましたところ、対象文字を含むレコードは27件あり、
そのうち現在も有効な需要家である可能性のあるものは13件ありました。
これら13件について、当座の事象再現を防ぐために、
仮対応として2バイト目に5Cを含む文字を含まないように名称変更を行いましたので報告します。

2023/05/31　恒久対応（YJP追記）
EAIプログラムの改修を行う。
",オフラス,●,●,●,●,,,,,2023/05/31,"愛知：2023/6/8
徳山：2023/6/13
千葉：2023/6/14",,AP・コーディング,確認完了,,,,,,"
2023/06/27
　徳山リリース後確認を実施。正常に動作を確認。（和田）
　東ソー、住友金属東予",,,,,,,,,,,,,,,,,,,,,,,,,,,,,,,,,
,323,2021/03/29,千葉,YJP村上,伊藤祐希,藤和丸　船バラ協定時の外貨搬出実績数確定不具合,Q1：後続テスト実施不可,F：外航通関,F：外航通関,外貨搬出実績数量確定,"■発生日：2021/03/26
■対応希望日：早急に
■事象
２４日　藤和丸　船バラ協定の為、外貨搬出実績数確定を修正依頼をお願い致します。
外貨在庫引落しが滞ってしまうため、早急の対応をお願いできますでしょうか？
宜しくお願い致します。

■あるべき姿

■代替手段
","■原因
仕様とおりの認識です。
■対策
データパッチにて対応いたします。
2021/03/30 データパッチの実施

恒久対応に付きましては、仕様を明確に調整したうえでインシデントにて対応させていただきたく、ご検討願います。",オフラス,,,,,,,,,,,2021/03/30,仕様不備,確認完了,,,,,,,,,,,,,,,,,,,,,,,,,,,,,,,,,,,,,,,
,324,2021/03/30,千葉,YJP柳田,青井圭介,運転制御⇔オフラス間の通信不通,Q1：後続テスト実施不可,Y：通信管理,Y：通信管理,,"■発生日：2021/03/28
■対応希望日：
■事象
一昨日（3/28）、運転制御とオフラス間が不通となる事象が発生したため、
ETS-R APサーバを再起動しました。
その後、問題事象は解消されております。
 
同様の問題は以前より発生しており、感覚として3か月毎に起きています。
（その都度、伊藤様からのご連絡を受けAPサーバ再起動により解消）
 
一昨日の問題発生時、再起動前にイベントログ・リソース状況を確認しましたが、
気になるエラー・警告ログ、また特に著しく上昇傾向にあるプロセスは見受けられませんでした。

一昨日、伊藤様からご連絡を頂くまでの間の状況は以下の通りです。
－－－－－－－－－－－－－－－－－－－－－－－－－
運転制御システム側もエラーはなく発生に気づいたのは
09:33～オフラス側で同期通信制御ワークテーブルの更新エラーで不通を検知しました。
機器交換の件もあって本当におかしいと私が気づいたのは12時以降です。
－－－－－－－－－－－－－－－－－－－－－－－－－

サーバの定期的な再起動は必要ですが、北海道では発生していない事象であり、
調査が必要と考えておりますので、ご確認のほどお願い致します。

■あるべき姿
通信不通とならない

■代替手段
","■原因
「3/28 09:32～12:54」頃にかけて、
APサーバ内のEAIプロセスがデータベースに接続できない現象が頻発しておりました。
そのためEAI内でデータ転送が出来ず、不通となっていたようです。
現象発生の時間帯に、全く接続できていないというわけではなく、稀に接続成功しているタイミングもあることから
データベース接続数が上限に達していた可能性が考えられます。
また、「2/4 00:47～02:30」頃や「1/27 21:05～22:50」頃にも同様の現象が発生しておりました。
尚、北海道のログも確認しましたが、同様の現象は一度も発生していないようです。

■対策
2021/04/23 追記
L30運転管理DBのコネクションの接続数の上限値を上げて、様子見とさせて頂きたいと考えております。
コネクションの接続数の上限値を変更するコマンドについては、別途ご連絡致します。

2021/05/20 追記
上記対応の参考情報と致しましてシングルインスタンス構成の場合のコネクションの接続数の上限値を変更する
SQL文をご連絡致しました。
なお、ターゲットは、RAC構成となりますので、あくまで参考情報となります。
ターゲット環境での手順については、DELL様にご確認のうえ、ご対応をお願い致します。

2021/9/28 IKC追記
千葉・北海道ともに、セッション数の設定値を確認し、北海道設定値が初期値と思われる値であったため、
千葉と同値に設定変更実施済み。
また、定期的にセッション数をチェックしイベントログ出力、閾値超過した場合はIKCオフラス保守メンバー宛に
メール通知するよう設定対応済み。

2021/11/25 YJP追記
IKC様にてL3.0運転管理DBの対応実施済のため、一旦、クローズとさせて頂きます。

",IKC,,,,,,,,,,,2021/11/25,環境設定,確認完了,,,,,,,,,,,,,,,,,,,,,,,,,,,,,,,,,,,,,,,
,325,2021/04/02,北海道,YJP村上,菊池聖子,積戻し出荷（プロピレン）,Q2：代替手段により後続テスト実施可能,F：外航通関,F：外航通関,積戻し実績詳細（業者申告）,"■発生日：2021/03/12
■対応希望日：1ヶ月
■事象
実績数量と台帳引落数量欄には、KL数量を手入力しているが、画面表示はTonとなっている
■あるべき姿
 実績数量はKl ➔画面表示修正
台帳引落数量Kl➔画面表示修正
■代替手段
特になし
","■原因
仕様とおりです。
品名に付随する単位にてKl、Tonを表示する認識です。
■対策
プロピレンの場合の実績数量、台帳引落しのタイトルを表示をKlに変更いたします。
インシデントにて対応させていただきます。

2021/07/21 YJP追記
検証エビデンスを下記BOXに格納いたしました。
内容のご確認をお願いいたします。
https://app.box.com/folder/141649440769
【No325】プロピレン積戻し出荷対応_インシデント.xlsx
",オフラス,,,,,●,,,,2021/07/21,2021/07/29,,仕様通り,確認完了,,－,,,,積戻し実績詳細において、申告品名が「PROPYLENE」の場合、申告毎情報の実績数量のタイトル表示を「Kl」に、台帳引落情報の数量のタイトル表示を「KL」に変更します。,仕様変更承認済,1.0人日,1.0人日,1.0人日,0.5人日,0.0人日,対応依頼,,,,,2021/6　17K2D016_110,,,,,,,,,,,,,,,,,,,,,
,326,2021/04/02,北海道,YJP村上,菊池聖子,包括保税運送申告番号の連携不正,Q2：代替手段により後続テスト実施可能,F：外航通関,F：外航通関,外国貨物運送申告書作成,"■発生日：2021/03/031
■対応希望日：1ヶ月
■事象
「2021/3/31」に、次年度の包括保税運送申告データを入力したところ「登録が完了しました」と表示があったため、「2021/3/31」に「2021/4/1付」の保税運送申告書を作成しようとしたところ、包括保税運送申告番号が反映されない。
また、履歴検索をしても登録したデータが検索されない。
■あるべき姿
・包括保税運送申告番号を反映できるようにする。
・履歴検索で検索可能とする。
■代替手段
エクセルでの申告番号の手修正
","■原因
申告登録された包括保税運送申告番号を「搬出日」にて取得すべきところ、「操作実施日」にて取得していたため、事前登録不可の状態となっております。
■対策
「操作実施日」でなく「搬出日」にて、包括保税申告番号を取得するように修正いたします。
また、包括保税運送申告番号の登録履歴は、事前申告を考慮した検索条件に修正いたします。
2021/04/26 追記
検証エビデンスを出光BOXに格納いたしましたので、内容のご確認をお願いいたします。
https://yokogawaelectric.app.box.com/folder/136271424730
【No326】包括保税運送申告の未来日対応.xlsx",オフラス,,,,,,,,,2021/04/26,2021/05/19,2021/06/30,設計不備,確認完了,,,,,,,,,,,,,,,,,,,,,,,,,,,,,,,,,,,,,,,
,327,2021/04/02,北海道,庄司大樹,,オフサイト側の入出荷作業状況表,,,,,"■発生日：
■対応希望日：
■事象
　　オフサイト側の入出荷作業状況表示一覧のREG出荷で、-0.329KLという表示があった。既設のオフラスでは0KLと異なっている。

2021/7/15:試験課との打ち合わせを6月末に実施した際に、再現性がない・現状使用していて違和感がないとのことなので、本件クローズさせて頂きたく存じます。(庄司)

■あるべき姿
　　既設に合わせる
■代替手段
","■原因

■対策
",,,,,,,,,,,,2021/07/15,,確認完了,,,,,,オフサイト側の入出荷作業状況表示一覧のREG出荷で、-0.329KLという表示があった。既設のオフラスでは0KLと異なっている。,,,,,,,,,,,,,,,,,,,,,,,,,,,,,,,,,
,328,2021/04/02,北海道,庄司大樹,庄司大樹,仮報告値の取り扱い,Q3：後続テスト実施可能,L：試験管理,L：試験管理,仮報告,"■発生日：
■対応希望日：

仮報告しても運転管理システム（計器室内）では計測値が見れない（業務課ボードより）

2021/07/15:実態は確認できていないが、仮報告した後にもういちど仮報告されると見れなくなるとの情報があった。
　　　　　　　　　詳しい事は業務課ボードに確認しなければ分からない。(庄司)
→愛知で発生するか確認する。
2021/7/16:愛知で実施したところ同事象は発生しなかった。（仮報告のものに仮報告はできなかったため、一度取り消して、仮報告。北海道と操作が異なるか確認）
 　インシデント管理No109により、運転管理/作業計画/試験依頼の画面で状態ボタンを押すことで
　　仮報告のロットを含め、試験結果が参照できるように改修している。（2022.02.17 IKC 芥川）
■あるべき姿
 
■代替手段
","■原因

■対策
2021/11/25 YJP追記
百留様にて状況確認頂き、対応内容、ステータスの更新をお願い致します。",IKC,,,,,,,,,,,2021/06/24,,確認完了,,,,,,"仮報告しても運転管理システム（計器室内）では計測値が見れない（業務課ボードより）
試験管理インシデントNo109に同じ/PJT管理2561と同じ(千葉にて起票済)",,,,,,,,,,,,,,,,,,,,,,,,,,,,,,,,,
,329,2021/04/02,北海道,庄司大樹,,オフラスの入出荷作業状況の実績数量,Q3：後続テスト実施可能,C：進捗管理,C：進捗管理,入出荷作業状況表示,"■事象
オフラスの入出荷作業状況の実績数量と業務課の数量にラグがある。→オフラスの方は全量が終了してから値が変わる

2021/07/15:試験課との打ち合わせを6月末に実施した際に、再現性がない・現状使用していて違和感がないとのことなので、本件クローズさせて頂きたく存じます。(庄司)","■原因

■対策
",IKC,,,,,,,,,,,2021/07/16,,確認完了,,,,,,オフラスの入出荷作業状況の実績数量と業務課の数量にラグがある。→オフラスの方は全量が終了してから値が変わる,,,,,,,,,,,,,,,,,,,,,,,,,,,,,,,,,
,330,2021/04/02,千葉,YJP大武,伊藤祐希,OneSAPからの伝票で取り込まれていないものがある,Q1：後続テスト実施不可,G：マスバランス,Y：通信管理,入出荷伝票受信,"■発生日：2021/04/02
■対応希望日：
■事象
3/8、3/9にOneSAPから受信した伝票ファイルの中で、オフラスが取り込めなかったファイルがあった
3/8については、DBの定期再起動によるものとの情報あり。

■あるべき姿
取込出来る

■代替手段
問題ファイルの再送【再取込)","■原因
3/8分が取り込めてなかった原因は、定期再起動によるものとのことで、
L3.0EAIのログでも「3/8 12:14:31頃」にDB再接続が実施されたログが出力されていたので、
ご認識の通りと思われます。

3/9分のほうでは、L3.5EAIのログに「3/9 12:15:40頃」、
DB再接続が実施されたログが出力されていましたが、
L3.5用のDBも再起動されたのでしょうか？
もしくは、保守問題点管理表No.275と同様の、
DBに接続できない現象が発生していた可能性が考えられます。

2021/4/5追記（青井様）
3/8（月）：12時～業務課
3/9（火）：12時～品管、DMZ
上記にて定期再起動作業を実施しております。
いずれも、その影響と見られます。

■対策
暫定対応として、問題ファイルの再取込を実施済み

2021/04/23 追記
サーバの定期再起動に伴う、受信エラーについて過去にも発生しております。
サーバの定期再起動時は、関係各所への周知、業務の調整をお願い致します。
また、受信エラー発生時は対象ファイルの再取り込みにて対応可能です、手順への組み込み等、ご検討頂きますようお願い致します。

2021/05/10
本件、IKC様内で対応方針をご検討いただきたく思います。
ステータスを「確認中」とさせていただきますので、ご確認いただき、問題なければ対応不要としてください。",オフラス,,,,,,,,,,,2021/05/25,調査中,確認完了,,,,,,,,,,,,,,,,,,,,,,,,,,,,,,,,,,,,,,,
,331,2021/04/02,北海道,庄司大樹,庄司大樹,ヒストリ表示画面の改善【Lab-AiD】,Q3：後続テスト実施可能,L：試験管理,L：試験管理,ヒストリ表示,"""■発生日：
■対応希望日：
■事象
ヒストリ表示にてキー項目として表示指定できるのは苛番号、サンプルコード、サンプル名である。それ以外の項目については表示設定ボタンを押すことで「都度追加」は可能であるが、Lab-Aidをログオフすると、デフォルト状態に戻ってしまう。
■あるべき姿
「お気に入りのように」表示設定ボタンで指定した内容を保存できるようにする。
■代替手段
あり""
2021/7/16:改善リストへ移行で問題ないとのこと。移行し、クローズ。","■原因

■対策
",IKC,,,,,,,,,,,2021/09/28,機能改善,対応不要,,,,,,"ヒストリ表示にてキー項目として表示指定できるのは苛番号、サンプルコード、サンプル名である。それ以外の項目については表示設定ボタンを押すことで「都度追加」は可能であるが、Lab-Aidをログオフすると、デフォルト状態に戻ってしまう。「お気に入りのように」表示設定ボタンで指定した内容を保存できるようにする。

試験管理インシデントNo85に同じ/PJT管理2730と同じ(千葉にて起票済)",,,,,,,,,,,,,,,,,,,,,,,,,,,,,,,,,
,332,2021/04/05,千葉,YJP吉永,伊藤祐希,添加剤張込みマスタについて,,B：作業計画管理,B：作業計画管理,パイプライン出荷,"■発生日：　2021/04/01
■発生拠点：　千葉事業所
■対応希望日： 1週間以内
■事象
　　今月からLPGをパイプライン出荷することとなり、現状テストの状況ですが
　その中で当初なかった添加剤(着臭剤)を出荷中に添加したい旨の検討依頼が運転担当からありました。
　当方で調べている限りでは添加剤張込みマスタのJOB区分にパイプライン出荷がないことから現状のままで不可能と思っていますが
　その認識で問題ないか確認頂けませんでしょうか。

今後、場合によってはインシデント対応のお願いの可能性もあります。
","■原因
パイプライン出荷での添加剤添加について、
オフラス、運転制御共に、以下の理由により改造が必要となります。

[オフラス]
・出荷タンク設定画面に添加剤アイコンが表示されない
・パイプライン出荷の計画伝文に添加剤の設定ができない

[運転制御]
・パイプライン出荷での添加剤添加は対応していない

■対策
仕様変更となります。

2021/05/25YJP追記
改造不要となた為、対応不要。（現状のままとする）
本件は、クローズします。
",オフラス,,,,,●,,,,,,2021/05/25,仕様変更,対応不要,,,,,,,,,,,,,,,,,,,,,,,,,,,,,,,,,,,,,,,
,333,2021/04/05,北海道,YJP那須,柴田裕,新オフラスのの品名関連マスタについて,,M：マスタ管理,M：マスタ管理,,"■発生日：2021/4/2
■対応希望日：
■事象
添付画像の赤枠(※)で囲った品名はそれぞれ何に紐図いている項目でしょうか。
お忙しい中すみませんが、ご教授願います。
　※添付画像の内容
　　・画面名
　　　　VIMX00007　品名情報入力‐編集
　　・項目名
　　　　統一品名略号
　　　　統一簡略品名(英数・カナ)
　　　　統一簡略品名(漢字)
　　　　統一品名(英数・カナ)
　　　　統一品名(漢字)
　　　　画面帳票品名(英数・カナ)
　　　　画面帳票品名(漢字)

■あるべき姿

■代替手段
","■原因

■対策
お問い合わせいただいた画像の赤枠の項目は品名マスタ（TIMX101）テーブルの同じ論理名の項目に紐づいています。
それぞれの項目について、画面や通信伝文における利用箇所を一例として以下に回答いたします。
　・統一品名略号
　　試験依頼データ編集画面の「品名略号」項目
　・統一簡略品名(英数・カナ)
　　揚荷按分計算確定画面の「品名」項目
　・統一簡略品名(漢字)
　　ボンド出荷オーダ一覧画面の「簡略品名」項目
　・統一品名(英数・カナ)
　　オフラス内での利用実績なし
　・統一品名(漢字)
　　内航入荷オーダ画面の「品名」項目
　・画面帳票品名(英数・カナ)
　　オフラス内での利用実績なし
　・画面帳票品名(漢字)
　　新IRIS向けの通信伝文「陸上入出荷オーダー（品名別）」の「伝票用品名(日本語)」項目",オフラス,,,,,,,,,,,2021/04/05,仕様通り,確認完了,,,,,,,,,,,,,,,,,,,,,,,,,,,,,,,,,,,,,,,
,334,2021/04/06,北海道,庄司大樹,庄司大樹,Lab-Aid試験依頼時にOutOfMemoryExceptionのエラーが出る,Q3：後続テスト実施可能,L：試験管理,L：試験管理,試験依頼,"■発生日：2021/3/29
■対応希望日：2021/4/E
■事象
  Lab-Aid試験依頼時にOutOfMemoryExceptionのエラーが出る
(間欠的、クライアントにより出ないものもある）
■あるべき姿
  Lab-Aid試験依頼時にOutOfMemoryExceptionのエラーが出ないで試験依頼ができる
■代替手段
","■原因
 　調査中
　ご提示いただいた情報で再現性を確認していますが、再現できていません。
　　１）発生するPC、発生しないPCにプログラムバージョンやメモリ容量などの環境の違いはありませんか？
　　２）どの程度の頻度で発生しますか？
　　３）再現させるヒント（するときとしないときの違い）を教えてもらえませんか？
　　　　　再現させてプログラムを調査する必要があります。
　　弊社環境で再現できる情報をさらにいただけますか？
■対策
　「PJT問題点No2582_工程試験依頼指定画面の「一括検索」において、工程頻度指定・カレンダー指定の絞り込みを有効にする」にてメモリ使用方法を改善しています。(2021/6/29リリース）再現待ちとします。

2021/11/25 YJP追記
百留様にて、現状、北海道ターゲットで再現するかをご確認頂き、問題ないようであればクローズをお願い致します。",オフラス,,,,,,,,,,,2022/01/20,,対応不要,,,,,,"Lab-Aid試験依頼時にOutOfMemoryExceptionのエラーが出る。
特定のパソコンに見られ、この現象が発生しないパソコンもある。
（パワポのエビデンスあり）",,,,,,,,,,,,,,,,,,,,,,,,,,,,,,,,,
,335,2021/04/07,北海道,庄司大樹,庄司大樹,"工程試験依頼をし、終了後サンプル一覧画面を表示するとき、（応答なし）で画面が固まってしまう
",Q3：後続テスト実施可能,L：試験管理,L：試験管理,工程試験依頼,"■発生日：
■対応希望日：
■事象
   工程試験依頼をし、終了後サンプル一覧画面を表示するとき、（応答なし）で画面が固まってしまう
(エビデンスあり）ほぼ毎回発生する
　(2021.6.28　芥川) 本件について事象が再現しました。下記（BOX)にエビデンスを格納しましたので確認をお願いします。
https://idemitsu.ent.box.com/folder/140057840694
■あるべき姿
　　画面が固まらず、処理できる
■代替手段
","■原因
 　調査中
　ご提示いただいた情報で再現性を確認していますが、再現できていません。
　ほぼ、毎回発生するとのことですが、発生しているところを確認させていただくことが可能でしょうか？
　弊社環境で再現できる情報をさらにいただけますか？
■対策
　「PJT問題点No2582_工程試験依頼指定画面の「一括検索」において、工程頻度指定・カレンダー指定の絞り込みを有効にする」にてメモリ使用方法を改善しています。(2021/6/29リリース）再現待ちとします。

2021/11/25 YJP追記
百留様にて、現状、北海道ターゲットで再現するかをご確認頂き、問題ないようであればクローズをお願い致します。",オフラス,,,,,,,,,,,2022/01/20,,対応不要,,,,,,,,,,,,,,,,,,,,,,,,,,,,,,,,,,,,,,,
,336,2021/04/12,,YJP増井,芥川健司,Lab-Aidパッケージで推定計算式の関数でエラーなどが発生する修正がリリースされた。,Q3：後続テスト実施可能,L：試験管理,L：試験管理,計算式の関数,"■発生日：2021/3/24
■対応希望日：2021/4/21(千葉)、2021/4/22（北海道）
■事象
　計算式で使用している関数の実行順に誤りが発生し、計算式エラーや計算結果に誤りが発生することが
　稀にあることが判った。
■あるべき姿
　計算式で使用している関数の実行順がいかなる場合も正しくなるように修正する。
■代替手段
　なし","■原因
　Oracleの内部処理により、実行順でない順序で取得されることが判った。
■対策
　必ず実行順で取得されるるような処理に変更する。
",,,,,,,,,,2021/04/20,"4/21　千葉
4/22　北海道",2021/04/22,AP・コーディング,確認完了,,,,,,,,,,,,,,,,,,,,,,,,,,,,,,,,,,,,,,,
,337,2021/04/14,千葉,YJP大武,伊藤祐希,入荷実績確定時の不具合,Q1：後続テスト実施不可,G：マスバランス,G：マスバランス,入荷実績計算書、海底配管在庫,"■発生日：　2021/4/13

■発生拠点：　千葉事業所

■対応希望日：　4/22　

■事象
　4/8～9入荷実績確定のため、「入荷実績計算書」画面から、データ更新を実施。
　「原油タンク受払実績」画面で以下の事象発生。
　①4/8　＃2　海底配管のシフト払出が入力されていない、当日在庫が残っている。
　②4/8　＃100030　海底配管からのシフト受入が入力されていない。そのため、受払増減が発生。
　③4/9　＃2　海底配管入荷実績が入力されていない。

■あるべき姿
　①シフト払出実績が入力され、在庫0
　②シフト受入実績が入力され、増減が減少
　③入荷実績が入力される。

■代替手段
　・シフト払出、シフト入荷、入荷実績は、テーブル追加で入力可
　・①在庫をゼロにする手段なし
","■原因
調査中です。
入荷実績計算書のメンテナンス後に、データ取込を再実施していただき、状況に変化があるかご確認いただいている状態です。

2021/04/15
データ取込の再実行にて、問題事象が解消されたとのご連絡を頂きました。
そもそもの原因については、別途調査を行います。

2021/04/20
本件、調査の結果、仕様通りの挙動をしておりました。
今回の現象は4/5～9のデータ取込を実施し、日々のメンテナンス及び在庫計算更新を実施するという
メンテナンスを行ったことが原因と思われます。
タイミングが悪いことに4/5は二日以上の日跨ぎ入荷の最終日であったため、前日の海底配管在庫が0で
前日の海底配管の品名別在庫が完全に存在しない状態でした。
この状態でデータ取込を行ったため、データ取込では4/5以降の品名別在庫が作成されない状況になっていました。

通常は、毎日データ取込→在庫計算更新の順で流れるため問題が起きませんが、
今回のようなケースでは起きてしまいます。
問題のある日(今回だと4/8、9)を改めてデータ取込からやり直していただくことで、正しいデータ作成が行われます。

ステータスを「確認中」とさせていただきますので、問題なければ「対応不要」に更新いただきたく、よろしくお願いします。

■対策
暫定対応：画面から再度データ取込機能を実施
恒久対応：暫定対応と同じ

2021/04/22 対応不要の旨ご連絡いただきましたので、ステータスを更新いたします。",オフラス,,,,,,,,,,,2021/04/22,仕様通り,対応不要,,,,,,,,,,,,,,,,,,,,,,,,,,,,,,,,,,,,,,,
,338,2021/04/18,北海道,百留哲平,柴田裕,オフラスタンクロット不具合,Q1：後続テスト実施不可,E：品質管理,B：作業計画管理,試験依頼,"■発生日：2021/4/18
■対応希望日：2021/4/19 AM
■事象
05A2SｱｷﾀのロットNoが表示されず、試験依頼もできない。

■あるべき姿
ロットNoが表示され試験依頼ができる
■代替手段
なし。","■原因
2021/04/26YJP追記
三鷹検証環境へ現地DMPデータを反映して確認しましたが、現象が再現できませんでした。
北海道ターゲット環境と同じ環境を構築し、再現可能か確認致します。

2021/05/28 YJP追記
三鷹検証環境で再現を確認しました。
再現手順は以下になります。
１．ブレンド出荷でオーダを作成
２．ブレンド出荷のタンク設定
３．ブレンドSIM計算実行し、混合比率設定
４．出荷タンク設定画面から、混合区分をブレンド⇒単品に変更し、タンク１基で登録
５．出荷ロット一覧画面を表示するが、タンクロットが表示されない
６．出荷試験依頼設定画面を表示しようとするが、Exceptionで表示できず

出荷ロット一覧画面、試験依頼設定画面で表示しているタンクロットNoは、対象となる出荷作業に対してブレンドSIM計算結果が登録済みであれば、ブレンドSIM計算で使用した基材タンクロットNoを表示します。
４の操作で、ブレンドから単品に変更した際、ブレンドSIM計算結果との紐づけが解除されずに残ってしまっています。
その結果、５と6の操作でブレンドSIM計算で使用した基材タンクロットNoを表示しようとし、基材タンクロットの情報が取得できずに表示できていませんでした。

■対策
混合区分をブレンドから単品に変更した際、ブレンドSIM計算結果との紐づけを解除するように修正致します。

2021/05/31
検証エビデンスを以下に格納しました。
ご確認いただけますでしょうか。
https://app.box.com/folder/138331150149
・【No338】試験依頼が行えない.xlsx",オフラス,●,●,●,●,,,,,2021/06/01,2021/06/10,2021/06/30,設計不備,確認完了,,,,,,,,,,,,,,,,,,,,,,,,,,,,,,,,,,,,,,,
,339,2021/04/20,千葉,YJP村上,伊藤祐希,包括保税運送申告番号不正,Q2：代替手段により後続テスト実施可能,F：外航通関,F：外航通関,"包括保税運送申告
外国貨物運送申告書作成","■発生日：2021/04/02
■対応希望日：2021/04/27頃
■事象
2021年4月からの包括保税運送申告情報が確定できない。
承認番号入力で正しい番号で確定できない。
■あるべき姿
包括保税運送申告番号が前年度と同じでも登録できるようにする。
正しい承認番号で確定し、正しい番号で帳票作成ができるようにする。
※外国貨物運送申告書(目録兼用）・外国貨物製造搬出明細表
■代替手段
承認番号を３ー１０１から開始して確定し、書類関係はExcelで修正","■原因
包括保税運送申告番号は承認期間に関連することなく固有という誤認識から、包括保税運送申告番号＋承認期間（開始日、終了日）にて固有とすべきところ、包括保税運送申告番号のみとしていたため
■対策
包括保税運送申告番号は、承認期間を加味した制御に修正いたします

2021/04/26 追記
検証エビデンスを出光BOXに格納いたしましたので、内容のご確認をお願いいたします。
https://yokogawaelectric.app.box.com/folder/136271448341
【No339】包括保税運送申告番号の同一番号対応.xlsx",オフラス,●,,,,－,,,,2021/04/26,2021/05/12,2021/06/15,設計不備,確認完了,,,,,,,,,,,,,,,,,,,,,,,,,,,,,,,,,,,,,,,
,340,2021/04/20,北海道,YJP吉永,柴田裕,作業計画ー出荷　試験依頼について,Q2：代替手段により後続テスト実施可能,B：作業計画管理,B：作業計画管理,出荷試験依頼画面のブレンダ試験アイコン表示,"■発生日：　2021/04/20

■発生拠点：　北海道製油所

■対応希望日：　即日　（当該出荷は本日15:00頃ある。）
■事象
作業計画ー出荷画面で、4/20分出荷において
Sあきかわ丸のG-2トウホク.G-2トウホク2　において
ブ（ブレンド）ボタンが無いので　製造カードの自動生成が出来ない状態である。
昨日は、G=2トウホク2のボタンのみあったようで、試験依頼作成ができたとの事。
なぜボタンが無いのか？どうしたらでるか？何と紐づいているのか？　ご教授をお願い致します。
■あるべき姿
ブレンド出荷は　ブ　ボタンがあり、試験依頼の生成ができる。

■代替手段
新規で試験依頼を作成。（まだ未実施）","■原因
[ブ]アイコンは、ブレンド出荷、かつ、混合比率登録済みの場合、表示されますが、
下記、品転アイコンの表示条件に一致した為、[品]アイコンが表示されています。
　・基材情報が一致（タンクNo, 混合比率, タンクロットNo）する有効なブレンダロットが存在
　・出荷作業の作業品名と元ロット（※この場合、A4-10419-11-B956）の作業品名が異なる
その為、ブレンダ品転試験依頼のアイコンが表示されています。

以下の記載について、
「昨日は、G-2ﾄｳﾎｸ2はブ ボタンがでていて、試験依頼したとのことだが、本日確認するとボタンが消えており、
依頼が消えているとのこと。」
4/19に[A4-10419-11-B956]のブレンダロットが確立した為、ロットが立つ以前は、[ブ]アイコンが表示されていたと思われます。
また、データベースを確認しましたが、G-2ﾄｳﾎｸ2で試験依頼は行っていませんでした。

■対策
本件、仕様通りの認識です。
念の為、以下、ご確認ください。
・同じ基材情報のブレンダロットが存在しているが、品転の試験依頼ではなく、もう一度ブレンダの再試験を行いたいという認識でよろしかったでしょうか。
⇒同じ基材情報のブレンダロットが存在していても、作業日が変わると再試験を行う運用の様です。

2021/05/24 YJP
本件対応後の動作について、まとめた資料を以下に格納致しました。
https://app.box.com/folder/137924451845
・【No340】ブレンダ試験依頼の対応について.xlsx

2021/05/27YJP追記
対応に必要な工数を提示させて頂きました。

2021/06/08YJP追記
対応を開始しました。

2021/08/05 YJP追記
以下に検証エビデンスを格納しました。
ご確認お願い致します。
https://app.box.com/folder/142684414586
【No340】出荷試験依頼設定画面にてブレンダ試験依頼対応.xls

本番環境で確認できないので一旦クローズ　柴田
",オフラス,,●,,,●,,,,2021/08/05,2021/08/18,2021/09/03,仕様通り,確認完了,,,,,,"・品転試験依頼アイコンの表示条件に一致したとしても、ブレンダ試験依頼が行えるように [ブ]アイコンを表示するように対応致します。
⇒ [ブ], [品]アイコン両方表示する。
・北海道製油所固有機能とします。",仕様変更承認済,2.0人日,1.5人日,0.5人日,2.0人日,1.0人日,対応依頼,,,,,2021/6　17K2D016_110,,,,,,,,,,,,,,,,,,,,,
,341,2021/04/26,千葉,YJP小笠原,伊藤祐希,試験成績書要否一覧の表示内容について,Q3：後続テスト実施可能,E：品質管理,A：オーダ管理,,"■発生日：2020/04/23
■対応希望日：2020/04/28
■事象
試験成績書の要否の判断について仕様書を確認しても詳細がわからなかったので
どのように表示しているか教えてください。（データの取り込みやデフォルト表示の判断など）

来月からガソリンの規格変更に伴って一時的に一般需要家も特定需要家と同じように試験成績書を船託送する必要がある可能性があり
現状だと人が全て手入力で変更しなければならないため、システム上の変更（またはオーダー内容の変更）で負荷を軽減できないか
確認したいためです。

https://app.box.com/file/803823676591

■あるべき姿

■代替手段
","■原因
■対策
①オーダーの需要家区分で判断されているようですが、ユーザーが他の画面でそれを確認できますか？
⇒オーダ管理の日別情報画面から確認できます。

②船託送の有無や成績書、本社担当課はデフォルト表示の変更がマスタ等でできたりしますか？
⇒できません。
船託送有無, 成績書発行, 本社担当課は、オーダ情報登録時に以下のデフォルト値をオーダ情報に登録し、
その内容を表示します。

　　・船託送有無：無
　　・成績書発行：未発行
　　・本社担当課：（空白）

※固定値で登録している為、マスタ等でのデフォルト表示の変更はできません。
よって、試験成績書要否一覧画面にて、手動で変更していただくことになります。

③納入先マスタの要否とは関係なく需要家区分によって要否がデフォルトで入ったりしますか？
⇒入りません。
需要家区分によるものではなく、納入先マスタの試験成績書要否フラグの設定によりますので、
オーダ編集画面にて、手動で「テストカード」を変更しオーダ登録していただくことになります。（※SAISPlus, アストモスLPGのオンラインオーダの伝文項目に「テストカード区分」がありますが、読み捨てている為）

2021/05/12YJP追記
小林様からの質問と回答を以下に追記致します。
[質問1]
＞何故、オーダ元（SAIS）の情報（船託送有無、本社担当課）を無視して登録する様にしたのでしょうか？
　⇒新旧オフラスシステムを調査致しました。
以下BOXに、資料を格納しておりますので、ご確認いただけますでしょうか。
https://app.box.com/folder/137269818289
・保守問題点No.341「試験成績書要否一覧画面について」_20210513_YJP追記.xlsx
　⇒新旧調査シートを追加しました。

[質問2]
＞何故、オーダ元（SAIS）の情報（テストカード有無）を無視して登録する様にしたのでしょうか？
　⇒テストカード有無については、既設システムと同様となります。
納入先マスタの試験成績書要否区分を参照してオーダ情報に登録している為、
伝文の内容は読み捨てています。

2021/6/15
千葉伊藤様確認済みのため、クローズ。",オフラス,,,,,－,,,,,,2021/05/21,その他,確認完了,,,,,,,,,,,,,,,,,,,,,,,,,,,,,,,,,,,,,,,
,342,2021/04/26,北海道,YJP村上,菊池聖子,保税台帳の密度表記不具合,Q2：代替手段により後続テスト実施可能,F：外航通関,F：外航通関,IMW･ISW･IBP輸入申告許可日確定,"■発生日：2020/8～2021/3
■対応希望日：2W以内
■事象
台帳密度は、画面入力したデータを自動的に取り込む仕様となっているのに、
BP通関した貨物の台帳密度のみ下3桁の数字が取り込まれない。
例)正　0.7898 ➔　現状　0.7000
■あるべき姿
台帳の密度値は画面に入力したとおり、下4桁まで表記する。
■代替手段
手修正","■原因
二次申告機能（IMW･ISW･IBP輸入申告許可日確定）にて、申告区分がBPの場合のみ、小数点1桁まで2桁以降は切り捨ての端数制御がされていたため
（なぜ、BPにのみ派生制御を実施していたかは不明）
■対策
申告区分に関係無く、無条件に画面入力された密度を登録するように修正いたします。

2021/05/10 追記
検証エビデンスを出光BOXに格納いたしましたので、内容のご確認をお願いいたします。
https://yokogawaelectric.app.box.com/folder/137049802848
【No342】保税台帳密度表記不具合対応.xlsx
",オフラス,,●,,,－,,,,2021/05/10,2021/05/19,2021/06/30,設計不備,確認完了,,,,,,,,,,,,,,,,,,,,,,,,,,,,,,,,,,,,,,,
,343,2021/04/27,北海道,YJP吉永,柴田裕,JOBNo設定後の出荷タンク設定変更でエラー,Q2：代替手段により後続テスト実施可能,B：作業計画管理,B：作業計画管理,JOBNo設定後の出荷タンク設定変更,"■発生日：2021/04/27
■対応希望日：GW期間を除いてなるべく早く
■事象
REG陸上計画JOBをOMCへ送信した後に、同一タンクから出荷する海上REGが追加になった為、出荷タンクを１基→２基に設定し直した。操作後、作業計画のJOB設定画面からREGの計画に表示されなくなったが、OMCにはJOBが削除されずに残ったままとなっている。出荷タンク設定を元の１基に戻すと、「作業を開始したJOBの・・変更することができません。」とエラーメッセージが表示される。

＜問題点エビデンス＞
https://yokogawaelectric.app.box.com/folder/136359846767
【No343】JOBNo設定後の出荷タンク設定変更でエラー.xlsx

■あるべき姿
OMCにJOB設定した後も、タンクの追加等計画変更が出来る。

■代替手段
オーダ情報にもう１つREGを追加したところ、新しいJOBは、JOB設定画面に表示される様になった。
追加したJOBをOMCへ送信し、こちらのJOBで翌日出荷を行ってもらう事とした。
実績がWカウントになる等うまくいかなかった場合は、データパッチ等依頼すると思いますので、ご対応宜しくお願い致します。
","■原因
本件、出荷タンク設定（REGの5115タンク追加）と陸上出荷油種別オーダ受信が同時に処理された為、発生致しました。
以前、千葉初期流動問題点No.212にて、オーダ管理と作業計画の排他管理に問題があり、油種別オーダ受信処理中に、オーダに更新がかかった場合、オーダ登録をリトライする処理を入れています。
この時、受信後の古いオーダ情報を抱え込んでおり、そのデータを元にオーダ情報を作成してしまっている為、JOBとオーダとの紐づけが解除されずに、REGの出荷タンク設定が行えない状態となっていました。

↓↓↓詳細は時系列を参照してください。
①4/27 16:55:46　出荷タンク設定画面からREGの5115タンクを追加し登録
　　　　　　　　　　　　　運転制御へ削除伝文を送信
②4/27 16:55:48　陸上出荷油種別オーダ受信処理開始
                          ⇒REGのオーダとJOBとの紐づけは残ったままのオーダ情報を元に、処理を開始します。
③4/27 16:55:54　①の削除伝文の送信結果を正常に受信
                          REGのJOB情報を削除し、JOB情報とオーダ情報との紐づけを解除
                          ⇒正常に実行されており、一旦、紐づけは解除されます。
④4/27 16:57:23　REGのオーダ数量を油種別オーダ受信伝文の値で更新
                          ⇒②の処理開始時のオーダ情報を元に、再度オーダを作成している為、
                             JOBとの紐づけも残ったままになっています。
⑤4/27 16:57:35　陸上出荷油種別オーダ受信処理終了
■対策
オーダ登録をリトライする場合、最新のオーダ情報を元に作成するように修正致します。

2021/5/10 
以下に修正結果のエビデンスを格納しました。
ご確認よろしくお願い致します。
https://app.box.com/folder/137054491003
・【No343】出荷タンク設定挙動NG.xlsx",オフラス,,●,,,,,,,2021/05/10,2021/05/19,2021/05/19,設計不備,確認完了,,,,,,,,,,,,,,,,,,,,,,,,,,,,,,,,,,,,,,,
,344,2021/04/28,千葉,YJP大武,伊藤祐希,協定書実績船腹協定時不具合について,Q2：代替手段により後続テスト実施可能,D：実績管理,D：実績管理,協定書実績入力画面,"■発生日：　2021/04/28

■発生拠点：　千葉事業所

■対応希望日：　3週間以内

■事象
  協定書実績画面で船腹で協定をするために数量を入力すると端数調整されず
同じ協定数量が有受双方に入ってしまう。

■あるべき姿
　有受ある場合は流量計実績での協定と同じように計算処理を行う。
　
■代替手段
流量計実績で協定書実績確定後伝票側で修正
","■原因
調査中です。

2021/05/06
どんぶり出荷時で、船腹またはタンク尺を選択した場合に、協定実績数量の表示が切り替わる処理で不具合があり、協定実績を切り替えるべき行のデータが正しく取得されていませんでした。
(どんぶり以外では、船情報と明細情報が1:1なので正しく結びついていますが、どんぶり時は船情報1:明細情報Nになるため、うまくいっていませんでした。)

■対策
画面を修正し、どんぶり時でも正しく更新すべき明細行が取得できるように修正します。

2021/05/10
修正エビデンスを以下に格納しました。
https://app.box.com/folder/137055439008
【No344】実績管理_どんぶり出荷の船腹協定数量がおかしい

ご確認のほど、よろしくお願いいたします。",オフラス,●,●,,,,,,,2021/05/10,2021/05/26,2021/05/21,AP・コーディング,確認完了,,,,,,,,,,,,,,,,,,,,,,,,,,,,,,,,,,,,,,,
,345,2021/05/06,千葉,YJP大武,伊藤祐希,オフラスとSAPのエラーについて,Q2：代替手段により後続テスト実施可能,I：伝票発行管理,I：伝票発行管理,伝票送信,"■発生日：　2021/04/26

■発生拠点：　千葉事業所

■対応希望日：　即日

■事象
添付の通り4/26にオフラスで訂正伝票を実施しましたが、
SAPで帳票を確認したところ、外貨の赤伝票が反映されていないようです。
なお、マッチングエラーは解消されております。

状況のご確認と、対処方法について教えて頂けますでしょうか？
月初のため、早急に教えてください。

添付ファイル：
20210506160151766.pdf
INC-00250475.jpg

■あるべき姿
外貨赤伝がSAPへ反映される。

■代替手段
なし
","■原因
調査中です。
ご連絡いただいたのが5/6夕刻のため、対応希望日：即日のご希望には添えませんが、ご容赦ください。

2021/05/06
伝票日付4/26の訂正伝票は赤黒含めて以下6伝票ございました。
・伝票番号：10005(赤)
・伝票番号：10006(黒)
・伝票番号：10007(赤)
・伝票番号：10008(黒)
・伝票番号：40002(赤)
・伝票番号：40003(黒)

このうち、40002、40003の伝票は、4/28　14:15にL3.5EAIから送信されている様です。
10005、10007の伝票は、4/30　10:45
10006、10008の伝票は、4/30　17:45にL3.5EAIから送信されている様です。
(L3.5EAIサーバのD:\eai\OneSAP\SndBackupフォルダに格納されておりました。
このフォルダに入っているということは、OneSAPに送信するbatによって処理されたという認識です。)

オフラスからは正しく送信していると思われますので、
OneSAP側の受信状況か、L3.5EAIサーバのOneSAPへの送信バッチの挙動をご確認いただければと思います。

■対策
2021/05/07　OneSAP側の不具合との連絡をいただきました。
本件はクローズとさせていただきます。",オフラス,,,,,,,,,,,2021/05/12,その他,対応不要,,,,,,,,,,,,,,,,,,,,,,,,,,,,,,,,,,,,,,,
,346,2021/04/24,北海道,EXE鶴岡,柴田裕,入出荷作業報告書不備,,,,入出荷作業報告書,"■発生日：　2021/04/24
■発生拠点：　北海道製油所
■対応希望日：　5月中
■事象
入出荷作業報告書帳票において、
21.4.24のALG,FG入荷において、
ALGは１５１、FGは１５８に入荷しているが
FGも１５１、ALGも１５８に同量入荷した実績となっている。
■あるべき姿
作業実績に沿った出力
■代替手段
手書き修正","■原因
データを取得するための結合条件が足りていなかったため
■対策
データの結合条件を修正
子JOBと入荷品の結合条件に簡略品名コードを追加",自営帳票,,,,,,,,,,2021/05/19,2021/05/19,,確認完了,,,,,,,,,,,,,,,,,,,,,,,,,,,,,,,,,,,,,,,
,347,2021/05/11,北海道,YJP吉永,柴田裕,オフラスとOMCでJOBの不一致,Q3：後続テスト実施可能,B：作業計画管理,B：作業計画管理,JOBNo設定,"■発生日：　2021/5/11
■発生拠点：　北海道製油所
■対応希望日：　一週間以内

■事象
オフラスにてJOBNo227341をJOB設定しているが
OMCにJOBNo227340, 227341の二つが存在する。（同タンク同数量同比率）

＜問題点エビデンス＞
https://app.box.com/folder/137124133682

■あるべき姿
オフラスでJOB設定したJOBのみOMCにある状態。

■代替手段
オフラス上でJOB設定したJOBのみを出荷で使用。
","■原因
2人のユーザがそれぞれの端末で、同じオーダ情報に対して、同じタイミングでJOBNo設定を行ったことにより、
発生しております。
※三鷹検証環境にて、同じ操作を行い再現を確認致しました。

↓↓↓時系列を以下に記載します。
5/10 14:30:45 ～ [ユーザ①]出荷オーダ11件のJOBNo設定を行う。
　　　　　　　　30Cﾌｪﾘｰのオーダに対して、JOBを作成し、JOBNo（227340）を採番する。
5/10 14:30:46 ～ [ユーザ②]別端末にて、同じ出荷オーダ11件のJOBNo設定を行う。
　　　　　　　　↑の同じ30Cﾌｪﾘｰのオーダに対して、JOBを作成し、JOBNo（227341）を採番する。
　　　　　　　　⇒本来であるならば、ここでJOBNo設定中のオーダに変更がかかったことにより、
　　　　　　　　　排他管理でエラーとなるはずですが、①でのオーダ変更がかる前にチェックが行われた為、
　　　　　　　　　②の後続処理が行われます。
5/10 14:30:46 ～ [ユーザ①] JOBNo（227340）の計画伝文を運転制御へ送信
5/10 14:30:47 ～ [ユーザ②] JOBNo（227341）の計画伝文を運転制御へ送信
5/10 14:30:57 ～ [ユーザ①] 運転制御よりJOBNo（227340）の送信結果を受信。30CﾌｪﾘｰのJOBNo設定終了
5/10 14:31:07 ～ [ユーザ②] 運転制御よりJOBNo（227341）の送信結果を受信。30CﾌｪﾘｰのJOBNo設定終了

上記により、運転制御に同じオーダで２つのJOBNo：227340, 227341が存在しています。
JOBNo：227341が後に処理された為、画面上に表示されており、227340は、オーダと紐づいた状態になっていない為、
データベース上残っていますが、画面上は表示されていません。
また、残り10件のJOBNo設定に関しては、JOBNo設定中のオーダ変更チェックに引っかかっている為、
最初に処理されたJOB情報が作成され、運転制御へ送信されています。

■対策
本件、シビアなタイミングにより発生した為、「対応不要」とさせていただきたく。

",オフラス,,●,,,,,,,,,2021/05/11,その他,対応不要,,,,,,,,,,,,,,,,,,,,,,,,,,,,,,,,,,,,,,,
,348,2021/05/11,千葉,YJP村上,伊藤祐希,外貨搬出実績数量確定時の引落情報が表示されない,Q2：代替手段により後続テスト実施可能,F：外航通関,F：外航通関,外貨搬出実績数量確定,"■発生日：2021/05/10
■対応希望日：2012/05/17
■事象
外貨搬出実績数量確定にて、引落情報に『ＩＣＴ』分が表示されず引落しができない
■あるべき姿
『ＩＣＴ』が表示されて選択できるようにする
※現時点では、ＴＯＰ保税作業品で引き落としていますが、引落期限がありますのでできるだけ早めの引落し希望します。
■代替手段
なし

2021/05/21　追記（確認NG）
マスタを設定しました。
ICTの選択表示が出るようになったのですが、引落し画面の表示に不具合が発生してしまいました。
調査願います。
","■原因
マスタ登録不備です。
ボンド出荷ブレンド基材マスタに
①ブレンド（BOTTOM OIL）が登録されている
②引落する簡略品名コード（基材）がボンド出荷時の品名に対応付けられていない
ことが原因です。
■対策
ボンド出荷ブレンド基材マスタの下記の更新、登録をお願いします。
①簡略品名コード：07994のGAS/BOTTOM区分を0に更新
②簡略品名コード：00437に基材の簡略品名コード：00338、00341を対応付けたデータの登録
詳細は、出光BOXに格納したエビデンスを参照願います。
https://app.box.com/folder/137462056929
【No348】外貨搬出実績数量確定時の引落表示対応.xlsx

2021/05/12　YJP追記（確認NG）
ボンド出荷品の引落情報としてICT登録した保税品を引落情報として初期表示することは、現在のマスタ構成では困難であることが判明いたしました。
再度、マスタの設定値を以て対応可能かを調査したく、また、マスタにて対応不可能な場合は、画面からの手入力による対応（現在、手入力が不可のため、手入力可能可と生産数量と引落数量の差分発生時の引落情報の複数行表示の修正が必要）を踏まえ、一度、ICTの運用を再確認させてください。

2021/05/26　YJP追記
対応策、および、ICTの運用確認を実務担当者様（千葉、北海道、徳山）に実施していただきました。（5/26）
確定内容を下記に記載いたします。
①ICT登録（台帳作成）時に選択する品名を、ボンド出荷時に使用する基材の品名（常圧残油）を選択することで、外貨搬出実績数量確定時の引落し対象となる。（徳山の運用を確認した結果判明）
②ただし、保税運送で入荷した品名は0.3C重油、0.5C重油であることから、常圧残油で引き落とすことになるが、外貨在庫として商品管理上問題無いかを千葉実務担当者様にて確認していただく
③ボンド出荷ブレンド基材マスタの使用方法が不明。簡単な資料で良いのでYJPにて作成。
①を踏まえ、②で確認した結果をもって、どう運用（もしくは対応）していくかを後日調整。

2021/06/28 YJP追記
「ボンド出荷ブレンド基材マスタ」の制御を下記のとおり修正することで対応いたします。
① 出荷についての「簡略品名コード」に付随する「基材簡略品名コード」が複数指定された場合も対応可能とする。
② 「GAS/BOTTOM区分」についても単品（0）、GAS OIL（1）、BOTTOM OIL（2）の複数指定の対応を可能とし、当該区分は画面の表示先を制御する区分とする。
マスタの設定内容によっては、外貨搬出実績数量確定にて引落情報が多数表示されることになりますが、
選択結果の良し悪しは運用に委ねることとします。
また、ICTにて保税台帳登録時に選択する「通関品名」について、
品名マスタに設定されている「通関品名」を全て表示していることから、かなりの数の品名が表示されます。
品名マスタの「通関品名」に判断可能な文字（ICT等）を付与していただき選択子としていただく。
対応時期に関しましては、修正量が大きいことから7月中旬とさせていただきたいです。

2021/07/20 YJP追記
検証エビデンス作成において、不備が見受けられましたことから、対応時期は8月上旬に変更させていただきます。
対応時期変更については、暫定運用対応が可能なこと、また、問題点管理表No388（VAC保税作業作成）を優先対応することで、実務担当者様の了承を得ております。

2021/08/11 YJP追記
下記修正内容について、②の対応は、出荷品名に対する１基材品名を「単品」、「GAS OIL」、「BOTTOM OIL」を混在させると、按分する意となり、本来の仕様（制御）と異なることから対応不要とし、①の対応のみといたします。
① 出荷についての「簡略品名コード」に付随する「基材簡略品名コード」が複数指定された場合も対応可能とする。
② 「GAS/BOTTOM区分」についても単品（0）、GAS OIL（1）、BOTTOM OIL（2）の複数指定の対応を可能とする。

2021/08/20 YJP追記
検証エビデンスを出光BOXに格納いたしました。
内容のご確認をお願いいたします。
https://app.box.com/folder/143812356384
【No348】ボンド出荷ブレンド基材マスタの差引情報複数設定可能対応.xlsx
",オフラス,●,,,,－,,,,2021/08/20,2021/09/08,2022/02/25,設計不備,確認完了,,,,,,,,,,,,,,,,,,,,,,,,,,,,,,,,,,,,,,,
,349,2021/05/11,千葉,YJP村上,伊藤祐希,外航入荷オーダ一覧不具合（削除願い）,Q2：代替手段により後続テスト実施可能,F：外航通関,A：オーダ管理,外航入荷オーダ一覧,"■発生日：2021/05/10
■対応希望日：2012/05/17
■事象
外航通関　外航入荷オーダ一覧『１８東丸』のデータがおかしい
■あるべき姿
正しいデータで表示する
■代替手段
データが重複しているように見えるので、
５月1日　１８東丸は、管理番号：２１０４０３０００５でステータスを進めています
","■原因
本件、オーダ管理側に問題がありました。
内外貨同時で作成された内航入荷オーダに対して、内貨品のみで受けたオンラインオーダの再登録を行った時に、
外航通関側の輸入進捗は削除されない為、残ってしまっています。
※入荷で外航通関との連携は、外航入荷, または、内航入荷の内外貨同時受入の場合になります。
■対策
①オーダ管理にて、内貨品のみの場合でも、外航通関側にデータが残っていないか確認して削除するように修正致します。
②今回、外航通関に作成したオーダ管理No：2104030005はデータパッチにて削除いたします。

2021/5/17
以下に検証エビデンスを格納しました。
ご確認いただけますでしょうか。
https://app.box.com/folder/137521035573
・【No349】外航入荷オーダ一覧不具合.xlsx

2021/05/20追記
②のデータパッチ対応を5/20に実施いたしましたので、ご確認願います。
",オフラス,●,●,●,●,－,,,,2021/05/17,2021/07/08,2022/02/25,設計不備,確認完了,,,,,,,,,,,,,,,,,,,,,,,,,,,,,,,,,,,,,,,
,350,2021/05/11,北海道,YJP増井,芥川健司,新IRIS製品試験結果送信(燃料油),Q3：後続テスト実施可能,L：試験管理,L：試験管理,新IRIS燃料油試験結果送信,"■発生日：4/17
■対応希望日：5/10
■事象
　4/17 12:00 に新IRIS燃料油試験結果送信でエラーが発生し、それ以降、新IRIS燃料油試験結果送信が送られなくなっていた。
■あるべき姿
　正しく新IRIS燃料油試験結果送信が行われること
■代替手段
　なし","■原因
　以下尾Oracleエラーが発生しており、それにより新IRIS燃料油試験結果送信が行われない状態となっていた。
　　「ORA-00060: リソース待機の間にデッドロックが検出されました。」
2021/5/28
　新IRISの結果送信対象試験依頼が受付した依頼の結果複写元であり、送信データ作成処理と試験結果
　複写処理が同時に行われたとき、デッドロックが発生するタイミングがあることがあった。
■対策
　・送信可能な状態へ復旧した。送信は再開され、送信されていないすべての試験結果が送られていることも確認できた。
　・再送でOracleエラーは発生しなかったため、どのような条件でOracleエラーが発生するのかを調査中。
2021/5/28
　新IRIS送信データ作成処理と受付時の試験結果複写処理が同時に行われても、デッドロックが発生しない
　ロジックに変更する。",オフラス,●,●,●,●,,,,,2021/06/02,2021/06/29,2021/05/28,AP・コーディング,確認完了,,,,,,,,,,,,,,,,,,,,,,,,,,,,,,,,,,,,,,,
,351,2021/05/12,北海道,芥川健司,芥川健司,燃料油試験頻度が、適切に適用されていないものとみられる？,,L：試験管理,L：試験管理,,"■発生日：2021/5/11
■対応希望日：
■事象
燃料油試験(規格）において、頻度ZZというものがある。
これは「該当試験項目の規格なし（項目なし）という意味である。下記規格（一般規格）で頻度A1が設定され、それの上位規格（特定需要家規格）にZZが設定されている例の場合で、実際に試験依頼ロットを立てると、依頼に項目が残存じてしまう。
■あるべき姿
依頼に項目が残存しない
■代替手段
なし","■原因
　2021/5/18
  調査中、問題点把握と再現を試みている（正常動作しており、再現できない）
■対策
2021/5/18
　検証環境が2019/07/18リリース版で、最新版と大きく機能が異なるため、検証環境の最新化と
　データベースの最新化処理を行ったが、以下の問題点が発生したため、検証環境の対応待ちとなっている。
　　1)既存千葉、北海道用DB領域の拡張（20GB⇒70GB）を依頼しました。
　　2)新規愛知,徳山用のユーザにDBインポートできるディレクトリ作成と権限付与をお願いしています。
2021/5/24
　検証環境にて、北海道用DBが利用できるようになりました。
　最新バージョン、北海道DBにて正常動作しており、再現できないため、新しい検証環境で再確認をお願いします。

■棚卸
2026/01/29：確認中、次回ステータス変更なき場合は強制クローズとする
",IKC,,●,,,,,,,,,2026/02/25,,確認完了,,,,,,,,,,,,,,,,,,,,,,,,,,,,,,,,,,,,,,,
,352,2021/05/12,北海道,YJP吉永,柴田裕,出荷ライン指定で一意制約違反発生,Q3：後続テスト実施可能,B：作業計画管理,B：作業計画管理,出荷ライン指定,"■発生日：2021/5/12
■対応希望日：1週間以内
■事象
21.5.13付の海上出荷において、どんぶり出荷の片オーダ　G-2トウホク2　300KLのライン指定設定が一意制約でエラーが発生したので、原因調査をお願いいたします。
5/18再発
■あるべき姿
一意制約が発生しない

■代替手段
当該オーダーについてオーダを新規で作り直すと、後続設定が問題なく行えた
","■原因
　別々の内航出荷オーダから、どんぶり出荷に変更して出荷ライン登録を行っています。
　どんぶり出荷の片オーダは既に出荷ライン設定済みであったため、存在する出荷ライン設定に対して、
　新規追加しようとしていた為、一意制約違反で登録できていませんでした。

■対策
　すでに設定済みかを確認し、設定済みの場合は、更新するように修正いたします。

5/20
エビデンスを以下に格納しました。
https://app.box.com/folder/137730252144
【No352】出荷ライン指定で一意制約違反が発生.xlsx",オフラス,●,●,●,,,,,,,2021/05/27,2021/05/27,AP・コーディング,確認完了,,,,,,,,,,,,,,,,,,,,,,,,,,,,,,,,,,,,,,,
,353,2021/05/18,北海道,YJP張替,柴田裕,ブレンド出荷タンク在庫チェック表出力エラー,Q3：後続テスト実施可能,B：作業計画管理,帳票,出荷タンク在庫チェック表,"■発生日：　2021/5/18
■対応希望日：　即日,(遅くなるのであれば、翌でもよい)
■事象
5/19付のブレンド出荷タンク在庫チェック表が帳票出力に失敗する。
添付資料参照

計画者から運転への引継ぎや運転側での在庫のチェック等で使用するので、急ぐ。
が、遅くなるようであれば仕方がないので明日でも良い。

＜問題点エビデンス＞
https://app.box.com/folder/137584078851
：【No353】ブレンド出荷タンク在庫チェック表出力エラー.xlsm

■あるべき姿
正常出力

■代替手段
なし（手計算）
","■原因
以下のどんぶり出荷オーダの登録において、オーダ管理No:2105170002の集計しないフラグがチェックしていた為、帳票出力でエラーが発生していました。

オーダ管理No: 2105180004（G-2ﾎｸﾙﾓ1000KL、端数設定: 有、集計しないチェック有）
オーダ管理No: 2105170002（G-2ﾎｸﾙﾓ1800KL、端数設定: 無、集計しないチェック無）

上記オーダ情報の登録において、帳票出力でエラーが発生した原因について調査致します。
また、集計しないオーダ情報と集計するオーダ情報で異なる出荷タンクを設定した場合、JOB情報作成と帳票出力において、どの様に動作するか調査致します。

2021/05/31 YJP追記
ブレンド出荷タンク在庫チェック表は、出荷品名の情報と、出荷タンク情報とでそれぞれ取得し、その内容を帳票に出力しています。
出荷タンク情報は集計しないオーダもまとめて取得していますが、出荷品名の情報は集計しないオーダは含めずに取得していた為、ここで、それぞれ内容の整合性がとれていません。
その為、出荷タンクの混合比率を集計する処理でエラーとなっており、出力できていませんでした。

改めて新旧オフラスシステムにおいて、矛盾したどんぶり出荷のオーダ情報で異なる出荷タンク設定を行った場合の挙動について、調査致しました。
新旧共に矛盾したオーダ情報の作成や、異なる出荷タンク設定を登録することができます。
しかし、JOBNo設定時の挙動が新と旧で差異があります。
[旧システム]
　・JOBNo設定時、エラーとなる為、JOBは作成されない。
　　⇒結果として、整合性がとれないデータが帳票の出力対象となることはあり得ません。
[新システム]
　・JOBNo設定時、エラーとならない為、整合性のとれないJOBが作成されてしまう。
　　⇒結果、帳票出力に失敗してしまう。
■対策
＜暫定対応＞
オーダ管理No: 2105170002の集計しないフラグを外して再登録しました。
再登録後は、帳票が出力される様になりました。

＜恒久対応＞
上記、調査結果を踏まえて、対応策を検討していただきたく
①運用上、矛盾した登録となる為、対応はなし、現状維持とする。
②旧オフラスシステム同様、JOBNo設定時、整合性が取れないデータについて、エラーとする。
③オーダ確定時、端数設定（有/受）が設定済み、かつ、”集計しない”にチェックが入っている場合、登録エラーとする。

2021/06/07 IKC柴田様回答
内容に矛盾がある状態を容易に作り出せます。
また、実際に起こった事例でもあります。

新でも内部で矛盾が発生しないようガードはかけるべきと考えます。
（単純に旧で抑えられていた矛盾を設計の抜け？で押さえられなかっただけと思います。）
内容としては、③が最も手前で不備に気づけますので望ましいです。

2021/06/07 YJP回答
③のご要望として、承知致しました。
対応についてですが、インシデント対応とさせてください。
仕様書に明確な記載がないのと、旧システムにてオーダ確定時にチェックは行っていないことから、
インシデント対応とさせていただきたく思います。

2021/06/08 YJP追記
IKC柴田様より、
＞上記の件ですが、仕様で明確化はされていなかったかもしれませんが➁の旧と同等の動作ですと
＞対応の所は協議となるでしょうか？
＞工数や以上のようなの背景も踏まえ総合的にインパクトが小さくなるように
＞考えたいとは思います。
回答を踏まえ②の不具合として対応致します。
旧システム同様、JOBNo設定時、どんぶり出荷で矛盾したオーダや、異なる出荷タンク設定が登録されていないかチェックを行います。
・チェックエラーの場合、画面左上のメッセージエリアに赤文字でエラーメッセージを表示致します。
　　⇒エラーメッセージ：「どんぶり出荷で矛盾したオーダや異なる出荷タンクが設定されています。」
・チェック正常の場合、JOBNo設定を行います。

2021/06/09 YJP
検証エビデンスを取得しました。
以下に格納しましたので、ご確認お願い致します。
https://app.box.com/folder/138863575240
・【No353】どんぶり出荷で矛盾したオーダや異なる出荷タンク設定をできないようにする.xlsx",オフラス,,●,,,,,,,2021/06/09,2021/06/17,2021/06/30,設計不備,確認完了,,,,,,,,,,,,,,,,,,,,,,,,,,,,,,,,,,,,,,,
,354,2021/05/18,千葉,YJP増井,高橋洋介 ,新IRIS製品試験結果送信(燃料油),,L：試験管理,L：試験管理,新IRIS製品試験結果送信(燃料油),"■発生日：2019/5/25
■対応希望日：なるべく早く
■事象
新IRIS操業品質　輸入J-A1の実績データ検索において、①受入れ毎の受入れ数量と、②揚げタンクNoを検索の結果データが、
2019年5月下旬以降から取込まれて来ないようです。（発生日状況から新オフラスへの切り替わり時期と重なります）
※状況画面コピーを添付致します。
■あるべき姿
J-A1試験データがオフラスより新IRIS操業品質へ連携される。 （正しくは試験管理システムです：小林）
■代替手段
","■原因
仕様通り
現仕様では、受入数量、受入タンクNoは新IRISに送信していません。
また、１依頼で複数タンクへ受け入れた場合、どのように新IRISへ送信するかの仕様を明確にする必要があります。
通信フォーマット上、受入数量、受入タンクNoは各６桁しかないため、どのように連携するかを決定の上、カスタマイズ対応とさせて頂けますでしょうか。
(2021/06/02増井）
運転管理より、以下のような値が連携されています。
（揚荷タンクが複数設定されている試験依頼の例の値を示します）
　　ロット番号：A2-90525-21-SAKANE
　　統一品名略号：J-A1
　　試験分類：40 輸入
　　揚荷数量（総和）：49639.0
　　揚荷数量（個別）：37000.0,12639.0
　　揚荷タンクNo. ：50189,45190

■対策
追加カスタマイズとして対応します。
まずは、新IRISへ送信する①受入れ毎の受入れ数量、②揚げタンクNoが複数ある場合の送付方法、および送信条件を明確化を行います。

※IKC試験管理チームは了解してるのか？
※千葉だけ発生してるのか？北海道での事象発生有無を要確認の事（小林）

■棚卸
2026/01/29：確認中、次回ステータス変更なき場合は強制クローズとする
",IKC,●,●,●,●,●,,,,2021/09/10,2021/09/15,2026/02/25,仕様通り,確認完了,,,,,,"新IRIS燃料油試験結果送信処理に対して以下のカスタマイズを行う。
1)受入数量
　サンプルトラン-揚荷数量（総和）（SMPINF112）が設定されているとき、
　KL単位、小数点以下切り捨てで、右詰め６桁で設定する。
　６桁以上の場合は、エラーメッセージを残して設定しない。
2)揚荷タンクNo.
　サンプルトラン-揚荷タンクNo.（SMPINF114）が設定されているとき、
　指定されたタンクの最後のタンクNoを左詰め６桁で設定する。
　桁数が足りない場合は空白で埋める。
　６桁以上の場合は、エラーメッセージを残して設定しない。

DBより、運用開始以降のデータで、サンプルトラン-揚荷数量（総和）（SMPINF112）、サンプルトラン-揚荷タンクNo.（SMPINF114）の
いずれかの情報を抽出し、新IRIS燃料油試験結果送信データを出力し、
リカバリのため、新IRISに出力ファイルを送信する。",仕様変更承認済,2.0人日,2.0人日,2.0人日,1.0人日,3.0人日,対応依頼,"リカバリ用データ抽出ツールの作成を含む。
結合テストに、千葉・北海道のリカバリ作業を含む。",,,,2021/7 候補,,,,,,,,,,,,,,,,,,,,,
,355,2021/05/18,北海道,YJP吉永,柴田裕,作業品名関連マスタについて,Q3：後続テスト実施可能,M：マスタ管理,M：マスタ管理,作業品名関連マスタ,"■発生日：　2021/5/18
 
■発生拠点：　北海道製油所
 
■対応希望日：　1週間以内
■事象
作業品名関連マスタについてご教授お願い致します。
・作業品名変換マスタ情報の”送信区分””荷繰りフラグ”はどのような機能でしょうか？
・作業品名条件変換マスタ情報の変換区分の”運転制御”はどのような機能となりますでしょうか

問題点エビデンス
https://app.box.com/folder/137599980563

■あるべき姿
なし
 
■代替手段
なし
","■原因
2021/05/31 YJP追記
以下の問い合わせについて、回答致します。
＞・作業品名変換マスタ情報の”送信区分””荷繰りフラグ”はどのような機能でしょうか？
　・送信区分：オフラスでは未使用の項目です。（YJP担当の帳票でも使用していないことを確認致しました。）
　・荷繰りフラグ：荷繰外オーダ入力編集画面の品名プルダウンのリスト生成条件に用いられています。
　　　　　　　　　　※荷繰りフラグ＝’0’の統一品名略号をプルダウンに表示しています。

＞・作業品名条件変換マスタ情報の変換区分の”運転制御”はどのような機能となりますでしょうか
　・運転制御：装置受払JOB用に作業品名から統一品名略号に変換する際に用いられる区分になります。
■対策
→承知いたしました。ありがとうございます。　また不明点があれば宜しくお願い致します。",IKC,,,,,,,,,,,2021/05/28,その他,確認完了,,,,,,,,,,,,,,,,,,,,,,,,,,,,,,,,,,,,,,,
,356,2021/05/19,北海道,青井圭介,柴田裕,JET出荷証明書のロゴマーク差し替え,Q3：後続テスト実施可能,,,J-A1出荷証明書,"■発生日：5/19
■対応希望日：5月中
■事象
J-A1出荷証明書のロゴが古いままとなっている。
北海道では当該帳票をシステムから出力していないが、
他と同期をとるため最新のロゴに差し替える。

■あるべき姿
新しいロゴマークが表示されること。

■代替手段
なし","■原因
システムから当該帳票の出力を行っていないため、
ロゴマークが古い事に気づけていない。

■対策
新しいロゴマークへ差し替える。

※新ロゴの切替時に北海道へ確認した結果は以下の通りです。（2020/11/11）
「海上は手書きです。様式を切り替え日付から変更するとの事です。」
この連絡が無かったものという認識です。
新ロゴでの様式作成後印刷を確認して問題有無を確認して貰う事（小林）",自営帳票,,●,,,,,,,2021/05/20,2021/05/27,2021/05/21,設計不備,確認完了,,,,,,,,,,,,,,,,,,,,,,,,,,,,,,,,,,,,,,,
,357,2021/05/19,北海道,EXE鶴岡,柴田裕,出荷系作業シートの記載内容変更依頼,Q3：後続テスト実施可能,,,,"■発生日：　2021/05/17
■発生拠点：　北海道製油所
■対応希望日：　１０日以内程度
■事象
以下の帳票で定型文レベルの内容の修正が発生しておりますので、
該当帳票の修正をお願い致します。
文字が収まりきっていない等問題が御座いましたら微調整をお願いします。
・海上単品出荷シート
・海上ブレンド出荷シート
・C重油生産作業シート
・ボイラー重油生産作業シート
・REGバッチ生産作業シート
・REG連続生産作業シート
・単品流量計あり生産作業シート
・単品流量計なし生産作業シート
・CRシフト生産作業シート
・軽油生産作業シート
・A重油生産作業シート
■あるべき姿
変更箇所説明シートに従い修正して頂く。
※「変更箇所説明シート」とは？問題点エビデンスフォルダへ格納の上、保守Grへ共有の事（小林）
■代替手段
旧シート使用 ","■原因
帳票文言修正依頼
■対策
対象帳票の文言の修正を行う",自営帳票,,●,,,,,,,2021/05/20,2021/05/27,2021/05/27,仕様変更,確認完了,,,,,,,,,,,,,,,,,,,,,,,,,,,,,,,,,,,,,,,
,358,2021/05/19,千葉,YJP村上,伊藤祐希,外貨入荷オーダ一覧修正依頼,Q1：後続テスト実施不可,F：外航通関,F：外航通関,外貨入荷オーダ一覧,"■発生日：2021/05/19
■対応希望日：2021/05/21頃
■事象
オフラス　外航入荷オーダー一覧の修正依頼をお願いします。
許可書内容の入力誤りにより、未入力状態に戻して頂きたく、
お手数お掛けしますが、今週中を目途に宜しくお願いいたします。
■あるべき姿
再入力可能状態とする
■代替手段
無し
","■原因
誤入力のため
■対策
データパッチにて未入力状態に戻します。

恒久対応について、提示した改善策の各所への調整、認識合わせの調整、等、よろしくご対応をお願いいたします。

2021/05/20追記
データパッチを実施いたしましたのでご確認願います。
伝票への対応は今までと同様、画面から削除願います。",オフラス,●,,,,,,,,,,2021/05/20,その他,確認完了,,,,,,,,,,,,,,,,,,,,,,,,,,,,,,,,,,,,,,,
,359,2021/05/20,千葉,YJP村上,伊藤祐希,ボンド出荷オーダー承認不具合,Q2：代替手段により後続テスト実施可能,F：外航通関,F：外航通関,ボンド出荷承認,"■発生日：2021/05/19
■対応希望日：５月21日まで（22日出荷の為できれば明日緊急リリース願いたいです）
■事象
ボンド出荷オーダー(保税運送)の承認時に「1年以内で重複した申告番号が登録されています」のエラーで確定することができません。
いろんな番号を試しては見ましたができませんでした。
5月9日にはできていたため、12日にリリースした内容に影響があるかもしれません。
よろしくお願いいたします。
■あるべき姿
問題なく確定操作ができる。
■代替手段
なし
","■原因
包括保税運送申告番号の対応（問題点管理表No.339）にて、包括保税運送でない保税運送にも同様の対応を実装したため、余分な重複チェックを実施したことから発生しております。
■対策
余分なチェック処理を削除いたします。

本件のリリースについては、5/26にて、実務担当者様と調整いたしております。

2021/05/24 YJP追記
検証エビデンスをBOXに格納いたしましたので、内容をご確認願います。
https://app.box.com/folder/137894590524
【No359】ボンド出荷承認不具合対応.xlsx
 ",オフラス,●,,,,,,,,2021/05/24,2021/05/26,2022/02/25,AP・コーディング,確認完了,,,,,,,,,,,,,,,,,,,,,,,,,,,,,,,,,,,,,,,
,360,2021/05/21,北海道,YJP吉永,柴田裕,BS混合比率指定登録について,Q3：後続テスト実施可能,B：作業計画管理,B：作業計画管理,混合比率指定,"■発生日：　2021/5/20
■発生拠点：　北海道製油所
■対応希望日：　１－２か月程度
■事象
　　出荷作業管理　混合比率指定の画面でブレンドシミュレーターで計算しないと比率の登録が出来ない。

■あるべき姿
   FATや初期流動期間に同様な話がでているかもしれませんが、今一度影響が大きいので相談させて頂きます。

　　出荷作業管理　混合比率指定の画面でブレンドシミュレーターで計算しなくても登録ができる。
 理由
　　基材を出荷当日ロットフィックスする場合、前日時点でブレンドシミュレーターを
　　起動する手間が大きなロードとなっている。
　　ブレンドシミュレーターの動きが悪いの（起動時間が長い等）で無駄な作業に時間を要している。
　　多い場合１日２０分、無駄な作業を強いられている。（荷繰り担当）
　　混合比率を入力しないとＪＯＢ登録できず、翌日の予定に印字させることができない。（引継ぎ出来ない）
　　＊旧オフラスでは概略比率を手入力して登録ができていた。
　　（北海道はタンク基数が非常に少ないので、翌日朝に結果が出る基材運用の物が多い）

■代替手段
BSを起動し、毎回計算させる。

2021/11/17（百留）:下記内容で見積依頼する予定。北海道に最終確認中
ブレンドシ出荷品混合比率・性状及びタンク在庫チェック表に仮JOBも表示させる。タンク在庫チェックはJOB設定を行っていないため、印字不要","■原因
2021/5/21記入
北海道初期流動問題点No.217において、同じ問題点が起票されています。
以下の通り、ユーザと調整して頂き、問題点をクローズしています。
  2020/09/09
  強制合格機能を使用してJOBの仮比率設定をしていただくことで  ユーザーの合意を得たので本件クローズ致します。

海上出荷は、運転制御へ送信する計画情報にブレンドSIM計算で使用した規格情報を付加しています。
混合比率を手動設定する事は可能ですが、テスト用として設けられた機能になります。
本番環境で使用すると、正しい規格情報が送信されないという新たな問題点が発生します。

上記について、柴田様へ確認した結果は、以下の通りです。
・パフォーマンスに問題があるのは、計算エンジンだけではなく画面も含めた複合要因である。
・混合比率の手動設定（仮登録）は、翌日の作業,在庫把握の為である。
・仮登録の混合比率で運転する訳ではなく、ブレンドSIM計算の実施とJOB再送信を実施する。
・北海道として仮比率設定のタイミングでは、品質性状の担保より、業務負荷の削減を優先したいため、ブレンドシミュレーションを使用せずに比率を設定できるようにしてほしい。（強制合格機能があっても業務負荷となるため不要）
・本改造を行った場合、ブレンドシミュレーションをしないまま（正しい規格情報が送信されないまま）出荷するリスクがあるため、業務品質の低下につながるが、北海道業務課の責任で品質を担保するため問題なし。

本件については、運用面も含めてIKC PJTと協議をお願い致します。
実施可否と対応内容が決まりましたら連絡をお願い致します。

■対策
2021/07/27 YJP追記
システム定数定義を変更し、海上出荷のJOBNo設定時チェックにおいて、チェック否の設定を実施する場合の工数を見積ります。
また、IOS20-OFL-SBM-T2-003_画面個別機能仕様書_VIBA030101_JOBNo設定_v1.4の
記述内容に誤りがある為、本対応と合わせて修正を実施致します。
",IKC,●,●,●,●,,,,,,,,仕様変更,仕様整理中,,,,,,システム定数：ブレンドSIM計算実行要否のチェック機能をOFFにする,仕様変更承認待ち,0.5人日,0.0人日,0.0人日,0.0人日,0.5人日,確認済み,,"CHG-00007566
内容整理し、方針決め・見積依頼（2021/5/27百留）

2021/6/30小林Mail
「[IOS20-OFL]保守問題点No.360（北海道：要望対応「計算値なしでもJOBNo設定を許可したい」）について」

先程の件、仕様書を再確認しました。
海上出荷のJOBNo設定時のチェックとして機能仕様書には以下の記述があります。

北海道からブレンドシミュレーションを使用せずに比率を設定できるようにして欲しい」という
要望が保守問題点管理No360で起票されています。
【北海道の要望整理】
（１）	強制合格機能はFI添加の時期に使用するので使用できる様する。（現行の設定通り）
（２）	ブレンドシミュレーションを使用せずに比率を設定できる様にする。（OMCへ送信する）
※（２）を実施した場合、OMC側での挙動は別途確認が必要という認識です。

仕様書を確認する限りでは、千葉・徳山のチェック機能と思われる記述になっています。
これは全所共通のチェック機能という事でしょうか？
全所共通であれば、下記表の内「ブレンド出荷、且つブレンドシミュレータ計算が未実行の場合、エラーとします。」というチェックをしない様な設定を行う事で上記（２）の対応が可能となると思います。
この実行/未実行の選択はシステム定数で可能となっていますが、画面には見当たりません。
実際の設定を依頼する場合の手続きを御教示願います。

※【IOS20-OFL-SBM-T2-003_画面個別機能仕様書_VIBA030101_JOBNo設定_v1.4】参照

上記（２）がシステム定数の設定で可能であれば、北海道の要望は満足できるという
認識ですが、齟齬は無いでしょうか？
",,,2021/7 候補,,,,,,,,,,,,,,,,,,,,,
,361,2021/05/25,千葉,YJP張替,伊藤祐希,運転管理システム内帳票変更願い,Q3：後続テスト実施可能,B：作業計画管理,帳票,装置受払計画一覧表,"■発生日：　2021/5/24
■対応希望日：　1週間以内
■事象
　　千葉業務課要領書の改訂においてオフラス内帳票の作業計画「装置受払計画一覧表」が改訂になりましたので
　オフラス内部帳票の変更をお願いします。
　チェック内容が追加になるだけですので特にマクロ処理に影響ない見込みです。
　変更点赤字で記載しておりますのでよろしくお願いします。
■あるべき姿
　
■代替手段
　　なし
","■原因
千葉業務課要領書の改訂による装置受払計画一覧表のレイアウト更新になりますので、不具合ではありません。
■対策
提供いただいた資料を基に千葉のレイアウトを変更するよう対応いたします。",オフラス,●,,,,,,,,2021/05/31,2021/06/09,2021/06/09,その他,確認完了,,,,,,,,,,,,,,,,,,,,,,,,,,,,,,,,,,,,,,,
,362,2021/05/25,北海道,YJP張替,菊池聖子,継続保税作業終了届フォーマット不具合について,Q3：後続テスト実施可能,F：外航通関,F：外航通関,継続保税作業終了届,"■発生日：　2021/5/24
■対応希望日：　1週間以内　
■事象
  品名HCCOの継続保税を実施し、終了届を作成しようとしたところバグが発生した。
　新オフラスになってから何度もHCCOの終了届を作成しているが、不具合が発生したのは
今回が初めてである。
　以前、品名PPの継続保税作業終了届で同様の不具合が発生したが、この時の要因は下記の
とおりのため、今回は違う事例になるかと思います。

No.302
継続保税作業の装置の場合、プロピレンとプロピレン以外で作成処理が分かれております。
このプロピレンと判定された後続の処理にてプロピレン以外のデータを紐づけてしまっていたため、
異常と判定されエラーが表示されることとなっておりました。

■あるべき姿
正しく帳票が作成されるようになる。
■代替手段
手作成
","■原因
千葉にて保守対応したモジュールを北海道に向けてリリースしていないためです。（保守No.226）
■対策
千葉にて対応したモジュールを北海道にも適用いたします。

検証エビデンスを下記に格納しておりますので、ご確認のほど、よろしくお願いいたします。
https://app.box.com/folder/138397231863
　・【No362】継続保税作業終了届不具合.xlsx
",オフラス,,●,,,,,,,2021/06/01,2021/06/10,2021/06/30,その他,確認完了,,,,,,,,,,,,,,,,,,,,,,,,,,,,,,,,,,,,,,,
,363,2021/05/25,北海道,YJP張替,菊池聖子,TOP保税作業終了届画面とフォーマット数量齟齬有り,Q3：後続テスト実施可能,F：外航通関,F：外航通関,TOP保税作業終了届,"■発生日：　2021/5/24
■対応希望日：　1週間以内　
■事象
　TOP保税作業終了届を作成した際、原油数量が画面上と帳票では差異が発生する。
　一方、同時印刷される「常圧蒸留保税作業国内引取品原油明細」の数量は正しい。
■あるべき姿
　画面に表記された数量と帳票数量が合致する。
■代替手段
手修正
","■原因
「TOP保税作業終了届」画面において、品名毎の原油数量の集計値と原油数量合計値が一致しない場合、①GAS&LOSS
②BOTTOM OIL
③GAS OIL
④KEROSENE
⑤NAPHTHA
の順で、品名毎の原油数量を調整する制御を実装しておりますが、②BOTTOM OILの有無制御に誤りがあり、数量調整が正しく行えていないことが原因です。
今回のデータとして、①GAS&LOSSが0であることから、②BOTTOM OILで調整しようとしたところ、②BOTTOM_OILも0であったことから③KEROSENEで調整すべきところ、②BOTTOM OILの有無制御ミスで調整処理をスキップしていたためです。
■対策
②BOTTOM OILの数量有無制御を正しく制御できるように修正いたします。
→原油数量の差分発生時の調整制御を正しい制御に修正いたします。

2021/05/27 YJP追記
検証エビデンスをBOXに格納いたしました。
内容をご確認願います。
https://app.box.com/folder/138108105250
【No359】ボンド出荷承認不具合対応.xlsx

",オフラス,●,●,,,－,,,,2021/05/27,2021/06/10,2021/06/03,AP・コーディング,確認完了,,,,,,,,,,,,,,,,,,,,,,,,,,,,,,,,,,,,,,,
,364,2021/05/26,北海道,YJP村上,菊池聖子,IMW輸入申告対象一覧　数量不具合,Q2：代替手段により後続テスト実施可能,F：外航通関,F：外航通関,TOP保持作業記録表入力,"■発生日：2021/05/21
■対応希望日：一週間以内
■事象
・「TOP保税作業終了届」を作成した際、確定後にレートが違っている事に気づいた。
・確定したマシンとは別のマシンが、たまたまこの画面を未入力状態のままで展開していたため、データを入力し直せば、レートが修正できるかもしれないと思い、データを入力して確定。
しかし、別のマシンですでに確定されていたので取り込みはできなかった。
・その後、「IMW輸入申告対象一覧」の画面を確認したところ、本来、残数量は21,354.669 KLなのに
-62,756.761 KLが表示されていた。
・見かけ上、2回目の「TOP保税作業終了届」画面は確定できなかったものの、次工程画面にはデータ確定が反映されてしまい、TOP運転での使用数量84,111.430 KL×2回分で引き落とされたと想定される。
　【本来の正しい処理】
IM通関数量　　　　 105,466.099 KL
保税作業使用量　　　84,111.430 KL
残　　　　　　　　　21,354.669 KL
↓
【今回の事象】
IM通関数量　　　　 105,466.099 KL
保税作業使用量　　  168,222.860 KL　(84,111.430 KL×2回)←2回確定ボタンを押下した事により、この画面で2回分数量が引き落とされたと想定される。
残　　　　　　　　　-62,756.761 KL
■あるべき姿
・「IMW輸入申告対象一覧」画面は、TOP保税、1回分のみ引き落とした数量で表記する。
・今回のように確定ボタンを押下したとしても、次工程画面に影響を及ぼさないようにブロックする。
■代替手段
なし
2021/07/12 追記
確認NG
・「IMW輸入申告対象一覧」画面は、TOP保税、1回分のみ引き落とした数量で表記する。
上記対応が依然マイナス表示である。
","■原因
「TOP保税作業終了届」を複数端末で使用されてた件については、排他エラーにて制御されていることから問題ございません。
今回、保税作業使用料が2倍になった原因は、「TOP保税作業終了届」の前業務である「TOP保税作業記録入力」の更新処理に問題があり、当該画面で一度入力された後の再入力時に、一度入力された保税作業使用量を再入力された保税作業使用量に更新すべきところ、加算していたため、保税作業使用量：84,111.430 KLが2倍になっております。

■対策
「TOP保税作業記録入力」の更新処理にて、保税作業使用料は加算ではなく更新するように修正いたします。

修正対象項目は、二次申告時の残数量を表示するためのものであり、本来他業務にて管理している残数量は正しい値にて制御されていることから、当該修正が終わるまでに同事象にて「IMW輸入申告対象一覧」の残数量がマイナスであっても、「通関業者輸入申告情報入力」にて正しい残数量を入力していただければ継続しての業務が可能です。
お手数をお掛けいたしますが、上記運用で暫定対応をお願いいたします。

2021/06/28 YJP追記
検証エビデンスをBOXに格納いたしました。
内容のご確認をお願いいたします。
https://app.box.com/folder/140057695415
【No364】IMW輸入申告対象一覧_数量不具合対応エビデンス.xlsx

2021/07/12 YJP追記（確認NG）
確定した保税作業データのリカバリ（予約数量の初期化）としてのデータパッチが漏れていたことが原因と考えられます。引き続き調査いたします。
⇒原因は、リカバリ（予約数量の初期化）としてのデータパッチが必要です。
　7/14にデータパッチを実施いたします。

2012/07/14 YJP追記
リカバリデータパッチを実施いたしました。
内容のご確認をお願いいたします。",オフラス,●,●,,,,,,,2021/06/28,2021/07/14,2021/09/07,AP・コーディング,確認完了,,－,,,,,,,,,,,,,,,,,,,,,,,,,,,,,,,,,,,,,
,365,2021/05/27,千葉,YJP村上,伊藤祐希,継続保税作業品IMW不具合について,Q2：代替手段により後続テスト実施可能,F：外航通関,F：外航通関,保税作業品IMW輸入申告対象一覧,"■発生日：2021/05/26
■対応希望日：今月中
※代替手段対応可能だと思われます。今月中は無理場合は、代替手段をご教示願います。
■事象
保税作業品IMW輸入申告対象一覧の申告ボタンをクリックしたが画面が表示されない
■あるべき姿
画面が表示され正しいデータが表示されている。
■代替手段
通関は、NACCSに直接入力し申告するので大丈夫です。
外貨在庫日報の更新は、外貨製品在庫修正で当日残在庫を“０”にする事で問題ないでしょうか？
※MDOは残量内貨にします。
","■原因
該当のデータが2年を超えた過去データにつき、削除しております。
（蔵置期限2年を見据え、2年を超えたデータはハウスクリーニング機能により削除しております。）
そのため、画面遷移時に必要な情報を取得出来ずにエラーとなっております。

■対策
運用とデータパッチの対応になります。
・代替手段に記載されているとおり、下記については運用で対応願います。
①通関申告は、netNACCSにて直接入力願います。
②外貨在庫は、外貨製品在庫修正画面にて当日在庫を”0”に修正して対応願います。
・台帳データの整合については、下記のデータパッチにて対応いたします。
①保税台帳明細に払出数量データの登録
②保税台帳の残数量を”0”に更新
データパッチは2021/06/03予定とさせていただきます。
また、netNACCSにて入力された内容（画面コピー）を参考までにいただけると有難いです。

2021/06/02 YJP追記
三鷹検証環境におけるデータパッチ結果をBOXに格納いたしました。
内容のご確認をお願いいたします。
問題無ければ、データパッチを実施いたします。
https://app.box.com/folder/138443137083
【No365】保税二次申告データパッチ結果.xlsx

2021/06/03 YJP追記
データパッチを実施いたしました。
外貨在庫製品日報の再集計をお願いいたします。 ",オフラス,●,,,,,,,,,,2021/06/03,その他,確認完了,,,,,,,,,,,,,,,,,,,,,,,,,,,,,,,,,,,,,,,
,366,2021/06/01,北海道,百留哲平,柴田裕,ブレンドシミュレーション100合わせ不可,Q1：後続テスト実施不可,K：ブレンドシミュレーション,計算エンジン,ブレンドシミュレーションエンジン,"■発生日：2021/6/1
■対応希望日：2021/6/30
■事象
ブレンドシミュレーションで入力時の比率を100にしなかった場合、結果が要再計算となることが頻発し、業務に時間がかかる。

■あるべき姿

■代替手段
","■原因
100合わせしないと要再計算となりやすいのは新システムの仕様通り。(本体側）
ブレンドシミュレーション・エンジン側で不備があることが判明。軽油について対応済。（2021/7/7)
北海道固有の問題であり、他油種について横展開を行う、

2022/6/17 YJP追記
軽油以外の4油種について横展開した計算エンジンをリリース致しました。
ステータスを「確認完了」→「確認中」に変更しております。
■対策
なし",IKC,,●,,,,,,,,"2021/6/30
2022/6/17",2021/07/07,,確認完了,,,,,,,,,,,,,,,,,,,,,,,,,,,,,,,,,,,,,,,
,367,2021/06/01,北海道,百留哲平,柴田裕,ブレンドシミュレーション,Q1：後続テスト実施不可,K：ブレンドシミュレーション,計算エンジン,ブレンドシミュレーションエンジン,"■発生日：21/5/29
■対応希望日：急ぐ。
■事象
　軽油のブレンドシミュレーションにおいて、DWGOでタンク２基を設定した場合、計算ができない。
　ガソリン等他の油種では同じような条件で計算が出来る。
■あるべき姿
　軽油も同基材別タンクの基材設定があっても計算ができる。
■代替手段
　計算前に片方のタンクの基材品名をタンクマスタで変更し（DGO）、当該タンクをDGOで品転を打ち計算をする。その際、もってくる基材のロット（DGO）が古い（最新から一つ前のロット）その為、当日のDGOロットで立て直すと、最新ロットを採用してくれた。","■原因
不明。PJで調査する。（6/15迄）
■対策
検討中

2021/11/25 YJP追記
百留様にて対応が完了しているかをご確認頂き、問題ないようであればクローズをお願い致します。",IKC,,,,,,,,,,,2021/06/01,,確認完了,,,,,,,,,,,,,,,,,,,,,,,,,,,,,,,,,,,,,,,
,368,2021/06/01,北海道,YJP大武,柴田裕,補助帳票　R/D　取り込み量Wカウント,Q2：代替手段により後続テスト実施可能,D：実績管理,D：実績管理,タンク増減実績,"■発生日：　2021/5/31

■発生拠点：　北海道製油所

■対応希望日：なるべく早く

■事象
装置受け入れ量が２倍ほど（Wカウント）ではいってきている。（増減がでている。）
5/31対象は3553　1,2GAS-PS　R/D

先日、以下の連絡を受けました。
その際は、既に補助帳票を修正しているようでこちらで事象確認は出来ませんでした。

＃２０２０８（2DH(DWGO),HYC(HCGO)）、
#3506(1S,3S)、#3562(1G、2G、(PS))のタンクにおきまして、
装置受入れ量が２重に取り込まれておりました。
各タンクに共通しているのは、R/Dを受けていたタンクとなります。
その他のタンクにおきましては、特に事象はでていませんでした。
■あるべき姿
正しいR/D量を取り込む。

■代替手段
補助帳票修正
","■原因
調査中です。
本件、現在は補助帳票画面より数量修正済みの認識ですが、相違ないでしょうか。

2021/06/02
本件調査結果を以下にまとめました。
https://yokogawaelectric.app.box.com/folder/138461560135
【No368】実績管理_補助帳票の装置受払Wカウント

本件は、仕様通りの認識です。
先日の仕様変更(PJT2573)にて、装置受払JOBの最終日に関するタンク増減の作業数量は、
タンク差尺から求めることとなりました。
今回の件は、2つの装置受払JOB(JOBNo588186、588187)が同タンクについて運転されており、同日に終了している状況でした。
タンク増減データの作成時に、それぞれのJOBの作業数量を算出する際に、タンク差尺(日跨ぎJOBの為、前日在庫～JOBの終了尺)で算出されており、
2JOBそれぞれが差尺で算出されていることから2倍に見えるような状況になっております。

このようなケースでは、タンク増減メンテナンスの画面より、適正な数量になる様メンテナンスいただきたく思います。

■対策
本件は対応不要とさせていただきたく思います。
→PJ問題点No.2573　によって、原油MBマスタ対象タンク以外は終了日も装置流量取り込み値を採用することで問題回避した。",オフラス,,●,,,,,,,,,2021/07/20,仕様通り,確認完了,,,,,,,,,,,,,,,,,,,,,,,,,,,,,,,,,,,,,,,
,369,2021/06/01,北海道,YJP大武,柴田裕,在庫計算更新処理エラーについて,Q2：代替手段により後続テスト実施可能,G：マスバランス,G：マスバランス,在庫計算更新,"■発生日：2021/6/1
 
■発生拠点：　北海道製油所
 
■対応希望日：特になし
 
■事象
在庫計算更新処理においてエラーメッセージ発生。
 
品名別在庫決定処理：処理ループの上限に達したため、処理に失敗しました。　シフト受払等に矛盾が発生している可能性があります。
（メッセージの誤字もあるようです。）
発生要因、対応要否等調査をお願い致します。
 
＊なお、数字の矛盾は発生していないようである。
■あるべき姿
エラーがでない
 
■代替手段
特になし。
","■原因
当該メッセージは、原油タンク受払実績にて、シフトの作業順に矛盾がある場合に表示されます。
(数量の問題ではなく、順番の問題です。)

例えば、タンクA→タンクBへのシフト後、タンクB→タンクAへのシフトが行われるような場合に、
タンクAの原油タンク受払が、
　作業順1　受入　タンクB　XXXXKL
　作業順2　払出　タンクB　XXXXKL
タンクBの原油タンク受払が、
　作業順1　受入　タンクA　XXXXKL
　作業順2　払出　タンクA　XXXXKL
となっていると、タンクAがタンクBから受入するのとタンクBがタンクAに払出する順番が矛盾するため、
シフトの処理(品名別在庫の計算処理)が完遂できなくなります。
上記の場合は、順番も意識して、以下のように設定してください。
タンクAの原油タンク受払が、
　作業順1　払出　タンクB　XXXXKL
　作業順2　受入　タンクB　XXXXKL
タンクBの原油タンク受払が、
　作業順1　受入　タンクA　XXXXKL
　作業順2　払出　タンクA　XXXXKL


■対策
本件は、画面の入力ミスのため、対応不要とさせていただきたく思います。
状況を確認中といたしますので、問題なければ対応不要としてください。",オフラス,,●,,,,,,,,,2021/06/01,仕様通り,確認完了,,,,,,,,,,,,,,,,,,,,,,,,,,,,,,,,,,,,,,,
,370,2021/06/02,千葉,YJP増井,芥川健司,燃料油試験結果データ連携について,,L：試験管理,L：試験管理,新IRIS燃料油試験結果データ連携,"■発生日：2019/5/25
■対応希望日：なるべく早く
■事象
新IRIS操業品質　輸入J-A1の実績データ検索において、①受入れ毎の受入れ数量と、②揚げタンクNoを検索の結果データが、
2019年5月下旬以降から取込まれて来ないようです。（発生日状況から新オフラスへの切り替わり時期と重なります）
■あるべき姿
J-A1試験データがオフラスより新IRIS操業品質へ連携される。
受け側としては、現行と同様のフォーマットで送ってほしいとのことです。
操業品質側は特に変更が加わっていないため、現行同様にてご検討をお願いします。
＜複数タンクの場合＞
受入数量はそれぞれの合算値、受入タンクはSQL上取得された際の最後のものが出力される。

■代替手段
なし


※No.354と同じ、2重登録のため対応不要とします。（YJP増井）","■原因
仕様通り
現仕様では、①受入れ毎の受入れ数量、②揚げタンクNoを連携する機能を持っていません。
ただし、要望から予想するに以下のような値が連携されています。
（揚荷タンクが複数設定されている試験依頼の例の値を示します）
　　ロット番号：A2-90525-21-SAKANE
　　統一品名略号：J-A1
　　試験分類：40 輸入
　　揚荷数量（総和）：49639.0
　　揚荷数量（個別）：37000.0,12639.0
　　揚荷タンクNo. ：50189,45190

■対策
追加カスタマイズとして対応します。
まずは、新IRISへ送信する①受入れ毎の受入れ数量、②揚げタンクNoが複数ある場合の送付方法、および送信条件を明確化を行います。

※No.354と同じ、2重登録のため対応不要とします。（YJP増井）",オフラス,,,,,,,,,,,2021/06/02,仕様通り,対応不要,,,,,,仕様確認中,仕様確認中,,,,,,,,,,,,,,,,,,,,,,,,,,,,,,,,
,371,2021/06/02,北海道,YJP大武,柴田裕,タンク増減の範囲チェックについて,Q3：後続テスト実施可能,D：実績管理,D：実績管理,タンク増減実績,"■発生日：　2020/06/02

■発生拠点：　北海道製油所

■対応希望日：　1-2か月

■事象
補助帳票にて装置受払中のタンクは範囲チェックに増減を表す【＊】が表示される。
（同時　有有のタンク）
■あるべき姿
装置受払中のタンクは【＊】が表示されないようにしてほしい。
 出力条件をコントロールは可能でしょうか。
既設はどこかでコントロールされていて*出力が無かったようです。

■代替手段
手修正(10件程度/D）
","■原因
タンク増減を示す【*】の表示については仕様の通りです。
ご要望に合う方法が無いか調査いたします。

2021/06/03
本件、装置受入中、装置払出中、水切り中のうち2種以上の状態である場合の条件判別に不備がありました。
受入中＆払出中になっているタンクの装置や水切りの作業数量は0になるように調整される仕様ですが、このためにタンク状態が「静」の状態と判断され、増減範囲チェックが意図通りの判定をしておりませんでした。
(装置受入中のみ、払出中のみといった場合では正しく判定されていました)
正しく装置受払の状態と判定されれば、タンク増減範囲チェックマスタに-999999999～999999999が設定されておりますので、事実上装置受払JOBとしては範囲チェックNGになることはございません。

■対策
AP修正を行い、受入中＆払出中のタンクであっても、装置受払の増減範囲チェックが適用されるように修正いたします。

2021/06/09 YJP追記
検証エビデンスをBOXに格納いたしました。
内容をご確認願います
https://app.box.com/folder/138866534335?s=y7hr68p6rz8hf9rw9hi40l90ddirih4e
・【保守No371】実績管理_補助帳票で同時利用のあるタンクの装置受払の範囲チェックに＊が表示される.xlsx
",オフラス,●,●,,,,,,,2021/06/09,2021/06/17,2021/06/30,AP・コーディング,確認完了,,,,,,,,,,,,,,,,,,,,,,,,,,,,,,,,,,,,,,,
,372,2021/06/04,北海道,YJP村上,石井真紀,二次申告（IMW）のNACCS受信伝文不具合,Q2：代替手段により後続テスト実施可能,F：外航通関,F：外航通関,,"■発生日：2021/06/03
■対応希望日：
■事象
通関業者輸入申告情報入力画面にて通関業者が税関に申請した情報が展開されない。
（NACCSからの受信伝文が取得出来きていない模様）
■あるべき姿
通関業者の申告した情報が正しく表示されること
■代替手段
手入力にて確定可能","■原因
二次申告（IMW）のNACCSからの受信伝文において、NACCS業務コードが意図していた業務コード以外を受信したことから、オフラスシステムにて対象外と判断し、受信伝文を取得していなかったため。
■対策
今回、受信したNACCS業務コードを受信伝文対象とするように修正いたします。

2021/06/28 YJP追記
検証エビデンスをBOXに格納いたしました。
内容のご確認をお願いいたします。
https://app.box.com/folder/140058082729
【No372】二次申告IMWのNACCS受信伝文不具合対応エビデンス.xlsx
",オフラス,,●,,,,,,,2021/06/28,2021/07/14,2021/12/15,設計不備,確認完了,,,,,,,,,,,,,,,,,,,,,,,,,,,,,,,,,,,,,,,
,373,2021/06/04,千葉,YJP村上,伊藤祐希,寄託タンク在庫台帳修正依頼,,F：外航通関,F：外航通関,寄託タンク在庫（払出）明細表データ参照,"■発生日：2021/06/01
■対応希望日：2021/06/11
■事象
オフラス外航通関⇒寄託タンク在庫の台帳作成を6/1(火)午前中に行い、報告した。
翌日6/2(水)に5/31(月)の払出があったことを知ったが、既に確定ボタンを押してしまっていたので、
5/31(月)の払出数量を反映することが出来ない。（確定後は修正不可）
■あるべき姿
5/31(月)の払出数量が反映されて、台帳数量や欠減の数量も正確なデータに反映される。(※添付通り)
■代替手段
なし
お手数おかけしますが、お願い致します。（再発防止として以下のように対策取っていきます）
※再発防止策
　①月末在庫確定前に払出が無いかナフサバランス表で確認する。
　　（パイプライン月報では確認していたが、確定する際にはデータはなかった。）
　②確定ボタンを押さなくても集計・印刷が出来るため、確定ボタンは押さない。
","■原因
操作ミス
■対策
データパッチにて対応いたします。

2021/06/09 YJP追記
三鷹検証環境におけるデータパッチ結果をBOXに格納いたしました。
内容のご確認をお願いいたします。
問題無ければ、データパッチを実施いたします。
https://app.box.com/folder/138860037273
【No373】寄託タンク在庫データパッチ.xlsx

2021/06/10 YJP追記
データパッチを実施いたしました。ご確認願います。

2021/6/10 IKC青井
千葉伊藤様確認済みのためクローズ。",オフラス,●,,,,,,,,,2021/06/10,2021/06/10,その他,確認完了,,,,,,,,,,,,,,,,,,,,,,,,,,,,,,,,,,,,,,,
,374,2021/06/10,北海道,YJP大武,柴田裕,原油タンク受払実績画面修正,Q2：代替手段により後続テスト実施可能,G：マスバランス,G：マスバランス,データ取込,"■発生日：　2021/6/3

■発生拠点：　北海道製油所

■対応希望日：　今月中

■事象
（マスバラ）原油タンク受払実績画面のおいてシーバースからの揚荷が6/3に終わっているが仮想タンク「２」には6/2に取り込まれている。

■あるべき姿
 6/2に入っている入荷実績(AXL,3645.439KL)を6/3の入荷実績に修正してほしい。
■代替手段
＊インシデント対応が終われば、現地で修正できる見込み
","■原因
調査中です。

2021/06/11
本件、対象は6/1～3で入港している「NISSHO　MARU」と思われます。
この船は以下3つの親JOBに分けて入荷されておりました。
・6/1　13:32～16:56
・6/1　16:59～6/2　11:02
・6/2　11:49～6/3　03:56

この状態で、商品管理の原油実績取込＞データ取込を6/1～6/3で実施後、在庫計算・更新を6/1～6/3で実施したところ、原油タンク受払の海底配管(#2)は以下のようになりました。
・6/1　最初のJOBの為、払出→入荷→2番目のJOBの払出　在庫数量0
・6/2　2番目のJOBの入荷→3番目のJOBの払出　在庫数量0
・6.3　3番目のJOBの入荷　在庫数量3,645.439

入荷JOBの状態からすると、上記の取込結果になるのが妥当な状態です。
問題事象ではどういった操作をされたのかが不明ですが、6/1～6/3までのデータ取込と6/1～の在庫計算・更新を再実施いただければと思います。
(データ取込を行う6/1～6/3については、画面から入力された日々のメンテナンス結果がクリアされますので、再度入力後、在庫計算・更新を実施してください。)

■対策
本件は対応不要とさせていただきたく思います。
確認中とさせていただきますので、ご確認後、問題なければ対応不要としてクローズしてください。
→再計算更新で取り込まれたので対応不要とする。",オフラス,,●,,,,,,,,,2021/06/11,その他,対応不要,,,,,,,,,,,,,,,,,,,,,,,,,,,,,,,,,,,,,,,
,375,2021/06/02,千葉,YJP増田,百留哲平,千葉オフラス本体　接続不可事象発生,Q1：後続テスト実施不可,X：共通,その他,,"■発生日：2021/6/2 16:50頃

■対応希望日：

■事象
オフラス本体への接続ができなくなった。
APサーバ・DBサーバのメモリ・CPUは、共に異常な状態は見受けられなかったため、
取り急ぎAPサーバの再起動を実施後、正常に接続出来ることをご確認済み。
 
青井様にて各サーバのイベントログ等を確認頂いたが、特に異常は見受けられなかったとのこと。

＜補足情報＞
　・前回APサーバ再起動：3/28
　・運転制御との連携に異常は見受けられない


■あるべき姿

■代替手段
","■原因
2021/6/2に各種ログを取得させて頂きました。
現在、調査中です。

■対策
2021/6/18YJP追記
ログよりFREESIA_UIサービスが停止する直前の操作内容を確認致しました。
16:49:33　JOBNo設定（33件）
　↓
16:49:52　FREESIA_UIサービス停止　※FREESIA_SFサービスは正常に稼働している
　↓　
17:06:18　APサーバ再起動実施
　↓
17:07:15　FREESIA_SFサービス起動
　↓
17:07:42　FREESIA_UIサービス起動

FREESIA-UIサービスが停止する直前の操作では、JOBNo設定を33件まとめて実施されており、
件目の処理は正常に終了、2件目の処理の途中でFREESIA-UIサービスがダウンしてしまったようです。

2021/10/11 YJP追記
三鷹検証環境にて再現確認をしましたが、再現しません。
また、事象発生から時間が経過しており、その間、千葉事業所にて30件まとめてJOBNo設定を行っていますが事象が再現しないことから、一旦「再現待ち」とさせていただきたく思います。

2021/11/25 YJP追記
本件発生以降、同様の事象が発生していないため、クローズとさせて頂きます。
同様の事象が再発した際は、新規起票させて頂きます。",オフラス,●,－,－,－,,,,,,,2021/11/25,再現待ち,確認完了,,,,,,,,,,,,,,,,,,,,,,,,,,,,,,,,,,,,,,,
,376,2021/06/17,千葉,YJP大武,伊藤祐希,マスハ゛ランス 陸上出荷積置き,Q3：後続テスト実施可能,G：マスバランス,G：マスバランス,陸上出荷積置き,"■発生日：　2021/4/1
　　　　　 ※事象発生が間違いないことを5/1、6/1に再確認しました。

■発生拠点：　千葉事業所

■対応希望日：　6月末

■事象
2021年2月末実績までは、陸上出荷積置き画面で検索すると、棚卸在庫数量に合計値が反映されていた。
登録ボタンを押した後に、在庫修正設定画面へデータが反映されていた。

2021年3月実績以降、手順が以下の通りに変わってしまった（添付資料は、4月末の実績となります）。
(1)4/30検索結果、棚卸在庫 数量欄にデータが反映されていない。積置き合計数量を入力しようとしてもできない。
(2)(1)のため、陸上出荷システムの実績と積置き合計数量が一致していることを確認後、在庫修正設定にて数量を登録した。
(3)(2)の後、陸上出荷積置きを検索してみると、在庫が反映されていた。

■あるべき姿
　・陸上出荷積置き画面で検索すると、棚卸在庫数量に合計値が反映される。
・以前の手順の通り、陸上出荷積置きから在庫修正設定にデータが反映される。

■代替手段
・事象(2)の通り
　現在、この確認作業が発生しており時間がとられています。
","■原因
本件、インシデント管理No1181の対応との兼ね合いで起きておりました。
インシデント管理No1181は、在庫修正設定で登録した品名情報を翌月に引き継ぐもので、
タンク在庫、積置在庫、未入荷在庫が対象になっております。
翌月への引継ぎは修正在庫0として引継ぎ、都度画面から入力いただくことを想定しており、
毎月の修正在庫品名の入力手間を軽減する目的で、北海道製油所からご要望頂いたものです。

千葉製油所では、陸上の早朝出荷がある関係上、毎月陸上出荷の積置が発生している認識です。
陸上出荷の積置画面では、一度登録した後は在庫修正設定画面で修正することを意識しており、
対象月の在庫修正データが存在する場合は、画面から編集できないようにロックされております。
今回、在庫修正データが0で引き継がれるようになったため、
陸上出荷積置き画面からは、在庫修正データあり＝すでに登録済みの内容と誤認され、編集できなくなっていました。

■対策
対策についてですが、以下の手順で画面を操作いただきたく思います。
https://app.box.com/folder/139378947764
【No376】マスバランス_陸上出荷積置

①在庫修正設定画面にて、2021年6月、内訳区分未選択の状態で検索してください。
　→2021年6月分の在庫修正設定データが表示され、当月数量はすべて0になっていると思います。
　　(これが、上記のインシデント対応で作成されたデータです。)

②①で検索されたデータ(2021年6月30日分の在庫修正設定データ)をすべて削除してください。
　→上記のインシデント対応で作成されたデータをすべて削除することで、陸上出荷積置画面で、新規登録可能になります。
　　問題事象(1)で検索した結果、棚卸在庫数量欄に出荷量が反映されていないように見えたのはすでに在庫修正設定データが存在したためです。
　　在庫修正設定データを削除すれば、登録可能になります。

③トップメニュー＞システム管理＞システム定数一覧からシステム定数一覧画面を展開し、
　サブシステム：マスバランスで検索してください。
　→カテゴリ名：NEXT_DATA、定数キー：SYSCREATE_NEXTのデータが存在することを確認してください。

④③で確認した定数キーの詳細ボタンを押下し、編集画面を開いてください。
　定数値を0に変更し、更新ボタンを押下してください。
　※システム定数の変更については、システム管理者の方とご相談の上、間違いがないように実施いただければと思います。

上記の手順を実施いただければ、6月末の締めからは、2月末以前の状態に戻ります。
お騒がせいたしまして、申し訳ございませんでした。
本件、「確認中」とさせていただきますので、上記対応後、7月初に問題ないことが確認出来たらクローズくださいますようお願いいたします。
",オフラス,●,,,,,,,,,,2021/07/07,データ不備,確認完了,,,,,,,,,,,,,,,,,,,,,,,,,,,,,,,,,,,,,,,
,377,2021/06/17,千葉,YJP小笠原,伊藤祐希,成績書出力一覧のブレンダーロット表示について,Q3：後続テスト実施可能,E：品質管理,E：品質管理,試験成績書出力一覧,"■発生日：2021/6/17
■対応希望日：～6/24
■事象
　作業計画-成績書出力一覧でBL8ロットで出荷した０.５C-MがBT7で表示されてしまっていた。
　この画面の情報を基に成績書を出力している為誤ったロットで成績書を出力してしまう可能性がある。
　<https://app.box.com/file/823125609760>
■あるべき姿
　出荷計画に対応したロットNoが表示される。
　機能として難しければバースに対応した表示も検討の余地あります。
（7BTで出荷した場合にどちらになるかをはっきりさせる）
■代替手段
　　なし

2121/07/14（伊藤）
ターゲットで確認完了の為、クローズお願い致します。
","■原因
本件は、保守問題点No.307とNo.308の対応により、
作業品名と基材構成（タンクロットNo、比率）が同じブレンダロットが複数存在する場合、
最新のブレンダロットを表示している事が原因で発生しています。
※A2-10612-10-B8とA2-10614-15-BT7が該当し、A2-10614-15-BT7を優先表示しています。
※出荷試験依頼においても、本件と同様の現象が発生する為、別番号で起票致します。

■対策
試験成績書出力一覧画面は、合否判定結果が合格のブレンダロットを表示対象としています。
ロットの有効・無効は、表示条件に含まれていません。
以下の対策で問題がないか、品質管理担当及び荷繰り担当の方と調整をお願い致します。
期限：2021/06/24

【対象バースが1バースと7バース以外の場合】
以下の条件に合致するブレンダロットの中から、採取日時が最新のブレンダロットを表示対象とします。
 ・採取場所がBT1とBT7以外
 ・合否判定結果が合格
 ・採取日時が対象となる作業日以前

【対象バースが1バースの場合】
以下の条件に合致するブレンダロットの中から、採取日時が最新のブレンダロットを表示対象とします。
 ・採取場所がBT1（BT1のみを表示対象とする）
 ・合否判定結果が合格
 ・採取日時が対象となる作業日以前

【対象バースが7バースの場合】
以下の条件に合致するブレンダロットの中から、採取日時が最新のブレンダロットを表示対象とします。
 ・採取場所がBT7（BT7のみを表示対象とする）
 ・合否判定結果が合格
 ・採取日時が対象となる作業日以前

2021/07/09 YJP追記
以下、BOXに検証エビデンスを格納しました。
ご確認いただけますでしょうか。
https://app.box.com/folder/140830227013
・【No377＆380】試験依頼設定, 成績書出力一覧画面のブレンダロット表示について.xlsx",オフラス,●,,,,－,,,,2021/07/09,2021/07/14,2021/07/14,AP・コーディング,確認完了,,,,,,,,,,,,,,,,,,,,,,,,,,,,,,,,,,,,,,,
,378,2021/06/17,千葉,EXE鶴岡,伊藤祐希,マスハ゛ランス 冷凍タンク払出実績明細表,,G：マスバランス,帳票,マスハ゛ランス 冷凍タンク払出実績明細表,"■発生日：　2021/6/1
■発生拠点：　千葉事業所
■対応希望日：　6月末
■事象
LPGの入荷が月跨ぎになり、未入荷の対応を実施。
(1)2021年5月　検索・印刷結果（5/31在庫取り込まれている）
(2)PS、BSが未入荷のため、＃50296、＃50294の在庫量を修正後、登録
(3)印刷をしたが、登録した在庫量で出力されていない。
(4)「未入荷のある場合は、次月繰り越し在庫、伝票数量をマニュアルで修正する。」との記載はあるが、
在庫登録後に伝票数量を反映することはできないか？
■あるべき姿
・出力された帳票が画面数量と一致する
・在庫登録後に伝票数量を反映することはできないか？
■代替手段
・出力されたエクセルに、登録した在庫数量を手入力した。
　・算出した払出数量で伝票数量を確定した","■原因
取得日が1日ずれていたことが原因となります。
■対策
取得日付の修正。
2021/07/08 EXE
202105及び202106の修正エビデンス送付済み",自営帳票,●,,,,,,,,,2021/07/14,2022/02/25,,確認完了,,,,,,,,,,,,,,,,,,,,,,,,,,,,,,,,,,,,,,,
,379,2021/06/22,千葉,YJP村上,伊藤祐希,３栄豊丸スペックアウトに伴うデータ修正依頼,Q2：代替手段により後続テスト実施可能,F：外航通関,F：外航通関,,"■発生日：2021/06/15
■対応希望日：2021/06/24
■事象
外貨JETA-1(包括)を出荷したがスペックアウトになり、先方には出荷していない。
荷役強制終了しているため、オーダ管理からキャンセルできず、
ボンド出荷一覧オーダ、外貨製造搬出日一覧にデータが残っている。
■あるべき姿
荷役開始後に、オーダがキャンセルになった場合は、在庫の引落し対象外になるので、
ボンド出荷一覧オーダ、外貨製造搬出日一覧のデータを削除できる。
■代替手段
１５日のデータはそのままにし、引落しも業務も２４日までは行わないようにします。
データ修正完了後に引落しを行います。
","■原因
仕様とおりです。
オーダ管理とオーダ情報の同期をとっているため、オーダ管理から削除することで、外航通関も連携して削除する仕様となっております。
また、外航通関からオーダ情報を削除する機能は存在しません。
■対策
データパッチにて対象のオーダ情報を削除いたします。（6/24実施予定）
恒久対応としては「持ち戻り」機能を使用することで代用可能かを検証いたします。

2021/06/23 YJP追記
データパッチの検証エビデンスをBOXに格納いたしました。
内容のご確認をお願いいたします。
https://app.box.com/folder/139731249637
【No379】ボンド出荷オーダ_JETA1_削除.xlsx

2021/06/24 YJP追記
データパッチにて対象オーダを削除いたしました。
後続業務を実施願います。
引き続き「持ち戻り」機能の動作検証を実施いたします。

2021/07/19 YJP追記
「持ち戻り」機能の検証エビデンスをBOXに格納いたしました。
内容のご確認をお願いいたします。
https://app.box.com/folder/141480486810
【No379】持ち戻り検証.xlsx
",オフラス,●,,,,,,,,,,2022/02/25,その他,確認完了,,,,,,,,,,,,,,,,,,,,,,,,,,,,,,,,,,,,,,,
,380,2021/06/22,千葉,YJP新山,伊藤祐希,出荷試験依頼画面のブレンダロット表示について,Q3：後続テスト実施可能,B：作業計画管理,B：作業計画管理,出荷試験依頼画面ブレンダロット表示,"■発生日：2021/6/17
■対応希望日：～6/24
■事象
本件は、保守問題点No.377から分割しました。
作業計画・出荷試験依頼画面のブレンダロット表示は、No.380で対応致します。

■あるべき姿
　出荷計画に対応したロットNoが表示される。
　機能として難しければバースに対応した表示も検討の余地あります。
（7BTで出荷した場合にどちらになるかをはっきりさせる）

■代替手段
　　なし

2121/07/14（伊藤）
ターゲットで確認完了の為、クローズお願い致します。
","■原因
No.377の通りです。

■対策
出荷試験依頼画面は、試験成績書出力一覧画面はと異なり、有効なブレンダロットのみ表示対象としています。
以下の対策で問題がないか、品質管理担当及び荷繰り担当の方と調整をお願い致します。
期限：2021/06/24

【対象バースが1バースと7バース以外の場合】
以下の条件に合致するブレンダロットの中から、採取日時が最新のブレンダロットを表示対象とします。
 ・採取場所がBT1とBT7以外
 ・ロット状態が有効
 ・採取日時が対象となる作業日以前

【対象バースが1バースの場合】
以下の条件に合致するブレンダロットの中から、採取日時が最新のブレンダロットを表示対象とします。
 ・採取場所がBT1（BT1のみを表示対象とする）
 ・ロット状態が有効
 ・採取日時が対象となる作業日以前

【対象バースが7バースの場合】
以下の条件に合致するブレンダロットの中から、採取日時が最新のブレンダロットを表示対象とします。
 ・採取場所がBT7（BT7のみを表示対象とする）
 ・ロット状態が有効
 ・採取日時が対象となる作業日以前

2021/07/09 YJP追記
以下、BOXに検証エビデンスを格納しました。
ご確認いただけますでしょうか。
https://app.box.com/folder/140830227013
・【No377＆380】試験依頼設定, 成績書出力一覧画面のブレンダロット表示について.xlsx",オフラス,●,,,,－,,,,2021/07/09,2021/07/14,2021/07/14,AP・コーディング,確認完了,,,,,,,,,,,,,,,,,,,,,,,,,,,,,,,,,,,,,,,
,381,2021/06/25,千葉,YJP村上,伊藤祐希,保税作業IMW（潤滑油IMW）輸入申告の不具合,Q2：代替手段により後続テスト実施可能,F：外航通関,F：外航通関,保税作業品IMW輸入申告作成,"■発生日：2021/06/23
■対応希望日：６月３０日まで　※今月中が無理場合は連絡願います。
■事象
保税作業品IMW輸入申告対象一覧の申告ボタンをクリックしたがメッセージが表示され登録できない。
外貨在庫日報の引落しもできない。
■あるべき姿
登録できるようにする。
■代替手段
外貨在庫日報は、外貨製品在庫修正で当日残在庫を修正し対応します。
保税作業品IMW輸入申告対象一覧は代替手段不可のため、システム対応が完了するまでデータは表示される。
こちらの対応を連絡願います。
","■原因
品名マスタの「未納税区分」の値が“未入力”であったため発生しております。
伝票作成時に当該項目を参照しており、
「未納税区分」：(1)揮発油　か
「未納税区分」：(0)揮発油以外
にて判断しており、“未入力”は無いという実装からエラーとなっております。
■対策
品名マスタにて、当該項目は”未入力”も存在することから、「未納税区分」：(1)揮発油かそれ以外にて判断するように修正いたします。

本件、対策をリリースするまでは、品名マスタの対象品名の「未納税区分」に(0)揮発油以外を設定していただき運用願います。
外貨在庫日報に関しては再集計をお願いいたします。

2021/07/01 YJP追記
検証エビデンスをBOXに格納いたしました。
内容のご確認をお願いいたします。
https://app.box.com/folder/140295430439
【No381】保税作業IMW潤滑油輸入申告の不具合対応エビデンス.xlsx
",オフラス,●,,,,,,,,2021/07/01,2021/07/08,2022/02/25,AP・コーディング,確認完了,,,,,,,,,,,,,,,,,,,,,,,,,,,,,,,,,,,,,,,
,382,2021/06/28,千葉,YJP村上,伊藤祐希,ボンド出荷オーダ削除依頼,Q1：後続テスト実施不可,F：外航通関,F：外航通関,ボンド出荷オーダ一覧,"■発生日：2021/06/27
■対応希望日：6月30日まで
■事象
ボンド出荷オーダーの削除お願いします。
ボンド出荷が当方の事情で中断し、再度出荷のためオーダーを作成したことで
オーダーが２つできてしまっていますが出荷実績は1つに集約し確定しています。
■あるべき姿
なし
■代替手段
なし","■原因
ボンド出荷を途中で中断し、再度出荷のためオーダーを作成したため
■対策
データパッチにて対象のオーダ情報を削除いたします。（6/30実施予定）

2021/06/30 YJP追記
データパッチを実施いたしました。（6/30）
内容のご確認、および、後続業務の実施をお願いいたします

2021/6/30 IKC追記
パッチ適用後確認は問題なし。
本件クローズする。
",オフラス,●,,,,,,,,,,2021/06/30,その他,確認完了,,,,,,,,,,,,,,,,,,,,,,,,,,,,,,,,,,,,,,,
,383,2021/06/29,北海道,YJP吉永,柴田裕,バース変更に伴う伝票画面への反映について,Q1：後続テスト実施不可,C：進捗管理,C：進捗管理,バース・バッチ量変更,"■発生日：　2021/06/29

■発生拠点：　北海道製油所

■対応希望日：　出荷に影響がなければ１か月以内

■事象
バース変更をおこなったが、１JOBのみ伝票画面でバース変更がかからない。

問題点エビデンス
https://app.box.com/folder/140141653428
・バース変更に伴う伝票画面への反映について.xlsx
■あるべき姿
バース変更をすれば、しかるべきところに連携される

■代替手段
なし","■原因
調査中です。

2021/07/09 YJP追記
バース・バッチ量変更画面からバース変更を行った時、1オーダのみバースが変更されていない為、伝票管理にも連携されていません。
JOB情報のバースNoは変更されているが、オーダ情報を更新しようとして失敗している？
引き続き調査致します。

2021/08/02 YJP追記
サーバ, 通信ログを確認しましたが、エラーログが出力されている形跡もなく、
三鷹検証環境において再現の確認ができない為、調査難航しております。
北海道ターゲット環境と同じ環境を構築し、再現可能か確認致します。
また、プログラムの観点から伝票のバースが更新されないパスが存在するか確認致します。

2021/08/26 YJP追記
北海道ターゲット環境と同じ環境を構築し、検証を行いましたが再現を確認できません。
ロジックからも併せて調査を行いましたが、オーダ情報が更新されないパスを見出すことが出来ませんでした。
■対策
本件は一旦、「再現待ち」とさせていただきたく思いますが、
オーダ情報が更新されたか否かの確認がとれない為、メッセージ一覧にログを出力するように対応を行い、
ログ強化したモジュールをリリースさせていただきたく思います。

ログ出力の対応内容は以下になります。
　・進捗管理からのオーダ情報更新は、メッセージ一覧にログを出力する。
　　※オーダ情報登録完了後、ログを出力する（作業日とオーダ管理Noも出力する）
　　※伝票更新や協定書更新等、エラー発生時にログを出力する

2021/09/10 YJP追記
ログ強化版を入れました検証エビデンスを以下に格納しました。
ご確認お願い致します。
https://app.box.com/folder/145417271263
【No383】[暫定対応]バース変更に伴う伝票画面への反映について.xlsx

2021/11/25 YJP追記
本件発生以降、同様の事象が発生していないこと、また、
北海道ターゲットでも同様の事象が再現しなかったことから、クローズとさせて頂きます。
同様の事象が再発した際は、新規起票させて頂きます。",オフラス,●,●,●,●,,,,,,2021/09/16,2021/11/25,再現待ち,確認完了,,,,,,,,,,,,,,,,,,,,,,,,,,,,,,,,,,,,,,,
,384,2021/06/29,千葉,YJP吉永,伊藤祐希,入荷伝票の輸区について,Q3：後続テスト実施可能,A：オーダ管理,A：オーダ管理,入荷伝票,"■発生日：　2021/06/19

■発生拠点：　千葉事業所

■対応希望日：　１週間以内　

■事象
　内外貨同時入荷の際に入荷伝票を輸区1（社外）で送信する必要があるのですが、ときより0（社内）で作成されてしまうことがありました。
オーダー管理画面での受信履歴ではどちらも社内となっており、どういった条件で入荷伝票の輸区が決定されるのか確認お願いします。

問題点エビデンス
https://app.box.com/folder/140168153395
・【No384】社外品輸区.pptx
■あるべき姿
　
■代替手段
なし
","■原因
　オーダ管理にて、輸送手配区分の区分値の意味を逆に捉えて扱っています。
　伝票発行管理は、既設オフラスシステム通りに定義されていますが、オーダ管理は逆に定義してしまっています。
　　・オーダ管理　：「０：社外　１：社内」
　　・伝票発行管理：「０：社内　１：社外」

　問題点エビデンス1枚目（オーダNo：31041, 62065）の、オンラインオーダ受信履歴一覧画面の輸区に
「社内」と表示されていますが、実際のSAISPlusからのオンラインオーダ受信は、伝文の輸区に”１”の「社外」が
入ってきています。
また、オーダ情報の輸送手配区分には”1”が登録されますが、オーダ確定時に仮伝を作成する際、
以下の処理にて輸送手配区分を決定し伝票発行管理に連携します。
　　・初期値は、”0”とする。
　　・内航入荷オーダ編集画面にて入力した船車コードの頭1文字目が“9”の場合、”1”とする。

　⇒既設オフラスシステムと同様の処理になりますが、既設は、オンラインオーダ受信にて伝文に輸区が入ってこない場合、この処理を行っています。新設は、無条件に行っている為、伝文の輸区の値に上書いています。
よって、仮伝作成時、船車コードが”00594”の為、入荷伝票の輸区には「0」と表示されます。
　　※エビデンスには、船車コード”98999”が表示されていますが、伝票確定時、""00594"" ⇒ ”98999”に変更した操作履歴を確認しました。

　　※エビデンス２枚目（オーダNo：31040, 69003）も同様の理由により、輸区が”0”から”1”に変換されています。

■対策
　・輸送手配区分の区分値を既設システムに合わせるように修正致します。
　・オンラインオーダ受信で、輸区が入ってきた場合は、伝文の値をそのまま仮伝作成するように修正致します。

2021/07/26 YJP追記
以下、検証エビデンスを格納しました。
ご確認いただけますでしょうか。
https://app.box.com/folder/141948573246
：【No384】入荷伝票の社外品の輸区について.xlsx",オフラス,●,●,●,●,,,,,,2021/07/28,2022/02/25,AP・コーディング,確認完了,,,,,,,,,,,,,,,,,,,,,,,,,,,,,,,,,,,,,,,
,385,2021/07/06,千葉,YJP大武,伊藤祐希,マスバランス_未入荷指定時に入荷以外の作業が存在した場合のタンク在庫数量,Q3：後続テスト実施可能,G：マスバランス,G：マスバランス,未入荷在庫,"■発生日：　2021/7/6

■発生拠点：　千葉事業所

■対応希望日：　2021/7/23　

■事象
表題の件、既にオフラス不具合でご対応いただいている（エビデンス確認済み）件です。
【No175】マスバランス_未入荷指定時に入荷以外の作業が存在した場合のタンク在庫数量

前回と同じことが、今回の月初作業で発生しています（添付資料の通り）。
決算へのデータとしては、正しく反映されているので
マスバランスの原油受払実績画面と帳票出力の問題となります。

お手数をお掛けしますが、画面データのパッチあて及び
リリースをよろしくお願いいたします。

■あるべき姿
正しい数値で在庫が表示される。

■代替手段
なし
","■原因
調査中です。

2021/07/07
本件、保守問題点管理No175、176にて対応されるはずの内容でした。
175、176の対応モジュールは北海道の修正版の適用後に対応を反映させる必要があり、適用待ちしておりましたが、抜けてしまっておりました。(リリース対象の確認を行いましたが、175と176がこの状況でした。)
次回のリリース一覧に加えさせていただきます。
修正モジュール適用後に、6/29～7/1の在庫計算更新機能を再実施いただければ、在庫数量の不正表示は解消されますので、お手数ですが適用後に在庫計算更新の再実施をお願いいたします。

■対策
本件のリリース管理およびご確認は、175、176にて管理させていただきたく思います。
本票は175、176のリリース後にクローズとさせてください。

2021/7/27（IKC)
No.175,176のリリース後確認について、現地確認完了連絡受領。
本件はクローズします。
",オフラス,,,,,,,,,,2021/07/14,2021/07/27,その他,確認完了,,,,,,,,,,,,,,,,,,,,,,,,,,,,,,,,,,,,,,,
,386,2021/07/06,千葉,YJP村上,伊藤祐希,MDO生産での継続保税作業について,,F：外航通関,F：外航通関,継続保税作業リスト,"■発生日：2021/07/05
■対応希望日：7/16（金）まで
■事象
MDO生産で継続保税作業リストで“対象レコードがありません”とメッセージが表示され登録できない。
■あるべき姿
登録できるようにする。
■代替手段
代替手段なし。システム対応が完了してから作業を実施します。
税関申請は、月纏めての報告なので事後対応可。
在庫管理は、システム内では反映されないがシステム対応までは外貨在庫確保済という事で対応する。
","■原因
保税作業品マスタ（TIMX503）にて、保税作業品：「MDO」に対応する簡略品名コードが”00177”（A重油）が登録されているため、対象のJOB情報が取得できず、「対象レコードがありません」メッセージを出力しております。
■対策
保税作業品マスタ（TIMX503）にて、保税作業品：「MDO」に対応する簡略品名コードを”00073”（M.D.O）に変更願います。",オフラス,●,,,,－,,,,,,2021/07/08,データ不備,確認完了,,,,,,,,,,,,,,,,,,,,,,,,,,,,,,,,,,,,,,,
,387,2021/07/08,千葉,EXE鶴岡,,石連週報の「出荷」シートのデータ引用元,,G：マスバランス,帳票,石連週報,"■発生日：　2021/07/07
■発生拠点：　千葉事業所
■対応希望日：　2021/07/14　
■事象
表題の件、下記のように、オフラス石連週報のLSC、HSCの海上出荷データがSAPから正しく取り込めていないように伺えます。
※SAP、オフラスの日別生産実績表の出荷量は近似していることは確認いたしました。（詳細は添付「SAP」、および、「オフラス日別生産実績表」シートの赤枠内をご参照ください。）
恐れ入りますが、ご確認、ご対応の程、よろしくお願いいたします。
【事象】LSC、HSCのオフラス石連週報の「出荷」シートの海上出荷データが、SAPの出荷データと乖離しており、正しく取り込めていない。（添付「日別生産実績」シートの赤枠内がゼロになっている。）
【対象油種・出荷区分】LSC、HSC
【ご確認、ご教授頂きたいこと】添付「日別生産実績」シートの出荷データの引用元、および、対応方法をご確認、ご教授をお願いいたします。
■あるべき姿
帳票上、正しく数値が出力される。
■代替手段
なし","■原因

■対策
出すべき値についてIKC様確認中

2021/11/25 YJP追記
一旦、対応保留とするとのことです。（ステータスは「対応中」のまま）

2022/04/13　IKC追記
問合せユーザがオフラス担当から離任。
問題は一旦取り下げとなるため、クローズする。
",自営帳票,●,,,,,,,,,,2022/04/13,,確認完了,,,,,,,,,,,,,,,,,,,,,,,,,,,,,,,,,,,,,,,
,388,2021/07/08,千葉,YJP村上,伊藤祐希,MDO生産での継続保税作業不具合,Q1：後続テスト実施不可,F：外航通関,F：外航通関,継続保税作業,"■発生日：2021/07/08
■対応希望日：7月16日（金）まで
■事象
MDO生産で継続保税作業トータル数量・数量が正しく表示されない
■あるべき姿
GAS OIL数量とBOTTOM OIL数量が正しく表示されない
■代替手段
代替手段なし
システム対応が完了してから作業を実施します。
税関申請は、月纏めての報告なので事後対応可。
在庫管理は、システム内では反映されないがシステム対応までは外貨在庫確保済という事で対応する。
","■原因
数量を算出する前に実施している価格計算において小数点以下の桁数にて桁あふれが発生しているため、数量の集計処理が実施されておりません。
■対策
桁あふれ制御をJAVAスクリプト（ブラウザ）に依存していましたが、業務APにて制御するように修正いたします。

2021/07/12 YJP追記
検証エビデンスをBOXに格納いたしました。
内容のご確認をお願いいたします。
https://app.box.com/folder/140984991908
【No388】MDO生産での継続保税作業不具合.xlsx
",オフラス,●,,,,－,,,,2021/07/12,2021/07/14,2022/02/25,AP・コーディング,確認完了,,,,,,,,,,,,,,,,,,,,,,,,,,,,,,,,,,,,,,,
,389,2021/07/14,千葉,YJP村上,伊藤祐希,VAC保税作業の不具合について,Q1：後続テスト実施不可,F：外航通関,F：外航通関,VAC保税作業一覧,"■発生日：2021/07/14
■対応希望日：
7月15日（木）午前中まで
※１５日１５時頃までには税関手続きを完了
■事象
保税作業一覧画面　VAC保税作業の記録をクリックしたが、エラーメッセージがでて表示されない。
■あるべき姿
画面が表示され、作業ができる
■代替手段
代替手段なし","■原因
今回（5，6月）に登録されたICTデータをTOP保税データとして認識していたため発生しております。
VAC保税作業情報の引落情報としてのTOP保税作業情報を取得する際、BOTTOM OIL（簡略品名コード：07858）を条件に抽出していますが、ICT情報をBOTTOM OIL（簡略品名コード：07858）にて登録していることから、TOP保税作業情報でないICT情報も抽出してきており、データ不整合が発生しております。
■対策
TOP保税作業情報を抽出する際の条件に保税作業区分を追加し、簡略品名コード：07858でかつ、保税作業区分がTOPのデータを抽出するように修正いたします。

対応期限に付きましては、実務担当者様にて潤滑油作成を8月に計画変更調整をしていただきましたことから、7月完了目途で対応いたします。

2021/07/21 YJP追記
検証エビデンスを下記出光BOXに格納いたしました。
内容のご確認をお願いいたします。
https://app.box.com/folder/141664539209
【No389】VAC保税作業の不具合対応.xlsx
",オフラス,●,●,,,－,,,,2021/07/21,2021/08/16,2022/02/25,設計不備,確認完了,,,,,,,,,,,,,,,,,,,,,,,,,,,,,,,,,,,,,,,
,390,2021/07/14,北海道,YJP村上,菊池聖子,外航通関「期限管理メッセージ」機能について,,F：外航通関,その他,"期限管理メッセージ一覧
↓
ユーザ管理
権限設定管理","■発生日：2021/07/13
■対応希望日：2021/07/31
■事象
「外航通関「期限到来メッセージ」が本来の機能を果たしていない。」
　新オフラスでは、外航通関画面を開くと同時に「期限到来メッセージ」画面が開く仕様となっている。
　現状:外航通関画面を開いても「期限到来メッセージ」画面が開かない。
　期限到来メッセージを確認するには、手動で画面を展開しなければいけない。
■あるべき姿
外航通関画面を開いたと同時に「期限到来メッセージ」画面が開けるようにする。
■代替手段
手動で展開して画面を確認する。

7/19：期限到来メッセージが出力されるタイミングは、以下の通りです。
IOS20-OFL-SBM-T2-001_機能仕様書_外航通関_v1.4
（230 / 256頁参照）
3.7.1.2. 期限到来メッセージ機能
期限管理マスタに登録した期限管理情報の期限、および、アラーム時期より、申請を促すガイダンスの一覧を表示します。また、更新期限が到来した申請に対し、期限の更新を行います。
（本画面は、外航通関担当がログインした場合、トップ画面に表示します。）
又、以下の方法でも表示されます。
外航通関―期限到来メッセージ→画面表示（3.7.1.2. 期限到来メッセージ機能に合致する場合）
※原因、対策は記載の通りです。参考として千葉のユーザリストを北海道へ共有済です。（小林）","■原因
期限到来メッセージをログイン後に画面表示する機能は、「外航通関担当者ロール」を保持するユーザとなっております。
現在、「外航通関担当者ロール」を保持しているユーザはございません。
下名が認識している外航通関実務担当者様は、「生産計画担当者ロール」が紐付けられております。
また、各サブの共通ユーザIDである「Niguri01」、「Gaikou01」、「Shohin01」等が存在しておりませんが、削除されたのでしょうか。
■対策
ユーザ権限周りは出光様担当の認識です。
システム管理者様とご相談のうえ、調整・設定の程、お願いいたします。
→該当ユーザーに外航通関権限を＋して事象は解消された。柴田",IKC,,●,,,,,,,,,2021/07/20,その他,対応不要,,,,,,,,,,,,,,,,,,,,,,,,,,,,,,,,,,,,,,,
,391,2021/07/20,千葉,YJP大武,伊藤祐希,揚荷中断時の配管滞油ダブルカウントについて,Q2：代替手段により後続テスト実施可能,G：マスバランス,G：マスバランス,データ取込,"■発生日：7/18
■対応希望日：7/27
 
■事象
　原油揚荷配管滞油がダブルカウントされている。
※情報：7/16に揚荷開始、7/17の#60025揚荷完了後、揚荷中断、7/18に#70012の揚荷開始
（7/17に揚荷完了とみなされ原油受払実績に受入としてカウントされていると想定されます。（添付2ページ目））
 
■あるべき姿
　7/17の配管滞油がゼロになり、ダブルカウントが解消される。
 
■代替手段
　なし
","■原因
本件、保守問題点管理No152と同件と思われます、最新DBダンプ受領後に詳細確認を行います。

■対策
2021/07/26
本件、恒久対応は保守問題点管理No152の通りインシデント対応です。
暫定対応のエビデンスは以下に格納しております。
https://app.box.com/folder/141980295266
【No391】マスバランス_揚げ荷中断時の配管耐油ダブルカウントについて

本件、暫定対応後はクローズとさせていただき、保守問題点管理No152にて管理いたします。

2021/07/28
データパッチ適用後、問題なしのご連絡を頂いたため、本件はクローズとさせていただきます。
恒久対応の必要有無については、No152にて管理させていただきます。",オフラス,●,●,●,●,,,,,2021/07/26,,2021/07/28,仕様通り,確認完了,,,,,,,,,,,,,,,,,,,,,,,,,,,,,,,,,,,,,,,
,392,2021/07/26,千葉,YJP村上,伊藤祐希,外貨製品在庫日報の数量（MDO）が反映されない,,F：外航通関,F：外航通関,外貨製品在庫日報,"■発生日：2021/07/20
■対応希望日：8/12（木）
■事象
MDO生産で継続保税作業を実施後、外貨製品在庫日報を集計したが数量が反映されない
■あるべき姿
数量が反映されるようにする
■代替手段
外貨製品在庫修正で当日在庫を計上し、代替手段対応済です
","■原因
「内外貨在庫品名マスタ」に登録されているMDOの簡略品名コードが00177（A重油）のためだと判断いたします。
00177を00073に変更していただければ日報に表示されます。
■対策
「内外貨在庫品名マスタ」の品名：MDOに対する「簡略品名コード」を”00073”に変更願います。
また、
「外貨在庫品名マスタ」に追加登録された全社統一品コード：12120294に対し、
在庫品名区分：04、在庫品名シーケンスNo：2、表示順：9を入力し、「実行」ボタンを押下して修正登録してください。
次に、簡略品名コード：00177、全社統一品名コード：12120200を[削除]ボタンにて削除してください。
",オフラス,●,,,,－,,,,,,2022/02/25,データ不備,確認完了,,,,,,,,,,,,,,,,,,,,,,,,,,,,,,,,,,,,,,,
,393,2021/07/27,北海道,YJP那須,菊池聖子,【需給】赤黒伝票作成について,,I：伝票発行管理,I：伝票発行管理,伝票訂正,"■発生日：2021/7/26
■対応希望日：
■事象
6/5のPP出荷について当初向け先である千葉事業所から徳山事業所に変更。
向け先が変更になっていた事の連絡が本社と製油所で連携がうまく取れず、千葉事業所のままで起票。
7月になって向け先誤りが発覚した。

取引先
誤: 千葉事業所
正: 徳山事業所

■あるべき姿
月が変わってからの伝票訂正方法をご教示願います。
なお、プロピレンデータはSAISオーダーでの取り込みはございません。

■代替手段
","■原因

■対策
システムの操作方法という事であれば、伝票一覧などの画面より該当伝票の訂正アイコンを押下後、訂正入力することで赤黒伝票（取消伝票＋訂正伝票）の作成が可能です。
その際、赤黒伝票の伝票日付は6月、7月いずれの月でも入力は可能です（例：通常伝票と同じく6月5日とする、訂正作業実施日の7月XX日とする等）ので、OneSAP側で取込が可能な日付(※)をご入力いただければと思います。
　※伝票日付が6月の伝票をOneSAPへ送信すると取込エラーになるのではと推測しております。　

2021/8/5追記 IKC青井
OneSAPとユーザ側で調整確認済み。
クローズとする。",オフラス,,●,,,,,,,,,2021/08/05,仕様通り,確認完了,,,,,,,,,,,,,,,,,,,,,,,,,,,,,,,,,,,,,,,
,394,2021/07/30,北海道,YJP村上,柴田裕,北海道オフラスブレンドシミュレーション実行不可,Q1：後続テスト実施不可,K：ブレンドシミュレーション,その他,,"■発生日：2021/07/29
■対応希望日：即日
■事象
ブレンドシミュレーション実行タイムエラーで実行不可
■あるべき姿
ブレンドシミュレーションが実行できる
■代替手段
なし","■原因
保守_問題点管理表No.324と同様です。
発生時のログを以下の出光BOXに格納いたしました。
https://app.box.com/folder/142287335082
内容をご確認願います。

APサーバ、DBサーバの再起動後、再実施していただくことでリカバリ対応済み
■対策
保守_問題点管理表No.324にて対策（管理）することから、本件は「対応不要」にてクローズいたします。",IKC,,●,,,－,,,,,,2021/07/30,環境設定,対応不要,,,,,,,,,,,,,,,,,,,,,,,,,,,,,,,,,,,,,,,
,395,2021/07/30,北海道,YJP村上,柴田裕,北海道オフラス試験依頼不可,Q1：後続テスト実施不可,E：品質管理,その他,,"■発生日：2021/07/29
■対応希望日：即日
■事象
品質管理IF 試験依頼から試験登録を行うと、登録中のまま進捗しない
■あるべき姿
試験管理と疎通ができる
■代替手段
なし","■原因
保守_問題点管理表No.324と同様です。
APサーバ、DBサーバの再起動後、試験管理から品管削除後、再度、運転管理から試験依頼を実施することでリカバリ対応済み
■対策
保守_問題点管理表No.324にて対策（管理）することから、本件は「対応不要」にてクローズいたします。",IKC,,●,,,－,,,,,,2021/07/30,環境設定,対応不要,,,,,,,,,,,,,,,,,,,,,,,,,,,,,,,,,,,,,,,
,396,2021/07/30,北海道,YJP村上,柴田裕,北海道オフラス作業状況表示不具合,Q1：後続テスト実施不可,C：進捗管理,その他,,"■発生日：2021/07/29
■対応希望日：即日
■事象
進捗管理ー作業状況表表示で進捗が変わらない。
　出荷中なのに準備中で流量が出ない。
　出荷終了していても作業中になっている。
　協定書ボタンが出ない。
■あるべき姿
OMCと進捗があう。
■代替手段
DCS　流量計値をもって、協定数量確定、協定書手書き発行で船離散
","■原因
保守_問題点管理表No.324と同様です。
APサーバ、DBサーバの再起動後、再実施（伝文再送信）していただくことでリカバリ対応済み
■対策
保守_問題点管理表No.324にて対策（管理）することから、本件は「対応不要」にてクローズいたします。",IKC,,●,,,－,,,,,,2021/07/30,環境設定,対応不要,,,,,,,,,,,,,,,,,,,,,,,,,,,,,,,,,,,,,,,
,397,2021/07/30,北海道,YJP村上,柴田裕,北海道オフラス生産シフト計画不可,Q1：後続テスト実施不可,B：作業計画管理,その他,,"■発生日：2021/07/29
■対応希望日：即日
■事象
生産シフトJOBを登録時、または、OMC設定時に計画情報の送信に失敗する
■あるべき姿
計画情報送信に失敗しない
■代替手段
なし
","■原因
保守_問題点管理表No.324と同様です。
APサーバ、DBサーバの再起動後、再実施（JOBNo設定）していただくことでリカバリ対応済み
■対策
保守_問題点管理表No.324にて対策（管理）することから、本件は「対応不要」にてクローズいたします。",IKC,,●,,,－,,,,,,2021/07/30,環境設定,対応不要,,,,,,,,,,,,,,,,,,,,,,,,,,,,,,,,,,,,,,,
,398,2021/07/30,北海道,YJP村上,柴田裕,北海道オフラス品転ロット未反映,Q1：後続テスト実施不可,E：品質管理,その他,,"■発生日：2021/07/29
■対応希望日：即日
■事象
21/7/30　に05A03キ゛ョクシ品転を登録したがタンク最新ロットに反映されない
■あるべき姿
品転がタンクロットに反映される
■代替手段
OMCでロット無しSKIP
","■原因
保守_問題点管理表No.324と同様です。
APサーバ、DBサーバの再起動後、再実施（試験管理から総合判定結果伝文の再送信）したことでリカバリ対応済み
■対策
保守_問題点管理表No.324にて対策（管理）することから、本件は「対応不要」にてクローズいたします。",IKC,,●,,,－,,,,,,2021/07/30,環境設定,対応不要,,,,,,,,,,,,,,,,,,,,,,,,,,,,,,,,,,,,,,,
,399,2021/07/30,北海道,青井圭介,柴田裕,北海道オフラス伝票不具合,Q1：後続テスト実施不可,I：伝票発行管理,帳票,,"■発生日：　2021/7/29
■発生拠点：　北海道製油所 
■対応希望日：　明日中
■事象
伝票帳票出力においてデータ出力不可。
何回か出力させると正常に出せる時がある。 
■あるべき姿
性状にデータ取得する。
■代替手段
何回もトライしてデータを取得する。
 
","■原因
保守_問題点管理表No.324と同様の問題が発生したため。

■対策
AP/DBサーバ再起動後の帳票再出力で、問題無いことを現地確認済みのため対応不要。
クローズとする。
サーバ不調の原因は、保守_問題点管理表No.324で管理する。
",IKC,,●,,,－,,,,,,2021/07/30,環境設定,対応不要,,,,,,,,,,,,,,,,,,,,,,,,,,,,,,,,,,,,,,,
,400,2021/07/30,北海道,青井圭介,柴田裕,北海道オフラス帳票出力NG,Q1：後続テスト実施不可,B：作業計画管理,帳票,,"■発生日：　2021/07/29
■発生拠点：　北海道製油所
■対応希望日：　明日中
■事象
作業計画の帳票出力において、DB問い合わせに失敗する。
何度かトライすると、成功するときもある。
（海上出荷帳票で多発？）
■あるべき姿
正常にデータを取得する。
■代替手段
何度かトライする。
","■原因
保守_問題点管理表No.324と同様の問題が発生したため。

■対策
AP/DBサーバ再起動後の帳票再出力で、問題無いことを現地確認済みのため対応不要。
クローズとする。
サーバ不調の原因は、保守_問題点管理表No.324で管理する。
",IKC,,●,,,－,,,,,,2021/07/30,環境設定,対応不要,,,,,,,,,,,,,,,,,,,,,,,,,,,,,,,,,,,,,,,
,401,2021/08/03,千葉,YJP吉永,伊藤祐希,千葉オフラスジェット出荷証明項目追加,Q3：後続テスト実施可能,B：作業計画管理,B：作業計画管理,ジェット出荷証明書,"■発生日：2021/08/02
■対応希望日：
■事象
ジェット出荷証明書に「析出点」という項目を追加したいと製造技術部より依頼がありました。
■あるべき姿
ジェット出荷証明書に「析出点」項目が表示される。

改修ポイントは以下で想定しておりますが、追加をご確認いただき対応作業見積もりをお願いいたします。
１．帳票：出力項目の追加 
２．画面：ジェット出荷証明入力画面に「析出点」の追加
３．DB：「析出点」の項目追加

・問題点エビデンス
https://app.box.com/folder/142534350621
：【見積依頼】千葉オフラスジェット出荷証明項目追加.msg

※画面と帳票で担当が異なる為、帳票担当分は保守問題点No.420に分割しました。
　本件は、画面担当分のみのインシデント対応となります。
■代替手段
","■原因
仕様通りです。

■対策
2021/08/03 YJP追記
仕様変更にて対応致します。
まずは仕様の整理をさせていただきます。

2021/08/18 YJP追記
仕様について、確認させていただきたく思いますので、以下に詳細な資料を格納しました。
https://app.box.com/folder/142534350621
：【No401】千葉オフラス_ジェット出荷証明書_析出点項目について_.xlsx

2021/09/21 YJP追記
対応を開始しています。

2021/09/27 YJP追記
以下に検証エビデンスを格納しました。
ご確認お願い致します。
https://app.box.com/folder/146652566358
：【No401】ジェット出荷証明書に「析出点」項目追加対応.xlsx

2021/9/28 YJP追記
ターゲット環境へのリリースについては、全所のタイミングを合わせて実施予定のため、現在、IKC様にて調整中とのことです。",オフラス,●,●,●,●,●,,,,"2021/09/30
提出予定",2021/11/19,2022/02/25,仕様変更,確認完了,No.911,,,,,"以下のように対応します。
①VIBP080302_ジェット出荷証明書編集画面に以下のアイテムを追加します。
　・テキストボックス「析出点」
　・チェックボックス「前荷 ガソリン」　
　・チェックボックス「前荷 軽油」
②TIBB006_ジェット出荷証明書に以下のカラムを追加します。
　・析出点
　・前荷ガソリンフラグ
　・前荷軽油フラグ
③追加するアイテムの必須入力チェックは以下になります。
１．「ドライ確認後、灯油でフラッシング」かつ「前荷　ガソリン」にチェック　⇒　引火点が必須
２．「ドライ確認後、灯油でフラッシング」かつ「前荷　軽油」にチェック　　 ⇒　析出点が必須
３．「ドライ確認後、灯油でフラッシング」かつ「前荷　両方」にチェック　　 ⇒　両方が必須
④試験項目「析出点」の試験項目略号を、システム定数に定義します。
　初期表示は、出荷検査のロットから析出点の試験結果を取得し、表示するように対応します。
　チェックボックスの初期値は以下のように対応します。
　　　・引火点が設定されている場合、「前荷 ガソリン」にチェック有
　　　・析出点が設定されている場合、「前荷 軽油」にチェック有
　また、ジェット出荷証明書登録時にTIBB006に析出点を登録するように対応します。",仕様変更承認済,2.5人日,4.5人日,1.5人日,2.0人日,1.0人日,対応依頼,,,,,2021/09 21K2D025-018/019,,,,,,,,,,,,,,,,,,,,,
,402,2021/08/04,千葉,YJP大武,伊藤祐希,千葉_製油所受払月報チェックリストについて,Q3：後続テスト実施可能,G：マスバランス,G：マスバランス,製油所受払月報チェックリスト,"■発生日：　2021/8/4

■発生拠点：　千葉事業所

■対応希望日：　即日

■事象
　【ご相談事項】
　①添付の「１）０．５A重油の３００,０００L」はどのように算出されているのでしょうか。
　② 「外貨品受払エラー　外貨（製品＋半製品）」の想定値は、１,４９０,４１８Lに対し、１,１９０,４１８となっております。
　どのように算出されているのでしょうか。
　【背景】
　上記事象は、下記の操作を実施後に発生いたしました。
　ＭＤＯの外貨在庫３００,０００Lを１）０．５A重油の外貨在庫３００,０００Lに変更し、登録
　添付のとおり、2～5ページのデータは問題ないことを確認しております。
　このため、①②が齟齬が生じているように伺えます。

","■原因
本件、仕様通りです。
データを確認したところ、以下の内容でした。

製油所受払月報チェックリストの表示条件は以下の通りです。
・①外貨受払エラーについて
　勘定コード「0:商品」、税区分「01:外貨」で品名分類「1:商品」または「2:副製品」で生産数量が0ではない場合
　→今回の事例では1)0.5Aの生産数量が300,000になっているため、表示されています。
　　→1)0.5Aは勘定コード「0:商品」で、原価品名区分が「1」かつ、原油でも揮発油でもないため、
　　　受払の合計数量が0以上の場合は、算出生産数量に受払の合計数量が設定されます。
　　　　受払の合計　＝　(月末在庫＋出荷＋増減払出)－(前月在庫＋入荷＋処理生産＋納税転換＋調合転換＋品位転換＋荷姿転換＋勘定転換＋増減受入)
　　　　→今回、在庫修正設定で変更したため、オフラスDB上は在庫300,000以外の項目が0であり、受払いの合計が300,000になりました。
　　　　　受払の合計が0以上のため、300,000は算出生産数量に計上され、チェックリストに表示されるようになっております。
　　　　　上記の事由により、正常な挙動です。

・②外貨品受払エラー　外貨ー(製品＋半製品)について
　製品・半製品勘定数量が0ではないまたは、原油勘定数量が0ではない場合に表示されます
　
　製品・半製品勘定数量は勘定コードが0:商品、または2:半製品で税区分が01:外貨品のデータで算出しますが、
　システム定数の「外貨品受払チェック対象外品」は除外します。
　この外貨品受払対象外品の中に、MDO(12120294)が含まれております。
　
　→今回MDOの300,000L(外貨受払チェック対象外品)を1)0.5A重油300,000L(外貨受払チェック対象)に変えたため
　　想定値より300,000L少ない値となりました。
　　上記の事由により、正常な挙動です。

■対策
本件、対応不要とさせていただきます。",オフラス,,,,,,,,,,,2021/08/05,仕様通り,対応不要,,,,,,,,,,,,,,,,,,,,,,,,,,,,,,,,,,,,,,,
,403,2021/07/18,千葉,EXE鶴岡,伊藤祐希,海上出荷流量計積算記録表の添加剤数量不具合,,,帳票,海上出荷流量計積算記録表,"■発生日：　2021/7/18
■発生拠点：　千葉事業所
■対応希望日：　1か月以内
■事象
　海上出荷流量計積算記録表（日報）でG-2のLI数量がJOB実績と合わない。
　7/18は合わないが7/19はあっている。
■あるべき姿
　正しい添加剤数量が表示される。
■代替手段
　実績処理はJOB実績側の数量で確定済み","■原因
シートに不要な値が入っていた為
正常な値＋不要な値で表示されていた
■対策
不要な値の削除",自営帳票,,,,,,,,,,2021/08/26,2021/08/31,,確認完了,,,,,,,,,,,,,,,,,,,,,,,,,,,,,,,,,,,,,,,
,404,2021/08/10,千葉,YJP村上,伊藤祐希,通関業者輸入申告情報入力画面不具合,,F：外航通関,F：外航通関,通関業者輸入新情報入力,"■発生日：2021/08/06
■対応希望日：2021/08/19
■事象
IBP許可後、通関業者輸入申告情報入力画面で確定をクリックしたが、メッセージが出て確定できない。
■あるべき姿
確定できるようにする
■代替手段
なし","■原因
保守_問題点管理表No.389と同件です。
■対策
保守_問題点管理表No.389にて対応させていただくことから、
本件、対応不要にてクローズいたします。
",オフラス,●,●,,,－,,,,,,2021/08/11,AP・コーディング,対応不要,,,,,,,,,,,,,,,,,,,,,,,,,,,,,,,,,,,,,,,
,405,2021/08/10,北海道,EXE鶴岡,柴田裕,北オフラス陸上出荷,,,帳票,作業シート：陸上出荷作業,"■発生日：　2021/8/5
■発生拠点：　北海道製油所
■対応希望日：　1週間程度
■事象
北海道オフラス　陸上出荷作業シートの固定文字部を更新していますので
ご対応の程お願い致します。
■あるべき姿
BEFORE AFTERを添付いたします。
■代替手段
なし","■原因
文言修正依頼
■対策
2021/08/10
修正エビデンス送付",自営帳票,●,,,,,,,,,2021/08/18,2021/09/01,仕様変更,確認完了,,,,,,,,,,,,,,,,,,,,,,,,,,,,,,,,,,,,,,,
,406,2021/08/16,北海道,YJP那須,柴田裕,オフラス連携データエラーについて,,I：伝票発行管理,I：伝票発行管理,"伝票送信
（OneSAP取込）","■発生日：　2021/8/11
■発生拠点：　北海道製油所
■対応希望日：　1週間以内
■事象
OneSAP側のエラー内部検知により、オフラス連携データのエラーを確認しました。
ユーザ様へ対応依頼を案内し、その後問題事象は解決しておりますが、その原因についてオフラス側で確認頂きたく、ご連絡させていただきました。

※以下は問合せメールの転記になります
　エラーが出ていた2件ですが、2件とも社外にしていないのに社外になっていた事が原因のようです。
　エラーでた2件は修正しております。北祐丸の黒を送れば完了です。
　通常社外にする場合は、船車コードを　98999　にすると社外になるのですが今回2件とも　98999　にしていないのに　社外になってしまっておりました。調査していただけると助かります。

　エラー①
　■対象データ
　　　入力店基地コード　0010000011：北海道製油所
　　　伝票日付　　　　　　210804
　　　取引先ＮＯ１　　　　6973500170：郵船商事株式会社（日本郵船）
　　　取引先ＮＯ２　　　　6973500170：郵船商事株式会社（日本郵船）
　　　品目 　　　　　　　　F03979000：ＢＦ　ＬＳＦＯ（０．５Ｃ）　バラ　商品　※品名：12310018
　■エラー原因
　　　受注伝票の追跡番号とオフラス連携の船車コードが一致しない。
　　　・受注伝票　：　98999（B98999）
　　　・オフラス　：　01516
　エラー②
　■対象データ
　　　入力店基地コード　 0010000011：北海道製油所
　　　伝票日付　　　　　　210808
　　　取引先ＮＯ１　　　　 3916500201：昭和シェル石油株式会社（融通）
　　　取引先ＮＯ２　　　　 3916502905：昭和シェル石油（株）塩釜油槽所
　　　品目　　　　　　　　　F03979000：軽油　バラ　商品　※品名：11520108
　■エラー原因
　　　受注伝票の輸送形態とオフラス連携の輸送形態が一致しない。
　　　・受注伝票　：　06（当方 タンカー）
　　　・オフラス　：　16（先方 タンカー）
　■添付ファイル
　　　対象の連携データ.XLSX
　　　※対象データのファイルを添付いたしますので、併せてご確認をお願いいたします。
　□ITサポートデスクアプリコメント
　　　本件、すでにOneSAP側にて訂正データの連携は確認しております。
　　　OneSAPでは輸区、輸型は連携データをそのまま用いているので、原因につきましてはオフラス側にてご確認をお願いいたします。
■あるべき姿
　正しい値が連携される。
■代替手段
　OneSAP側で訂正データ確認済みのため解決済み。（原因調査依頼のみ）","■原因
　OneSAPからのオンラインオーダ受信で、船車コード：98999, 輸送形態「1：社外」を受信しています。
その為、オーダ確定時にオンラインオーダで受信した伝文の内容をそのまま伝票発行管理に連携する為、「1：社外」となります。尚、ボンド出荷オーダ編集画面から、オーダ確定時に船車コードを01516に変更していますが、その際、輸送形態を「0：社内」　に変更し、伝票発行管理に連携するような仕様はありません。

■対策
　・伝票の画面から輸送形態の変更を行う。
　・又は、オーダ確定前にOneSAPから、輸送形態を「0：社内」に変更した変更伝文を送信いただく。
　　※既にオーダ確定済みのオーダに対して、変更伝文を送信した場合は、保留オーダとなる為、オンラインオーダ情報修正画面からオーダの再登録を行っていただく。",オフラス,,,,,,,,,,,2021/08/19,仕様通り,確認完了,,,,,,,,,,,,,,,,,,,,,,,,,,,,,,,,,,,,,,,
,407,2021/08/16,北海道,EXE鶴岡,柴田裕,北オフラス実績修正挙動について,,,帳票,入出荷作業報告書,"■発生日：　2021/8/8
■発生拠点：　北海道製油所
■対応希望日：月内
■事象
オフラスにて実績ファイルメンテで作業品名修正をしたが
入出荷作業報告書で品名が変わらなかった。
（当該JOBは親JOBだから？）
・他の単品入荷JOBで品名変更すると帳票に反映される。
■あるべき姿
品名をファイルメンテで更新すると作業報告書に反映される。
■代替手段
手書き修正","■原因

■対策

2021/08/16　EXE
対応中",自営帳票,,,,,,,,,,2021/08/25,,,確認完了,,,,,,,,,,,,,,,,,,,,,,,,,,,,,,,,,,,,,,,
,408,2021/08/17,北海道,YJP小笠原,柴田裕,出荷試験依頼から特定の船ロット試験依頼ができない,Q2：代替手段により後続テスト実施可能,B：作業計画管理,M：マスタ管理,出荷試験依頼,"■発生日：2021/08/16
■対応希望日：1週間以内
■事象
出荷試験依頼において特定の船の試験依頼が出来ない。（登録を押すと”試験依頼用船名が未指定です”）
船名＝しなつ（船マスタには船の登録あり）
■あるべき姿
試験依頼ができる。
エラーに対しての原因をご教授願います。
■代替手段
試験依頼を一から作成。","■原因
船マスタの「船名(IRIS)」が未設定のためです。
船ロットの試験依頼では、この項目をロットNoのサンプル採取場所名として使用しています。
■対策
船マスタの「船名(IRIS)」を設定してください。
",IKC,,●,,,－,,,,,,2021/08/17,データ不備,確認完了,,,,,,,,,,,,,,,,,,,,,,,,,,,,,,,,,,,,,,,
,409,2021/08/18,北海道,EXE鶴岡,柴田裕,北海道作業シート変更依頼,,,帳票,作業シート：入荷作業,"■発生日：　2021/8/18
■発生拠点：　北海道製油所
■対応希望日：　1WEEK以内
■事象
■あるべき姿
北海道オフラス
作業シート：1.入荷作業シート（S/B）、2.入荷作業シート（S/B以外）、3.装置受払作業シート、
　　　　　　以上のシートにおいて”Wチェック”項目の削除

　　　　　　1.北海道パワーエンジニアリング　作業シート
　　　　　　2.北海道電力　作業シート
   　　　　以上のシートにおいて”TI-●●-11　~　”の文言を追加
添付参照
■代替手段
なし","■原因

■対策",自営帳票,,●,,,,,,,,2021/08/25,2021/09/01,,確認完了,,,,,,,,,,,,,,,,,,,,,,,,,,,,,,,,,,,,,,,
,410,2021/08/18,千葉,YJP大武,伊藤祐希,オフラス_商品管理_原油実績編集_入荷実績計算書について,Q3：後続テスト実施可能,G：マスバランス,G：マスバランス,"入荷実績計算書
原油タンク受払実績","■発生日：　2021/8/17

■発生拠点：　千葉事業所

■対応希望日：　8/23まで　

■事象
以下の確認事項について、回答をお願いいたします。


【ご教授頂きたいこと】
①	原油の揚荷実績（入荷JOB実績）に基づいて、入荷実績計算書の原油種の揚荷順を変更したいときは、添付①の入荷実績計算書の緑枠内の品名、および、数量を編集する、の認識でよろしいでしょうか。
誤りの場合、対応方法をご教授頂きたく、よろしくお願いいたします。
正しい場合、これを編集し、計算・更新することで、添付②のマスバランスの原油タンク受払実績にも反映されるのでしょうか。
・お伺いの背景：添付③のJOBの品名順（添付赤枠内）と実揚の原油種の揚荷順（青枠、JOB実績の順番も同じです。）が異なる場合において、入荷実績計算書の原油揚荷順がJOBの品名順になっておりました。
これを実揚の原油種の揚荷順に変更したいのです。（原油タンクの油種構成、および、油種の揚荷数量を正しく反映するためです。）
②	原油入荷実績計算書のデータ引用元について、下記と認識しておりますが、合っておりますでしょうか。（詳細は添付の「原油揚荷実績編集」をご参照ください。）","■原因
本件について、画面での対応イメージを以下に格納いたしました。
(三鷹環境にも存在する7/12のYAMATOGAWAを使った例を作成いたしました。)
https://app.box.com/folder/143615820692
【No410】マスバランス_入荷実績計算書の荷揚げ順変更

以下回答いたします。
①データ取込後は入荷実績計算書と原油タンク受払実績の連動はありません。
　入荷実績計算書の修正後、原油タンク受払実績を修正して下さい。
　最後に、在庫計算更新を実施いただければ在庫計算され、入荷される品名が変わると思います。
　※在庫計算更新は、修正した対象の日から、直近(本日)まで忘れずに実施するようにしてください

②入荷実績計算書は、油種の設定順で、JOBの設定順になっております。
　ご認識の通りと思っております。

■対策
本件、資料をご確認の上、画面からメンテナンスいただきたく思います。
進捗を確認中とさせていただきますので、問題が解消されましたら、クローズしてください。

2021/8/19 IKC
ユーザより完了連絡があったためクローズとする。
",オフラス,●,－,－,－,,,,,,,2021/08/19,仕様通り,確認完了,,,,,,,,,,,,,,,,,,,,,,,,,,,,,,,,,,,,,,,
,411,2021/08/18,北海道,YJP大武,柴田裕,原油比率,Q3：後続テスト実施可能,D：実績管理,D：実績管理,原油・比率管理品名一覧,"本件、愛知FATにて発生した問題点です。(PJT問題点管理No3009より転記)
愛知製油所では当該画面を使用しないため、権限設定にて、非表示とし、対応完了予定ですが、
北海島製油所では利用されている画面の為、北海道製油所向けに本件起票します。

■発生日
2021/07/16
■対応希望日
2021/07/23
■事象
実績管理のメニュー画面で「原油比率」を押下するとjavaのエラーが出力される。
※運転管理、製油所モニタの双方共同じ事象です。
（問題を分割必要が有れば必要に応じて分割して下さい）
■あるべき姿
Javaのエラーは出力されない事
データが無くて表示できない場合は「データなし」をメッセージする。
■代替手段
無し
■エビデンス格納済
https://idemitsu.ent.box.com/file/834438779059
【No3009】実績管理_原油比率画面表示時にjavaのエラーが表示される.xlsx
","■原因
原油比率算出時の端数処理にて、計算が誤っておりました。
端数処理の対象油種の選定が誤っておりました。
その結果、管理範囲の幅に収まらないデータが作成される場合があり、
管理範囲に収まらないデータだけになってしまった場合に本件事象(画面が表示できなくなる)が発生しております。

■対策
原油比率算出時の端数処理の計算誤りを修正します。
想定外のデータのみになった場合にも画面が展開できるように修正します。

2021/08/25
修正エビデンスを以下に格納しました。
https://app.box.com/folder/144184352932
【No411】実績管理_原油タンク比率がマイナスになる",オフラス,,,,,,,,,2021/08/25,2021/09/09,2021/10/18,AP・コーディング,確認完了,,,,,,,,,,,,,,,,,,,,,,,,,,,,,,,,,,,,,,,
,412,2021/08/23,北海道,庄司大樹,庄司大樹,オフラス製油所モニター画面にて、特例なのに特例マークがついていない,,N：製油所モニタ,L：試験管理,"オーダー一覧/可否判断
日別情報","■発生日：  2021/07/19
■対応希望日： 9月中旬まで
■事象
　オフラス製油所モニタのオーダ画面にて一般と表示されるものがある。これについて品名をクリックする事で規格を参照すると、特例になっており矛盾している。
※No.412エビデンスあり
■あるべき姿
特例と表示されること
■代替手段
","■原因
2021/09/13 YJP追記
オーダ管理調査しました。
需要家が「一般」と表示されているオーダですが、試験管理システムからのC21：需要家区分取得依頼応答伝文にて、需要家区分（種別）「0：一般」を受信している為になりますので、試験管理側でご確認いただけますでしょうか。
運転管理から試験管理システムに渡しているパラメータは、以下になります。
　・取引先No1コード：0010000003
　・取引先No2コード：0010000224
　・取引先No2補助：00000
　・海上ゾーンコード：01006
　・国内フラグ：1（国内）
　・統一品名略号：G-2

2021/09/27　YJP追記
需要家区分取得の際、一般需要家・グレードあり・特例の規格に対して、グレードなし(0000000000)のグレードコードを持つ規格は取得対象外としていた。このため、今回の対象となっていなかったために特例となっていなかった。
規格取得ではグレードなし(0000000000)も対象としているため、規格取得条件を統一するプログラム修正をを行う。

■対策
設計不備として、需要家区分取得の際、規格取得と同じように、一般需要家・グレードあり・特例の規格に対して、グレードなし(0000000000)のグレードコードを持つ規格も取得対象とする対応を行う。",オフラス,●,●,●,●,,,,,2021/10/01,2021/10/06,2021/10/06,設計不備,確認完了,,,,,,,,,,,,,,,,,,,,,,,,,,,,,,,,,,,,,,,
,413,2021/08/23,千葉,YJP小笠原,伊藤祐希,出荷ロット確認画面と出荷試験依頼画面がjavaエラーで展開できない,Q2：代替手段により後続テスト実施可能,B：作業計画管理,B：作業計画管理,出荷ロット確認画面、出荷試験依頼画面,"■発生日：2021/08/22
■対応希望日：2021/08/23
■事象
8/23の作業計画-出荷ロット、試験依頼画面がjavaエラーで表示できない。
本日の出荷に関わるBL8のロットで基材情報がないロットを作成してしまっていると想定される。
https://app.box.com/folder/143976992128
■あるべき姿
原因の調査とおかしいロット（A2-10820-08-B8）の削除
■代替手段
手動で試験依頼登録

2021/08/23 伊藤
試験管理側から上記のおかしいロットを削除したため、データパッチは不要。
","■原因
調査中です。

2021/09/13 YJP追記
弊社環境にて、試験管理システムから削除したロットを復活させて確認を行いましたが、
再現を確認できません。Javaエラーの内容を確認できませんでした。
また、Javaエラー発生時点のログも既に削除されてしまっていた為、確認することができませんでした。
■対策
本件は、一旦「再現待ち」とさせていただきたく思います。
今後、同様の現象が発生した場合、発生した時点のDBダンプを連携いただきますようお願い致します。

2021/11/25 YJP追記
本件発生以降、同様の事象が発生していないため、クローズとさせて頂きます。
同様の事象が再発した際は、新規起票させて頂きます。
",オフラス,●,,,,－,,,,,,2021/11/25,再現待ち,確認完了,,,,,,,,,,,,,,,,,,,,,,,,,,,,,,,,,,,,,,,
,414,2021/08/23,千葉,YJP増田,青井圭介,製油所モニターの画面が参照できない,Q1：後続テスト実施不可,X：共通,その他,製油所モニター,"■発生日：
■対応希望日：
■事象
千葉オフラスモニターにて、「404 Notfound」エラーが発生し、画面が参照できない状態となった。
IKC様にて、APサーバ・DBサーバを再起動頂いたが、解消しなかった。

■あるべき姿
オフラスモニターの画面が参照できること

■代替手段
","■原因
製油所モニタサーバにて、UIサービス関連のデプロイ状態を示すファイルの拡張子が異常状態となっていたため、
サービスが正常に起動せず、「404 Notfound」エラーが発生しておりました。
拡張子を修正し、FREESIA_UIサービスの再起動によって、FREESIA_UIサービスが正常に起動し、
製油所モニタサーバーの画面が参照できることをご確認頂きました。
原因については、製油所モニタサーバのログを取得させて頂き、調査致します。

■対策
2021/10/11 YJP追記
　2021/8/22 2:57:44に「プロトコル違反検知に伴う、FREESIA_UIサービスの再起動」が実施されております。
（PJT問題点No.1009,保守問題点No.259対応として組み込んだ機能です）
　その際、ojdbcのデプロイでエラーとなり、サービスが正常に起動していない状態となっておりました。
　デプロイのエラーについては、Oracleのプロトコル違反が発生しており、不正な状態であったことが要因として考えられます。
　プロトコル違反検知に伴う、FREESIA_UIサービスの再起動の対応については、2019/8/8に千葉へリリースしており、リリース後～本件の発生まで、また、本件の発生以降も同様の事象は発生しておらず、
　2021/2/10に北海道にも同様の対応をリリースしておりますが、こちらもリリース後、同様の事象は発生しておりません。
　上記のことから、「再現待ち」とさせて頂きたく思います。

2021/11/25 YJP追記
本件発生以降、同様の事象が発生していないため、クローズとさせて頂きます。
同様の事象が再発した際は、新規起票させて頂きます。",オフラス,,●,,,,,,,,,2021/11/25,再現待ち,確認完了,,,,,,,,,,,,,,,,,,,,,,,,,,,,,,,,,,,,,,,
,415,2021/08/25,千葉,EXE鶴岡,青井圭介,オフラス_石化授受実績表について,,I：伝票発行管理,帳票,石化授受実績表,"■発生日：2021年8月2日（事象の該当日）
■発生拠点：千葉事業所
■対応希望日：8月27日（金）午前中まで　
■事象
8月2日の２）石化用フルレンジナフサ、および、２）ライトナフサ（C5）の出荷の帳票出力値が、出荷伝票、および、SAPと異なる。
（出荷伝票とSAPは同値。詳細は添付のPPTをご参照ください。）
ご教授頂きたいこと：添付メールにおいて、以前に本出荷の取消伝票に関する対応を情報システム部から実施頂いたと、ご連絡を受領しました。
この対応が今回の帳票出力値に関連している可能性はございますでしょうか。関連している場合は、どのように影響をしているのか、ご教授頂けますと幸甚です。
■あるべき姿
8月2日の２）石化用フルレンジナフサ、および、２）ライトナフサ（C5）の出荷の帳票出力値が出荷伝票、および、SAPの値と同値になる。
同値にさせるための対応方法などをご教授頂けたらと存じます。
■代替手段
不明","■調査結果

自営帳票：ユーザ指摘箇所のデータは「TTIX002/SLIP_QTY」を参照

オフラス側：IKCより当該テーブルデータへの影響有無を確認依頼。

本件、簡単に申しますと、
「OneSAPで受信エラーとなり存在しなかった伝票は、オフラスには存在しているため」
と言えるかと思います。
経緯から辿ると(以下ではFRNを例にとります)
１．7/31の問題伝票を訂正するための訂正伝票を誤って8/2で作成してしまった(結果訂正ができていない)
　　8/2赤伝　-4315.900　※この伝票はエラーとなったためOneSAPには登録されていないが、オフラスには存在する
　　8/2黒電　4315.900
２．7/31の問題伝票については新規で取り消し伝票を作成し、訂正した(もともとの問題である7/31伝票についてはこれでOK)
３．１．で誤って作成した伝票を取り消しした
　　8/2赤伝　-4315.900
４．上記の流れとは無関係に、本来の石化取引の伝票(伝票番号:50005)を受信した
　　8/2黒電　4314.400
OneSAPから見る8/2伝票は以下の通り
　　8/2黒電　4315.900　(１．で作成されたもの)
　　8/2赤伝　-4315.900　(３．で作成されたもの)
　　8/2黒電　4314.400　(４．で作成されたもの)
　　合計　4314.400
オフラスから見る8/2伝票は以下の通り
　　8/2赤電　-4315.900　(１．で作成されたもの)　 ※この伝票はエラーとなったためOneSAPには登録されていないが、オフラスには存在する
　　8/2黒電　4315.900　(１．で作成されたもの)
　　8/2赤伝　-4315.900　(３．で作成されたもの)
　　8/2黒電　4314.400　(４．で作成されたもの)
　　合計　-1.500

よって、１．で作成した赤伝を消込できるような伝票(フォロー伝票と呼称します)を作成いただき、
OneSAP側では、このフォロー伝票を取り込まないか読み捨てるか、削除するかを実施いただければ
オフラスの数量とOneSAPの数量で整合が取れるかと思います。

2022/04/13 IKC追記
既に問題解消しているためクローズ。",自営帳票,●,,,,－,,,,,,2022/04/13,仕様通り,確認完了,,,,,,,,,,,,,,,,,,,,,,,,,,,,,,,,,,,,,,,
,416,2021/08/25,千葉,YJP村上,伊藤祐希,JETA-1輸出引落し内容不具合,Q1：後続テスト実施不可,F：外航通関,F：外航通関,積戻実績詳細,"■発生日：2021/08/15
■対応希望日：8月24日まで
■事象
積戻し実績詳細画面の台帳引落情報と保税台帳詳細の引落し内容が不一致
■あるべき姿
積戻し実績詳細画面の台帳引落情報と保税台帳詳細の引落し内容が一致する
■代替手段
内容が一致していないが引落しは出来ている","■原因
積戻し実績詳細画面にて搬出数量（差引数量）を保税台帳に登録すべきところ、残数量を台帳に登録していたため。
今迄、保税台帳の残数量を全て引落しに当て嵌めていたことから発生しておらず、今回、残数量の一部を引落しに当て嵌めたことから発生しております。
■対策
画面に入力された引落し数量を加工せず、そのまま保税台帳の搬出数量に登録するように修正いたします。
改修版をリリースするまでは、データパッチにて積戻し数量、保税台帳を補正いたします。

2021/08/15にデータパッチ用の補正データを実務担当者様より取得
データパッチの検証エビデンスを8/27に提示、
ターゲットへのデータパッチは8/31までに実施いたします。（実務担当者様と調整済）

2021/08/27 YJP追記
データパッチの検証エビデンスを出光BOXに格納いたしました。
内容のご確認をお願いいたします。
https://app.box.com/folder/144375248806
【No416】JETA1台帳補正データパッチ検証エビデンス.xlsx

2021/09/06 YJP追記
検証結果エビデンスを出光BOXに格納いたしました。
内容のご確認をお願いいたします。
https://app.box.com/folder/145114499336
【No416】JETA1輸出と保税台帳の不一致対応.xlsx",オフラス,●,●,●,●,－,,,,2021/09/06,2021/10/13,2022/02/25,AP・コーディング,確認完了,,,,,,,,,,,,,,,,,,,,,,,,,,,,,,,,,,,,,,,
,417,2021/09/01,北海道,EXE鶴岡,柴田裕,入出荷作業報告書出力不備について,,,帳票,入出荷作業報告書,"■発生日：　2021/08/27
■発生拠点：　北海道製油所
■対応希望日：1週間以内 （なるべく早く）
■事象
北海道オフラスー入出荷作業報告書にて
27日付で8B/Tより
NPRG　2000KLとPXGZ　3020KLを揚荷しましたが、
報告書上ではNPRG　5020KLとして表記されています。
8/25のリリースの影響と思われる。
■あるべき姿
正しい実績を表示する。
■代替手段
手修正","■原因

■対策",自営帳票,,●,,,,,,,,2021/09/09,2021/10/18,,確認完了,,,,,,,,,,,,,,,,,,,,,,,,,,,,,,,,,,,,,,,
,418,2021/09/01,北海道,EXE鶴岡,柴田裕,入出荷作業報告書出力不備について,,,帳票,入出荷作業報告書,"■発生日：　2021/8/28
■発生拠点：　北海道製油所
■対応希望日：　1週間以内（なるべく早く）
■事象
北海道オフラス－入出荷作業報告書にて
どんぶり出荷の実績が出力できていない。
・S7幸洋丸 0.5A-3 どんぶりで計1000KL少し出荷しているが
　出力結果が異なる（エビデンス参照）
・S7幸洋丸 01A3JTOTトマ　の出力結果が異なる。
　－表示が有ったり、単品のような出力になっていたりする。
（エビデンス参照）
以前まで正しく出力されていたので8/25のリリースの影響（ハレーション）と思われる
■あるべき姿
どんぶり出荷も
■代替手段
手修正","■原因

■対策",自営帳票,,●,,,,,,,,2021/09/09,2021/10/18,,確認完了,,,,,,,,,,,,,,,,,,,,,,,,,,,,,,,,,,,,,,,
,419,2021/09/02,千葉,YJP張替,伊藤祐希,装置受払計画一覧表について,Q2：代替手段により後続テスト実施可能,B：作業計画管理,帳票,装置受払計画一覧表,"■発生日：　2021/9/1
■対応希望日：2週間以内
■事象
設備改造による新たな装置タグの追加のため装置受払計画一覧表に項目の追加をお願いします。
(3LH装置のLGO)
■あるべき姿

■代替手段
","■原因
設備改造による帳票の装置追加（ご要望）になります。
■対策
新規装置に対応したロジックを追加する必要があります。
対応については仕様変更で対応をさせていただきたく思います。",オフラス,,,,,●,,,,2021/11/14,2021/11/19,2022/02/25,その他,確認完了,,,,,,"千葉向けのレイアウトに対して、伊藤様より提供いただいた変更内容をもとに、レイアウトの修正を行います。
また、新規設備を対象とするロジックも追加いたします。",仕様変更承認済,0.5人日,1.0人日,0.5人日,0.5人日,0.5人日,対応依頼,,,,,2021/11 21K2D025-021,,,,,,,,,,,,,,,,,,,,,
,420,2021/09/06,千葉,YJP吉永,伊藤祐希,千葉オフラスジェット出荷証明項目追加,Q3：後続テスト実施可能,B：作業計画管理,B：作業計画管理,ジェット出荷証明書,"■発生日：2021/08/02
■対応希望日：
■事象
保守問題点No.401から分割しました。
※画面と帳票とで担当が異なる為、本件は帳票担当分のみの問題点となります。

ジェット出荷証明書に「析出点」という項目を追加したいと製造技術部より依頼がありました。
■あるべき姿
ジェット出荷証明書に「析出点」項目が表示される。

改修ポイントは以下で想定しておりますが、追加をご確認いただき対応作業見積もりをお願いいたします。
１．帳票：出力項目の追加

・問題点エビデンス
https://app.box.com/folder/142534350621
：【見積依頼】千葉オフラスジェット出荷証明項目追加.msg
■代替手段
","■原因

■対策
2021/11/09 EXE
修正→リリース済み",自営帳票,●,●,●,●,●,,,,,2021/11/19,2022/02/25,仕様変更,確認完了,,,,,,,,,,,,,,,,,,2021/09 21K2D025-015,,,,,,,,,,,,,,,,,,,,,
,421,2021/09/06,千葉,YJP大武,伊藤祐希,製油所受払月報チェックリストについて,Q1：後続テスト実施不可,G：マスバランス,G：マスバランス,製油所受払月報チェックリスト,"■発生日：　2021/9/3

■発生拠点：　千葉事業所

■対応希望日：　9/6中

■事象
首題の件、ファイルボランチのの製油所受払月報チェックリストの外貨品受払エラーについて、
14：37から16：22の作成日時の間に、特に実績などを編集していないのですが、
この値が7,143,216⇒-33,549,917へ変わってしまいました。

この値が変化するような処理などが別のところで現在されているのでしょうか、
恐れ入りますが、状況のご確認を頂けますと幸いです。

■あるべき姿
ー

■代替手段
なし
","■原因
本件、仕様通りの認識です。
データを確認したところ、実績の更新は行われていないとのことでしたが、AHの入荷実績数量が0になっておりました。
別件でお話いただいている、オフラスに存在しないAHの訂正伝票の件があり、実際には実績が変動しておりました。
問題点として挙げられている製油所受払月報チェックリストの変化分が7,143,216⇒-33,549,917(差分は40,693,133)で、訂正された伝票分と合致しています

この伝票操作により、原油(AH)の入荷量が減って、他の原油(KW)から品転せざるを得なくなり、他の原油(KW)が品転分数量減になり、生産数量が減じることになった。
そのため、外貨品受払エラー原油ー(製品＋半製品)の計算結果が減じることになり、7,143,216⇒-33,549,917ということになった。

■対策
本件は仕様通りです。
対応不要といたします。
",オフラス,,,,,,,,,,,2021/09/06,仕様通り,対応不要,,,,,,,,,,,,,,,,,,,,,,,,,,,,,,,,,,,,,,,
,422,2021/09/06,千葉,YJP那須,青井圭介,LPG出荷伝票取り込みエラー,Q1：後続テスト実施不可,I：伝票発行管理,Y：通信管理,BINAS向け伝票送信,"■発生日：2021/8/23
■対応希望日：2021/9/6
■事象
8/20、21分のLPG出荷伝票の取り込みができていないことが判明しました。
File Volante、SAPともに伝票実績が反映されておらず、マッチングエラーの連絡は来ておりません。
恐れ入りますが、上記伝票が何のエラーで引っかかっているのかご確認頂き、対応をご教授頂きたく、お願いいたします。

追加問合せ①（回答①に対する質問）
該当のファイルがございました。こちらEAI再取り込みを実施します。
その際の設定情報は以下で間違いないでしょうか。
　スポーク：SBM_A0207_S
　メッセージID：FFX3102R2

追加問合せ②
BINAS側の受付仕様回答を基に、本件の対象伝票をオフラスより再送しましたが、BINAS側の受付が3営業日までだったことがわかり、チェックエラーとなりました。
代替手段として、当該伝票を「担当店：本社　取引先No.1：アストモス」として訂正送信しようとしていますが、この場合OneSAP側へ連携されますでしょうか？

■あるべき姿
8/20、21分のLPG出荷伝票の取込が行われること

■代替手段
なし","■原因

■対策
回答①
オフラスは送信済となっていることより、過去何度か起きている事象と同様に送信途中で止まったものと思われます。
担当店がアストモスとなっておりますので、送信先はOneSAPではなくBINAS物流になり、対象の伝文ファイルは以下のフォルダに格納されていると思われます。
・L3.0(オフラスAPサーバ)
　D:\eai\server\log\peai\RcvData\SBM_A0207_S\YYYYMMDD　※YYYYMMDDは送信日
・L3.5
　D:\eai\BINAS\FFX3102R2

回答②（追加問合せ①の回答）
今回の伝文の設定情報については記載いただいた情報で問題ありません。

回答③（追加問合せ②の回答）
代替手段に記載いただいている通り、担当店がアストモス以外であれば、OneSAP側への送信対象となります。

2021/9/27
LPG出荷伝票が送信途中で止まってしまった原因として、L3.5のEAIプロセスがデータベースに接続できない現象が発生しておりました。
状況としては保守問題点No324と同様になります。（No324はL3.0のEAIプロセスで発生、本件はL3.5のEAIプロセスで発生）
EAIプロセスがデータベースに接続できなかった要因についても、データベース接続数が上限に達していた可能性が考えられます。
そのため、対策についても保守問題点No324と同じくL3.5DBのコネクションの接続数の上限値を上げて、様子見とさせて頂きたいと考えております。

2021/10/26 YJP追記
調査時のログを以下のフォルダに格納致しましたので、ご確認をお願い致します。
https://app.box.com/folder/148786634212

2021/11/25　YJP追記
IKC様にて12月にNo.324と同様の対応をL35中継DBサーバ―に実施予定とのことです。
（対応実施後、問題ないようであれば、12月の月例会にてクローズとさせて頂く予定）
",IKC,●,,,,,,,,,,2021/12/06,環境設定,確認完了,,,,,,,,,,,,,,,,,,,,,,,,,,,,,,,,,,,,,,,
,423,2021/09/10,北海道,YJP村上,菊池聖子,外航通関「石油石炭税納税申告書」作成について,Q3：後続テスト実施可能,F：外航通関,帳票,石油石炭納税申告書,"■発生日：2021/09/09
■対応希望日：1ヶ月目処
■事象
「石油石炭税納税申告書」の帳票においてIBPデータが取り込まれない。
■あるべき姿
石油石炭税納税申告書の帳票計上対象は、IC,IMW,ISW,IBPである。
■代替手段
IBPデータは石油石炭税納税申告書に手入力する。
","■原因
計上の対象ををIC,IMWとしていたためです。
■対策
左記にもある通り、ISW,IBPも計上の対象とします。

検証エビデンスを下記に格納いたしました。
<https://app.box.com/folder/146916745886>",オフラス,●,●,●,●,－,,,,2021/09/30,2021/10/21,2022/02/18,設計不備,確認完了,,,,,,,,,,,,,,,,,,,,,,,,,,,,,,,,,,,,,,,
,424,2021/09/13,北海道,YJP小笠原,柴田裕,ブレンドシミュレータ電卓で統一品名がおかしい,Q1：後続テスト実施不可,K：ブレンドシミュレーション,K：ブレンドシミュレーション,ブレンドシミュレータ電卓,"■発生日：2021/09/10
■対応希望日：1WEEK以内
■事象
ブレンドシミュレータ電卓より3.0Cのブレンドシミュレータを実行したところ、
統一品名が2.5Cになってしまい正しい規格を読み込めずシミュレーションが出来なかった。
時間おいて再度試したところ問題なかったが、
当日出荷などのシミュレーション時に同事象発生すると出荷不可となってしまうため原因追求をお願い致します。
＜不具合エビデンス＞
https://app.box.com/folder/145623819241
・シミュレータ不具合(3.0Cで2.5C)rev1.pptx

2021/09/13 柴田追記
電卓画面は計算履歴からの起動ではなく新規入力です。

■あるべき姿
正しい統一品名を参照する
■代替手段
なし","■原因
調査中です。

2021/10/01 YJP追記
弊社環境にて確認を行いましたが、事象を再現できませんでした。
また、電卓画面の新規入力時のロジックを確認しましたが、事象に結び付くと思われる箇所はないと思われます。

■対策
本件は一旦「再現待ち」ちとさせていただきたく思います。
今後、同様の現象が発生した際には、発生した時点のDBダンプを連携いただきますようお願い致します。

2021/11/25　YJP追記
12月の月例会までに同様の事象が発生していない場合は、クローズとさせて頂く予定

2021/12/23 YJP追記
12月の月例会までに同様の事象が発生していないため、再発した場合は新規で起票することとし、クローズとさせて頂きます。
",オフラス,,●,,,－,,,,,,2021/12/23,再現待ち,確認完了,,,,,,,,,,,,,,,,,,,,,,,,,,,,,,,,,,,,,,,
,425,2021/09/15,北海道,YJP吉永,柴田裕,IOS20-OFL：規格キー取得について,Q3：後続テスト実施可能,B：作業計画管理,M：マスタ管理,規格キー取得,"■発生日：2021/09/15
■対応希望日：月内
■事象
品名を追加しテストでオーダーを作成、試験依頼を行う過程で
・規格キーの取得に失敗した。（品管のマスタ都合？）
・計画画面から試験依頼作成時、規格キー取得できずエラーになった。
　文字列を変え、再度検索してから元の文字列（品名）で検索をかけると試験分類が取得できた。（なぜ？）
＜問題点エビデンス＞
https://app.box.com/folder/146276430372
■あるべき姿
規格が取得できる。
１発で規格が取得できる。
■代替手段
文字列を変え、再度検索してから元の文字列（品名）で検索をかけ試験分類を取得
","■原因
調査中です。

2021/09/21 YJP追記
統一品名略号：P.LCO, P.BEMSが試験管理のマスタに登録されていない為、規格取得に失敗しています。
また、作業品名を変更して規格が取得できた件についてですが、
  ＜作業品名変換マスタ＞
  [統一品目略号] [作業品名]
  LCO                LCO
  P.LCO              LCO
作業品名変換マスタに上記のように登録されています。
その為、作業品名から統一品名略号に変換する際、複数件ヒットした場合は、1件目を採用するので、
品名変更後の統一品名略号は、「LCO」となります。
「LCO」は元からある統一品名略号で、試験管理にも規格が定義されている為、規格取得に成功します。
作業品名変換マスタは作業品名：統一品名略号が1：Nとならないようにマスタの整理を行っています。

■対策
追加した統一品名略号が正しいかご確認お願い致します。
",IKC,,●,,,－,,,,,,2021/10/18,データ不備,確認完了,,,,,,,,,,,,,,,,,,,,,,,,,,,,,,,,,,,,,,,
,426,2021/09/17,北海道,YJP大武,菊池聖子,タンク換算係数算出　計算式について,Q3：後続テスト実施可能,D：実績管理,D：実績管理,タンク在庫計算,"■発生日：　2021/9/17

■発生拠点：　北海道製油所

■対応希望日：　2021/9/22まで　

■問合せ内容
会計士監査を控えており、オフラスに組み込まれているタンク換算係数の
計算方法を教えて欲しい。

問合せ詳細：添付メールをご参照ください。

■あるべき姿
ー

■代替手段

","■原因
調査し、回答いたします。

■対策
本件はお問合せの認識です。

2021/09/17
新設オフラスのタンク在庫計算はTIMにより行われています。
TIMでは、容量換算係数をASTM補正の計算式により算出しています。
これはJISK2249より細かい粒度で求めることができるため、JISK2249と新設オフラスの算出結果を比較すると若干の誤差が出る場合があります。

その上で、お問合せの温度密度表の中間値の求め方についてですが、TIMでは線形近似により算出するようになっております。

本件、対応内容は無しの認識のため、対応不要に更新いたします。",オフラス,－,●,－,－,,,,,,,2021/09/17,その他,対応不要,,,,,,,,,,,,,,,,,,,,,,,,,,,,,,,,,,,,,,,
,427,2021/09/22,千葉,YJP吉永,伊藤祐希,先方船表示不具合の件,Q1：後続テスト実施不可,A：オーダ管理,A：オーダ管理,SAISPlusオンラインオーダ受信,"■発生日：　2021/9/21

■発生拠点：　千葉事業所

■対応希望日：　即日

■事象
今まで先方船（98999）で受信していた船名が「みとよ丸」と表示されるようになった。

[問題点エビデンス]
https://app.box.com/folder/146284267088
：先方船不具合画面.pptx
■あるべき姿
先方船で表示される

■代替手段
手入力で対応

※SAIS側の送信データを確認したところ「98999」で送っていました。
","■原因
調査中です。

2021/09/24 YJP追記
本件、オンラインオーダ受信処理側は想定通りの動きをしております。
船名は、SAISPlus受信伝文の船車コードと船名にて、船マスタを検索し、一致した船名を表示しておりますが、
伝文に船名が設定されていない場合は、船車コードのみで船マスタを検索し、複数件取得された場合、先頭を表示する動きとなっています。
（※マスタ上、一意に決まりませんので、複数件取得される可能性があります。）

今回のケースでは、
（※いただいたパワポの問題点エビデンスを例にします。オーダNo：03033）
　・1回目のSAISPlusオンラインオーダ受信 9/15 16:11
　　⇒船車コード：98999, 船名：先方船で受信
　　　この組み合わせで検索した場合、船マスタに存在する為、「先方船」が採用される。
　・2回目のSAISPlusオンラインオーダ受信 9/21 10:46
　　⇒船車コード：98999, 船名：（設定なし）で受信
　　　98999のみで検索した場合、複数件取得され、先頭の「みとよ丸」が採用される。
　　　
上記により「先方船」で受信していた船名が「みとよ丸」と表示されるようになります。
■対策
オーダ情報が既に取り込まれている場合は、オーダ編集画面から船名を変更いただくか、取り込まれていない場合は、
SAISPlus側で船名を設定して、再度、変更伝文を送信いただくことになるかと思います。
※オンラインオーダ情報修正画面の再登録では、船車コードを変更しても期待通りの船名に変更されない可能性があります。（船車コードでは船名は一意に決まらない為）

本件は、対応不要の認識です。
ステータスを「確認中」に更新致しました。

2021/9/27 IKC 本件はSAIS Plus側の送信情報設定に問題があったためオフラスは問題なしとしてクローズ。
",オフラス,●,,,,,,,,,,2021/09/27,仕様通り,確認完了,,,,,,,,,,,,,,,,,,,,,,,,,,,,,,,,,,,,,,,
,428,2021/09/22,千葉,YJP吉永,伊藤祐希,画面表示時SQLエラー発生,Q1：後続テスト実施不可,C：進捗管理,C：進捗管理,入出荷作業状況表示一覧,"■発生日：　2021/9/22

■発生拠点：　千葉事業所

■対応希望日：　即日

■事象
進捗管理より作業状況表示の「入荷・出荷」をクリックすると、
SQLエラーが表示されてしまう。
オフラスモニターでも同じ問題が発生する。
[問題点エビデンス]
https://app.box.com/folder/146283199870
：画面表示時SQLエラー.png
■あるべき姿
SQLエラーが表示されない

■代替手段
代理店PCにユーザのIDでログインし代替対応
","■原因
調査中です。

2021/09/28 YJP追記
同一オーダの出荷品に対して2つのブレンダロット（ブレンダロットとブレンダ品転ロット）が存在していることにより発生しております。
入出荷作業状況表示一覧画面表示時、ブレンダロットは出荷品に対して、1つである前提で処理を行っていた為、試験結果情報を取得する箇所で2つ以上のブレンダロットの試験結果が取得できてしまいエラーとなっています。

※ブレンダロットが2つ存在していた理由は以下になります。
　・作業計画の出荷試験依頼設定画面から「01A」のブレンダ品転試験依頼を登録しブレンダ品転ロットを立てる。
　・上と同じ出荷品の船試験依頼を登録し、品質管理の試験依頼データ編集画面で、サンプル採取区分を船⇒ブレンダに変更しフレンダロットを立てる。

[千葉事業所へ確認事項]
本件、上記※のようにブレンダの試験依頼を作成していますが以下、確認です。
同じ基材情報のブレンダロットが存在していても、作業日が変わると再試験を行う運用なのでしょうか。
北海道製油所は、上記のような運用の為、インシデント対応（保守問題点No340）にて、ブレンダ品転アイコンが表示されていても、ブレンダ試験依頼を行えるように、対応を行っております。
この機能はシステム定数（画面からの変更不可）により切り替えている為、千葉事業所は機能OFFになりますので、現状、出荷試験依頼設定画面から行えるブレンダの試験依頼は、ブレンダ試験かブレンダ品転試験どちらか一方となります。
もしこのような運用の場合、システム定数を機能ONにさせていただきます。

⇒2021/10/01 YJP追記
千葉事業所業務課の伊藤様とお話しさせていただき、このような運用はないので、システム定数で切り替えている機能も現状のままOFFで構いません、と回答をいただいております。
※本来ならば確立しているブレンダロットを落としてから、再度、ブレンダ試験依頼を作成する運用と伺っております。

運用はありませんが、今回のケースのようにブレンダロットが複数できることにより、入出荷作業状況表示一覧画面が表示できなくなる為、、問題点として対応致します。

■対策
2つブレンダロットが存在していた場合、最新のブレンダロットの試験結果情報を表示するように修正致します。

2021/10/05
以下に検証エビデンスを格納しました。
ご確認お願い致します。
https://app.box.com/folder/147262844326
：【No428】入出荷作業状況一覧画面表示時エラーにて画面表示できない.xlsx",オフラス,●,●,,,,,,,2021/10/05,2021/10/13,2022/02/25,設計不備,確認完了,,,,,,,,,,,,,,,,,,,,,,,,,,,,,,,,,,,,,,,
,429,2021/09/27,北海道,YJP大武,青井圭介,オフラスの実績取り込み不具合,Q3：後続テスト実施可能,D：実績管理,D：実績管理,タンク増減,"■発生日：　2021/9/25

■発生拠点：　北海道製油所

■対応希望日：1週間以内

■事象
9/24分補助帳票取り込み不具合あり。入出荷、生産シフト全ての作業の実績数量、タンク情報が取り込まれていない。
レベル情報、タンク在庫日報は取り込まれており、補助帳票画面の作業実績が取り込まれていない状況。

■あるべき姿
作業実績が取り込まれる。

■代替手段
Omarからタンク実績再送を行い、オフラス側て補助帳票再編集を行って作業実績を取り込んだ模様。
","■原因
本件、問題点エビデンス等ございませんでしょうか。
文章では問題事象が特定できず、アタリがつけられない状態です。
また、最新の北海道DBを受領したく、よろしくお願いします。

2021/10/06
本件、水切りJOBの実績受信が遅れ、日跨ぎ扱いで日締めに入りました。
この時、原油タンク水切り実績の前日後尺を取得して、水切り実績を設定しますが、
前日の水切りがタンク尺ではなく水尺であったため、エラーが発生しておりました。
このため、日締めが正常に終了しておりませんでした。

■対策
2021/10/06
前日の水切り実績が水尺である可能性についての考慮が漏れていたため、前日水切り実績の取得条件に
タンク尺であることを追加するようにします。
2021/10/12
修正エビデンスを以下に格納いたしました。
https://app.box.com/folder/147784870731
【No429】実績管理_日締めのJOB締めでエラーが発生",オフラス,,●,,,,,,,2021/10/12,2021/10/21,2021/12/06,AP・コーディング,確認完了,,,,,,,,,,,,,,,,,,,,,,,,,,,,,,,,,,,,,,,
,430,2021/09/28,千葉,YJP那須,伊藤祐希,ETBE台帳の在庫修正願い,Q2：代替手段により後続テスト実施可能,J：バイオターミナル管理,J：バイオターミナル管理,バイオターミナル台帳,"■発生日：2021/9/28
■対応希望日：できれば今週中

■事象
度々申し訳ございません。
ETBE台帳の在庫修正をお願い致します。

■あるべき姿

■代替手段
手書きで修正","■原因
今回の事象としては実態通りに操作が行われなかった結果、9月10日の引落数量が在庫に反映されず、想定外の増減の値となったためとなります。
（9月10日、9月12日の引落（伝票確定）が9月12日→9月10日の順に行われております）

■対策
ETBE台帳のデータパッチ後の検証結果を以下に格納しました。
https://app.box.com/folder/146900204847
　【No430】ETBE台帳修正対応.xlsx
",オフラス,●,,,,,,,,,2021/10/01,2022/02/25,仕様通り,確認完了,,,,,,,,,,,,,,,,,,,,,,,,,,,,,,,,,,,,,,,
,431,2021/10/01,北海道,YJP大武,柴田裕,タンク在庫修正依頼,Q3：後続テスト実施可能,G：マスバランス,G：マスバランス,原油タンク受払,"■発生日：　2021/10/1

■発生拠点：　北海道製油所

■対応希望日：　10/4まで　

■事象
本日、月末の原油在庫を確定させるために更新をしたところ、
9月20日のシフト数量が違うとのエラーメッセージが出ました。
調べてみたところ数量や油種等に違いはなく、しかしながら9月20日の
＃100652タンクの在庫が入力画面にのみ反映されていませんでした。

9月20日の当日にはエラーは出ませんでした。
エラーの原因は在庫の違いと考えたため、在庫の修正をお願いいたします。

月報が出せなくなってしまうため、月曜日までにご対応いただけると助かります。

■あるべき姿
在庫数量が正しく表示される。

■代替手段
なし
","■原因
三鷹にあるDBDMP(9/27午後時点)のデータでは、エビデンスの状況にはなっておりませんでした。
(お問合せの内容にもある通り、20日当時は問題が無かったものと思います。)
本件はその後の操作によって起きたものと思われます。
現地環境では、9/20の#100652の在庫が0になっている様ですので、データ取込で9/20をやり直していただき、在庫を取り込んでいただければと思います。
9/20の画面からのメンテナンス結果がリセットされますので、取込後、再入力→在庫計算更新を順々に当日までと実施いただければと思います。

■対策
本件、進捗を確認中といたしますので、問題なければクローズしてください。",オフラス,－,●,－,－,－,,,,,,2021/10/18,その他,確認完了,,,,,,,,,,,,,,,,,,,,,,,,,,,,,,,,,,,,,,,
,432,2021/10/01,千葉,YJP大武,伊藤祐希,海上・パイプライン出荷予定実績（子JOB）連携の連携項目について,Q3：後続テスト実施可能,D：実績管理,D：実績管理,海上・パイプライン出荷予定実績,"■発生日：　2021/9/30

■発生拠点：　千葉事業所

■対応希望日：　２週間以内

■事象
＜お問合せ事象＞
　新IRIS操業品質側のツールにおいて「締め時間後数量」が、""0""で出力されるとのお問合せ。
＜IKC調査結果＞
　オフラスから新IRIS操業品質へ連携している「海上・パイプライン出荷予定実績（子JOB）」について、
　「締め時間後数量」の項目が新オフラスへの切替タイミングで""0""で連携されるようになっている。


■あるべき姿
既設同様、新IRIS操業品質へ値を連携する。

■代替手段
なし

添付は新IRIS操業品質側の連携データテーブルの抜粋です。
2019/5月を境に”０”が連携されています。
","■原因
本件、締め時間後数量の為、日跨ぎ時に指定日の中間実績を送信している認識でした。
新IRIS側としてはどのようなデータを受信することを希望されているのでしょうか。
(既設同様とありますが、既設が締め時間後数量にどんな値を設定しているのかが不明の為、確認させていただきたいです。)
また、海上・パイプライン出荷予定実績の新IRIS送信機能は全所にございますが、全所同じ考え方で良いのかどうかも確認させてください。
ご回答くださいますようお願いいたします。

■対策
質問回答待ちの為、担当をIKC様とさせていただきます。

2021/11/25　YJP追記
青井様にて確認中とのことです。

2022/01/11
本件、既設の動作不良とのことで取り下げの旨ご連絡頂いました。
対応不要とさせていただきます。",IKC,●,●,●,●,－,,,,,,2022/01/11,その他,対応不要,,,,,,,,,,,,,,,,,,,,,,,,,,,,,,,,,,,,,,,
,433,2021/10/04,千葉,YJP大武,伊藤祐希,オフラス_製油所受払月報処理および製油所受払用原油受払データ作成について,Q1：後続テスト実施不可,G：マスバランス,G：マスバランス,月次,"■発生日：2021/10/4

■発生拠点：千葉事業所

■対応希望日：本日午後2時まで（四半期決算締め月のため）

■事象
オフラスの「製油所受払月報処理」および「製油所受払用原油受払データ作成」が作動せず、ファイルボランチの月報が更新されない。
（詳細は添付PPTをご参照ください。）

■あるべき姿
「製油所受払月報処理」および「製油所受払用原油受払データ作成」が作動し、ファイルボランチの月報が更新される。

■代替手段
不明
","■原因
本件、原油タンクの品名別在庫に不整合なデータが作成されていたため、発生していました。
不整合なデータの発生原因は、不明ですが、処理ロジック上はあり得ない状態でした。

ひとまず、暫定対応としてデータパッチを適用いたします。
恒久対応については、発生原因の調査結果によってとさせてください。


■対策
以下にデータパッチのエビデンスを格納いたしました。
ご確認くださいますようお願いいたします。
https://app.box.com/folder/147207610663
【No433】マスバランス_月次処理で例外発生

問題が無ければ、明日の朝からデータパッチの適用作業に取り掛かりたく思っておりますので、
急がせてしまって申し訳ございませんが、早々にご確認、ご回答のほどよろしくお願いします。

2021/10/05
本件の恒久対応について、相談させてください。

本件、原油タンクの品名別在庫にて、作業品名と統一品名が別の油種を示すという異常データが原因でした。
このデータが作成された経緯を調べましたが、不明な状況です。

今回、データパッチが必要になったのは、異常なデータが作成されてしまった場合に、
データ取込からやり直さなければならなかったためであり、在庫計算更新処理で前日の品名情報を引き継げれば
画面操作で問題を回避できたと考えております。

現在の在庫計算更新処理では、データの新規作成時は前日在庫からすべての情報を引き継ぎますが、
データの更新時は、変動がないはずの品名情報は更新対象外でした。

そのため、本件の恒久対応は、「在庫計算更新のデータ更新時に前日の品名情報(作業品名、統一品名)を引き継ぐ」とさせていただきたく思っておりますが、いかがでしょうか。
この対応を行うことで、問題のタイミング(今回は9/4～9/5の入荷と思われます)のデータ取込を行った後は、
在庫計算更新でデータがきれいに揃うことになるので、9/5～のデータ取込から、全部やり直し、というような事態は
避けられると考えております。(問題発生タイミングの1日～数日のデータ取込は必要でしょうが)

進捗をいったん「確認中」とさせていただきます。

2021/10/06
別途ご連絡させていただいておりますが、本件への対応は以下を考えております。
・原油タンク受払実績画面で入荷のデータを更新する際、画面の作業品名と紐づく統一品名で更新するようにする
　→問題のある受払データを作成しないようにする措置です。
・在庫計算・更新機能では、前日の品名別在庫の引継ぎ→当日の受払数量の反映、の順で処理しているが、
　前日の品名別在庫の引継ぎ時に作業品名情報、統一品名情報ともに引き継ぐようにする
　→今回のような不整合な在庫情報が作成されてしまった場合に、影響度合いを下げるための措置です。
　　(問題発生日をデータ取込からやり直して、正しいデータを作成できれば、後の日付は在庫計算更新のみで済む)
問題が無ければ修正に着手いたしますので、ご連絡いただきたく、よろしくお願いします。
2021/10/11
対応内容をご確認いただけたため、対応中といたします。
2021/10/12
修正エビデンスを以下に格納致しました。
https://app.box.com/folder/147207610663
【No433】マスバランス_月次処理で例外発生_修正エビデンス
",オフラス,●,●,●,●,－,,,,"2021/10/4
データパッチ
エビデンス
2021/10/12
修正エビデンス","北海道：2021/10/21
千葉：2021/11/19",2022/02/25,AP・コーディング,確認完了,,,,,,,,,,,,,,,,,,,,,,,,,,,,,,,,,,,,,,,
,434,2021/10/11,北海道,YJP小笠原,柴田裕,BS電卓ロット性状表示不具合,Q1：後続テスト実施不可,K：ブレンドシミュレーション,K：ブレンドシミュレーション,ブレンドシミュレータ電卓,"■発生日：2021/9/22
■対応希望日：10月中
■事象
シミュレーション履歴を選択、展開した状態で[ブレンドシミュレータ電卓]を
開くと、履歴時点のタンクロットが読み込まれる。
仕様ではこの状態で一度[計算]を実施すると最新のタンクロットに更新されるとのことだった。
実際に上記のように実施したところ、ロット№のみ更新され性状については履歴時点の値であった。
（嘘の性状が表示されていたため、テストブレンド結果照合時に騒ぎになり発覚。）

＜不具合エビデンス＞
https://yokogawaelectric.app.box.com/file/871265414759

■あるべき姿
履歴からBS電卓を展開し、計算をおすとロットNoに加えて性状も最新のロットを参照、表示する。
■代替手段
なし
","■原因
以前のご説明に誤りがございました。申し訳ございません。
履歴時点のタンクロットが読み込まれるのは誤りです。作業品名や試験分類などは計算履歴から引き継ぎますが、タンクロットは最新ロットを表示するべきところが、履歴のタンクロットとなっておりました。
また、計算を実行してから条件入力画面に戻った際に、計算前のロットNoではなく最新ロットNoが表示されるのは誤りです。あくまで前の画面に戻るだけなので、計算前のロットNoが表示されるのが正しいです。
■対策
計算履歴経由で電卓から条件入力画面を表示する際に、タンクロット情報(ロットNoと性状)は最新ロットを取得して表示するように修正します。
また、一度計算を実行して条件入力画面に戻った際に、計算前と同じロットNoを表示するように修正します。

2021/10/15 YJP追記
検証エビデンスをBOXに格納しましたのでご確認をお願いします。
https://app.box.com/folder/148005534941
・【No434】計算履歴からの電卓計算で基材情報が最新ロットにならない.xlsx
",オフラス,●,●,●,●,－,,,,2021/10/15,2021/10/21,2021/12/15,AP・コーディング,確認完了,,,,,,,,,,,,,,,,,,,,,,,,,,,,,,,,,,,,,,,
,435,2021/10/12,千葉,YJP吉永,伊藤祐希,IOS20-OFL：ボンド出荷オーダー修正願い,Q1：後続テスト実施不可,F：外航通関,F：外航通関,ボンド出荷オーダ,"■発生日：2021/10/12
■対応希望日：できれば今週中

■事象
　ボンド出荷で10/8北神丸（羽田）がオーダーキャンセル(揚げ戻し)となっています。（陸側の都合で）
　該当承認番号：ICT-184、185
　荷繰り側でオーダー削除が出来ないそうなので、削除お願いします。

＜問題点エビデンス＞
https://app.box.com/folder/147753124037
■あるべき姿
■代替手段
なし
","■原因
なし
■対策
データパッチにて対象のオーダ情報を削除致します。

2021/10/14 YJP追記
・Teamsにてデータパッチ内容の精査を実施（千葉_伊藤様、近藤様）
・データパッチの実施",オフラス,●,－,－,－,－,,,,,,2021/10/14,その他,確認完了,,,,,,,,,,,,,,,,,,,,,,,,,,,,,,,,,,,,,,,
,436,2021/10/13,北海道,YJP村上,菊池聖子,常圧蒸留保税作業使用原油明細の出力不正,,F：外航通関,帳票,常圧蒸留保税作業使用原油明細,"■発生日：2021/10/13
■対応希望日：10月末
■事象
常圧蒸留保税作業使用原油明細
①本来、価格を計上するべき欄に係数が計上されている。
②係数を計上する必要がない欄に係数が計上されている。
■あるべき姿
正しく出力されること。
■代替手段
手修正による帳票出力
","■原因
調査中です。
10/25 追記
①②ともに改ページ実施時のセル内容の書き換えのプログラム制御に誤りがございました。
■対策
上記プログラム制御を修正し、正常位置に表示させます。",オフラス,●,●,●,●,－,,,,2021/10/27,2021/11/19,2021/12/15,AP・コーディング,確認完了,,,,,,,,,,,,,,,,,,,,,,,,,,,,,,,,,,,,,,,
,437,2021/10/13,北海道,YJP村上,菊池聖子,常圧蒸留保税作業国内引取品原油明細の出力不正,,F：外航通関,帳票,常圧蒸留保税作業国内引取品原油明細,"■発生日：2021/10/13
■対応希望日：10月末
■事象
常圧蒸留保税作業国内引取品原油明細
①本来、価格を計上されるべき欄に係数が計上されている。
②本来、価格携帯が計上されるべき欄に係数が計上されている。
③係数を計上する必要がない欄に係数が計上されている。
④線がない。
■あるべき姿
正しく出力されること。
■代替手段
手修正による帳票出力
","■原因
調査中です。
2021/10/25
①②③ともに改ページ実施時のセル内容の書き換えのプログラム制御に不備がございました。
④については罫線設定のプログラム制御に不備がございました。
■対策
上記プログラムを修正し、正常位置に表示させます。
また、罫線設定も併せて修正いたします。",オフラス,●,●,●,●,－,,,,2021/10/27,2021/11/19,2021/12/15,AP・コーディング,確認完了,,,,,,,,,,,,,,,,,,,,,,,,,,,,,,,,,,,,,,,
,438,2021/10/13,北海道,YJP村上,菊池聖子,IMW申告時の申告価格不正,,F：外航通関,F：外航通関,通関業者輸入申告情報入力,"■発生日：2021/10/13
■対応希望日：10月末
■事象
 画面のCIF価格が違う。（台帳のCIF価格は正しく出力されている。）
■あるべき姿
正しい価格が表示されること
■代替手段
なし
","■原因
画面の初期表示時に、画面に表示している包括INSを使用せず、誤った計算式にて算出した包括INSを使用してCIF価格を求めていたためためです。
（換算レート等を更新した時は、正しく表示されますことから、初期表示時のみの問題となります。）
■対策
画面に表示した包括INSを使用してCIFを算出するように修正いたします。

2021/10/29 YJP追記
検証結果エビデンスを下記BOXに格納いたしました。
内容のご確認をお願いいたします。
https://app.box.com/folder/149060697486
【No438】IMW輸入申告情報不正.xlsx
",オフラス,●,●,●,●,－,,,,2021/10/29,2021/11/19,2021/12/15,AP・コーディング,確認完了,,,,,,,,,,,,,,,,,,,,,,,,,,,,,,,,,,,,,,,
,439,2021/10/20,北海道,YJP大武,柴田裕,補助帳票の換算数量変更について,Q3：後続テスト実施可能,D：実績管理,D：実績管理,タンク在庫日報,"■発生日：　2021/10/07～19

■発生拠点：　北海道製油所

■対応希望日：　10/22まで　

■事象
実績管理-実績メンテナンス-補助帳票にて
タンクの当日換算数量を変更し確定しても、タンク在庫日報の換算数量が変更されない。
また、マスバランス-原油実績編集-原油タンク受払実績の数量にも反映されない

■あるべき姿
実績管理-実績メンテナンス-補助帳票にて
タンクの当日換算数量を変更し確定すると、タンク在庫日報の換算数量も同じ値に変更される。
この際タンク在庫日報のレベルは入力した換算数量に最も近い値に自動で変更される。
また、マスバランス-原油実績編集-原油タンク受払実績の数量にも同数量が反映される。

■代替手段
なし

■背景
原油タンク開放に伴う全量シフトにて、液面計が下限で停止していまい、それ以下のレベル・数量を指示できなくなってしまう。
そのままでは実数量と差異が発生してしまうため推定の在庫数量を入力する必要があるが、
現状では補助帳票に推定値を入力しても在庫日報及び原油タンク受払実績には反映されない。

前商品担当の加納より、テストをした際には修正できたはずとのことなので
ご確認お願い致します。

2021/10/19武田様メール
本件、仕様にはない旨承知致しました。
その場合、あるべき姿に記載した内容を実現するためにはどのような手段があるのでしょうか？
タンク在庫日報のメンテナンスと記載されていますが、やり方がわからずご教示いただければ幸いです。
また、タンク在庫日報とタンク別増減チェックリスト（補助帳票）は書面での出力なので
手修正すればよいのですが、原油タンク受払実績の在庫ついてはどうしようもないので
この部分だけでも修正、変更することが出来ると嬉しいです。

2021/10/20武田様メール
ご教示いただいた操作で在庫修正することが出来ました。
一先ずはこのように運用していこうと思います。
ご対応ありがとうございます。
","■原因
新設ではタンク増減からタンク在庫の変更はできません。(仕様にございません。)
タンク在庫日報のメンテナンスをお願いしております。

加納様にご確認いただいた際には、既設では修正ができることを確認いただいておりますが、
新設では仕様変更が必要な旨ご連絡いたしております。

2021/10/19YJP回答
タンク在庫日報の画面より、レベル、温度、密度を入力いただき、
計算ボタンを押していただくと、タンク在庫計算結果が表示されます。
その画面から、登録ボタンを押していただければ、タンク在庫日報の更新が行われます。
(添付頂いていた資料にある任意の値というのが直接入力できる、ということであれば、
新設では在庫日報の数量を直接入力することはできません。
千葉同様に、計測下限以下のレベルを設定することで数量調節してください。)

タンク在庫日報が更新されたら、商品管理の油量実績取込(タンク在庫)で
更新されたタンク在庫日報を再取込してください。
その後、データ取込にて、原油データとして再取込すれば、在庫が更新されます。



■対策
2021/10/20の武田様メールの通り、タンク在庫日報のメンテナンス→油量実績取込→データ取込にて対応いただくため、本件対応不要とさせていただきます。",オフラス,,●,,,,,,,,,2021/10/20,仕様通り,対応不要,,,,,,,,,,,,,,,,,,,,,,,,,,,,,,,,,,,,,,,
,440,2021/10/22,千葉,YJP村上,伊藤祐希,千葉9月の原油タンク受払実績について,,D：実績管理,D：実績管理,実績確定,"■発生日：2021/10/21（昨日、確認した時点では不具合は生じていなかったと記憶しております。）

■発生拠点：千葉事業所

■対応希望日：10/26まで　

■事象
9月実績確定（10月上旬に行った実績確定操作）以降、9月の実績（9/1～9/30）を直近で編集していない※が、
（昨日、確認した時点では9月実績確定時と同様であったと記憶しております。）
現在、9月の各日、全タンクの原油タンク受払実績の設定内容が昨日までに設定されていた内容と異なり、
9/1～9/30の各日が8/31日末時点の在庫になっている。

※9月実績確定以降、オフラスで9月の原油データ取り込みなどの誤操作を含め、9月実績の編集は行っていないと認識しております。
本件に気付いた背景や時系列は下記です。
①本日お昼頃、10/20の実績確定、および、在庫計算・更新処理を行った後に、10/1～10/20の間の品名別受払累積表を出力した際、受払増減が大きいため、
10/1～10/20各日の品名別受払累積表を確認したところ、10/1の受払増減が大きいことが判明しました。
②①のため、日を遡って9月分の品名別受払累積表を確認したところ、9/1～9/30のオフラスの原油タンク受払実績が初期化されており、
各日が8月31日末時点の在庫になっていることが判明しました。また、オフラスの原油タンク受払実績では通油が登録されておりますが、添付の帳票には通油が出力されておりません。

なお、昨日10/19の実績確定、および、在庫計算・更新処理を行った後に、10/1～10/19の間の品名別受払累積表を出力した際は受払増減の値は妥当であったので、
昨日～本日お昼頃までに9月実績が初期化されてしまったと考えられます。（この間、オフラスで9月の原油データ取り込みなどの誤操作は行っていないと認識しております。）

＜問題点エビデンス＞
https://idemitsu.ent.box.com/folder/148510325855
■あるべき姿
9月実績確定内容に復旧する。

■代替手段
不明
","■原因
操作履歴を確認したところ、2021/10/21　13:37に中垣様が9/1～9/30のデータ取込を実施されている様です。
今回の事象はこの操作(取込だけ実施して、在庫計算更新はされていない)ために発生していると思われます。
操作履歴画面は以下のステップで表示できます。
ログイン＞システム管理＞操作履歴一覧
ここで、検索したい日付をFromToで選んでいただき、画面IDにVIDC020709　(データ取込)またはVIGC020710　(在庫計算更新)を入力して検索いただければ、対象期間内でこの画面を操作した履歴を確認することができます。

また、帳票の状況についてですが、現状は上述の通り、データ取込だけ行われている状態で、日々の処理が中途半端な状態です。
日々のデータを再入力していただき、在庫計算更新まで完了すれば、いつも通り正しく出力されると思われます。

■対策
本件、アプリの対応は不要の為、対応不要とさせていただきたく思います。
ステータスを「確認中」といたしますので、問題が無ければクローズしてください。
",オフラス,●,,,,,,,,,,2021/10/22,仕様通り,対応不要,,,,,,,,,,,,,,,,,,,,,,,,,,,,,,,,,,,,,,,
,441,2021/10/22,北海道,青井圭介,柴田裕,オフラス利用中にブラウザが強制終了する,Q3：後続テスト実施可能,,,,"■発生日：　不明
 
■発生拠点：　北海道製油所
 
■対応希望日：　２週間以内
 
■事象
１．オフラス使用中にブラウザが強制終了になる端末がある。
２．プロフィールエラーが発生する端末がある

上記エラーの報告がある端末は現在同一１台（長い間発生していると思われる）
■あるべき姿
エラー類が発生しない
 
■代替手段
再立ち上げ
 ","■原因
　調査中
■対策
　再インストール等について調整中。

→時間が取れ次第、対応とする",IKC,,●,,,－,,,,,,2022/02/18,調査中,対応不要,,,,,,,,,,,,,,,,,,,,,,,,,,,,,,,,,,,,,,,
,442,2021/10/22,千葉,YJP村上,伊藤祐希,PHXダウンに伴う、運転制御⇔オフラス間通信不可について,,Y：通信管理,Y：通信管理,,"■発生日：2021/9/10、2021/9/13
■対応希望日：なるべく早く
■事象
ＰＨＸが何らかの理由でダウンした場合、その影響を受けて
運転制御⇔オフラス間の通信がタイムアウトする事象が立て続けに発生しましました。
過去にも、伊藤様より同様のご連絡があり、ETS-R APサーバを再起動し、
問題解消となっております。
■あるべき姿
PHXがダウンしても、運転制御⇔オフラス間への影響がない
■代替手段
なし（ETS-R APサーバ再起動により復旧）","■原因
調査中です。
■対策
2021/10/22 YJP追記
運転制御（OMC）⇔PHXシステムにおいて、
PHXシステムダウン、システム復旧、EAIが溜まっていた伝文を送信（BUSY状態）
このタイミングで、運転管理⇔運転制御の通信が発生したことによりタイムアウトが発生した模様
（ログの大半が消失しているため、あくまで想定です。）

次回再発時に、下記ログ情報を取得していただいたうえで、YJP側にて調査させていただきたく。
■運転管理APサーバ
　D:\eai\server\log\logger（フォルダごと）
■L25EAIサーバ
　D:\framework400\log\logger（フォルダごと）
■運転制御APサーバ
　D:\framework400\log\logger（フォルダごと）

2022/1/24 YJP追記
同様の事象が発生していないため、一旦、クローズとさせて頂きます。
本事象が発生した場合には、新規での起票することとし、上記ログの取得をお願い致します。",オフラス,●,,,,－,,,,,,2022/01/24,その他,対応不要,,,,,,,,,,,,,,,,,,,,,,,,,,,,,,,,,,,,,,,
,443,2021/10/27,北海道,YJP大武,柴田裕,作業実績ファイルメンテ不具合,Q3：後続テスト実施可能,D：実績管理,D：実績管理,JOB検索,"■発生日：　2021/10/26

■発生拠点：　北海道製油所

■対応希望日：　今週中、出来れば10/27中

■事象
作業実績ファイルメンテ　2021/10/25 JOB区分:入荷のデータが開けない

■あるべき姿
データが展開、メンテできる

■代替手段
なし
","■原因
本件、10/25の入荷JOB(瑞泉丸)の作業品名コードが「00310」になっていることが原因です。
当該作業品名コードは、10/4に登録され、10/25に削除されております。
問題のJOBは10/24に作業計画から登録されているため、作業品名コード「00310」で作成されております。
その後作業品名マスタから「00310」が削除されてしまったため、JOB検索仕様とすると、作業品名マスタにひき当らずにエラーとなっております。
対応としては、作業品名マスタに「00310」の作業品名を登録ください。
それでJOB検索ができて、JOB実績メンテナンスが可能です。

現在の状況でも、タンク受払、タンク増減、伝票は作成され、処理されていることがデータから分かっております。
問題の品名(EX.LCO)は原油でもないため、商品管理の原油棚卸にも影響は有りません。
月次処理では、入荷伝票の数量を元に入荷数量が決定されるので、こちらにも影響はない認識です。

■対策
本件、アプリ不具合ではないため、アプリ対応は不要とさせていただきたく思います。
作業品名マスタに「00310」の作業品名をご登録くだされば、JOB検索も機能いたします。
担当をIKC様といたしますので、マスタメンテナンスを実施ください。
→作業品名マスタの対応で問題クリア",IKC,,,,,,,,,,,2021/10/28,,対応不要,,,,,,,,,,,,,,,,,,,,,,,,,,,,,,,,,,,,,,,
,444,2021/11/01,千葉,YJP村上,伊藤祐希,通関業者輸入申告情報入力画面不具合,,F：外航通関,F：外航通関,"通関業者輸入申告情報入力画面
一次申告
二次申告","■発生日：2021/10/18
■対応希望日：11月22日
■事象
通関業者輸入申告情報入力画面の税額の消費税・地方消費税が正しく表示されない。
それに伴い、納税書類作成画面で作成される納付明細書の消費税が正しい金額ではない。
■あるべき姿
通関業者輸入申告情報入力画面で消費税・地方消費税が正しく計算・表示される。
納付明細書の金額が正しい金額で表示される。
■代替手段
通関業者輸入申告情報入力画面・・・手入力で修正して確定
納付明細書…EXCELで手修正。

消費税・地方消費税関係では、IMW時も確認願います。画面添付しています。
内貨にした(IC/IMW/ISW)時、正しく計算されている事も確認願います。
","■原因
通関業者輸入申告情報画面の「申告金額」を変更した場合、初期表示時の内容をそのまま表示し、
変更した「申告金額」にて税計算の再計算を実施していなかったためです。
■対策
「申告金額」を変更した場合、連携して変更された「申告金額」にて税計算を実施するように修正いたします。
当該対応は、一次申告、二次申告の双方について対応いたします。

2021/11/19 YJP追記
検証結果エビデンスを下記出光BOXに格納いたしました。
内容のご確認をお願いいたします。
https://app.box.com/folder/150436612907
・【No444】通関業者輸入申告画面_税額不正対応.xlsx",オフラス,●,●,●,●,－,,,,2021/11/19,2021/12/08,2022/02/25,AP・コーディング,確認完了,,,,,,,,,,,,,,,,,,,,,,,,,,,,,,,,,,,,,,,
,445,2021/11/02,北海道,YJP大武,柴田裕,OneSAPからの伝票が受信できていない,Q1：後続テスト実施不可,G：マスバランス,G：マスバランス,月次処理,"■発生日：2021/11/02
■対応希望日：なるべく早く
■事象
製油所受払月報で原油の在庫数量が正しくないと思われる。
数量差（296,782,653：270,344,242）

■あるべき姿
数量差がない。

■代替手段
なし","■原因
在庫の数量差については、No433と同件の問題が発生しておりました。
No433のリリースは10/21ですが、リリースされる前に問題のデータが作成されておりました。
No433リリース後は画面の操作でデータを正せるため、操作内容をご連絡し、ユーザ様にてデータ修正済みです。

上記とは別に以下2点の問題が発覚しております。
・OneSAPからの伝票が、マスタ不備によりオフラスに取り込まれていない
　→マスタ修正を行っていただき、再取込を実施していただいております。
　　この問題は解決済みの認識です。
・OneSAPからの伝票が、オフラスに到達していない
　→オフラス側では対応できないため、OneSAP側に再送依頼をされれている認識です。
　　送信ファイル単位で再送することができるかご確認中の認識です。

■対策
本件は、オフラスの残作業は無い認識です。
担当をIKC様とさせていただきます。
",IKC,,,,,,,,,,,2021/12/15,,確認完了,,,,,,,,,,,,,,,,,,,,,,,,,,,,,,,,,,,,,,,
,446,2021/11/02,北海道,YJP大武,柴田裕,陸上出荷品名別実績一覧不具合,Q2：代替手段により後続テスト実施可能,D：実績管理,D：実績管理,車番別実績受信,"■発生日：　2021/11/2

■発生拠点：　北海道製油所

■対応希望日：　即日

■事象
陸上出荷品名別実績一覧において、11/1付の陸上出荷実績が取り込まれていない。
作業実績ファイルメンテはでは実績化が確認できる。

■あるべき姿
処理され、表示される

■代替手段
実績ファイルメンテで確認
","■原因
青井様にご確認いただいた結果、11/1 17:09に11/1分の車番別実績の伝文ファイルを受信している様です。
三鷹検証環境で取込を行ったところ、問題なく取り込めたため、現地でも再取込を実施いただき、問題事象が解消されている認識です。
L3.0EAIまで到達していた車番別実績の伝文がオフラスに取り込まれなかった件について、原因調査を行います。


■対策
原因調査の結果によります。

2021/11/18
北海道のログを取得し確認いたしました。
11/01の車番別実績の受信処理中に、採番機能を用いて車番別実績の登録を行っていますが、採番機能でioExceptionが発生しておりました。
ioExceptionは通常、ファイルが読み込めない状態になっていた場合などに発生するものです。
今回の件では、ファイルの再送処理で正しく取り込めたため、ファイル側に問題があったわけではないと考えられます。
また、再送で正しく取り込めたので、アプリ側のロジックに問題があったわけではないと考えています。
一方で11/01の17:15付近でWindowsUpdateの失敗ログが複数出力されておりました。
もしかすると、問題発生当時はシステムが不安定になっていたのかもしれません。
本件、再現待ちとさせていただきたいと思っております。

2021/12/23 YJP追記
1月の月例会までに同様の事象が発生しない場合は、クローズとさせて頂きたいと思います。

2022/1/24 YJP追記
同様の事象が発生していないため、一旦、クロ―ズとさせて頂きます。
",オフラス,,●,,,,,,,,,2022/01/24,再現待ち,対応不要,,,,,,,,,,,,,,,,,,,,,,,,,,,,,,,,,,,,,,,
,447,2021/11/04,北海道,YJP那須,柴田裕,MB在庫振替マスタ登録エラー,Q1：後続テスト実施不可,M：マスタ管理,M：マスタ管理,マスタメンテナンス画面,"■発生日：2021/11/4
■対応希望日：なるべく早く
■事象
MB在庫振替マスタへの登録を試そうとしたところ、全社統一品名コードがMB品名マスタに登録されていないというエラーが発生してしまいます。
どちらもMB品名マスタには既に登録済みでありエラーが発生する理由が不明です。

■あるべき姿
MB在庫振替マスタへの登録が出来る。

■代替手段
なし
","■原因
MB在庫振替マスタのメンテナンス画面について、MB品名マスタに対する存在チェック処理が誤っていたためです。

■対策
MB在庫振替マスタのメンテナンス画面の設定修正（データパッチ）を行います。
検証結果エビデンスを下記BOXに格納いたしました。
内容のご確認をお願いいたします。
https://app.box.com/folder/149434281497
【No447】MB在庫振替マスタの登録エラー.xlsx",オフラス,,●,,,,,,,2021/11/04,2021/11/04,2021/12/15,データ不備,確認完了,,,,,,,,,,,,,,,,,,,,,,,,,,,,,,,,,,,,,,,
,448,2021/11/08,千葉,YJP那須,青井圭介,瑞泉丸11/4赤黒伝票取り消し方法について確認依頼,Q1：後続テスト実施不可,I：伝票発行管理,I：伝票発行管理,伝票訂正処理,"■発生日：2021/11/05
■対応希望日：11/8 11:00　
　※商品管理担当の週報作成の兼ね合いで、11/8(月)の午前中までにご回答をお願いいたします。
■事象
11/3「瑞泉丸」の出荷伝票の赤黒処理をしようとしたところ、11/4日付けで赤黒伝票を送信してしまいました。
改めて11/3「瑞泉丸」の赤黒処理をするために、11/4の赤伝票（伝票No.10011）と黒伝票（伝票No.10012）を取り消したいのですが、
どのように処理すればよろしいでしょうか。

【経緯】
① 11/3に「瑞泉丸」にてLSIHAと0.1Aを出荷し、伝票を送信。
② 11/4、「瑞泉丸」に積み込んだLSIHAの外観不良により揚げ戻しを実施し0.1Aのみを出荷。
その際11/3に送信した伝票を、0.1Aのみに訂正しようとしたところ、11/4の伝票日付けで送信してしまった。

元伝票が無い11/4で、赤黒処理をしているため、LSIHA数量がマイナスで計上されております。
SAPにマイナスの伝票計上されている状態で、オフラスから訂正伝票を送信する方法が分からない為、
申し訳ございませんが対方法のご教授をお願い致します。

月初でお忙しい中恐縮ですが、よろしくお願い致します。

■あるべき姿
伝票訂正が出来る

■代替手段
なし
","■原因

■対策
本件、7月及び8月に発生した訂正伝票の日付誤りと同件と考えております。
そのため、修正方法についても当時と同様になると考えております。
　※違いとして、月を跨いでいないためSAPでの取込エラーが発生しておりませんので、その分、対応が容易かと思われます。
以下の様に対応頂くことで、結果として11/3の0.1Aのみが残るように伝票登録できると考えております。

■既に起票済の伝票
　①通常伝票
　　　伝票日付：11/3　伝票No：10011　品名：LSIHAと0.1A
　②取消伝票
　　　伝票日付：11/4　伝票No：10011　品名：LSIHA（マイナス数量）と0.1A（マイナス数量）
　③訂正伝票
　　　伝票日付：11/4　伝票No：10012　品名：0.1A

■これから起票する伝票
　④紐付けなしの取消伝票（①の取消）
　　　伝票日付：11/3　伝票No：XXXXX　品名：LSIHA（マイナス数量）と0.1A（マイナス数量）
　⑤通常伝票（①の本来の訂正伝票）
　　　伝票日付：11/3　伝票No：XXXXX　品名： 0.1A
　　→④と⑤は画面からの手入力となり、ここまでの伝票登録で11/3分はあるべき状態になります。
　⑥取消伝票（③の取消）
　　　伝票日付：11/4　伝票No：XXXXX　品名：0.1A（マイナス数量）
　⑦訂正伝票（②の打ち消し伝票）
　　　伝票日付：11/4　伝票No：XXXXX　品名：LSIHAと0.1A
　　→⑥および⑦は③に対する訂正処理(※)で作成可能です。
　　　※③に対する訂正伝票作成で「伝票日付11/4、品名：LSIHAと0.1A」と登録することで、
　　　　⑥、⑦の伝票が登録されます。",オフラス,●,,,,,,,,,,2021/12/06,仕様通り,確認完了,,,,,,,,,,,,,,,,,,,,,,,,,,,,,,,,,,,,,,,
,449,2021/11/10,千葉,YJP張替,伊藤祐希,包括保税運送申告書不具合,Q2：代替手段により後続テスト実施可能,F：外航通関,帳票,包括保税運送申告書,"■発生日：2021/11/8
■対応希望日：2021/11/30
■事象
出荷実績画面の印刷ボタンから作成される包括保税運送申告書が正しく表示されない
■あるべき姿
出荷実績の内容が正しく表示される。申告書作成ボタンからの帳票とレイアウトが同じ。 
■代替手段
EXCEL画面で手修正して帳票を作成 ","■原因
外国貨物運送申告の実績確定時、運送形態が内外貨同時（包括運送）の場合に出力している帳票レイアウトが、内外貨同時でない（包括運送）を使用していたため
■対策
下記の運送形態にて、それぞれに対応する帳票レイアウトを使用して正しく出力するように修正いたします。
内外貨同時でない（包括運送）
内外貨同時でない（包括運送でない）
内外貨同時（包括運送）
内外貨同時（包括運送でない）
また、ご連絡時にいただいた資料に沿った出力となるよう対応いたします。",オフラス,●,●,●,●,－,,,,2021/12/01,2021/12/08,2022/02/25,設計不備,確認完了,,,,,,,,,,,,,,,,,,,,,,,,,,,,,,,,,,,,,,,
,450,2021/11/10,北海道,YJP那須,柴田裕,オフラスモニタのボタン活性化について,Q3：後続テスト実施可能,X：共通,X：共通,システム共通,"■発生日：　2021/11/10

■対応希望日：　来週中

■事象
推定レベル計算の計算ボタンが非活性となっている

■あるべき姿
北海道オフラスモニタの計算ボタンを活性化したいが、可能でしょうか？
活性化によるハレーションも可能な範囲でご教授お願い致します。

■代替手段
オフラスを使用する
","■原因

■対策
製油所モニタの推定レベル計算画面の計算ボタンの活性化は不可となっております。
（仮にボタンを押せるようにしてもエラーが発生します。）

理由としまして、推定レベル計算画面の計算ボタン押下によりタンク在庫計算機能が動作しますが、製油所モニタにはタンク在庫計算機能を導入していない（モジュールが入っていない）ためになります。
なお、ブレンドシミュレーション機能が動作するボタンも同様の理由で活性化が不可となっております。",オフラス,,,,,,,,,,,2021/12/15,仕様通り,確認完了,,,,,,,,,,,,,,,,,,,,,,,,,,,,,,,,,,,,,,,
,451,2021/11/12,千葉,YJP大武,伊藤祐希,終了しているJOBが受払実績側で消えない,Q3：後続テスト実施可能,D：実績管理,D：実績管理,,"■発生日：　2021/10/19

■発生拠点：　千葉事業所

■対応希望日：　１１月３０日

■事象： 計量シフトJOBが終了しているの実績画面では常に表示されている。

■あるべき姿： 終了したJOBはその日以外は表示されない

■代替手段：不要
","■原因
計量シフトJOB削除画面から削除された計量シフトJOBが問題でした。
計量シフトJOB削除から削除された場合、親JOBは正常終了だが、子JOBのうちいくつかが削除という状況になります。
この時、子JOBに紐づく受払を作成する必要はない認識ですが、親JOBの削除は判定していましたが、子JOBの削除は判定しておりませんでした。
このため、削除になった子JOBがタンク受払上作業中の状態と誤認され、タンク受払日報データが作成されてしまっていました。

実績管理のタンク受払日報で誤ってデータが作成されていたため、マスバランスの商品タンク受払にも引き継がれて、問題事象に繋がっておりました。

■対策
AP修正し、子JOBが削除されていた場合に、タンク受払日報データを作成しないようにします。

2021/11/25
修正エビデンスを以下に格納致しました。
https://app.box.com/folder/150863676972
【No451】実績管理_終了しているJOBが受払実績側で消えない",オフラス,●,●,●,●,,,,,2021/11/25,2021/12/08,2022/02/25,AP・コーディング,確認完了,,,,,,,,,,,,,,,,,,,,,,,,,,,,,,,,,,,,,,,
,452,2021/11/17,千葉,YJP村上,青井圭介, 【ご教示のお願い】寄託タンク在庫／国産ナフサ売上方法,,F：外航通関,F：外航通関,寄託タンク在庫管理,"■発生日：2021/11/17
■対応希望日：11/18　17時まで
■事象
首件、現在寄託タンクの「国産ナフサ（欠減）」（輸入ナフサに対する欠減補填用）の在庫が増加
しており、国産ナフサ分の払出しを検討しております。
払出しは、添付明細表の様に、「国産ナフサ（売上）」欄に任意の数量を立てる事になります。
　「国産ナフサ（売上）」の売上方法等についてご教示をいただきたく、お願いします。
■あるべき姿

■代替手段
","■原因
ー
■対策
本件、下記の業務を実施していただくことで可能と考えてます。
・荷繰にて、三井ナフサ出荷を実施（オーダ、作業計画）
・シフト出荷実績が確定状態（実績伝票が確定状態）
・寄託タンク在庫（払出）明細表データ参照画面の「シフト出荷」項目に実績数量が表示（編集ボタン起因）
・実績数量部位をクリックし、寄託タンク在庫シフト出荷制裁設定（台帳作成）画面を表示
・当該画面にて必要情報を入力、実行
・寄託タンク在庫（払出）明細表データ参照画面の国産ナフサ（売上）項目に上記画面で入力した内容が表示
・寄託タンク在庫明細表帳票の出力
となります。
詳細資料を下記BOXに格納いたしました。
https://app.box.com/folder/150419942871
・寄託タンク在庫_国産ナフサ（売上）の売上方法.xlsx",オフラス,●,－,－,－,,,,,,,2021/11/19,その他,確認完了,,,,,,,,,,,,,,,,,,,,,,,,,,,,,,,,,,,,,,,
,453,2021/11/18,北海道,庄司大樹,庄司大樹,G-3SのFI添加品ありロットにて、成績表発行依頼が行えない,,L：試験管理,L：試験管理,成績表発行依頼,"■発生日：2021/11/17
■対応希望日：2021/11/23  17時まで
■事象
G-3SのFI添加品ありのロットにて成績表発行依頼ができなくなった。
検証をしていたところ、11月11日にJX留萌向けG-3SのFIありのロットはあるものの、そちらについては問題なく成績表発行依頼が行えていた。

2021/11/18エビデンス格納済み

■あるべき姿
成績表発行依頼ができるようになり、問題なく帳票出力が行えること。
■代替手段
成績表のExcelフォーマットに直接試験結果を手入力すること。","■原因 　
エラーの発生している「A4-11118-19-B955(依頼番号：1046907)」は試験結果を複写で設定しています。
しかしながら、その複写元である「A4-11115-22-B955(依頼番号：1046645)」は削除されてしまっています。
成績表を作成する際、一番元となる複写元をたどり複写する情報を取得しています。
（入力されたときの情報を正しく残すため） 
一番元となる複写元をたどるリンクが途中で途切れたために発生しています。
■対策 　
正しく成績法を発行する方法は、以下のいずれかになります。 
1)	削除された「A4-11115-22-B955(依頼番号：1046645)」を削除取消する。 
⇒削除すべき試験依頼なので、そのまま残すことはできないと思われます。
　　2)「A4-11118-19-B955(依頼番号：1046907)」の複写した値を手入力しなおす。
　　　　⇒あまり現実的ではないと思われます。
　　3)新たに試験依頼を作成、判定後、成績表を作成する。
⇒この方法がお勧めです。

今回の場合、運用に問題があると思われます。 　
削除する依頼の試験結果を複写しているため、複写した値の信頼性が担保できません。 　
本来は、複写せずに実測して入力されるべきと思われます。 　
また、エラーが本質的でないことにも問題があると思いますので、
どのように対応すべきかご検討いただけますか？
2021.12.06)芥川記　削除した依頼の試験結果を複写しているため、成績表発行依頼ができないことを
　　　　　　　　　　北海道に説明し、了解済（このようなイレギュラーケースは手入力手対応することとする）",IKC,,●,,,,,,,,,2021/12/06,その他,対応不要,,,,,,,,,,,,,,,,,,,,,,,,,,,,,,,,,,,,,,,
,454,2021/11/24,千葉,YJP増田,伊藤祐希,運転制御とオフラス間の通信不可,,Y：通信管理,Y：通信管理,受信スポークのコマンドパス,"■発生日：　2021/11/23
■発生拠点：　千葉事業所
■対応希望日：　２週間以内　
■事象
運転制御とオフラスが接続出来ない

 千葉事業所 伊藤様より11/23 15:30頃入電があり、
15時あたりから運転制御とオフラスが接続できないとのこと。
 青井様にて、ETS-R APサーバの再起動を実施し、復旧。

 イベントログ等のBox格納先
https://apac01.safelinks.protection.outlook.com/?url=https%3A%2F%2Fidemitsu.ent.box.com%2Ffolder%2F150698518191&amp;data=04%7C01%7Ckeisuke.aoi.0240%40idemitsu.com%7C65d64b0701484f51109308d9aee4365c%7C1a721771b78a40799ec538695d718adb%7C0%7C0%7C637733117448926535%7CUnknown%7CTWFpbGZsb3d8eyJWIjoiMC4wLjAwMDAiLCJQIjoiV2luMzIiLCJBTiI6Ik1haWwiLCJXVCI6Mn0%3D%7C3000&amp;sdata=Zpg3tHzAqFwfuYP4%2FrbsSrpj1xg3lOIHs2LFsfSGVsw%3D&amp;reserved=0

■あるべき姿
運転制御とオフラス間の接続に問題がないこと
■代替手段
なし

","■原因
NACCSの受信伝文のファイル名にて、空白が含まれております。
空白がパラメータの区切り文字の扱いになることから、
ファイル名が途中で途切れ、正常に連携出来ずにEAI_DBA.exeが異常終了しております。

2022/03/03 YJP追記
2/10・2/22・3/1に発生した事象につきましては、
「cmd.exe」プロセスが大量に残存していた状態であったと思われ、
システムリソース不足が発生し、EAI_DBA.exeが実行できなかったと考えます。
「cmd.exe」プロセスが大量に残存していた原因は、
NACCS受信伝文を受信時のbat起動方法に不備があり、
「cmd.exe」プロセスが終了せずに残存してしまっています。

■対策
NACCSの受信伝文はnetNACCSのオプション機能にて自動受信時に指定のファイル名で所定場所に格納されます。
本事象が発生していない北海道製油所の設定内容に合わせて、netNACCSのオプション設定をお願いします。
設定内容については、下記BOXに格納いたしました。
https://app.box.com/folder/155391840634
・千葉_受信伝文自動取得設定内容.xlsx
本設定は、使用されているnetNACCS端末全てに対し実施願います。

また、受信伝文のファイル名を変更する場合は、下記文字は使用しないでください。
「―ソЫⅨ噂浬欺圭構蚕十申曾箪貼能表暴予禄兔喀媾彌拿杤歃濬畚秉綵臀藹觸軆鐔饅鷭纊犾偆砡」

本事象発生時のリカバリについて、
【再起動について】
EAI_DBA.exeのエラー時は、サーバ再起動
EAI_DBA.exe以外のエラー時は、サービス再起動
にてお願いいたします
【暫定対応（リカバリ）】
①エラー伝文に関しては、再送していただけることで、DBへの書き込みが実施されます。
エラーとなった伝文については、下記のBOXに格納いたしました。
https://app.box.com/folder/154046791905
・取り込みエラー伝文.txt
・通信インタフェース一覧_抜粋版.xlsx
②下記BOXに格納させていただいているリカバリ手順を元にリカバリ（再送）の方、お願いいたします。
https://app.box.com/folder/153006369767

2022/03/03 YJP追記
NACCS受信伝文を受信時のbat起動方法を変更します（北海道ターゲットと同じ起動方法になります）
　変更前：「cmd.exe /c start D:\eai\server\sfdemand\bat\NACCS_RECEIVE.bat 伝文ファイル」
　変更後：「D:\eai\server\sfdemand\bat\NACCS_RECEIVE.bat 伝文ファイル」

2022/03/04 YJP追記
上記対策を実施いたしました。進捗ステータスは「再現待ち」とし、継続監視いたします。

2022/4/21 YJP追記
対策実施後、同様の事象が発生していないためクローズとさせて頂きます。

",オフラス,●,－,－,－,－,,,,,,2022/04/21,環境設定,確認完了,,,,,,,,,,,,,,,,,,,,,,,,,,,,,,,,,,,,,,,
,455,2021/11/29,北海道,YJP村上,菊池聖子,BFブレンド出荷時転換伝票品名について,Q3：後続テスト実施可能,F：外航通関,F：外航通関,外貨搬出実績数量確定,"■発生日：2021/11/26
■対応希望日：12/10まで
■事象
BFのブレンド出荷を実施し、転換伝票を起票しようとしたところ、ブレンド原料である重油と軽油のうち、重油が伝票に表示されない。
「外国貨物製造搬出明細表」は正しく表示されている。

■あるべき姿
上記現象の解消

■代替手段
伝票は手入力で追加する。
","■原因
外貨搬出実績数量確定にて伝票作成時、参照する必要のないボンド出荷ブレンド基材マスタの基材簡略品名コードを参照していたため。本、ボンド出荷ブレンド基材マスタの基材簡略品名コードが単一の場合は問題無く伝票作成を実施いたしますが、複数の同一コードが存在した場合、正しく伝票作成が実施出来ない制御となっておりました。
■対策
伝票作成時は、ボンド基材ブレンド出荷マスタを参照せずに、登録した外貨搬出実績データを基に伝票作成をするように修正いたします。

改修版をリリースするまでは、伝票管理の画面から手入力による運用にてリカバリをお願いいたします。

2021/12/09 YJP追記
検証結果エビデンスを下記BOXに格納いたしました。
内容のご確認をお願いいたします。
https://app.box.com/folder/151813215347
・【No455】ブレンド出荷時の転換伝票作成対応.xlsx",オフラス,●,●,●,●,－,,,,2021/12/09,2021/12/22,2022/02/18,AP・コーディング,確認完了,,,,,,,,,,,,,,,,,,,,,,,,,,,,,,,,,,,,,,,
,456,2021/11/29,千葉,YJP大武,伊藤祐希,作業中の陸上出荷実績ファイルメンテ,Q3：後続テスト実施可能,D：実績管理,D：実績管理,陸上出荷実績ファイルメンテ,"■発生日：2021/11/23
■対応希望日：未
■事象
2021/11/23に発生した運転制御との通信途絶(保守問題点No454)の影響で、陸上出荷の実績が受信できなかったJOBが存在した。
当該JOBを実績管理の画面から終了させようとしたが、JOB一覧のJOBNoがリンクになっておらず、実績画面に遷移できなかった。

■あるべき姿

■代替手段
運転制御から陸上出荷実績の再送","■原因
本件、調査の結果、仕様通りでした。
陸上出荷の実績ファイルメンテ画面では、「登録済み」「終了」「削除」のJOBについて表示することとなっており、「作業中」(「停止中」も)のJOBについては対象外となっておりました。
そのため、JOB一覧のリンクが有効になっておらず、画面遷移できない状況でした。

本件の対応としては、仕様変更として、「作業中」(「停止中」も？)のJOBを陸上出荷実績ファイルメンテナンス画面の対象とするようにするか、現在対応いただいた通り、運転制御から実績の再送信を実施いただくかになると思っております。

「作業中」(「停止中」)を画面の処理対象に加える場合、いくつか詳細仕様を詰める必要があります。
・画面で更新できるステータスは現在、「登録済み」「終了」「削除」だが、ここに「作業中」「停止中」を増やすか
・作業中、停止中に更新できる場合、タンク実績数量の入力は必須とするか、作業終了時間を更新する必要はないと思われるが、それでいいか。
・終了や、削除の状態から作業中に戻せるようにするか
・その場合、過去の実績データも作業中に戻せることになるが、改めて終了させた場合の作業終了時間はどう設定するか。
　(陸上出荷JOBは基本的にカレンダー日を跨がないのでJOB日翌日の0:00等で良いか)

■対策
本件、仕様整理中とさせていただきますので、対応方針をご検討ください。

2021/12/01
現状通り、対応不要のご連絡を頂いたため、対応不要に変更いたします。",オフラス,●,●,●,●,●,,,,,,2021/12/01,仕様通り,対応不要,,,,,,,,,,,,,,,,,,,,,,,,,,,,,,,,,,,,,,,
,457,2021/11/30,千葉,EXE鶴岡,伊藤祐希,海上出荷月報のデータ差異について,,,,,"■発生日：　2021/11/25
■発生拠点：　千葉事業所
■対応希望日：　１１月３０日
■事象： 実務担当者からの確認依頼です。
海上出荷の実績を確認するため、ＳAPの入出荷実績リスト旧（ＢＯ）」と、
オフラスから出力した、海上出荷流量計積算記録表（月報）の「伝票数量」と「出荷数量」に誤差が無いかを油種毎に確認していますが、
集計される数量が異なっております。
オフラスから送信する伝票プルーフリストの合計と、SAP伝票の日々の数量はすべて一致しておりましたが、
海上出荷流量積算記録表（月報）で出力される、「出荷数量」、「伝票数量」とSAPとの数量に下記のような差が出ます。
この差は何が原因と、不具合が無いかのご確認をお願い致します。
■あるべき姿： 出荷数量と伝票数量の差について説明できる
■代替手段：なし","■原因

■対策
エビデンス提出済み
",自営帳票,●,,,,,,,,2021/11/30,2022/01/19,2022/02/25,,確認完了,,,,,,,,,,,,,,,,,,,,,,,,,,,,,,,,,,,,,,,
,458,2021/12/03,北海道,EXE鶴岡,柴田裕,作業シート文言修正依頼,,,,作業シート,"■発生日：　
■発生拠点：　北海道製油所
■対応希望日：　1週間程度
■事象
運用の変更が有る為、作業シートの変更をお願い致します。
■あるべき姿
添付参照　対象ページP60~P62  P67~P70（OUTPUT_軽油、OUTPUT_A重油、OUTPUT_ホ゛イラー、OUTPUT_C重油）
シート内、赤字の文章について追加をお願い致します。
■代替手段
なし","■原因

■対策",自営帳票,,,,,,,,,,2021/12/09,2021/12/15,,確認完了,,,,,,,,,,,,,,,,,,,,,,,,,,,,,,,,,,,,,,,
,459,2021/12/03,千葉,YJP村上,伊藤祐希,,,F：外航通関,F：外航通関,通関業者輸入申告情報入力,"■発生日：2021/12/01
■対応希望日：12月14日
　　　　　　　　　　★北海道(製)で１２月にIBPを行う予定になっています。
■事象
IBPデータ入力確定時、『金額＄は0.01～9,999,999.99』のエラーがでて確定できない。
■あるべき姿
許可書の金額で確定できるようにする。
■代替手段
※外貨在庫はBP時に内貨になっているので影響なし。
※納税伝票は手入力で対応可能(千葉はLPGなので伝票起票なし。北海道は製品のため伝票起票あり)
","■原因
価格単位が＄の場合、整数部11桁、小数部2桁
価格単位が￥の場合、整数部11桁　（既設仕様）
のところ、
価格単位が＄の場合、整数部7桁、小数部2桁
価格単位が￥の場合、整数部10桁　（新設仕様）
にて入力制御しているためです。
■対策
既設仕様に合わせ、
価格単位が＄の場合、整数部11桁、小数部2桁。
価格単位が￥の場合、整数部11桁
にて入力制御するように修正いたします。

2021/12/13 YJP追記
エビデンス提出日の予定を2021/12/13→2021/12/17に変更いたしました。（実務担当者様承諾済）

2021/12/17 YJP追記
検証結果エビデンスをBOXに格納いたしました。
内容のご確認をお願いいたします。
https://app.box.com/folder/152347430381
・【No459】価格情報入力桁数の上限チェック対応.xlsx
",オフラス,●,●,●,●,－,,,,2021/12/17,2021/12/23,2022/02/25,設計不備,確認完了,,,,,,,,,,,,,,,,,,,,,,,,,,,,,,,,,,,,,,,
,460,2021/12/06,北海道,芥川健司,芥川健司,新IRISの実績数量の不具合,,L：試験管理,L：試験管理,,"■発生日：2021/7/16
■対応希望日：
■事象
北海道NPRGにおいて新IRISの実績数量(基材情報)とLABAIDの実績数量が異なっている
■あるべき姿
両者が一致している。
■代替手段
","■原因
運転管理の計画時にひとつのタンクを二つの基材として生産計画を実施しているケースで発生している。
この場合、LABAIDの基材情報には同一タンクの基材が複数存在する事となる。また新IRISへの送信データも、
複数となるデータになることになる。
しかしながら、新IRISデータ側で受信時に同一タンク番号の複数基材があることを想定したものとなっていない（TQU_FO_BLENDテーブル）その為、複数受信したタンクデータについて後勝ちとなり最初のデータが廃棄されている。
既設ではこのようなケースではオフラス側に複数基材の数量を束ねる機能があったものと思われる。
試験管理は複数基材を束ねる機能はありません。
■対策
基材を束ねる機能を追加が必要となる。
基材を束ねる仕様が「内容」に記載した仕様で問題がないかご確認ください。
[2022.01.31 IKC芥川]
YJP増井さんと調整し、下記仕様とします。
・集計キーを基材タンクNO、基材統一品名略号の２項目とする。
・リカバリを行い、復旧データは2020年9月28日以降を対象とする(9月27日以前はユーザ（北海道）にて本件にかかわるデータは問題ないことを確認しているため、リカバリ対象としない）

■棚卸
2026/01/29：確認中、次回ステータス変更なき場合は強制クローズとする",オフラス,,,,,●,,,,2022/03/23,2022/04/14,2026/02/25,仕様通り,確認完了,,,,,,"①同じ基材が複数存在する場合、以下のルールで基材を１データに集計して新IRISへ送信する。
・同じ基材と判断するキーは基材タンクNO、基材統一品名略号、基材ロットNO、　
　試験分類コードとし、同じキーの場合は集計処理を行う。
・ロット確定日時、分類コードは一致する前提で取得したいずれかの基材から
　取得したものを代表させる。
・ブレンド比、ブレンド量はキー毎に合計した値を送信する。

②別途、これまでの実績でブレンド比、ブレンド量を合計する新IRIS送信データのみを抽出し、新IRISへのリカバリ用送信データ（千葉、北海道）を作成する。
※総合テストにリカバリ用送信データ作成工数も含みます。",仕様変更承認済,5.6人日,3.0人日,2.6人日,2.0人日,5.0人日,対応依頼,,"CHG-00008667　21K2D025

2022/2/4 IKC福山　YJPに対応依頼",,,21K2D025,,,,,,,,,,,,,,,,,,,,,
,461,2021/12/07,千葉,YJP村上,伊藤祐希,ETS-R APサーバの「PEAIServer」サービスが異常終了した,,Y：通信管理,Y：通信管理,,"■発生日：2021/12/7
■対応希望日：2週間以内
■事象
ETS-R APサーバの「PEAIServer」サービスが異常終了した。
下記の件を調査願います。
① EAIサービスが異常終了した原因
② 異常終了後、サービス手起動したが状態復旧しなかったのはなぜか。（APサーバ自体の再起動で復旧）
　  ⇒オフラスからのJobNo.設定不可（画面展開は問題なし）
　　　 運転制御はJobの準備・開始が不可
　　　 メッセージ一覧上、運転との同期が取れないメッセージは見られない

③ L3.0⇔L3.5間連携に影響は無いか
　　（BOXにメール添付しています。）
＜ログ格納先＞
https://idemitsu.ent.box.com/folder/151643204274

■あるべき姿
サービスが終了しない。
■代替手段
なし

","■原因
① 調査中です。
② PEAIServerだけの再起動だけでなく、他のEAI関連のサービスも再起動する必要があります。
　　INITServiceを再起動してください。
　　（INITServiceは関連するEAIのサービスを全て再起動します。）
③ 影響無しと判断しております。
　　いただいたログから検証させていただいた結果、送受信エラーが何件か存在しておりましたが、
　　大半が定周期での送受信伝文であったことから、エラー後に問題無く伝文の送受信が実施されていることを確認いたしました。
　　1件、試験報告書のPDF送信にてエラーがありましたが、再起動後にPDFが再送されていることを確認いたしました。

2021/12/21 YJP追記
取得しましたログの確認、また、社内確認しましたところ、原因は定かではありませんが、過去に類似の事象を確認しました。
対応としては、EAIのモジュール入替にて対応させて頂きたいと考えております。

■対策
① 調査結果次第でご相談させてください。
② 問題のあったJOB（2件）はデータパッチにてリカバリ（12/7実施）
③ 対策不要　

2022/01/19 YJP追記
EAIモジュールの入れ替え、および、updatersの追加設定（L3.0：""D:\eai\client""、L3.5：""D:\eai\client""、""D:\eai\server""）を1/19に実施いたしました。
一旦、進捗ステータスは「再現待ち」とさせていただきます。
以降、再発しない場合はクローズさせていただく方向でお願いいたします。

2022/02/28 YJP追記
モジュールリリース後、同様の事象が発生していないため一度クローズとさせて頂きます。
再発した場合は、新規起票にて対応させて頂きます。",オフラス,●,－,－,－,－,,,,,2022/01/19,2022/02/22,その他,確認完了,,,,,,,,,,,,,,,,,,,,,,,,,,,,,,,,,,,,,,,
,462,2021/12/08,千葉,EXE鶴岡,伊藤祐希,タンカー在庫明細表出力負荷,,,,,"■発生日：2021/12/7
■発生拠点：千葉事業所
■対応希望日：明日中（困難な場合は目安の納期をご教授頂きたく存じます。）
■事象
オフラスで11月のタンカー在庫明細表を出力しようとしたが、エクセルで「型が一致しません。」のメッセージが表示され、出力できません。
（詳細は添付のエクセルをご参照ください。）
※12月1日時点では発行できましたので、これ以降から12月7日の間に実施された処理が関連していると思われます。
■あるべき姿
11月のタンカー在庫明細表が出力できる。
■代替手段
不明","■原因
商品タンク受払のデータ（日付）が正常に取得できなかった際
型不一致エラーが発生しておりました。 
■対策
正常な日付で実行するよう修正
リリース済み",自営帳票,●,,,,,,,,,2021/12/06,2021/12/21,AP・コーディング,確認完了,,,,,,,,,,,,,,,,,,,,,,,,,,,,,,,,,,,,,,,
,463,2021/12/08,北海道,百留哲平,柴田裕,作業計画関連帳票の改善要望,Q3：後続テスト実施可能,B：作業計画管理,帳票,帳票出力,"■発生日：2021/12/09
■対応希望日：
■事象
作業計画管理の帳票出力にある帳票のうちJOBを表示させるものについて、仮JOB段階から出力できるようにしてほしい。

■あるべき姿

■代替手段
","■原因

■対策
対象帳票は下記となります。
　・ブレンド出荷タンク在庫チェック表
　・直出荷タンク在庫チェック表
　・入出荷作業計画一覧表
　・ミキシング・水切り・サーキュレーション作業計画一覧表

※以下の帳票は自営帳票となりますので、エグゼ様へお問合せをお願い致します。
　・作業シート：添加剤ローリー受入作業
　・作業シート：入荷作業
　・作業シート：陸上出荷作業
　・作業シート：海上出荷作業
　・作業シート：装置受入作業
　・作業シート：水切り作業
　・作業シート：シフト生産作業
　・作業シート：ミキシング・サーキュレーション作業
　・パワーエンジニアリングパイプライン作業シート
　・北電パイプライン出荷作業シート

2022/5/26 追記
5/26リリース後に印刷不可となったため、切戻しを実施

2022/6/14 追記
エグゼ様よりリリース依頼受領",オフラス,,,,,●,,,,2022/04/20,2022/07/07,2022/07/07,仕様変更,確認完了,,,,,,"帳票単位でお見積りしております。
　①ブレンド出荷タンク在庫チェック表(※)
　②直出荷タンク在庫チェック表
　③入出荷作業計画一覧表
　④ミキシング・水切り・サーキュレーション作業計画一覧表

(※)ブレンド出荷タンク在庫チェック表について
データ収集条件に仮JOB状態（出荷タンク設定後)も帳票の出力対象とするよう変更いたします。
また、システム定数を新規で追加し、他製油所以外も本件のように出力したいとなった場合、画面からシステム定数を変更することで、上記の収集条件を使用できるようロジックを追加いたします。

2022/1/19 YJP追記 
先行して①のみお見積致しました。
②～④についても見積次第、工数を登録致します。

2022/1/24 YJP追記
②～④の帳票の見積工数を追加登録致しました。

②直出荷タンク在庫チェック表について
データ収集条件に仮JOB状態（出荷タンク設定後)も帳票の出力対象するよう変更いたします。
また、システム定数を新規で追加し、他製油所以外も本件のように出力したいとなった場合、画面からシステム定数を変更することで、上記の収集条件を使用できるようロジックを追加いたします。
③入出荷作業計画一覧表について
データ収集条件に仮JOB状態（出荷タンク設定後)も帳票の出力対象するよう変更いたします。
また、システム定数を新規で追加し、他製油所以外も本件のように出力したいとなった場合、画面からシステム定数を変更することで、上記の収集条件を使用できるようロジックを追加いたします。
④ミキシング・水切り・サーキュレーション作業計画一覧表について
データ収集条件に仮JOB状態も帳票の出力対象するよう変更いたします。
また、システム定数を新規で追加し、他製油所以外も本件のように出力したいとなった場合、画面からシステム定数を変更することで、上記の収集条件を使用できるようロジックを追加いたします。",仕様変更承認済,"①0.5人日
②0.5人日
③0.5人日
④0.5人日","①1.0人日
②1.0人日
③1.0人日
④1.0人日","①0.5人日
②0.5人日
③0.5人日
④0.5人日","①0.25人日
②0.25人日
③0.25人日
④0.25人日","①0人日
②0人日
③0人日
④0人日",対応依頼,,,,,,,,,,,,,,,,,,,,,,,,,,
,464,2021/12/13,北海道,YJP大武,柴田裕,水切り実績修正後の挙動について,Q3：後続テスト実施可能,D：実績管理,D：実績管理,水切り実績,"■発生日：　2021/12/7

■発生拠点：　北海道製油所

■対応希望日：　1週間以内

■事象
10011水切り実績の修正を行なったが、当該JOBが水切り実績ファイルメンテにて
タンクNoが10011→60003に変わってしまった。

■あるべき姿
タンクNoが別のタンクに化けない

■代替手段
なし
","■原因
本件の操作履歴を確認いたしました。
12/09の0:43頃水切りのデータを更新されている様ですが、操作履歴に残っている更新前データは、本件の水切り実績の情報ではなく、JOB日付:12/05の60003タンクの水切り実績のものと同じになっておりました。
水切り実績ファイルメンテ画面では、タンクNoは変更できず、ラベルで表示されております。
画面更新時にはこのラベル表示されているタンクタグNoを取得いたしますが、更新ボタン押下前に別のタブで別の水切りを表示すると、システムが取得するラベルが新しいタブのものになってしまいます。
そのため複数タブでの表示、操作はご遠慮いただいていると思っております。
本件の状況からすると、今回複数タブを表示した状態で、水切り実績の更新ボタンを押下されたように見受けられますが、実際の操作内容は如何であったのかご確認いただきたいです。

複数タブを表示していた場合には、そのような運用はおやめ頂き、複数ウィンドウを表示する方法に則って運用いただきたく思います。

■対策
本件、複数タブ表示に関わる問題であった場合は、AP修正は不要と考えておりますが、複数タブ表示の結果壊れてしまったデータについてのリカバリ必要有無をご検討いただきたく思います。

2021/12/21
2021/12/16に柴田様より、現時点で問題日のタンク増減日報は作業通りに見受けられるため、データパッチの必要なしの旨ご連絡頂きました。本件、対応不要とさせていただきます。",オフラス,,,,,,,,,,,2021/12/21,その他,対応不要,,,,,,,,,,,,,,,,,,,,,,,,,,,,,,,,,,,,,,,
,465,2021/12/15,北海道,EXE鶴岡,柴田裕,生産シフト作業報告書不具合,,,,,"■発生日：　2021/12/10
■発生拠点：　北海道製油所
■対応希望日：　１WEEK
■事象
12/9の実績を印刷しようとしたところ、「ERROR；Output Data」と出て印刷できません。
この日、REG生産を親JOBキャンセルし、実績未送信分のJOBがあるからかもしれません。
実績再送信や、実績修正を行ってみましたが状況は変わりませんでした。
上記連絡がオペレータから来ていたが、現状確認するとERRORは出るものの
その後、データ出力がされている。
原因等調査お願い致します
■あるべき姿
ERRORが出力されない
■代替手段
なし","■原因
原因としましては実績数量に「0」ではなく「NULL」が入っていた為
エラーが発生しておりました。
■対策
NULLの場合は0として扱うよう修正
リリース依頼済み",自営帳票,,,,,,,,,,2021/12/22,2022/01/17,データ不備,確認完了,,,,,,,,,,,,,,,,,,,,,,,,,,,,,,,,,,,,,,,
,466,2021/12/17,千葉,YJP村上,伊藤祐希,保税運送申告価格の不具合,,F：外航通関,帳票,,"■発生日：2021/12/16
■対応希望日：今月（12月）中
■事象
外国貨物運送申告書の申告価格が申告数量に対する価格になっている。
■あるべき姿
 積込数量(実績数量)から計算する。
■代替手段
なし。","■原因
No.449の対応を実施した際に、実績数量と単価を掛け合わせた価格ではなく、申告価格を出力対応をしておりました。
■対策
あらためて、実績数量と単価を掛けた価格とするよう修正いたします。

2021/12/21 YJP追記
対応希望日の今月（12月）中のリリースは困難なことから、来年早々のリリースとさせていただきます。（実務担当者様承諾済）
リリースが完了するまでは、お手数ですが、帳票の手修正にて運用対応をお願いいたします。
",オフラス,,,,,,,,,2021/12/24,2022/01/26,2022/02/25,AP・コーディング,確認完了,,,,,,,,,,,,,,,,,,,,,,,,,,,,,,,,,,,,,,,
,467,2021/12/18,千葉,YJP新山,伊藤祐希,千葉APサーバのEAIサービス異常終了（2回目）,Q1：後続テスト実施不可,Y：通信管理,Y：通信管理,,"■発生日：　2021/12/18
■発生拠点：　千葉事業所
■対応希望日：　今月中
■事象
AM4:30頃、APサーバのPEAIServerサービスが異常終了。
initServiceサービスを再起動し、運転との接続は正常復旧した事を確認。
30分程度サービスダウンがあったため未送信を確認したところ、
試験管理および新IRIS操業品質への連携が止まっていた為、再送信を実施。

■あるべき姿
サービスが正常稼働すること

■代替手段
サービス（initService）を再起動し復旧。

■その他
ログ格納先
<https://idemitsu.ent.box.com/folder/152421023586>
","■原因
調査中です。

2021/12/21 YJP追記
取得しましたログの確認、また、社内確認しましたところ、原因は定かではありませんが、過去に類似の事象を確認しました。
対応としては、EAIのモジュール入替にて対応させて頂きたいと考えております。

■対策
EAIモジュールの入れ替え、および、updatersの追加設定（L3.0：""D:\eai\client""、L3.5：""D:\eai\client""、""D:\eai\server""）を1/19に実施いたしました。
一旦、進捗ステータスは「再現待ち」とさせていただきます。
以降、再発しない場合はクローズさせていただく方向でお願いいたします。

2022/02/28 YJP追記
モジュールリリース後、同様の事象が発生していないため一度クローズとさせて頂きます。
再発した場合は、新規起票にて対応させて頂きます。",オフラス,,,,,,,,,,2022/01/19,2022/02/22,その他,確認完了,,,,,,,,,,,,,,,,,,,,,,,,,,,,,,,,,,,,,,,
,468,2021/12/18,千葉,YJP新山,伊藤祐希,千葉APサーバのEAIサービス異常終了（3回目）,Q1：後続テスト実施不可,Y：通信管理,Y：通信管理,,"■発生日：　2021/12/18
■発生拠点：　千葉事業所
■対応希望日：　今月中
■事象
AM12:00頃、運転制御で準備完了を実施したところ、オフラスからの応答がなくタイムアウト発生。
オフラスの通信状況を確認したところ、受信伝文は処理されていたが、
AM8:01以降、送信伝文が作成されていなかった。
FREESIA-SFサービスを再起動し、PM12:55に正常復旧した事を確認。
送信伝文のリカバリは未実施。

■あるべき姿
送信伝文が作成され、相手システムへ送信されること。

■代替手段
サービス（FREESIA-SF）を再起動し復旧。

■その他
ログ格納先
<https://app.box.com/folder/152439135107>
","■原因
調査中です。

2021/12/21 YJP追記
取得しましたログの確認、また、社内確認しましたところ、原因は定かではありませんが、過去に類似の事象を確認しました。
対応としては、EAIのモジュール入替にて対応させて頂きたいと考えております。

■対策
20211218YJP
BINAS再送信を実施しました。
エビデンスは、以下に格納しました。
※画面からのリカバリ手段はない為、バッチを実行して再送信しました。
<https://app.box.com/folder/152454723501>

2022/1/19 YJP追記
EAIモジュールの入れ替え、および、updatersの追加設定（L3.0：""D:\eai\client""、L3.5：""D:\eai\client""、""D:\eai\server""）を1/19に実施いたしました。
一旦、進捗ステータスは「再現待ち」とさせていただきます。
以降、再発しない場合はクローズさせていただく方向でお願いいたします。

2022/02/28 YJP追記
モジュールリリース後、同様の事象が発生していないため一度クローズとさせて頂きます。
再発した場合は、新規起票にて対応させて頂きます。",オフラス,,,,,,,,,,2022/01/19,2022/02/22,その他,確認完了,,,,,,,,,,,,,,,,,,,,,,,,,,,,,,,,,,,,,,,
,469,2021/12/20,千葉,EXE鶴岡,伊藤祐希,【帳票テーブル修正依頼】港湾統計について,,,,港湾統計_原本,"■発生日：　2021/12/16
■発生拠点：　千葉事業所
■対応希望日：今月中
■事象： 港湾調査港コード表の更新に伴い、港湾統計の帳票のテーブル修正をお願いします。
　　　　変更内容については添付のEXCELの港湾コード（国内）に記入しています。
■あるべき姿：
■代替手段：なし　","■原因

■対策
2022/01/14 EXE
修正→リリース済み",自営帳票,,,,,,,,,,2022/01/19,2022/02/25,仕様変更,確認完了,,,,,,,,,,,,,,,,,,,,,,,,,,,,,,,,,,,,,,,
,470,2021/12/23,千葉,YJP吉永,伊藤祐希,IOS20-OFL:計量シフトロット作成失敗,Q2：代替手段により後続テスト実施可能,E：品質管理,Y：通信管理,計量シフト試験依頼,"■発生日：2021/12/22
■対応希望日：1か月以内
■事象
計量シフトの開始時、試験依頼が作成されロットが更新されるところ試験依頼作成失敗しロット更新できなかった。
[問題点エビデンス]
https://app.box.com/folder/152758422794
■あるべき姿
試験依頼失敗せずロット更新される。
■代替手段
手動で試験依頼作成で対応
","■原因
調査中です。

2022/1/6 YJP追記
本件、以前発生しました、保守問題点No.203と同件になります。
計量シフト試験依頼作成時にソケットタイムアウトが発生した為、試験依頼作成に失敗しています。
No.203の対策として、ソケットタイムアウト値を60秒に変更しリリースを行っていますが、今回再発しておりますので、
対策について再検討致します。

2022/02/08 YJP追記
社内にて対応策検討中の状況です。

2022/02/15 YJP追記
対策方針として、ソケットに関連するエラーの発生を検知した場合に処理をリトライする仕組みを取り入れる方法で対応を行う予定です。

■対策
上記のソケットに関連するエラーの発生を検知した場合に処理をリトライする方法で対応を行います。
なお、処理のリトライは1秒間隔で最大5回とし、最大回数に達した場合はエラーとします。

2022/03/16 YJP追記
以下に検証エビデンスを格納しました。
ご確認お願い致します。
https://app.box.com/folder/158483006106
：【No470】SFデマンド要求時にソケットエラーが発生した場合のリトライ対応.xlsx",オフラス,●,●,●,●,,,,,2022/03/16,2022/03/24,2022/04/19,その他,確認完了,,,,,,,,,,,,,,,,,,,,,,,,,,,,,,,,,,,,,,,
,471,2021/12/27,北海道,YJP増田,柴田裕,運転管理サーバーにてFREESIA_SFサービスの異常終了,,,その他,,"■発生日：　2021/12/25
■対応希望日：　２週間以内
■事象
FREESIA_SFサービス異常終了
北海道オフラスのETS-R　APサーバにて12/25 3:20頃に、
FREESIA_SFサービスの異常終了が発生しました。
DCからの発報連絡を受け、IKC青井様にて当該サービスのみ手動起動を実施頂ました。
（再起動後、30分程度静観）
■あるべき姿
サービス異常終了が発生しないこと
■代替手段
なし
","■原因
調査中です。

2022/1/11 YJP追記
本件、保守問題点No.273と同件となります。
Windows Aplicationログに以下のエラーが出力されていた
　2021/12/25 03:08:09 アプリケーション クラッシュ イベント(イベントNo.1000)
　　・例外コード: 0xc0000005
　　・障害が発生しているアプリケーション パス: D:\freesia\java_x64\jdk\bin\java.exe
　　・障害が発生しているモジュール パス: C:\Windows\System32\KERNELBASE.dll

■対策
2022/6/28 YJP追記
同様の事象が発生していないため、再発時は新規起票することとし、一旦クローズとさせて頂く。",オフラス,,,,,,,,,,,2022/06/28,その他,対応不要,,,,,,,,,,,,,,,,,,,,,,,,,,,,,,,,,,,,,,,
,472,2022/01/06,千葉,芥川健司,福山真人,千葉のバックアップシステムが未稼働の件,,,X：共通,インフラ,"■発生日：2022/1/6
■対応希望日：2022/1/E
■事象
   千葉において、バックアップシステムが稼働していないとみられる
■あるべき姿
　　稼働させる
■代替手段
　　2021/12/24にダンプを取得","■原因
　　千葉への技術移転（引継ぎ）もれ
■対策
　　バックアップシステムそのものは構築済であり、初期設定をPJで確認した上で、千葉に引き渡す

＜北海道＞
　・正常稼働中

＜千葉＞
　・正常稼働中

2022/1/24 YJP追記
保守チーム様にて、作業内容と作業時期についてご検討中。
決まり次第、対応内容の更新をお願い致します。",IKC,,,,,,,,,,,2022/09/14,環境設定,確認完了,,,,,,,,,,,,,,,,,,,,,,,,,,,,,,,,,,,,,,,
,473,2022/01/05,千葉,YJP村上,伊藤祐希,包括保税運送　申告番号(自動採番)不具合,,F：外航通関,F：外航通関,外国貨物運送申告書作成,"■発生日：2022/01/02
■対応希望日：1月5日
■事象
外貨運送申告書作成画面で包括保税運送をチェックし番号が自動採番され、必要事項を入力・修正後に登録ボタンをクリックしたら、“一年以内で重複した申告番号が登録されています”とメッセージが出て登録できない。
■あるべき姿
自動採番された番号で登録できステータスが“作業”まで進み、
外貨製造搬出日一覧で実績が確定できるようになる。
■代替手段
なし","■原因
当該番号は、保守_問題点管理表No.339の代替対応として、2021年4月に既に登録されております。
登録されている番号は3-101から3-111です。
■対策
3-101から3-111は、3-201から3-211にて登録していただき、書類関連は手修正願います。
3-211まで使用されたあとは、3-212が画面に初期表示されるので、これを3-112に変更して登録してください。
以降は3-113からの連番（システム自動採番）にての運用が可能となります。
（ただし、3-211まで達すると同事象となりますことから、その場合は同じような対応にて運用していただけると有難いです。）",オフラス,●,－,－,－,－,,,,,,2022/02/25,その他,確認完了,,,,,,,,,,,,,,,,,,,,,,,,,,,,,,,,,,,,,,,
,474,2022/01/05,北海道,YJP那須,青井圭介,12月 勘定転換伝票の取消・訂正について,Q1：後続テスト実施不可,I：伝票発行管理,I：伝票発行管理,伝票訂正,"■発生日：2022/1/4
■対応希望日：即日
■事象
12月に送信した勘定転換伝票の品名修正のため、伝票取消の後訂正の伝票を送信しましたが
受払月報に反映されません。
おそらく取消訂正伝票の日付を1月4日として作成、送信してしまったためだと思うのですが、
取消、訂正伝票の処理状況及び対応方法についてご確認、ご教示頂きたくよろしくお願い致します。

① 取り消したい伝票
⇒　伝票日付：2021年12月4日
　　伝票№：10001
　　訂正内容：品名の変更（00585 ⇒ 00591 、00003 ⇒ 00013）
② 送信した取消伝票
⇒　伝票日付：2022年1月4日
　　伝票№：10001
③ 送信した訂正伝票
⇒ 伝票日付：2022年1月4日
　　伝票№：10002

■あるべき姿
訂正・取消伝票の内容が受払月報へ反映される。

■代替手段
なし","■原因

■対策
本件、千葉で発生した訂正伝票の日付誤り（保守問題点No415およびNo448）と同件と考えております。
そのため、修正方法についても当時と同様になると考えております。
以下の様に対応頂くことで、あるべき姿になるかと思います。

【既に起票済の伝票】
　①通常伝票
　　　伝票日付：2021年12月4日　伝票No：10001　品名：00585と00003
　②取消伝票
　　　伝票日付：2022年1月4日　伝票No：10001　品名：00585と00003　※数量は①を反転した値
　③訂正伝票
　　　伝票日付：2022年1月4日　伝票No：10012　品名：00591と00013

【これから起票する伝票】
　④紐付けなしの取消伝票（①の取消）
　　　伝票日付：2021年12月4日　伝票No：XXXXX　品名：00585と00003　※数量は①を反転した値
　⑤通常伝票（①の本来の訂正伝票）
　　　伝票日付：2021年12月4日　伝票No：XXXXX　品名： 00591と00013
　　→④と⑤は画面からの手入力となり、ここまでの伝票登録で2021年12月4日分はあるべき状態になります。
　⑥取消伝票（③の取消）
　　　伝票日付：2022年1月4日　伝票No：XXXXX　品名：00591と00013　※数量は③を反転した値
　⑦訂正伝票（②の打ち消し伝票）
　　　伝票日付：2022年1月4日　伝票No：XXXXX　品名：00585と00003
　　→⑥および⑦は③に対する訂正処理(※)で作成可能です。
　　　※③に対する訂正伝票作成で「伝票日付2022年1月4日、品名：00585と00003」と登録することで、
　　　　⑥、⑦の伝票が登録されます。

また、今回の場合ですと保守問題点No415と同じく訂正伝票が月を跨いでいるため、
OneSAP側で取込エラーが起きているものと推測されます。
そのため、OneSAP側と連携をとって対となる伝票をOneSAP側で削除頂く必要があります。
　※No415と同じ状況と仮定した場合、②のみエラーになっているのではと思われます。
　　その場合、⑦の伝票をOneSAP側で削除して頂く必要があります。

なお、OneSAP側で取込エラーが発生していないのであれば、上記のOneSAP側の削除対応は不要です。",オフラス,,●,,,,,,,,,2022/01/05,仕様通り,確認完了,,,,,,,,,,,,,,,,,,,,,,,,,,,,,,,,,,,,,,,
,475,2022/01/05,千葉,YJP村上,伊藤祐希,外航入荷オーダー一覧　削除依頼,,F：外航通関,F：外航通関,IC･IM･IS･BP申告対象一覧,"■発生日：2021/12/28
■対応希望日：1月14日(金)
■事象
外航入荷オーダー一覧のNo.21417019620を削除願います。（添付の緑枠）
　お手数お掛けして申し訳ありません。入力場所を間違えました。
■あるべき姿

■代替手段
","■原因
誤操作による入力ミス
■対策
データパッチにて対象オーダ（インボイス）を削除いたします。
台帳の方も修正が必要となることから、併せてデータパッチにて対応いたします。
但し、伝票に関しては、伝票管理の画面にて運用で対応願います。
また、外貨在庫日報に関しては、12月分については、外貨在庫修正機能にて運用対処願います。
外貨在庫日報に関してはデータの整合性を合わせるため、台帳のデータパッチ後に再集計していただきますようお願いいたします。

2022/01/05 YJP追加
データパッチ結果検証エビデンスをBOXに格納いたしました。内容をご確認願います。
https://app.box.com/folder/153440389231
・【No475】外航入荷オーダ一覧_削除依頼.xlsx

2022/01/06 YJP追加
データパッチを実施いたしました。結果確認をお願いいたします。
また、伝票、外貨在庫日報の運用対処の程、よろしくお願いいたします。",オフラス,●,－,－,－,－,,,,2022/01/05,2022/01/06,2022/01/06,その他,確認完了,,,,,,,,,,,,,,,,,,,,,,,,,,,,,,,,,,,,,,,
,476,2022/01/05,千葉,YJP大武,伊藤祐希,千葉_P.未洗軽軽油について,,G：マスバランス,G：マスバランス,月次処理,"■発生日：2022/1/5

■発生拠点：千葉事業所

■対応希望日：即日（明日午前中まで）　

■事象（詳細は添付資料をご参照ください。）
P.未洗軽軽油の在庫が計上されている。（※SLOP在庫として計上しているので、2重計上となっております。）
当該油種は12/23にSLOPタンクへ受け入れております。このため、SAP上でP.未洗軽軽油→（ソ）軽油の勘定転換伝票が起票され、
P．未洗軽軽油の在庫はゼロになると想定しておりましたが、SAPでは上述の伝票は起票されていないので、P.未洗軽軽油の在庫として計上されております。
なお、オフラスのMB品名変換マスタなどは設定済みです。

■あるべき姿（想定）
上述の想定が正しければ、SAP上でP.未洗軽軽油→（ソ）軽油の勘定転換伝票が起票され、P．未洗軽軽油の在庫はゼロになる

■代替手段
不明
","■原因
手元のDB(1/4)では設定されていませんでしたが、MB品名マスタ、MB品名変換マスタの設定については、実施済みとのことなので、問題なしと判断します。
本件問題の入荷伝票(伝票日付12/23、伝票番号10001)が、12/24にオフラスから送信されている様ですが、その後、OneSAPから戻ってきていない様です。(DB上には存在しておりませんでした。)

TIMX654(受払月次集計分類マスタ)には勘定コード:0、自社生産区分:1で品名コードが115始まりのものは粗軽油に勘定転換する設定がございましたので、入荷の伝票を受信できれば、ユーザ様の想定通りに処理されると思われます。

DBを見る限り、伝票日付12/23、伝票番号00278の伝票が歯抜けになっている様です。
この伝票データが当該伝票(品名コード11525037の入荷1,000,241)であれば、再送＆再取込をお願いしたいです。

■対策
伝票データの再送＆再取込後、月報処理を再実行。
ご担当はいったんIKC様とさせていただきます。

2022/01/06
本件、OneSAPからの伝票データ受信時に入荷品がMB品名マスタに存在しなかったため、伝票情報が取り込まれていないことが原因でした。
1/5にMB品名マスタのメンテナンスを実施いただき、その後、問題伝票データの再取込＆月次処理の再実行にて問題の解消を確認いただいております。
本件はクローズとさせていただきます。",IKC,,,,,,,,,,,2022/01/06,その他,確認完了,,,,,,,,,,,,,,,,,,,,,,,,,,,,,,,,,,,,,,,
,477,2022/01/06,北海道,青井圭介,青井圭介,BINAS物流連携ファイル欠損,,Y：通信管理,Y：通信管理,タンク在庫累積,"■発生日：　2022/1/5
 
■発生拠点：　北海道製油所
 
■対応希望日：　1か月以内　
 
■事象
1月5日連携の北海道オフラス　⇒　BINAS物流　タンク在庫情報ファイルで
中途半端な状態でBINAS物流に連携された。
結果 BINAS側の処理内で異常終了が発生した。
処置として4,164行目のデータを削除し対応。
 
■あるべき姿
連携ファイルの欠損が発生しない。
 
■代替手段
なし
","■原因
本件、PJT問題点管理No2515と同件と見られます。

■対策
前回（PJT問題点管理No2515）発生時と今回（2022/1/5）発生時ともに、
ファイルサイズの大きいタンク在庫情報ファイル（WH000038）の文字コード変換処理で
発生していますので、改良版の文字コード変換処理バッチを
新規で作成、配置し、タンク在庫情報ファイル（WH000038）の
文字コード変換処理時にだけ改良版バッチを実行するようEAI設定変更します。
他の受払月報サマリ（WH000037）、滞留品マスタ（WH000039）は、
ファイルサイズが大きくなく、事象発生しておりませんので、
いままで通りの文字コード変換処理バッチを実行することとします。

2022/04/13　IKC追記
現時点で再現していないためクローズ。",オフラス,－,●,－,－,－,,,,2022/01/24,2022/01/27,2022/04/13,機能改善,確認完了,,,,,,,,,,,,,,,,,,,,,,,,,,,,,,,,,,,,,,,
,478,2022/01/13,千葉,YJP小笠原,伊藤祐希,ブレンダーロット削除依頼,Q1：後続テスト実施不可,E：品質管理,E：品質管理,手動試験依頼作成,"■発生日：2021/11/24
■発生拠点：千葉事業所
■対応希望日：2週間以内
■事象：
品転試験依頼作成時、誤ってタンクを登録しない状態で試験依頼をしてしまった。
添付のブレンダーロット1件の削除をお願いします。
https://app.box.com/file/905570163335

■あるべき姿： 
■代替手段：
なし
","■原因
誤操作によるブレンダロットの作成間違い。
■対策
データパッチにて対象ロットを削除します。

2022/1/13 YJP追記
データパッチ結果検証エビデンスをBOXに格納しました。
https://app.box.com/folder/153959613898
【No478】ブレンダ―ロット削除依頼.xlsx

2022/1/17 YJP追記
データパッチを適用しました。ご確認をお願い致します。
",オフラス,●,－,－,－,－,,,,2022/01/13,2022/01/17,2022/01/17,その他,確認完了,,,,,,,,,,,,,,,,,,,,,,,,,,,,,,,,,,,,,,,
,479,2022/01/14,北海道,YJP村上,菊池聖子,関税伝票数量端数処理の件,,F：外航通関,F：外航通関,申告情報作成,"■発生日：2022/1/14
■対応希望日：2週間以内
■事象
納税伝票を起票した際に、従来であれば納税額が自動的に100円未満で
切り捨てされるところ、端数処理されずそのままで計上されている。
■あるべき姿
納税伝票を起票した際、関税は納税額が自動的に100円未満で切り捨てされる。
なお、石油石炭税は端数処理は不要。1円単位まで表示させる。
■代替手段
手修正","■原因
関税：円未満切り捨て、石油石炭税：円未満切り捨てとなっております。
本来であれば関税：100円未満切り捨て、石油石炭税：円未満切り捨てが正しく、業務APの対応誤りです。
■対策
関税：100円未満切り捨て、石油石炭税：円未満切り捨てに修正いたします。

2022/01/24 YJP追記
検証結果エビデンスを下記BOXに格納いたしました。
内容のご確認をお願いいたします。
https://app.box.com/folder/154715657112
・【No479】関税伝票数量端数処理対応.xlsx
",オフラス,●,●,●,●,－,,,,2022/01/24,2022/01/27,2022/01/27,AP・コーディング,確認完了,,,,,,,,,,,,,,,,,,,,,,,,,,,,,,,,,,,,,,,
,480,2022/01/14,千葉,YJP村上,,千葉 EAI_DBA.exeにてエラー発生,Q1：後続テスト実施不可,Y：通信管理,Y：通信管理,受信スポークのコマンドパス,"■発生日：2022/01/14
■対応希望日：至急
■事象
10:38頃より下記のエラーが多発しております。
イベントログを見ると、データ受信直後にEAI_DBA.exeのプロセスで
何らかのエラーが発生しているように見受けられます。
至急ご確認いただけないでしょうか。
また、対処としてはサーバを再起動したほうがよいでしょうか？
サービス再起動がよいでしょうか？

2022/2/1 IKC青井追記
　1/31千葉にて再発。

■あるべき姿

■代替手段
","■原因
NACCSの受信伝文のファイル名にて、空白が含まれております。
空白がパラメータの区切り文字の扱いになることから、
ファイル名が途中で途切れ、正常に連携出来ずにEAI_DBA.exeが異常終了しております。

2022/03/03 YJP追記
2/10・2/22・3/1に発生した事象につきましては、
「cmd.exe」プロセスが大量に残存していた状態であったと思われ、
システムリソース不足が発生し、EAI_DBA.exeが実行できなかったと考えます。
「cmd.exe」プロセスが大量に残存していた原因は、
NACCS受信伝文を受信時のbat起動方法に不備があり、
「cmd.exe」プロセスが終了せずに残存してしまっています。

■対策
NACCSの受信伝文はnetNACCSのオプション機能にて自動受信時に指定のファイル名で所定場所に格納されます。
本事象が発生していない北海道製油所の設定内容に合わせて、netNACCSのオプション設定をお願いします。
設定内容については、下記BOXに格納いたしました。
https://app.box.com/folder/155391840634
・千葉_受信伝文自動取得設定内容.xlsx
本設定は、使用されているnetNACCS端末全てに対し実施願います。

また、受信伝文のファイル名を変更する場合は、下記文字は使用しないでください。
「―ソЫⅨ噂浬欺圭構蚕十申曾箪貼能表暴予禄兔喀媾彌拿杤歃濬畚秉綵臀藹觸軆鐔饅鷭纊犾偆砡」

本事象発生時のリカバリについて、
【再起動について】
EAI_DBA.exeのエラー時は、サーバ再起動
EAI_DBA.exe以外のエラー時は、サービス再起動
にてお願いいたします
【暫定対応（リカバリ）】
①エラー伝文に関しては、再送していただけることで、DBへの書き込みが実施されます。
エラーとなった伝文については、下記のBOXに格納いたしました。
https://app.box.com/folder/154046791905
・取り込みエラー伝文.txt
・通信インタフェース一覧_抜粋版.xlsx
②下記BOXに格納させていただいているリカバリ手順を元にリカバリ（再送）の方、お願いいたします。
https://app.box.com/folder/153006369767

2022/03/03 YJP追記
NACCS受信伝文を受信時のbat起動方法を変更します（北海道ターゲットと同じ起動方法になります）
　変更前：「cmd.exe /c start D:\eai\server\sfdemand\bat\NACCS_RECEIVE.bat 伝文ファイル」
　変更後：「D:\eai\server\sfdemand\bat\NACCS_RECEIVE.bat 伝文ファイル」

2022/03/04 YJP追記
上記対策を実施いたしました。進捗ステータスは「再現待ち」とし、継続監視いたします。

2022/4/21 YJP追記
対策実施後、同様の事象が発生していないためクローズとさせて頂きます。",オフラス,●,－,－,－,－,,,,,,2022/04/21,環境設定,確認完了,,,,,,,,,,,,,,,,,,,,,,,,,,,,,,,,,,,,,,,
,481,2022/01/05,北海道,柴田裕,柴田裕,ブレンドシミュにてエラー(インデックス配列範囲外),,K：ブレンドシミュレーション,計算エンジン,,"■発生日：2022/1/5
■対応希望日：
■事象
ブレンドシミュレータにて、基材に10251　CLOを加えると
”インデックスが配列範囲を超えています”　のエラーが表示されて計算できない
■あるべき姿
エラーが出ずに計算できる。
■代替手段
","■原因
  ブレンドシミュレーション・エンジンのバグ（2020年以前からのもの）
　内部のプログラムで対数計算（LOG）をしているが、LOGの真数がゼロの場合の対応がされたいない
■対策
　計算プログラムを修正する。
  修正、北海道（品管）による確認済（2022/1/18芥川記)
　リリース後、特に問題は発生ないため、本件はクロースとする（2022/2/1 芥川）",IKC,,●,,,,,,,,2022/01/27,2022/02/01,AP・コーディング,確認完了,,,,,,,,,,,,,,,,,,,,,,,,,,,,,,,,,,,,,,,
,482,2022/01/17,北海道,YJP吉永,柴田裕,SAISオーダー取り込み時のエラーメッセージについて,Q1：後続テスト実施不可,A：オーダ管理,A：オーダ管理,SAISオーダ受信、内航出荷オーダ入力,"■発生日：　2022/1/17
■発生拠点：　北海道製油所
■対応希望日：　至急
■事象
以下、オンラインオーダーに表示されているエラーメッセージ（明細番号[1]・・・中略）は、
どのようなケースで出力されますでしょうか？
恐らく何かのマスタ設定に依存して、エラーとなっていると推測しております。

＜問題点エビデンス＞
<https://app.box.com/folder/154207645027>
【No482】SAISオーダ取込時に未納税チェックエラー発生.xlsx

■あるべき姿
エラーなくオーダーがオフラスに取り込まれる。
■代替手段
なし
","■原因
オーダ登録時、品名マスタの税区分と納入先マスタの未納税区分を参照して、未納税チェックを行っています。
納入先マスタを参照する際に「取引先No.2コード＋取引先No.2補助コード」の組合せで検索すべきところを
「取引先No.2コード」で検索している為、該当データが複数件存在し、先頭レコードの未納税区分を参照していました。

未納税チェックの詳細は、IOS20-OFL-SBM-T2-001_機能仕様書_オーダ管理の
2.5.3.整合性チェック 表2.5.3. 2未納税チェックの詳細を参照してください。
抜粋したファイルを以下に格納しました。

<https://app.box.com/folder/154211246959>
：オーダ登録時の未納税チェック.pdf

■対策
＜暫定対応＞
一時的に納入先マスタデータを変更してオーダ登録を行います。
マスタメンテナンス画面から、取引先No.2コードが「6126500709」に該当する納入先マスタデータを検索し、
該当するデータの未納税区分を全て「0」に設定してからオーダ登録を行ってください。
オーダ登録後、納入先マスタの未納税区分を元に戻してください。

<https://app.box.com/folder/154211246959>
：【No482】SAISオーダ取込時に未納税チェックエラー発生_暫定対応.xlsx

＜恒久対応＞
未納税チェックで納入先マスタを参照する際は、
「取引先No.2コード＋取引先No.2補助コード」の組合せで検索する様に修正致します。

2022/01/21 YJP追記
以下、検証エビデンスを格納しました。ご確認をお願い致します。
https://app.box.com/folder/154211246959
・【No482】SAISオーダ取込時に未納税チェックエラー発生_恒久対応.xlsx",オフラス,●,●,●,●,,,,,2022/01/21,2022/01/27,2022/01/27,AP・コーディング,確認完了,,,,,,,,,,,,,,,,,,,,,,,,,,,,,,,,,,,,,,,
,483,2022/01/18,北海道,YJP吉永,柴田裕,REG-B生産計画つかない,Q2：代替手段により後続テスト実施可能,B：作業計画管理,B：作業計画管理,ガソリン生産,"■発生日：　2022/1/18
■対応希望日：　１週間程度

■事象
オフラスにて生産品名REG-Bで生産計画をつけると生産量が３KLになる。
また、OMCへJOBも予期せぬエラーで設定不可。（OMCメッセージでは反応なし）

■あるべき姿
REG－Bで生産計画、JOB設定できる

■代替手段
REGで生産計画を設定する。

","■原因
調査中です。

2022/01/24 YJP追記
生産品「REG-B」から統一品名略号が取得できない為、問題が発生しております。
以下、BOXに詳細な資料を格納致しました。
ご確認お願い致します。
https://app.box.com/folder/154711611640
【No483】REG-B生産計画がつかない_検証エビデンス.xlsx
■対策
生産品：REG-Bから統一品名略号が取得できるように品名関連マスタのメンテナンスをお願い致します。

原因はデータ不備の為、担当「IKC様」、ステータスは「対応中」としました。
マスタ変更後、問題なく動作を確認とれましたら、クローズをお願い致します。
",IKC,,●,,,,,,,,,2022/01/27,データ不備,対応不要,,,,,,,,,,,,,,,,,,,,,,,,,,,,,,,,,,,,,,,
,484,2022/01/19,北海道,YJP吉永,柴田裕,業務課スケジュール管理取り込み不可,Q1：後続テスト実施不可,P：業務課スケジュール管理,P：業務課スケジュール管理,業務課スケジュール データ取込,"■発生日：　2022/1/19
■対応希望日：　即日， 
 
■事象
業務課スケジュール管理にて、データ取り込みを実行すると
DBアクセスエラーで取り込みが出来ない

■あるべき姿
正常にデータ取り込みが出来る

■代替手段
手入力","■原因
昨日発生しました、保守問題点No.483が起因となり発生しております。
※No.483：REG-B生産計画がつかない。
　　⇒マスタ不備により不完全なJOBが登録されてしまったことが原因となります。
       No.483の詳細については、別途ご報告致します。
■対策
該当JOB（No.483にて登録されたJOB）を画面から削除いただき、再度業務課スケジュールのデータ取込を行い、正常に取り込まれることを確認いただきました。",IKC,,,,,,,,,,,2022/01/19,データ不備,確認完了,,,,,,,,,,,,,,,,,,,,,,,,,,,,,,,,,,,,,,,
,485,2022/01/20,千葉,芥川健司,,製油所モニタ画面で試験結果が表示されないケースがある。,,,N：製油所モニタ,,"■発生日：2022/1/20
■対応希望日：
■事象
千葉・製油所モニタの試験結果の画面で、燃料油・化学品を選択し、検索ボタンを押下するとそのまま画面がフリーズし、動かなくなる。またその処理を数回繰り返すると「プロトコルエラー」が発生する。
PJT問題管理1009、1068､1289、1573などに同様の事例有。また画面エビデンスあり。
趣旨を理解しましたのでクローズとします[2022.2.1 IKC芥川]
■あるべき姿
　検索可能であること
■代替手段
","■原因
保守_問題点管理表No.259と同件です。
■対策
暫定として、検索条件を変更して再検索していただくことで、事象の回避が可能と思われます。

状況としては以下の認識です。（以降、No.259を流用）
暫定対応として、千葉では事象発生時にUIサービスを再起動するという改善策を実施しております。
　＜対応内容＞
　　本件のエラーに関連する以下の文字列を含むExceptionが出力されたらUIサービスを自動で再起動する処理を
　　組み込む。
　　　・対象の文字列：『プロトコル違反です。』もしくは『IJ000453』
　
暫定対応ということで、北海道には実施しておりませんでした。
こちらを対応することにより、本件のエラー発生によるログイン不可の状態が続くという状況は改善することができます。
2022/02/19 追記
IKC澤田様へOracleサポートへの問い合わせ状況をご確認頂き、IKC様にて今後の対応を検討頂く
上記の暫定対応を愛知、徳山へも実施することとし、本件は、クローズとする。

  [2022.01.25 IKC芥川]：暫定対応を北海道にも実施願います",IKC,,,,,,,,,,,2022/02/19,その他,確認完了,,,,,,,,,,,,,,,,,,,,,,,,,,,,,,,,,,,,,,,
,486,2022/01/21,千葉,YJP大武,伊藤祐希,原油海底配管滞油在庫の齟齬について,Q2：代替手段により後続テスト実施可能,G：マスバランス,G：マスバランス,入荷実績計算,"■発生日：2022/1/21
 
■発生拠点：千葉事業所
 
■対応希望日：1/24午前中（火曜日10時に石連週報報告があるためです。）
 
■事象
1/20に原油の揚荷を開始し、海底配管滞油分（8,650.081KL）は当日中に#100030へ受入完了しているが、
海底配管「2」の原油タンク受払実績にて、シフト払出量が2594.120KLで、海底配管量との差分が海底配管「2」の当日在庫として計上されている。
※詳細は添付資料をご参照ください。
<< File: 220121_原油海底配管滞油在庫の齟齬.pptx >> 
 
■あるべき姿
1/20の海底配管「2」の当日在庫がゼロになる。（海底配管「2」、および、＃100030の原油タンク受払実績のシフト量は8,650.081KLになる。）
 
■代替手段
不明
","■原因
本件、揚荷の第1油種の揚荷数量が、海底配管の在庫量を下回っていたために起きていると推測されます。
新オフラスでは、海底配管の油種は1種になることを想定しております。
また、通常、海底配管の在庫量を下回る入荷量はない認識でした。

本件の対応は画面から行える認識です。
①原油タンク受払実績画面にて、海底配管の計測数量を「0」にする
②原油タンク受払実績画面にて、海底配管のシフト払出、海底配管からのシフト受入の油種、数量を適正に入力する
③在庫計算・更新機能で、問題の日付から当日まで再計算する

2022/01/21追記
上記操作して、問題解消したとのご連絡を頂きました。
現在展開頂いているDBDMPを三鷹検証環境へ適用中の為、確認ができていません。
最新DB適用後、三鷹検証環境でも同様の操作を行い、問題が無いかを確認いたします。

■対策
2022/01/25
最新のDMP(1/24付)で問題の入荷についてデータ確認いたしましたが、正しくデータ作成されている認識です。
翌日以降もデータ作成されているため、本件はクローズさせていただきたいと思います。

別途ご質問のあった仕様変更に関するインパクトについては別途回答させていただきます。",オフラス,,,,,,,,,,,2022/01/25,仕様通り,対応不要,,,,,,,,,,,,,,,,,,,,,,,,,,,,,,,,,,,,,,,
,487,2022/01/24,千葉,青井圭介,芥川健司,特定クライアントPCにおいて、オフラス試験管理システムへ接続出来ない,,L：試験管理,その他,,"■発生日：1/8　10:30頃より
■対応希望日：今月中
■事象
2022/1/8　10：30頃より、C18NOFL00042(オフラス試験管理端末)のPCにてオフラス試験管理システム(Lab-Aid)に接続できなくなった。
ログオン画面での接続先が通常「LIMSC/LIMSL」の選択であるところ、「LIMS」と表示され、ID/PWを入力しても、エラーが発生しログインできない。(スクリーンショット添付済み)

■あるべき姿
試験管理システムへ接続出来ること

■代替手段
接続可能な代替PCを利用

■備考
・PCのネットワーク不良の際に同様の事象が起こるため、
　ネットワークの確認、LANケーブルの接続確認、ネットワーク越しのファイル参照を試したが、いずれも問題なし。
・なお、事象発生時特に変わった操作はしていない。
・また、他のクライアントPCからのLab-Aid接続は通常通り可能な状態が継続している。
調査の結果、アプリを立ち上げたときにログイン先を記述したファイルが存在するものの、認識できないことが判明。
当面の対処措置は施した。これ以上の調査を行うには、パソコンを三鷹に持ち込んでの調査が必要であるが、千葉においてはクライアントパソコンが不足気味であり、困難であった。次回、同様の現象や新規クライアント導入時にサポートすることで対応とする[2022.2.1 IKC芥川]
","■原因
　発生原因調査中（生技C芥川様、YJP増井様）

■対策
　
　　",オフラス,●,,,,,,,,,,2022/02/01,,確認完了,,,,,,,,,,,,,,,,,,,,,,,,,,,,,,,,,,,,,,,
,488,2022/01/24,千葉,YJP村上,伊藤祐希,オーダ一覧画面INVボタンでインボイス数量変更した時、搬入計算書のインボイス合計数量が正しく表示されない,,F：外航通関,F：外航通関,"VIFX010103_タンク受入搬入計算確定
VIFX010104_搬入計算結果入力
VIFX010105_揚荷按分計算確定","■発生日：2022/1/23
■対応希望日：１月28日　
１月実績の為、できれば今月中に対応希望ですが、
代替手段でEXCEL画面で修正対応可能です。
この機能の使用頻度は少ないので、
今月中の対応が難しい場合は連絡していただければ良いです。
■事象
外航入荷オーダ一覧　“INV”をクリックし、インボイス変更画面で数量(ＫＬ・ＭＴ)を変更した。
・外航入荷オーダ一覧画面の数量は変更後の数量になった。
・タンク受入搬入計算確定画面は、品名毎情報のインボイス数量は変更後の数量になったが、
　集計情報のインボイス数量は変更後の数量が反映されていない。
その為、増減数量・増減率が正しく表示されない。
■あるべき姿
タンク受入搬入計算書確定画面の集計情報のインボイス数量も変更後の数量を反映した数量が表示され　　変更後の数量で、増減数量・増減率を計算し表示する。
■代替手段
あり。
EXCELインボイス数量を修正する。","■原因
[INV]アイコン_インボイス変更機能にて修正された数量は、インボイス情報のみ反映しております。
集計情報への反映を実装しておりません。
■対策
インボイス数量変更後、集計情報のインボイス数量および、増減数量、増減率も合わせて変更するように修正いたします。

お手数をお掛けしますが、対応が完了するまでは運用にて手修正願います。

2022/02/28 YJP追記
検証結果エビデンスを下記BOXに格納いたしました。内容のご確認をお願いいたします。
https://app.box.com/folder/155926783097
・【No488】インボイス数量変更時の後続画面への反映対応",オフラス,●,●,●,●,－,,,,2022/02/28,2022/03/24,2022/04/19,設計不備,確認完了,,,,,,,,,,,,,,,,,,,,,,,,,,,,,,,,,,,,,,,
,489,2022/01/24,北海道,YJP吉永,柴田裕,在庫チェック機能不具合について,Q2：代替手段により後続テスト実施可能,B：作業計画管理,B：作業計画管理,タンク在庫チェック,"■発生日：　2021/1/23

■発生拠点：　北海道製油所

■対応希望日：　なるべくはやく（１週間以内には）

■事象
タンク在庫チェック機能の計算がおかしい。

エビデンス例だと、1/23 払い出し量5,504KLに対して
翌日払い出し（3,220+1,936KL）で払い出し可　-1,617KL

*この機能が不調な為在庫チェック帳票の数字もおかしい

＜問題点エビデンス＞
https://app.box.com/folder/154779771373
：在庫チェック不具合.pptx
■あるべき姿
正確な計算
■代替手段
注意して手計算
","■原因
調査中です。

2022/01/28 YJP追記
23日の払出可能量の算出が誤っていました。
23日にタンク20208を使用し予定しているJOBは計11JOBありました。
その内、タンク在庫チェック画面確認時（エビデンスから14以降と推測）に既に終了しているJOBは、
出荷の5JOBありました。
5JOBのJOB実績数量がタンク在庫チェックの払出可能量に計上されていないことにより、
24日の予測値が合っていないように見えます。

以下、詳細な資料を格納しました。また、対策について問題がないかご確認をお願い致します。	
https://app.box.com/folder/154995948678
：【No489】[調査結果]在庫チェック機能不具合について.xlsx	
■対策		
当日分の払出可能量は、既に終わっているJOBの実績数量を考慮して算出します。	

2022/02/07 YJP追記
以下、検証エビデンスを格納しましたので、ご確認をお願い致します。
https://app.box.com/folder/154995948678
：【No489】[検証エビデンス]在庫チェック機能不具合について.xlsx",オフラス,●,●,●,●,,,,,2022/02/07,2022/02/09,2022/02/18,AP・コーディング,確認完了,,,,,,,,,,,,,,,,,,,,,,,,,,,,,,,,,,,,,,,
,490,2022/01/25,千葉,YJP吉永,伊藤祐希,ボンド出荷オーダー入力　本船情報画面不具合,Q3：後続テスト実施可能,A：オーダ管理,A：オーダ管理,本船情報入力,"■発生日：　2022/1/24
■対応希望日：1か月以内

■事象：実務担当者から以下のような不具合状況の依頼です。
ボンド出荷で本船情報を船舶代理店が入力し、
業務課で入力されている事を目視で確認後、生産管理課が画面を開くと船種類がTankerの初期値に戻り、国籍が未入力になってしまいます。

入力した情報が消えてしまうオーダーと、そうでないオーダーの違いは分からないのですが
以前から発生している状態で、不具合が解消してほしいと考えています。

【流れ】
①	船舶代理店が本船情報を入力
②	業務課で本船情報を開き、目視で確認
③	生産管理課で本船情報を見ると、国籍が未入力となる（必ずしも未入力になるわけではない）

＜問題点エビデンス＞
https://app.box.com/folder/154781334691
：本船情報不具合.xlsx
■あるべき姿： どのユーザーからでも本船情報が残っている

■代替手段： 手入力で再度入れ直し
","■原因
調査中です。

2022/02/09 YJP追記
三鷹検証環境にて再現の確認をしました。
以下のように、ボンド出荷オーダ編集画面表示中に、代理店操作を行った為と推測されます。
　① ボンド出荷オーダ編集画面を表示（この時点では本船情報は登録されていない。初期値のまま）
　② ボンド出荷オーダ編集画面表示中に、代理店担当者にて本船情報の登録を行う。
　③ 荷繰り担当者にて、本船情報の画面を表示し、目視にて確認を行った後、オーダ確定を行う。
　④ 再度、本船情報を確認するが、船情報と国籍が初期値に戻っている。

ボンド出荷オーダ編集画面表示時、本船情報を画面裏で保持しており、③のオーダ確定時に保持している①の情報で本船情報を更新している為、船情報、国籍が初期値で更新されてしまっています。
■対策
オーダ確定時（再受付の場合も同様）、本船情報の更新日を判断し、既に更新されている場合は、本船情報を更新しないように修正致します。

2022/02/10 YJP追記
以下、検証エビデンスを格納しましたので、ご確認をお願い致します。
https://app.box.com/folder/155936412914
：【No490】[検証エビデンス]本船情報不具合.xlsx

2022/04/19クローズしました。",オフラス,●,●,●,●,,,,,2022/02/10,2022/02/24,2022/04/19,AP・コーディング,確認完了,,,,,,,,,,,,,,,,,,,,,,,,,,,,,,,,,,,,,,,
,491,2022/01/25,千葉,芥川健司,芥川健司,オフラスモニターで日付を指定し、試験結果を表示した時、その日にちの試験結果しか表示しない。,,,N：製油所モニタ,試験結果検索,"■発生日：2022/1/25
■対応希望日：2022/3/E
■事象
   製油所モニタで日付を指定した場合、その日しか表示されない。
　　また日付を指定しない場合、全件検索するとみられ、検索に時間を要する(3分以上「ダンマリ」の場合あり）
    PJT問題点管理No3181から移管したものです。
■あるべき姿
　　別途、記述した仕様（11_保守対応\90_データ授受20220125_問題点管理No491_製油所モニタ検索方法見直し)の検索方法とする。
■代替手段

[2022.01.28 福山記]　要求仕様を整理した上で、改めてPJT問題点、保守問題点、改善リストのいずれで対応するか判断します。(PJT問題点で対応する方向で検討調整中)

2022/2/1（百留）対応工数の見積もりを依頼
https://idemitsu.ent.box.com/file/910330396890

2022/2/14（福山）本件はPJT問題点No3181にて対応することとし、YJP対応依頼済。依って本件保守問題点No491は対応不要としてクローズする。


","■原因

■対策",,●,●,●,●,,,,,,,2022/02/14,,対応不要,,,,,,"要求仕様（IKC芥川）
製油所モニタ試験結果参照において下記条件を新たに追加する。（既設機能に準ずる）
①検索押下時、絞込みキーに何も指定されていない場合システム日付（＝現在）より90日前までをリスト表示する
②検索押下時、「日付」の指定があった場合
１）燃料油画面（化学品を含む）では画面で指定したロットNo日付が指定日付より90日前までをリスト表示する。
２）工程試験画面では画面で指定した試料採取年月日より90日前までをリスト表示する。
（共通）上記①、②で検索件数が２００件を超える場合は、２００件までを表示させる上記「９０日」「２００件」については設定ファイルなどで変更できるものとする。全所（北海道、千葉、愛知、徳山）の製油所モニタ試験結果参照画面の燃料油、工程の両方に適用する。",,,,,,,,,"2022/2/1（百留）対応工数の見積もりを依頼　※対応はPJT問題点管理No3181予定
https://idemitsu.ent.box.com/file/910330396890

2022/2/14 IKC（福山）PJT問題点No3181対応依頼
　※保守問題点No491は対応不要としてクローズ
",,,,,,,,,,,,,,,,,,,,,,,,
,492,2022/01/26,千葉,YJP大武,伊藤祐希,原油入荷実績計算書の不具合について,Q3：後続テスト実施可能,G：マスバランス,G：マスバランス,入荷実績計算書,"■発生日：2022/1/25

■発生拠点：千葉事業所

■対応希望日：1/27午前中まで（月次処理のため。）

■事象　詳細は添付PPTをご参照ください。
①入荷実績計算書で各タンクに揚荷した油種のトータル数量（下図赤枠内です。）が実受数量と不一致
②入荷実績計算書で揚荷順番3にマイナス数量が記載されている。
※本揚荷は1/21の当日2回目の原油船KOHO 1です。
（当日の揚荷中に＃70012のレベルゲージ故障が発生したため、1回目の揚荷JOBを終了させ、揚荷残分（AXL≒9,200KL）のJOBを新たに登録しました。）
 << File: 20220125_千葉_原油入荷実績計算書の不具合.pptx >> 
■あるべき姿
①AXLの合計数量が実受数量と一致する。
②想定数量は揚荷順番2のAXLが679.617（実受数量9,329.698－配管滞油受入8,650.081）KL、揚荷順番3はゼロです。
※上記①②の方法、および、後続処理、また、入荷実績計算書に不具合が生じている場合の影響先をご教授頂けますと幸甚です。

■代替手段
不明
","■原因
本件、要因は複数ありましたが、根本的には海底配管からのシフトが複数存在していたために発生しておりました。
海底配管を使う入荷で、最後のタンクへの揚荷数量は、タンクの受数量に指定された数値そのままではなく、油種ごとの揚荷数量(今回は9,329.698)から、これまで荷揚げした数量(724.572)と海底配管分の数量(8650.081)を差し引いた数量になることになっております(-44.955)。
これまで荷揚げした数量はこれまでに揚荷した最終揚荷油種の入荷実績の合計で求められます。
この集計の際、最初の海底配管からのシフトは除外するようになっておりましたが、今回は海底配管からのシフトが2件存在していたために、想定外の挙動になっておりました。
このため、①のAXLの揚荷数量合計とタンクへの揚荷数量合計が異なる結果になっております。

②の揚荷順位3の揚荷数量がマイナスになっている件についてですが、数字自体は上述の通り、海底配管のシフトデータが想定より多かったため、最終油種の揚荷量算出に悪影響が出たためです。
しかし、マイナス数量については、仮に最初のタンクへ海底配管分以上の揚荷を行い、想定通りに処理されたとしても発生するかと思っております。
タンクへの受入実績が、5,512.870と3,861.783で合計9,374.653になり、AXLの揚荷数量9,329.698より多いため、最終タンクへの揚荷数量の調整でマイナス値が算出されることになると思われます。(-44.955として算出されることになると思います。)
揚荷順位2のタンクの724.572は、海底配管分のシフトが、揚荷順位1で5,512.870、揚荷順位2で残りの3,137.211で払い出され、揚荷順位2のタンク受数量に設定された3,861.783から海底配管分を差し引いた値になっています。

また、本件の後続処理への影響についてですが、現状で特に問題なしになっているかと思っております。
入荷実績計算の計算結果は、原油タンク受払実績に反映されるもののため、海底配管からのシフトが2件になってしまったために正しくない計算結果が出されたとしても、
原油タンク受払実績で数量をメンテナンスされることになるので、問題が無い状態になっていると認識しております。
(原油タンク別品名別日報月報のデータが正しく出力されていると伺っておりますので、大丈夫かと)

■対策
本件、AP修正して対応するためには、海底配管からのシフトデータが複数ある場合に対応するようにする必要があります。
影響範囲が広く工数が見切れていない状況ですが、対応の要否についてご検討いただければと思います。

本件ステータスをいったん確認中とさせていただきますので、ご検討のほど、よろしくお願いします。

2022/04/05　IKC追記
ケースとして低頻度、リカバリ機能有等のことから、改修見送りとした。
",オフラス,,,,,,,,,,,2022/04/05,その他,確認完了,,,,,,,,,,,,,,,,,,,,,,,,,,,,,,,,,,,,,,,
,493,2022/01/31,千葉,YJP村上,伊藤祐希,試験依頼送信願い,Q1：後続テスト実施不可,E：品質管理,その他,,"■発生日：2022/1/29
■対応希望日：1/30(可能ならお昼(~13:00)までに)
■事象
2件の試験依頼が「登録中」ステータスのまま進まなくなってしまった。
■あるべき姿
2件の試験依頼が送信され、受付待ちとなる。
■代替手段
なし（ブレンド生産を含んでいるので手入力は難しい）

2022/01/29 IKC追記
本日（1/29）、AM8時頃からNWスイッチ故障があり、そのタイミングと重なってしまったようで、
以下の通り「登録中」のままとなったものがあります。
＜対象＞
①ロットNo：A2-20129-09-T10206　統一品名：REG
②ロットNo：A2-20129-09-T5101 　統一品名：DLN
１．試験依頼について
　＜運転管理側＞
　①および②について、EAI30でファイル作成され送信済み（ログ確認）
　①　04:51:35送信
　②　05:03:07送信
　＜試験管理側＞
　①　04:51受信
　②　05:03受信
　※受信ファイル確認パス：D:\Lab-Aid\IF\c.運転管理システム\C31\NG
２．試験依頼応答について
＜運転管理側＞
　C41のログ確認したが、04:21から18:21の間で受信確認できず。
＜試験管理側＞
　試験依頼応答について、運転管理側へ送信したかどうかは不明。　（確認先が分かりませんでした）

","■原因
左記、IKC様記載の「NWスイッチ故障があり、そのタイミングと重なってしまった」が原因です。
運転管理から試験依頼したタイミング（運転管理からC31_試験依頼伝文を試験管理に送信時）でNWスイッチ故障によるDBアクセスエラーが発生し、試験管理側で不正伝文としてエラーフィルダーに格納、以降の処理を中断したためです。
■対策
運転管理から対象ロット（A2-20129-09-T10206、A2-20129-09-T5101）のC31_試験依頼伝文を再送願います。

2022/01/30　
IKC様にて試験管理のエラーフォルダーに格納されている伝文をメッセージ送信ツールを使用してリカバリしていただいた結果、
問題無く、後続業務が実施できたことを確認",IKC,●,－,－,－,－,,,,,,2022/01/30,その他,確認完了,,,,,,,,,,,,,,,,,,,,,,,,,,,,,,,,,,,,,,,
,494,2022/02/02,千葉,YJP大武,伊藤祐希,千葉_製油所受払月報の１）無添加灯油在庫がマイナスについて,Q2：代替手段により後続テスト実施可能,G：マスバランス,G：マスバランス,月次処理,"■発生日：2022/2/1（昨日の18時頃に月報出力をした際に発生し、その後の更新を様子見しておりましたが、
　事象が継続発生しております。）

■発生拠点：千葉事業所

■対応希望日：本日15時まで

■事象
１）無添加灯油の在庫がマイナスになっている。
推定要因：生産量に出荷量と同量が計上されるシステム仕様となっていると想定するが、この動きになっていないため。

■あるべき姿
生産量 = 出荷量となり、在庫のマイナスが解消される。
※詳細は添付PPTをご参照ください。
<< File: 20220201_千葉_１）無添加灯油在庫がマイナス.pptx >> 

■代替手段
不明
","■原因
本件、オフラスへの伝票未達が原因でした。
要因としては、1/13、14に起きた通信異常の影響と、1/19のモジュールリリースでの通信断のタイミングで起きていると思われます。
問題伝票の特定をし、再取込を実施していただき、月報に問題ないというところまでご確認いただいております。


■対策
本件、青井様に伝票の再取込処理を実施いただき、問題解消された認識です。
完了としてクローズさせていただきます。",オフラス,●,,,,,,,,,,2022/02/02,その他,確認完了,,,,,,,,,,,,,,,,,,,,,,,,,,,,,,,,,,,,,,,
,495,2022/02/03,北海道,柴田裕,鶴岡智幸,生産シフト作業報告書エラー,,帳票,帳票,生産シフト作業報告書,"■発生日：　2022/2/1
■発生拠点：　北海道製油所
■対応希望日：　即日から今週中
■事象
2/1生産作業報告書帳票を展開するとエラー発生。
データに不備があると推測
■あるべき姿
エラーがでない
■代替手段
修正完了後提出","■原因
原因ですが数量が0ではなくNULLで入ってきていた為となります。
以前同様の問題を修正しましたが別パターンで
NULLが入っていた為エラーとなっておりました。
■対策
今回の修正で全パターンNULLを回避するよう修正致しましたので
同様の問題はなくなると考えております。 
→リリース済み→確認OK",自営帳票,,,,,,,,,2022/02/03,2022/02/03,2022/02/03,仕様不備,確認完了,,,,,,,,,,,,,,,,,,,,,,,,,,,,,,,,,,,,,,,
,496,2022/02/07,北海道,YJP小笠原,柴田裕,OMCでのブレンダーロット確認受信失敗,Q2：代替手段により後続テスト実施可能,E：品質管理,Y：通信管理,ブレンドロット確認ファイル送信,"■発生日：2022/2/7
■対応希望日：１~２週間程度
■事象
03:09 OMC警報画面に「ブレンダロット確認受信失敗　ID:4605 　試験No:A4-20206-15-B951」アラーム発報。
試験Noでいうと海上出荷「05A2ハコダテジムショ」の出荷検査のカードが該当する。
発報原因調査をお願い致します。
ブレンダーロットは品質チェックに仕組み上使用していないので直ちに影響はなし。
https://app.box.com/folder/155669258248
■あるべき姿
原因が分かり、対応できる。
■代替手段
なし
","■原因
試験結果受信時に作業品名コードの末尾が文字化けしており、そのため作業品名マスタから作業品名名称を取得できず、ブレンダ―ロット確認伝文に作業品名名称が未設定となっており、OMC側で受信に失敗しています。
文字コードを伝文ファイルはSJISでオフラスAPではUTF-8で処理します。UTF-8は日本語文字を3バイトで扱いますが、考慮が十分ではなかったためにバッファサイズが不足して文字化けしております。

■対策
＜暫定対応＞
作業品品名コードを13バイト以内にしていただければ、正常なブレンダ―ロット確認ファイルがOMCに送信されます。
作業品名マスタに登録されている14バイト以上の作業品名コードは以下の5件となります。※括弧内はバイト数
01A-2ﾆｲｶﾞﾀﾕﾆｭｳ（14）
05A-2ﾆｲｶﾞﾀﾕﾆｭｳ（14）
05A2ﾊｺﾀﾞﾃｼﾞﾑｼﾖ（14）
05A2ﾊｺﾀﾞﾃｼﾞﾑｼｮ（14）
05A-2ﾊｺﾀﾞﾃｼﾞﾑｼｮ（15）

2022/02/09 YJP追記
＜恒久対応＞
作業品名コードの最大バイト数分を正しく取得できるように、試験結果(C51)の設定ファイルと試験結果受信処理を修正します。

2022/02/10 YJP追記
検証エビデンスを以下に格納しましたのでご確認をお願い致します。
https://app.box.com/folder/155951038433
・【No496】試験結果(C51)伝文の作業品名コードの設定変更.xlsx
",オフラス,●,●,●,●,－,,,,2022/02/10,2022/02/24,2022/02/28,AP・コーディング,確認完了,,●,,,,,,,,,,,,,,,,,,,,,,,,,,,,,,,,,,,,,
,497,2022/02/07,北海道,YJP小笠原,柴田裕,OMCとOFFLASロットの連携不具合について,Q2：代替手段により後続テスト実施可能,E：品質管理,E：品質管理,タンク最新性状ファイル送信,"■発生日：2022/1/30
■対応希望日：1週間程度
■事象
NPRG海上出荷JOBを作業チェックした所、ロット不合格アラーム発報(最新ロットでは初海上出荷)。
確認するとOMC上はロット不合格(尚且つロットナンバー古い)、オフラス上は合格(ロット有)となっていました。
OMC上のロットナンバー(A4-20122-09-T5110)、最新オフラスロットナンバー(A4-20130-06-T5110)
OMCのメッセージ時系列確認すると、1/30 11:15頃に最新性状は受信しており、そこは問題なさそうに見えます。
その後、2/1 17:57頃に最新性状受信となっているので、ここで置き換わったか？
内容について不具合起因がオフラス側、OMC側どちらか不明なので、双方チームにご連絡させていただきます。
調整の程お願い致します
https://app.box.com/folder/155665657650
■あるべき姿
最新ロットをOMCに連携し、常に同期がとれている状態。
■代替手段
試験側から再送信を実施頂き、OMCロットが最新に置き換わったとの事
","■原因
2/1時点の最新ロットは「A4-20130-06-T5110」ですが、試験管理側で17:57頃に1つ過去のロット「A4-20122-09-T5110」の総合判定を取消して、再度総合判定を行っているようです。
この操作の意図は何でしょうか？運用としてよくあることなのでしょうか？
オフラスでは総合判定取消の試験結果を受信した場合、対象ロットの確立区分を無効に更新し、OMCに対して不合格のタンク性状を送信します。

■対策
仕様通りとなります。

2022/02/14 YJP追記
柴田様に試験管理側のご担当者様へ操作の意図をご確認いただきました。
・試験依頼コメント欄に「市場調査用」と記載するための操作
・事後で報告値を変更し合否判定の結果を修正することはないが、コメント欄等に記載を追加するニーズある
　※mustではない、ロットを検索し易くするため
過去ロットに遡っての判定取り消し操作を控えるまたは仕様を理解したうえで重ねて即最新ロットを再送する運用を、徹底していだたく。

",オフラス,●,●,●,●,－,,,,,,2022/02/14,仕様通り,対応不要,,－,,,,,,,,,,,,,,,,,,,,,,,,,,,,,,,,,,,,,
,498,2022/02/07,北海道,YJP大武,柴田裕,北海道製油所ハイオク添加剤実績の削除について,Q3：後続テスト実施可能,D：実績管理,D：実績管理,陸上出荷添加剤実績,"■発生日：　2022/1/31

■発生拠点：　北海道製油所

■対応希望日：　２/10まで　

■事象
５月に実施される北海道製油所の陸上システム、PLC更新にて
ENEOSヴィーゴのハイオク添加剤処理機能を削除いたします。

添付、ベンダーメールの通りこの機能を消すと
オフラスに送信していると思われる、陸上ハイオク添加剤実績の空データが
送信されなくなります。

送信先のオフラス、新IRIS上で、上記の未使用空データが送信されなくなることによって
不具合が発生しないか？　実績の送信を無くしても問題が無いか？
調査をお願い致します。

■あるべき姿
ー

■代替手段
ー
","■原因
本件、北海道の陸上出荷添加剤流量計実績情報(LorryAddResult)の件かと思っておりますが、認識に相違ないでしょうか。
認識に相違ない場合、運転管理では当該情報を受信しているのみで、特に問題は無い認識です。
念のため自営帳票側へもこのデータの利用有無、問題有無をお問合せください。
陸上出荷添加剤流量計実績情報の格納テーブルは「TIDC053」です。

■対策
本件、担当を自営帳票に変更いたします。

2022/02/08 EXE
RIDP000023　J-91添加剤実績一覧
RIDP000024　J-92濃度確認表 
で使用しております。",自営帳票,,,,,,,,,,,2022/02/28,,確認完了,,,,,,,,,,,,,,,,,,,,,,,,,,,,,,,,,,,,,,,
,499,2022/02/15,北海道,YJP吉永,柴田裕,IOS20-OFL：オフラス不具合の調査依頼,Q2：代替手段により後続テスト実施可能,B：作業計画管理,B：作業計画管理,装置受払登録,"■発生日：　2022/2/15　11:12頃
■対応希望日：　今週中

■事象
オフラス　作業計画画面で装置受払から試験依頼とＭＩＸを作成しようとすると
正しく作成されないことがある。（確率２割くらい）
以前からたまに事象がでていましたが、証拠が残せたので不具合として提出します。

＜問題点エビデンス＞
https://idemitsu.ent.box.com/folder/156249623747
■あるべき姿
正しくテストカードとミキシングが作成される

■代替手段
同じ操作を再度実施する。","■原因
調査中です。

2022/02/18 YJP追記
三鷹環境にて再現を確認しました。
装置切替先JOBを表示し、切替元JOBと合わせてJOB登録した時、プログラムに誤りがあり、試験依頼とミキシングJOBの登録を行わない処理になっています。
■対策
試験依頼作成、ミキシングJOB作成を行った場合、登録するように修正致します。

2022/02/24 YJP
以下に検証エビデンスを格納しました。
https://app.box.com/folder/156946744246
：【No499】[検証エビデンス]装置受払JOBにて試験依頼とミキシング依頼が作成されない.xlsx",オフラス,●,●,●,●,,,,,,2022/03/03,2022/03/16,AP・コーディング,確認完了,,,,,,,,,,,,,,,,,,,,,,,,,,,,,,,,,,,,,,,
,500,2022/01/30,北海道,EXE鶴岡,柴田裕,添加剤実績変更が帳票反映されない事象,,,,,"■発生日：　2022/1/30
■発生拠点：　北海道製油所
■対応希望日：　1週間以内程度
■事象
実績ファイルメンテで、添加剤の実績を修正したが
   入出荷作業報告書に変更した数字が反映されない
■あるべき姿
実績ファイルメンテで、添加剤の実績を修正したら
   入出荷作業報告書に変更した数字が反映される
■代替手段
帳票手書き修正 ","■原因

■対策
FI,LI等の添加数量取得内容を
工程コンポーネントの制御伝文実績数量から
工程コンポーネントの実績数量へ変更しております。
※制御伝文実績数量では画面の修正が反映されない為。

YJP様より実績数量に変更した場合でも影響ないとの回答を頂きました為
ハレーションリスクは無いと考えております。 ",自営帳票,,●,,,,,,,,2022/02/24,2022/02/28,仕様変更,確認完了,,,,,,,,,,,,,,,,,,,,,,,,,,,,,,,,,,,,,,,
,501,2022/02/17,千葉,YJP村上,伊藤祐希,JETA-1転換伝票(品位)が正しい数量で作成されない,,F：外航通関,F：外航通関,外国貨物製造搬出,"■発生日：2022/1/26
■対応希望日：
代替手段がありますので急ぎませんが、
改修後の確認で、輸入品の在庫がある様にして確認できたらと思ってます。
可能な限り輸入品在庫を確保しておこうと思いますので、対応完了可能日を連絡していただけますでしょうか？
■事象
外国貨物製造搬出で台帳を指定し引き落とした。
※出荷数量2000㎘で、輸入品約1755㎘、不足分を別台帳(装置品)で引き落とした。
   自動作成された転換伝票(品位)は、2000㎘になっていた。
■あるべき姿
装置品台帳の数量で転換伝票が自動作成される。
■代替手段
あり。伝票確定時に数量を手修正。","■原因
調査中です。
品位転換伝票は保税品名マスタおよび、品位転換品名マスタの設定に基づいて作成しておりますが、詳細に関しては調査中です。
対応可能完了日は2022/03/18予定にて実務担当者様と調整済です。

現在のつくりは、単品出荷、ブレンド出荷ともに転換（品位）伝票を作成しております。
単品出荷の際、輸入品と装置品を意識せず無条件に伝票を作成しているためと思われます。
■対策
単品出荷の際、輸入品の場合は転換（品位）伝票を作成しないように修正いたします。

2022/04/01 YJP追記
検証結果エビデンスを下記BOXに格納いたしました。内容のご確認をお願いいたします。
https://app.box.com/folder/159821820875
・【No501】品位転換の数量不備対応.xlsx
2022/5/24 YJP追記
5/23に切戻しを実施しました",オフラス,●,●,●,●,－,,,,2022/04/01,2022/06/16,2022/07/01,設計不備,確認完了,,,,,,,,,,,,,,,,,,,,,,,,,,,,,,,,,,,,,,,
,502,2022/02/17,千葉,YJP村上,伊藤祐希,タンク受入搬入計算確定画面と揚荷按分計算書確定画面の増減率不一致,,F：外航通関,F：外航通関,タンク受入搬入計算確定,"■発生日：2022/2/4
■対応希望日：帳票は正しく表示・印刷されるので急ぎません
■事象
タンク受入搬入計算確定画面と揚げ荷按分計算書確定画面の増減率が不一致。
揚荷按分計算確定画面から印刷帳票はタンク受入搬入計算確定画面と一致している。
■あるべき姿
タンク受入搬入計算書画面＝揚荷按分計算書確定画面＝Excel画面(帳票)にする。
■代替手段
帳票はタンク受入搬入計算書を同じなので問題ないです。
一致していない場合はExcelにて手修正で対応可。

","■原因
タンク受入搬入計算確定画面の増減率（小数点第3位切り捨て）
揚荷按分計算確定画面の増減率（小数点第3位四捨五入）
と端数制御が異なっております。
本来は小数点第3位四捨五入が正しい認識です。（仕様書記載とおり）
■対策
増減率の端数制御を小数点第3位四捨五入とし、タンク受入搬入計算書画面＝揚荷按分計算書確定画面＝Excel画面(帳票)といたします。

2022/03/10 YJP追記
検証結果エビデンスを下記BOXに格納いたしました。
内容のご確認をお願いいたします。
https://app.box.com/folder/158022188770
【No502】タンク受入搬入計算と揚荷按分計算の増減量が異なる.xlsx",オフラス,●,●,●,●,－,,,,2022/03/10,2022/03/24,2022/04/19,AP・コーディング,確認完了,,,,,,,,,,,,,,,,,,,,,,,,,,,,,,,,,,,,,,,
,503,2022/02/17,北海道,YJP大武,柴田裕,増減日報の装置流量計TAGについて,Q3：後続テスト実施可能,D：実績管理,D：実績管理,タンク増減日報,"■発生日：　

■発生拠点：　北海道製油所

■対応希望日：　２週間程度

■事象
増減日報の装置流量の取り込み（装置受入、払出）について、
どのマスタのどのタグと結びついているのかをご教授いただけないでしょうか。
（システム定数も関わっていますか）

■あるべき姿

■代替手段
","■原因
装置と新IRISから受信する日別装置稼働のタグの関連性は、装置マスタ・装置流量計タグNo変換マスタの画面で確認することが出来ます。
装置受払の作業計画を立てる際に装置品名を選択すると思いますが、その装置品名について、どのタグをどういう計算式で演算した結果を稼働量とするかを定義しております。

この際、同一装置品名で、同一のタグを使っているJOBが複数あり、稼働時間が重複している場合、日別装置稼働実績の数量を重複した時間分分け合います。
詳しくは実績管理の機能仕様書をご確認ください。

また、タンク増減日報では、日々の増減を0にする調整が入る場合があります。
(北海道の場合、装置受払中、水切り中が該当するかと思います。)
エビデンスでご提示いただいた例では、「装置受入中」となっていたため、新IRISからの日別装置稼働実績に依らず、増減が0になるように装置受入数量が調整されております。
こちらも詳細は実績管理の機能仕様書をご確認ください。

■対策
本件、対応不要とさせていただきます。",オフラス,,,,,,,,,,,2022/02/18,その他,対応不要,,,,,,,,,,,,,,,,,,,,,,,,,,,,,,,,,,,,,,,
,504,2022/02/17,北海道,YJP村上,武田弘樹,開始条件、止尺指定について,Q1：後続テスト実施不可,B：作業計画管理,B：作業計画管理,入荷作業予定入力,"■発生日：2022/2/17
■対応希望日：本日中
■事象
オフラス　作業計画管理　入荷作業予定入力
入荷タンク、数量等入力後、登録しようとしたところエラーが発生した。
エラーコード：B_E1_0047
■あるべき姿
登録が成功しJOBが設定できる。
■代替手段
なし
","■原因
仕様とおりです。
連続しての「2：中断再開」は入力不可となっております。
受入グループ毎の最終タンクに止尺指定「0：数量止め」または「3：HO止め」は入力不可となっております。
再度、開始条件、止尺指定を正しく入力願います。

エラーメッセージとしてエラーコードしか出力されない件については不具合です。

2022/02/18 YJP追記
愛知オフラスFAT時に対応した(※)メッセージ定義が北海道に先行して入ってしまった為、メッセージとプログラムの整合性がとれておらずエラーコードのみ出力されるようになっていました。
(※)海上入荷JOB登録において、発生したエラー箇所がわからないと指摘を受け、エラーメッセージに発生した明細行を出力するように修正しております。
■対策
エラーメッセージが正しく出力されるように修正いたします。

愛知にて対応した入荷登録チェックを北海道にもリリースさせていただきたく、エビデンスをご確認いただきたく思います。
以下にエビデンスを格納しました。
https://app.box.com/folder/156550161766
：【No504】入荷JOB登録エラー.xlsx

また、北海道へ反映が必要な問題点一覧に愛知FATにて対応した海上入荷登録チェック関連の問題点を追加しました。
こちらも合わせてご確認をお願い致します。
＃チェック処理は1ソースの為、合わせてリリースする必要があります。
https://app.box.com/folder/97525442279
：他所へ反映が必要な問題点一覧_荷繰り.xlsx
",オフラス,●,●,,,－,,,,,2022/02/24,2022/03/16,AP・コーディング,確認完了,,,,,,,,,,,,,,,,,,,,,,,,,,,,,,,,,,,,,,,
,505,2022/02/17,北海道,YJP村上,武田弘樹,追加指定の時に同尺チェックについて,Q2：代替手段により後続テスト実施可能,B：作業計画管理,B：作業計画管理,入荷作業予定入力,"■発生日：2022/1/17
■対応希望日：
■事象
入荷JOB設定の際に内部で推定レベルが算出され、
追加指定の時に同尺になるか等がチェックされているようなのですが
このチェックを外す、あるいはメッセージのみ出力しJOB登録自体は可能にすることは出来るでしょうか。
入荷中にタンクを追加する際、同尺到達前に追加することが実際にあるため確認です。
■あるべき姿
JOB登録が正しく出来ること
■代替手段

PJ問題点No1737、No2598で同様の対応を実施。
No2598転記
■ 対応
運転制御側では、開始条件が「1:同レベル追加」の場合、以下の動作となります。
・前JOBのタンクの受入後の到達レベルが次JOBのタンクの前在庫レベルに到達しない場合、次JOBを開始する事ができません。
・JOB開始時、タンクレベルが前JOBの受入後のタンクレベルよりも低い場合、エラーになります。
・入荷JOBのタンクのレベルが次JOBのタンクの前在庫レベルに到達する前にメッセージを発報します。
※入荷JOBの流量や他JOB作業量から、同レベルへ到達するまでの時間を算出しています。

運転管理側でタンク間のレベル差の許容値（見なしレベル）を変更するにより、エラーとはせずにJOBを作成できますが、運転制御側でJOBを実行したタイミングでエラーが発生する可能性があります。見做しレベルの変更は必要でしょうか。
11/12
市川様、柴田様経由で荷繰り担当者の方へ対応要否を確認中
11/18
見做しレベルの設定値を1000mm→5000mmへ変更しました。
12/06
前JOB入荷後のレベルが後JOBの前在庫に満たない場合でも、見做しレベルの範囲内であればエラーとしない。運転制御側でも同様のチェックを行っておりエラーとなるが、スキップする事で運転か可能。
","■原因
仕様とおりです。

■対策
仕様変更にての対応となります。",オフラス,,●,,,,,,,,,2022/02/28,仕様通り,確認完了,,,,,,,,,,,,,,,,,,,,,,,,,,,,,,,,,,,,,,,
,506,2022/02/17,千葉,YJP村上,伊藤祐希,外航入荷オーダ確定時エラーメッセージが出て再確定できない,,A：オーダ管理,A：オーダ管理,外航入荷オーダ入力,"■発生日：2022/2/4
■対応希望日：特に急ぎません。
■事象
オーダ確定後、修正したがエラーメッセージがでて再確定できなかった。
■あるべき姿
修正したデータで確定できるようにする。
■代替手段
該当オーダを削除し、新規で入れなおした。
","■原因
調査中です。

2022/04/28 YJP追記
2人のユーザ（ユーザID：55006943、95009161）が同じ外航入荷オーダに対して、同じタイミングでオーダ確定を行っています。
その為、不整合なオーダができてしまっており、オーダの再確定に失敗しています。
■対策
千葉ターゲット環境と同じ環境を構築し、別々のユーザ、または、複数ウィンドウを立ち上げて、同じような同時操作を行いましたが、再現の確認ができませんでした。本件は一旦、再現待ちとさせていただきたく思います。

2022/06/28 YJP追記
クローズ可否について、青井様より伊藤様へご確認頂く

2022/07/01 IKC追記
再現待ちクローズについて、伊藤様了承済み。

",IKC,●,,,,,,,,,,2022/07/01,その他,確認完了,,,,,,,,,,,,,,,,,,,,,,,,,,,,,,,,,,,,,,,
,507,2022/02/22,北海道,YJP吉永,柴田裕,オフラス不具合の調査依頼　保守問題点No.489 の是正不備,Q1：後続テスト実施不可,B：作業計画管理,B：作業計画管理,タンク在庫チェック,"■発生日：　2022/2/19　13:00
■対応希望日：　2/22まで

■事象
オフラス在庫チェック機能の不具合（保守問題点No.489）対応が完了したと聞きましたが
正しい状態ではありません。（添付資料を参照願います）

<問題点エビデンス>
https://app.box.com/folder/156765278995
：オフラス不具合2.pptx
■あるべき姿
正しく計算される

■代替手段","■原因
以下、2件の問い合わせいただいております。
①タンク在庫チェック画面で払出可能数量、翌日の在庫数量がおかしい
②添加剤受入の予定数量が反映されない

①については、
タンク在庫チェック画面確認時点（2022/2/19　13時ころ）で既に終了しているJOB、作業中のJOBの実績数量が計上されていることにより、画面上でたらめな数値が出ているように見えますが、計算式は合っています。
②については、
タンク在庫チェック画面確認時点で既に添加剤受入のJOBは終了している為、予定数量に反映されません。
しかし、実績数量が受払可能数量、翌日の在庫数量に反映されていない為、不具合として対応致します。
以下に簡単ですが資料を作成しました。ご確認いただけますでしょうか。
https://app.box.com/folder/156798612356
：【No507】タンク在庫チェック不具合について.xlsx
■対策
①については、現状のままとさせていただきます。
②については、添加剤受入JOBの実績数量をタンク在庫チェック画面に反映するように修正致します。

2022/02/24 YJP
以下、検証エビデンスを格納しました。
https://app.box.com/folder/156798612356
【No507】[検証エビデンス]タンク在庫チェック画面に添加剤受入が反映されない.xlsx",オフラス,●,●,●,●,,,,,,2022/03/03,2022/03/03,AP・コーディング,確認完了,,,,,,,,,,,,,,,,,,,,,,,,,,,,,,,,,,,,,,,
,508,2022/02/24,北海道,YJP吉永,柴田裕,ミキシングJOBの連携について,Q2：代替手段により後続テスト実施可能,B：作業計画管理,B：作業計画管理,ミキシングJOB登録,"■発生日：　2022/2/20
■対応希望日：　1~２週間程度

■事象
2/21付 25158 ミキシングJOBをオフラスで設定したが、
OMC側で2/20付で25158 ミキシンク゛JOBが設定された。JOB　Noは合致。
（オフラスが側エビデンスなし）

その後、2/21のJOBを再設定すると、OMC側で2/21付でJOB設定が出来た。
（OMCの2/20付25158 ミキシンク゛JOBがなぜが削除されない）
■あるべき姿
設定した日付通りのJOBがOMCに設定される。
■代替手段
とくになし

","■原因
調査中です。

2022/02/24 YJP追記
オフラス側に問題がありました。
装置受払にて作成されるミキシングJOBは、装置受払の終了予定日を作業日としています。
終了予定日を2/20⇒2/21に変更した際、ミキシングJOBの作業日を2/21に変更せずにOMCへ計画伝文を送信した為、OMC側で2/20のミキシングJOBが設定されました。
経緯の詳細は以下、ご確認ください。
①2/19 11:26 作業中の装置受払JOBに対して、紐づくミキシングJOBを登録（作業日：2/20でJOBを作成）
②2/19 11:48 ミキシングJOBNo設定（作業日：2/20でOMCへ送信される。）
③2/19 14:58 作業中の装置受払JOBの終了予定日を20日⇒21日に変更し登録
　　　　　　　　　　⇒この時、オフラス側は21日でミキシングJOBを再作成するが、OMCへは20日で計画変更伝文が送信される為、
　　　　　　　　　　　オフラスとOMCとで作業日が不一致になります。
④2/20 00:21 ミキシング作業予定画面から該当のミキシングJOBを変更
　　　　　　　　　　⇒オフラスからOMCへ21日で計画削除伝文を送信するが、OMC側に21日のミキシングJOBは存在しない為、
　　　　　　　　　　　20日付けのミキシングJOBは削除されずに残ります。
⑤2/20 00:21 再度、ミキシングJOBNo設定（作業日：2/21で運転制御へ送信される。）
■対策
終了予定日を変更した場合、変更されたミキシングJOBの作業日も併せてOMC側へ送信するように修正致します。

2022/03/24 YJP追記
以下に検証エビデンスを格納しました。ご確認お願い致します。
https://app.box.com/folder/159141693886
：【No508】検証エビデンス_装置受払JOB-ミキシング連携について.xlsx

2022/04/04　YJP追記
修正内容に誤りがあり、その影響により装置JOBの登録が不可なっておりました。
ご迷惑をお掛けし大変申し訳ございませんでした。
再対応を実施し、以下、検証エビデンスを格納しました。ご確認をお願い致します。
https://app.box.com/folder/159141693886
：【No508】検証エビデンス_装置受払JOB-ミキシング連携について_20220404.xlsx",オフラス,●,●,●,●,,,,,2022/04/04,"2022/3/31
2022/4/14",2022/04/14,AP・コーディング,確認完了,,,,,,,,,,,,,,,,,,,,,,,,,,,,,,,,,,,,,,,
,509,2022/02/25,千葉,YJP村上,,寄託タンク在庫／国産ナフサ売上方法,,F：外航通関,F：外航通関,寄託タンク在庫管理,"■発生日：2022/2/22
■対応希望日：
■事象
 【ご教示のお願い】寄託タンク在庫／国産ナフサ売上方法
2022/03/03　YJP追記
国産ナフサ（欠減）にて払出数量を差し引きたい。
■あるべき姿
■代替手段

2022/03/04　追記
恒久対応について、
この様な引落し頻度は滅多にありません。(※通常は輸入ナフサ品を引き当てます)
次回は未定の為、恒久対応は国産ナフサ(欠減)の引落しが発生時に再度、運用等にて確認を行いたいと思っております。
","■原因
オーダ入力にて「三井ナフサシフト」にてオーダ登録を実施していなかったため
2022/03/03 YJP追記
寄託タンク_在庫引落画面にて「国産ナフサ（欠滅）」の引当はできません。（仕様とおりです。）
「国産ナフサ（欠滅）」は、下記の計算式にて求めております。
「国産ナフサ（欠滅）」＝「総在庫」－「輸入ナフサ合計数量」－「国産ナフサ（売上）合計数量」－「払出数量」
■対策
「三井ナフサシフト」にてオーダ登録願います。
2022/03/03 YJP追記
【暫定対応】
・寄託タンク在庫明細表を運用（手修正）にて変更願います。
・システムの整合性はデータパッチにて対応いたします。あるべき状態（修正された帳票および、正しい画面表示内容をご連携願います。
なお、恒久対応についてはご検討願います。

2022/03/10 YJP追記
データパッチ結果検証エビデンスを下記BOXに格納いたしました。
内容のご確認をお願いいたします。
https://app.box.com/folder/158034033725
【No509】寄託タンク在庫にて国産ナフサ欠減からの引き落とし対応.xlsx
問題無ければ、次週（3/14週）データパッチを実施いたします。

2022/03/16 YJP追記
データパッチを実施いたしました。
内容のご確認をお願いいたします。
問題無ければ、「確認完了」にてクローズ願います。",オフラス,●,－,－,－,－,,,,,,2022/03/17,その他,確認完了,,,,,,,,,,,,,,,,,,,,,,,,,,,,,,,,,,,,,,,
,510,2022/02/28,北海道,芥川健司,,オフラス　ブレンドシミュレータにて、動粘度値が不適切な値（マイナス値）となる。,,K：ブレンドシミュレーション,計算エンジン,ブンレンドシミュレーション・エンジン,"■発生日：2022/2/24　08:25頃
■対応希望日：
■事象
　　オフラス　ブレンドシミュレータにて11HPパワーの計算を実行した結果、動粘度が不適切（マイナス値）となる。
■あるべき姿
　正常な結果が出力される。
■代替手段
","■原因
　　（北海道固有のVIS（動粘度）の計算ロジックに「既設ＦＯＲＴＲＡＮプログラムからの移行ミス」があった模様です。
　　　　北海道において、かつある特殊な条件の時のみ今回のような事象が発生していました）

■対策
　　　修正を行い,北海道業務課の確認を終わりました。(2022.03.02IKC芥川）",IKC,,●,,,,,,,,2022/03/10,2022/03/10,仕様不備,確認完了,,,,,,,,,,,,,,,,,,,,,,,,,,,,,,,,,,,,,,,
,511,2022/02/28,千葉,YJP那須,,2/22 BS実績に関して,Q1：後続テスト実施不可,I：伝票発行管理,I：伝票発行管理,出荷伝票登録,"■発生日：2022/2/28
■対応希望日：2022/2/28

■事象
2月22日の陸上LPGローリーBSの実績と流量計値に差異があり、
確認を進めたところ「自家使用消費」である事が分かりました。

差異をなくすために手動でオーダーを作成したいのですが、
下記のように登録すると、「船名コード」の入力を求められて登録が出来ません。
どのように登録したらよいでしょうか？
","■原因
2022/03/01　IKC追記
輸型に「ローリー」をしていたため、船名コード必須チェックに引っ掛かっていたが、
実業務ではローリー未使用であった。
現地運用に即した伝票設定となっていなかったことが原因。
改めて現地業務を再確認してもらい、適切な輸型を設定し問題解消。

■対策
該当の出荷伝票では船名コードは必須入力項目となっております。
しかし、どの船名コードを登録すればよいかという質問については、こちらではお答え出来かねます。
　※伝票を登録されようとしているとの事ですのでその後、OneSAPへ送信されると思われますが、最低限OneSAP側で取込時にエラーとならないような値を入力する必要があるかと思います。

なお、過去のローリー出荷伝票の入力実績を確認させていただきましたが、伝票種別「ローリー石油(黒)」の伝票において船名コードに'99999'（船名未設定）が使用されているものが見受けられました。（伝票日付：2021年5月6日、伝票No：31001）
",オフラス,●,,,,,,,,,,2022/03/01,仕様通り,確認完了,,,,,,,,,,,,,,,,,,,,,,,,,,,,,,,,,,,,,,,
,512,2022/03/03,北海道,YJP吉永,柴田裕,オフラス・OMC海上出荷JOB不具合の調査依頼,Q2：代替手段により後続テスト実施可能,B：作業計画管理,B：作業計画管理,JOB削除,"■発生日：　2022年3月3日
■発生拠点：　北海道製油所
■対応希望日：　 １～２週間以内

■事象
・海上出荷JOB「9B/T　淡路島T　G-3　2,810KL」をオフラス側で削除したが、OMC側のJOBが削除されない。
・一度オフラス側で消した当該JOBを再設定すると、新たなJOBがOMC側に設定されていた。（JOBNo.以外の船名、バース、油種、数量など全て同じ）
・上記の新たなJOBをオフラス側で削除するとオフラス・OMC側双方ともJOB削除されるが、古いJOBは消えない

■あるべき姿
オフラス側でJOB削除するとOMC側に紐付いたJOBも削除される

■代替手段
特になし
","■原因
操作履歴、メッセージログを確認しましたが、以前発生した保守問題点No.347と同じような事象と思われます。
今回は同じ実務担当者様にて、同時刻（3/2　17:33:09）に同じオーダ（※）に対して、2回JOBNo設定を行っています。
（※）オーダ管理No：2203010015　9B/T　淡路島T　G-3　2,810KL

上記により、同じタイミングでJOBNo設定を行っている為、オーダ変更チェックにも引っかからず２つのJOBNo(225705,225706)が割り付けられ、OMCへ送信されることにより、OMC側に同じオーダで２つのJOBNoが存在しています。
なお、JOBNo：225706が後に処理された為、オフラスーOMCで紐づいており削除できますが、JOBNo：225705は、オフラスーOMCで紐づいていない為、削除されずに残ります。
■対策
本件、No.347と同じような事象なことから、AP対応不要とさせていただきたく思います。

2022/03/22 YJP追記
対応策について、再検討致します。
オーダの更新チェック処理の場所を変更します。
現状、チェック処理は、JOBNo送信中ダイアログ表示の後、オーダが更新されていないかチェックを行っていますが、同じオーダに対してJOBNo設定が並行して走った場合、タイミングによっては、チェックをすり抜けてしまう場合があります。
＃本件の事象（保守問題点No.347も同様）

これを回避する為に、JOBNo採番(※)後、オーダとJOB情報の紐づけを行う手前でチェックを行うように修正致します。
(※)JOBNoの採番は、シリアルに処理を行う仕組みの為、先に採番したJOBNoが採用されます。
　　後に採番したJOBNoはオーダの更新チェックに引っ掛かりエラーとなる為、不採用となります。

2022/04/04　YJP追記
以下、検証エビデンスを格納しました。ご確認をお願い致します。
https://app.box.com/folder/159987178990
：【No512】検証エビデンス_複数ウィンドウJOBNo設定不具合対応.xlsx",オフラス,●,●,●,●,,,,,2022/04/04,2022/04/14,2022/04/14,AP・コーディング,確認完了,,,,,,,,,,,,,,,,,,,,,,,,,,,,,,,,,,,,,,,
,513,2022/03/04,北海道,YJP小笠原,秦野築,ブレンドSIMで新規作業品名の換算係数が1となる,Q2：代替手段により後続テスト実施可能,K：ブレンドシミュレーション,K：ブレンドシミュレーション,ブレンドシミュレータ条件入力,"■発生日：2022年3月2日
■対応希望日：１～２週間以内
■事象
ブレンド出荷したＡ重油において引火点が計算値と実測値が大きく乖離し、製品試験不合格となった。
原因追及の結果、作業品名を新規登録したものは換算係数値が全て１になることが分かった。　
詳細は添付資料をご参照ください。
https://app.box.com/folder/157556995292
以下も併せてご確認をお願いいたします。
・旧オフラスでは上記事象は起こらなかったが、新オフラスにて仕様変更されているか。
・換算係数はオフラス内でどのようなロジックで充てこまれているか（システム定数から？）
■あるべき姿
希望① 品管ラボエイドに設定されている換算係数をブレンドシミュレーターに油種とともに紐づける
希望② オフラス内で統一品名（油種）に換算係数を紐づける
■代替手段
作業品名を新規登録した場合、ブレンドシミュレーターの換算係数値を手入力で修正する。

2022/4/26：誤操作防止のため、以下の仕様変更を検討する。
（北海道・愛知）
・換算係数値についてはRON以外の項目を油種ごとにマスタ化し、マスタ値を参照する。
　→RON以外については、前回値は使用しない。ブレンドシミュ画面では参照のみ可能。
・RONについては、入力可能とし、油種ごとに前回値を保持。
（千葉・徳山）
・換算係数値・制約上下限値ともに現状の仕様のまま
※ステータスを仕様整理中に変更","■原因
換算係数は前回値が表示されますが、新規作業品名は前回値が無いため1となります。
（電卓での計算は前回値となりません。）
大変申し訳ございませんが旧システムの仕様については把握できておりません。

■対策
新規作業品名の一番最初のブレンド計算時に換算係数を手入力する運用としていただけますようよろしくお願い致します。

2022/8/15 YJP追記
換算係数のマスタ化を仕様変更にて対応します。

2022/11/01 YPJ追記
検証エビデンスを以下に格納しました。
https://app.box.com/file/1054668797411

2023/03/09 YJP追記
一部の油種の一部の換算係数は、作業品名によって換算係数のマスタ値を変更する必要があることが分かったため、北海道には一旦機能をOFFとしてリリースした。

2024/01/11 YJP追加
C重油の換算係数VIS(50℃)についてNo.788に起票。
こちらはクローズとする。
",オフラス,－,●,●,－,●,●,,,2022/11/01,2023/03/09,2024/01/11,仕様変更,確認完了,No.941,,,,,"※北海道と愛知の固有機能
・BS換算係数マスタ(TIMX472)に、式番号・換算係数・換算係数Bを追加し、油種ごとにマスタメンテナンス画面からメンテナンスできるものとする。
・ブレンドシミュレータ条件入力画面の初回表示時の換算係数の取得元を変更する。
　- 「RON」「RON-F」の場合は、従来通り前回値を取得する。
　　ただし、前回値は油種＋作業品名ではなく、油種で取得するものとする。
　- 「RON」「RON-F」以外の場合は、上記マスタから取得する。
・式番号と換算係数と換算係数Bが取得できなかった場合は、空白表示とする。
・ブレンドシミュレータ条件入力画面の換算係数は、「RON」「RON-F」の場合は入力可能とし、「RON」「RON-F」以外の場合は参照のみ可能とする。
",仕様変更承認済,2.0人日,5.0人日,1.5人日,1.5人日,1.5人日,対応依頼,,"2022/4/26 IKC（百留）見積依頼
2022/7/22対応依頼",,,2022/07　17K2D016_132,,,,,,,,,,,,,,,,,,,,,
,514,2022/03/14,北海道,YJP吉永,柴田裕,JOB再開シーケンス後、オフラスタンク最新ロットが更新されない,Q2：代替手段により後続テスト実施可能,C：進捗管理,C：進捗管理,受入タンクロット解除,"■発生日：　2022年3月13日10：50～11：15
■対応希望日：　 １～２週間以内

■事象
・RCシフトライン線払い（#60005タンク→#20267タンク、JOB №317413）開始時、#20267のオフラスタンク最新ロットが合格のままとなっていた。
・OMCのタンク個別性状は未確定の状態だった。
・検証結果、JOBの開始シーケンス→一時中断→JOB再開シーケンス→通油中という動きをすると、オフラスのタンク最新ロットが更新されない。
＊今回、RCシフトライン線払いの際は、バルブがOPENせずJOB一時中断となっていた。

■あるべき姿
・JOBステイタスが一時中断→再開→通油中となっても、オフラスタンク最新ロットが適切なものに更新される。

■代替手段
特になし

","■原因
受入タンクのロット解除は、初回CS50受信時に処理を行いますが、""初回""の判定に誤りがありました。
初回判定を直前のCSが30（準備完了）だった場合に、初回と判断しています。
本件のように、「JOB開始シーケンス→一時中断→JOB再開シーケンス→通油中」と遷移した場合、直前のCSが54（緊急停止）となり、”初回ではない”と判断される為、受入タンクのロットが解除されませんでした。
■対策
CS受信履歴を遡って、初めてCS50を受信した場合を、初回と判断するように修正致します。

2022/03/24 YJP追記
以下に検証エビデンスを格納しました。ご確認お願い致します。
https://app.box.com/folder/159142099437
：【No514】検証エビデンス_シフト生産JOB開始時、受入タンクロットが解除されない.xlsx",オフラス,●,●,●,●,,,,,2022/03/24,"2022/3/31
2022/4/14
",2022/04/14,AP・コーディング,確認完了,,,,,,,,,,,,,,,,,,,,,,,,,,,,,,,,,,,,,,,
,515,2022/03/29,千葉,YJP小笠原,伊藤祐希,試験成績書要否一覧の成績書要否が試験成績書出力一覧が反映されない,Q2：代替手段により後続テスト実施可能,E：品質管理,B：作業計画管理,試験成績書出力一覧,"■発生日：2022/3/28
■対応希望日：1週間以内　
■事象
本日（3/28）出荷分0.5A、05C-Mのオーダーに対し、オフラス試験成績書要否一覧で「成績表要否」を「要」にしたものの、成績書出力一覧に反映されず、試験成績表の発行ができない。
※3/28分は、品質管理課にて手動出力実施
■あるべき姿
成績表要否が「要」のものは、一覧に表示され成績表出力できる。
■代替手段
手動にて出力実施
","■原因
2022/04/07 YJP追記
試験成績書要否一覧は、確定済み以降のオーダ情報を参照しデータを表示しています。
試験成績書出力一覧は、作業予約以降のオーダ情報、JOB情報、及び、出荷タンク情報を参照しデータを表示していますが、3/28の作業品名：05A, 05C-Mの出荷タンクが未設定状態の為、試験成績書出力一覧に反映されませんでした。

出荷タンクが未設定の状態になっている原因ですが、3/28に05A,05C-Mの出荷予定のオーダは、計7オーダありました。
そのうちのオーダで荷役日付を3/28⇒3/29に変更していますが、同時に05A,05C-Mの出荷タンク設定も行った為、3/29のオーダに3/28の出荷タンクが紐づいており、その後、オーダ変更にて出荷タンクが削除された為、未設定の状態となっています。

詳細な経緯は、下記、時系列を参照ください。

【時系列】
　①3/25 16:50:04　オーダ管理No：2203230010の荷役日付を3/28⇒3/29に変更しオーダ確定を行う。
　②3/25 16:50:05　①とほぼ同時に作業日付：3/28の05Aと05C-Mの出荷タンク設定を行う。
　　　　　　　　　　　　　　⇒3/29のオーダに作業日3/28の出荷タンクが紐づく（作業日が不一致なオーダ情報が登録される。）
　　　　　　　　　　　　　　　出荷タンク設定時、オーダ情報が更新されていないかチェックを行っていますが、ほぼ同時に処理が
　　　　　　　　　　　　　　　行われた為、チェックをすり抜けてしまっています。
　③3/27 23:12:33　3/28の出荷オーダのJOBNo設定を行う。
　④3/28 08:29:43　出荷JOB作業開始（3/28の出荷JOBのいづれか(作業品名：05C-M)）
　⑤3/28 09:54:30　オーダ管理No：2203230010（荷役日付3/29）のオーダ情報を2明細から1明細に
　　　　　　　　　　　　　　変更しオーダ確定を行う。
　　　　　　　　　　　　　　⇒出荷作業前の為、出荷タンクが削除されるが、該当オーダには②で3/28の出荷タンクが紐づいている為、
　　　　　　　　　　　　　　　3/28の出荷タンクが削除されてしまう。
　⑥ ⑤以降　　　　　 　試験成績書要否一覧で「成績表要否」を「要」にしたものの、出荷タンク情報が存在しない為、
　　　　　　　　　　　　　　成績書出力一覧に反映されず、試験成績表の発行ができない。

　※⑤により3/28のJOB情報は存在するが、出荷タンクが存在しない不整合なデータができてしまっています。
　　本来ならば、荷役日付と作業日が一致した出荷タンクが紐づきますが、①②にて一致しない出荷タンクが紐づいてたことが原因となります。

■対策
本件、シビアな操作で発生する為、運用にて回避していただきたく、AP対応不要にさせていただきたく思います。
",IKC,●,,,,,,,,,,2022/04/19,その他,確認完了,,,,,,,,,,,,,,,,,,,,,,,,,,,,,,,,,,,,,,,
,516,2022/03/30,北海道,YJP小笠原,秦野築,ブレンドシミュレータ電卓使用時の計算履歴について,Q3：後続テスト実施可能,K：ブレンドシミュレーション,K：ブレンドシミュレーション,計算履歴,"■発生日：2022/3/30
■対応希望日：－
■事象
電卓使用時、計算結果が計算履歴一覧に残る場合と残らない場合があります。
合否に関係なく事象が発生するようです。
なおブレンドシミュレーター（電卓ではない）では発生しないようです。
■あるべき姿

■代替手段

022/4/12 秦野
こちらでも動作について確認が取れましたので、本件についてはクローズをお願いします。
","■原因
電卓を使用してブレンド計算を行った際、以下の場合では計算履歴を残しません。
・ブレンド計算が正常に行われブレンドシミュレータ計算結果詳細確認画面表示される。
・結果判定が不合格となる。（「[制約／規格チェック]に失敗しました。」等のメッセージが画面左上に赤字で表示されている。）
・[閉じる]ボタンで画面を閉じる。
※[入力画面に戻る]ボタン、もしくはウィンドウの右上の×ボタンで閉じた場合には計算履歴は残ります。
■対策
仕様通りの動作となります。
",オフラス,,●,,,－,,,,,,2022/04/12,仕様通り,対応不要,,,,,,,,,,,,,,,,,,,,,,,,,,,,,,,,,,,,,,,
,517,2022/03/30,北海道,YJP小笠原,秦野築,ブレンドシミュレータのパターン削除ボタンについて,Q3：後続テスト実施可能,K：ブレンドシミュレーション,K：ブレンドシミュレーション,VIKA010102_ブレンドシミュレータ計算結果詳細確認,"■発生日：2022/3/30
■対応希望日：－
■事象
計算結果画面に「パターン削除」ボタンがありますが、押下しても「混合パターン比率未入力」と表示されます。　仕様書を確認したところ、「VIKA020102_ブレンドシミュレータ混合比率パターン一覧」に関連していると思われますが、該当の画面を開く方法が分からない状態です。こちらは他製油所固有機能でしょうか？

■あるべき姿

■代替手段
","■原因
混合比率パターンは千葉と徳山の固有機能のため、北海道では使用しない機能です。
製油所毎にパターン削除ボタンの表示/非表示の制御を行っております。
ブレンドシミュレータ条件入力画面では正しく制御されているためパターン削除ボタンは非表示ですが、ブレンドシミュレータ計算結果詳細確認画面では制御が行われていないため、本来非表示となるべきパターン削除ボタンが表示されております。
■対策
ブレンドシミュレータ計算結果詳細確認画面でパターン削除ボタンの表示/非表示の制御を行うように修正します。

2022/04/05 YJP追記
検証エビデンスを以下に格納しましたのでご確認をお願い致します。
https://app.box.com/folder/160100826049
・【No517】ブレンドシミュレータ計算結果詳細確認画面のパターン削除ボタンの表示制御.xlsx
",オフラス,●,●,●,●,－,,,,2022/04/05,2022/05/26,2022/05/26,AP・コーディング,確認完了,,,,,,,,,,,,,,,,,,,,,,,,,,,,,,,,,,,,,,,
,518,2022/04/01,北海道,YJP小笠原,秦野築,タンク最新ロット修正依頼,Q1：後続テスト実施不可,E：品質管理,E：品質管理,試験依頼,"■発生日：2022/4/1
■対応希望日：即日　
■事象
・運転管理から試験依頼を行った際、22年4月1日23時で試験依頼した（未来の誤った日時で依頼した）
・試験管理側で試験合格とし、運転管理側にも合格の状態が反映された。
・その後、依頼日時が誤っている事に気が付き、試験管理側で試験依頼を取り消したが、運転管理側はロットの日時である、4月1日23時（ A4-20401-23-T-20301 ）が残ったままになっている。
■あるべき姿（希望する対応内容）
①又は②の対応をお願いいたします。
　①ロット日付をA4-20401-23-T-20301 からA4-20327-06-T20301（前回ロット日付）に修正する
　②ロットA4-20401-23-T-20301 を削除する
■代替手段
代替手段無し。本日中に修正をお願いいたします。
","■原因
■対策
データパッチを適用して「A4-20401-23-T-20301」を削除しました。
タンク最新ロット一覧で最新ロットが「A4-20327-06-T20301」になっていることのご確認をお願い致します。
ロット確立区分を有効にする必要がありましたら、試験管理側で総合判定取消を行い、再度総合判定を行ってください。
※「A4-20327-06-T20301」は単独ロットではなく品転ロットも存在します。
※通常ロットと品転ロットはロットNoは同じですが別の試験依頼ですので各々で再度総合判定を行う必要があります。
",オフラス,,●,,,－,,,,,,2022/04/01,その他,確認完了,,,,,,,,,,,,,,,,,,,,,,,,,,,,,,,,,,,,,,,
,519,2022/04/04,千葉,YJP那須,青井圭介,千葉_冷凍ブタンの在庫増加における伝票処理について,Q1：後続テスト実施不可,I：伝票発行管理,I：伝票発行管理,払出増減伝票,"■発生日
4/1

■対応希望日
4/1中（3月の月次実績計上に関連しておりますので、大変恐縮ではございますが、ご一報の程、よろしくお願いいたします。）

■事象
冷凍ブタンタンクについて、タンクの荷動き（受入・払出）はないが、貯蔵中の在庫増減で、在庫が増えたため、その分を払出増減伝票を起票し、実績処理をしたいです。
以下添付メールの2020年6月に発生した事象と同じです。この時の対応を参考に添付PPTの2ページ目に払出増減伝票を起票いたしました。
この処理方法として、貴部署などシステム側での事前準備や送信までの流れをご教授頂きたく、よろしくお願いいたします。

■あるべき姿
他部門の会計に支障なく、SAPやファイルボランチの石油部門の決算データに払出増減として、正しく反映されることです。

■代替手段
なし","■原因
No.188未対応（2022/04/05　IKC追記）
■対策
保守問題点No188と同件と伺っておりますので、対応についても同様に、起票された払出増減伝票をBINASへ連携するため、担当店をアストモスとするデータパッチの対応を行います。

4/4 17時の定刻連携でBINASへ正常送信したことを確認済み。
4/4 19時にBINAS側で連携データが取り込まれ帳票反映されたことを確認済み。（2022/04/05 IKC追記）
",オフラス,●,,,,,,,,,,2022/04/07,仕様通り,確認完了,,,,,,,,,,,,,,,"関連情報
LMIS：INC-00184078
保守問題点：No188

恒久対応の再検討：PJT問題点No3301",,,,,,,,,,,,,,,,,,,,,,,,
,520,2022/04/06,千葉,百留哲平,百留哲平,石化取引実績マスタの追加について,Q1：後続テスト実施不可,D：実績管理,D：実績管理,石化取引実績受信,"■発生日2022/04/06
■対応希望日2022/04/06
■事象
4/1より石化取引実績の項目を増やしたが取り込み時にオフラスでエラーが出ている。
エラー原因の確認と適切な設定方法について確認をお願いします。
■あるべき姿
エラーが発生しない。
■代替手段
なし。

2022/04/22：問題ないためクローズ","■原因
問題点エビデンスに伝文のフォルダはございますが、中身がございません。
再現確認を行いたいので、伝文ファイルをご展開ください。

2022/04/07YJP
伝文仕様上、差引数量、差引重量の項目は整数値ですが、頂いた伝文では実数が設定されているものがある様です。
このため、数値変換が出来ず予期せぬエラーとして処理が停止していたようです。
試しに実数ではない数値にして取込確認したところ、エラーなく取込が出来ました。
本件オフラスとしては対応不要かと思われます。

■対策
確認中とさせていただきますので、問題なければクローズしてくださいますようお願いします。",オフラス,,,,,,,,,,,2022/04/22,データ不備,確認完了,,,,,,,,,,,,,,,,,,,,,,,,,,,,,,,,,,,,,,,
,521,2022/04/08,千葉,YJP吉永,伊藤祐希,IOS20-OFL:日別情報画面表示不具合,Q3：後続テスト実施可能,A：オーダ管理,A：オーダ管理,日別情報画面,"■発生日：　不明
■対応希望日： 1か月以内

■事象： オフラス日別情報のオーダー一覧で、ボンドバンカーのオーダーに「SAIS」と表示されている。
以前はボンドバンカーオーダーは「ボンド輸出」と表示されていました。いつから「SAIS」と表示されたのかはわかりませんが、
SAISからのオーダーではない為、ボンドバンカーについては以前のように「ボンド輸出」と表示するよう対応して頂きたいです。
■あるべき姿： SAPから送られてくるボンドバンカーのオーダーには「ボンド輸出」と表示する

■代替手段： なし","■原因
調査中です。

2022/04/26 YJP追記
既設オフラスシステムと同様の挙動となります。
日別情報に表示しているオンラインオーダのアイコンは以下の条件により表示しています。
　●ボンド輸出
　　　⇒・オーダがボンド出荷、または、外航出荷の場合
　　　　・配船Noの頭2桁が30～39の間、または、95の場合（※）
　　　　　※配船Noの範囲値はシステム定数に定義しています。（既設はiniファイルに定義）

　●ASE（アストモスLPG）
　　　⇒アストモスからオーダを受信した場合

　●SAIS
　　　⇒上記2つの条件に当てはまらない場合

上記により4月8日に表示されている該当のオーダの配船Noが「98063」であり、ボンド輸出アイコンの表示条件に当てはまらない為、「SAIS」アイコンが表示されます。

■対策
システム定数に定義されている配船No頭2桁の定数値を変更することにより、「ボンド輸出」と表示することは可能です。
システム定数を変更する場合は、変更方法をお伝え致します。",IKC,●,,,,,,,,,,,その他,確認完了,,,,,,,,,,,,,,,,,,,,,,,,,,,,,,,,,,,,,,,
,522,2022/04/08,千葉,芥川健司,芥川健司,製油所モニタにおいてエラーが発生,Q1：後続テスト実施不可,N：製油所モニタ,N：製油所モニタ,試験結果参照画面,"■発生日
■対応希望日
■事象
　　千葉製油所モニタにおいて品名略号0.5C-M,試験分類が出荷検査で検索をかけるとプロトコルエラーが発生する。　(同類の現象は多々発生していますが、今回現象は複数の端末で確認でき、再現率はほぼ１００％でした：エビデンスあり）
■あるべき姿
　　,試験分類が出荷検査は出荷検査のまま検索できる
■代替手段
","■原因
保守_問題点管理表No.259、No.485と同件です。
　※本事象は端末に関係なく発生しており、同じ検索結果となる検索を行った場合、繰り返し事象が発生するという認識です。

■対策
対策についても保守_問題点管理表No.259、No.485と同様に、本事象が発生する場合は暫定として検索条件を変更して再検索していただければと思います。

2022/4/13追記
芥川様よりご連絡をいただいた件、PJT問題点管理No.3181（製油所モニタ試験結果参照画面の検索条件変更）のリリースを行い、事象の発生頻度の改善を図る（一度に表示させる数・条件をより細かく制御する）対応を進めます。
本件については対応なし（PJT問題点管理No.3181のリリース後の状況により再度検討）となりますので、確認完了とさせて頂きます。",IKC,●,,,,,,,,,,2022/04/13,その他,確認完了,,,,,,,,,,,,,,,,,,,,,,,,,,,,,,,,,,,,,,,
,523,2022/04/12,北海道,YJP吉永,秦野築,品名追加時のOMC JOB登録不可,Q1：後続テスト実施不可,B：作業計画管理,Z：OMC,JOBNo設定,"■発生日：　2022/4/12
■対応希望日：4月15日（金）

■事象
・入荷品の新品名「0.6C-B-HP」が追加となったため、オフラスマスタ「品名関連マスタ」、「作業品名関連マスタ」へ品名追加後、オフラスにて作業計画作成した。
　その後JOB登録しようとしたが送信NGとなった。その際、NGの理由として「結果コード：9999、想定外のエラー」と表示があった。
・OMC側のマスタは変更していない。（こちらは変更要でしょうか？）

■あるべき姿（希望する対応内容）
・JOB登録が出来る。

■代替手段
代替手段無し。4月15日までにご確認・対応をお願いいたします。","■原因
事象に記載されているエラーメッセージの内容から、OMC側のマスタに不備がある為と思われます。
新規で品名を追加した場合、OMC側にもマスタ変更が必要となります。

まずは、OMCに調査いただきます。
■対策
2022/04/14 YJP追記
OMC側にてマスタの変更を行い、問題なくJOB登録ができた旨のご連絡を頂いております。
本件は、オフラス側「対応不要」にてクローズさせていただきます。",オフラス,,●,,,,,,,,,2022/04/14,データ不備,対応不要,,●,,,,,,,,,,,,,,,,,,,,,,,,,,,,,,,,,,,,,
,524,2022/04/18,北海道,YJP増田,,L3.5EAI関連サービスの異常終了,,Y：通信管理,Y：通信管理,通信,"■発生日：2022/04/18 12:36頃
　　12:31頃に「initService停止」、12:36頃にL35EAIサービス異常終了

■対応希望日：２週間以内

■事象
L30EAIの「initService」サービスを停止させたところ、L35EAIのサービス（PEAIServer、PEAILogger）が
異常終了してしまった。
異常終了後すぐにサービスを手動起動し「initService」も開始したが、
オフラスにてJOB登録不可やブレンドシミュレータの画面が開かないなどの問題が発生したため、
L35EAIサーバを再起動したところ解消された。

■あるべき姿
サービス異常終了が発生しないこと。

■代替手段
システムサービス提供に問題があったため、L3５EAIサーバを再起動。","■原因
L3.5DMZ DBサーバの設定変更作業に伴い、一時的にDBを停止していたことが原因と考えます。
DBが起動していないと、PEAILoggerとPEAIServerは起動できませんので、サービス稼動中にDBを停止することは想定していません。
以下、EAIユーザーズマニュアル（概要編）抜粋
5.1.　EAIの起動
　　　　　下記の3つのサービスを開始します。開始に順番はありませんが、設定情報DB（MSSQLServerサービス）が
　　　　　開始されている必要があります。
　　　　　【サービス名】　　　　　　　　　 【説明】
　　　　　PEAIServer　　　　　　　　　EAI本体（PEAILoggerが起動している必要があります。）
　　　　　PEAIRemoteManager　　リモート管理用サービス
　　　　　PEAILogger　　　　　　　　　ログ管理用サービス（設定情報DBが起動している必要があります。）

また、サービスを手動起動しても復旧しなかったのは、
異常終了時にゴミプロセスをきれいにクリア出来ていなかったことが原因と考えます。
したがって、サービス一覧画面からの起動ではゴミプロセスが残っている理由で復旧しなかったと考えます。

2022/5/11 追記
DB停止を伴う作業を実施の際は運用対処(EAIサーバのOS再起動)にてご対応頂くとのことです。
よろしくお願い致します。

■対策
上記原因内容に問題無ければ、運用対処（改善）としていただき、本件対応不要にてクローズ願います。

",オフラス,,●,,,,,,,,,2022/05/11,その他,確認完了,,,,,,,,,,,,,,,,,,,,,,,,,,,,,,,,,,,,,,,
,525,2022/04/19,千葉,百留哲平,百留哲平,外航通関の誤操作リカバリについて,Q2：代替手段により後続テスト実施可能,F：外航通関,F：外航通関,各申告関連機能,"■発生日2022/04/19
■対応希望日2022/05/27
■事象
OFL-SBM課題管理表No438から転記。
外航通関において、輸入申告時にオーダ申告数量を誤入力した際のリカバリについて
現状、申告時に[確定]行為後の修正行為は不可としております。
誤入力後のリカバリはデータパッチによる手動対応となることから、システムでの恒久対応の検討が必要。
■あるべき姿
誤操作時ユーザ側でリカバリ処理が可能。

■代替手段
データパッチ対応","■原因
仕様とおりです。
■対策
下記の1.対象画面について、2.対策を実施いたします。
1.対象画面
VIFX010111_通関業者輸入申告情報入力
VIFX030107_積戻し実績入力（業者申告）
VIFX030111_輸出実績入力（業者申告）
VIFX030115_輸出実績入力（業者申告）潤滑油
VIFX030116_積戻し実績入力（業者申告）潤滑油
VIFX020107_継続保税作業(装置)
VIFX020108_継続保税作業(ヤード・出荷)
VIFX040103_外国貨物運送申告書作成
VIFX040101_ボンド出荷オーダ一覧
VIFX010204_通関業者輸入申告情報入力
VIFX010201_IMW･ISW･IBP申告対象一覧
VIFX020114_IMW輸入申告情報作成
VIFX020201_保税作業品IMW輸入申告対象一覧
2.対策
① [取消]ボタンを追加（特定権限ユーザのみ使用可能（画面表示））
② [取消]ボタンを押下することで、入力可能状態（初回時の状態）に戻す。
　（作業ステータスを入力可能状態の機能まで戻します。）
③ [取消]ボタン押下時の内部処理として、[確定]ボタン押下時に作成した、「申告データ」、「台帳データ」を削除
　（伝票管理へのリカバリデータは連携しない。）
④ スペックアウト時の不要なボンド出荷オーダの削除として、
　 ボンド出荷オーダ一覧に[削除]ボタンを追加（削除対象のオーダは外航通関にて管理しているデータのみ、
　 荷繰で管理しているデータは削除しない。
　 削除対象のオーダは外航通関にて管理しているデータのみ、荷繰で管理しているデータは削除しない。
対応資料は下記BOXに格納いたしました。詳細は当該資料を参照願います。
https://app.box.com/folder/161605967653
・申告確定後の誤操作対応.xlsx
2023/04/28 YJP追記
検証結果エビデンスについては2023/6/7に各拠点実務担当者様に説明予定",オフラス,●,●,●,●,●,,,,2023/03/24,2023/07/19,2023/07/25,仕様通り,確認完了,No.942,,,,,"下記の「1.対象画面」について、「2.対策」を実施いたします。
1.対象画面（13画面）
VIFX010111_通関業者輸入申告情報入力
VIFX030107_積戻し実績入力（業者申告）
VIFX030111_輸出実績入力（業者申告）
VIFX030115_輸出実績入力（業者申告）潤滑油
VIFX030116_積戻し実績入力（業者申告）潤滑油
VIFX020107_継続保税作業(装置)
VIFX020108_継続保税作業(ヤード・出荷)
VIFX040103_外国貨物運送申告書作成
VIFX040101_ボンド出荷オーダ一覧
VIFX010204_通関業者輸入申告情報入力
VIFX010201_IMW･ISW･IBP申告対象一覧
VIFX020114_IMW輸入申告情報作成
VIFX020201_保税作業品IMW輸入申告対象一覧
2.対策
① [取消]ボタンを追加（特定権限ユーザのみ使用可能（画面表示））
② [取消]ボタンを押下することで、入力可能状態（初回時の状態）に戻す。
　（作業ステータスを入力可能状態の機能まで戻します。）
③ [取消]ボタン押下時の内部処理として、[確定]ボタン押下時に作成した、「申告データ」、「台帳データ」を削除
　　明細複数存在時は該当データの削除とともに既処理データへの戻し処理を実施
　（伝票管理へのリカバリデータは連携しない。）
④ スペックアウト時の不要なボンド出荷オーダの削除として、
　 ボンド出荷オーダ一覧に[削除]ボタンを追加（削除対象のオーダは外航通関にて管理しているデータのみ、
　 荷繰で管理しているデータは削除しない。
　 削除対象のオーダは外航通関にて管理しているデータのみ、荷繰で管理しているデータは削除しない。
対応資料は下記BOXに格納いたしました。詳細は当該資料を参照願います。
https://app.box.com/folder/161605967653
・申告確定後の誤操作対応.xlsx",仕様変更承認済,8.00人日,7.00人日,5.75人日,2.90人日,1.50人日,対応依頼,,"2022/4/21見積もり依頼
2022/7/22対応依頼",,,2022/07　17K2D016_132,,,,,,,,,,,,,,,,,,,,,
,526,2022/04/21,千葉,YJP大武,伊藤祐希,協定書実績入力更新できない,Q2：代替手段により後続テスト実施可能,D：実績管理,D：実績管理,協定書実績,"■発生日：　2022/4/21

■発生拠点：　千葉事業所

■対応希望日： 1か月以内

■事象： 協定書実績入力の際、0.5A重油を入力しても0.5C-Mの入力された数字になってしまう。
　　　　当該オーダーは2油種とも艀が存在している。

■あるべき姿： 当該条件でも入力が正常に反映される。

■代替手段：手書きで修正。 

","■原因
1船に2油種のどんぶり出荷が行われていたため、画面から更新する船情報の紐づけが誤ったものになっておりました。
船情報に表示している内容と明細で表示している内容の、JOB_MNG_NO(JOBのユニークキー)で紐づけするように修正します。


■対策
AP修正を行います。

2022/04/28YJP
修正エビデンスを以下に格納しました。
https://app.box.com/folder/161865672059
ご確認のほど、よろしくお願いします。
2022/5/24 YJP追記
5/23に切戻しを実施しました",オフラス,●,●,●,●,,,,,2022/04/28,2022/06/16,2022/06/17,AP・コーディング,確認完了,,,,,,,,,,,,,,,,,,,,,,,,,,,,,,,,,,,,,,,
,527,2022/04/21,千葉,百留哲平,百留哲平,石化取引実績マスタの追加について,Q1：後続テスト実施不可,D：実績管理,D：実績管理,石化取引実績受信,"■発生日2022/04/06
■対応希望日2022/04/06
■事象
No520修正後、取込を行ったが$83のトルエンの実績が項目が取り込まれていない。
83220407払出　トルエンGZ
エラー原因の確認と適切な設定方法について確認をお願いします。
■あるべき姿
エラーが発生しない。
■代替手段
なし。

2022/05/26：対向システム側の不具合。修正して、解決したためクローズ。","■原因
本件、データまたは石化取引マスタの設定不備と思われます。
問題の$83のトルエン実績は、石化取引マスタ上簡略品名コード「95008」が設定されており、「トルエン（ＬＮＲ）」が設定されており、単位区分はKGが設定されております。
この場合、受信データから差引重量値を取得して伝票の実績数量にしますが、受信データ上、$83のトルエンの差引重量は空白(0)になっております。
このため、実績0としてデータ作成されていない様です。
本件、以下どちらかの状況と思われますので、ご対応をお願いします。
・石化取引実績の83に設定されている簡略品名コードが誤っていて、容量品が設定されるはずだった→正しい簡略品名の設定をお願いします。
・受信データが誤っており、差引重量を設定するはずが、設定されていない状態で送信されてきている→データ送信元にお問合せください。

■対策
本件、オフラス側の対応は無い認識です。
ご担当をIKC様に変更いたします。
",IKC,,,,,,,,,,,2022/05/26,調査中,確認完了,,,,,,,,,,,,,,,,,,,,,,,,,,,,,,,,,,,,,,,
,528,2022/04/25,千葉,YJP増田,伊藤祐希,千葉ETS-RサーバのEAIサービスの異常終了,,Y：通信管理,Y：通信管理,通信,"■発生日 2022/4/25 7:41頃
■対応希望日
■事象
4/25 ７時４１分ころに千葉ETS-RサーバでPEAIサービスが停止した。
ETS-RサーバのOS再起動を実施頂き、各連携の滞留が無いことをご確認後、
千葉伊藤様に復旧連絡頂いたとのことです。

2022/06/24 9:50頃
千葉オフラスL30EAIにおいて、PEAIサービスダウンを検知しました。

■あるべき姿

■代替手段
","■原因
以下のApplicationErrorが出力されていることから、メモリアクセス違反が発生していると思われます。
　障害が発生しているアプリケーション名：PEAISvr.exe
　障害が発生しているモジュール名：KERNELBASE.dll
　例外コード：0xc0000005

引き続き調査中

2022/7/19 YJP追記
現状取得していているログファイル等からは、これ以上原因究明につながるような情報が得られないため、
情報を追加取得について検討したいと思います。
2022/11/24 YJP追記
11/24 10:02に再発したことから、必要なログを取得していただきました。
継続して調査、対応策を検討いたします。
12/26 3:40に再発、サーバ再起動にて対処頂きました。
継続して調査、対応策を検討いたします。

■対策
2023/6/19 YJP追記
EAIサービス異常終了時にサービス再起動する仕組みにて対応させて頂きたいと思います。
5月の保守月例会にて対応内容についてご説明させて頂き、各所のOKを頂きました。
まずは千葉へリリースさせて頂きたいと思います。（リリース日は別途調整させて頂きたくお願い致します。）",オフラス,,,,,,,,,,2023/07/19,,その他,確認完了,,,,,,,,,,,,,,,,,,,,,,,,,,,,,,,,,,,,,,,
,529,2022/04/27,北海道,YJP張替,秦野築,北海道製油所における知多向けの出荷対応に伴うオフラス帳票の改修について,Q2：代替手段により後続テスト実施可能,B：作業計画管理,帳票,装置受払計画一覧表,"■発生日 
■対応希望日
■事象
北海道製油所における知多向けの出荷対応に伴うオフラス帳票の改修のご要望

■あるべき姿

■代替手段
","■原因
改修のご要望になります。
■対策
装置受払計画一覧表について、PLATにおける『PG-PZ』を『PGZ-2』に置き換えます。それに伴い、他留分と同様の情報を取得し表示します。
また、1Dhにおける『J-B』を削除します。（削除した部分は左詰めをせずそのままとします。）

検証エビデンスを下記に格納いたしました。
<https://app.box.com/folder/165689065431>",オフラス,,●,,,●,,,,2022/06/20,2022/07/14,2022/07/14,仕様変更,確認完了,,,,,,"装置受払計画一覧表について、PLATにおける『PG-PZ』を『PGZ-2』に置き換えます。それに伴い、他留分と同様の情報を取得し表示します。
また、1Dhにおける『J-B』を削除します。（削除した部分は左詰めをせずそのままとします。）",仕様変更承認済,0.75人日,0.50人日,0.25人日,0.50人日,0.00人日,対応依頼,,,,,,,,,,,,,,,,,,,,,,,,,,
,530,2022/05/09,千葉,YJP那須,伊藤祐希,ETBEの台帳出力が正しい数量で作成されない,Q2：代替手段により後続テスト実施可能,J：バイオターミナル管理,J：バイオターミナル管理,ETBE台帳,"■発生日
2022/05/02
■対応希望日
2022/05/12
■事象
4月分のETBE台帳出力した際に24日の総在庫数量にズレが発生していた。
■あるべき姿
前日の総在庫数量から翌日の移出数量を差し引いた値が翌日の総在庫数量として出力される。
■代替手段
あり。数量を手修正。","■原因
保守問題点No430などと同じ事象です。
作業の実態通りに画面操作が行われなかった結果、4月24日の引落数量が在庫数量に反映されなかったためとなります。
（4月23日（の中の伝票1件）、4月24日の引落（伝票確定）が4月24日→4月23日の順に行われております）

■対策
ETBE台帳のデータパッチ後の検証結果を以下に格納しました。
https://app.box.com/folder/162695778808
　【No530】ETBE台帳修正対応.xlsx
",オフラス,●,,,,,,,,2022/05/11,2022/05/12,2022/05/17,仕様通り,確認完了,,,,,,,,,,,,,,,,,,,,,,,,,,,,,,,,,,,,,,,
,531,2022/05/11,千葉,YJP小笠原,伊藤祐希,計量シフト時にロットが更新されない,Q2：代替手段により後続テスト実施可能,E：品質管理,C：進捗管理,軽量シフトの試験依頼,"■発生日：2022/5/9
■対応希望日：1か月以内
■事象
計量シフト時にロット更新がされず翌日の出荷の際に確認が必要になった。
更新されなかったのは2回目の計量シフトで1回目と2回目の間で払出タンクのロット更新があった。
■あるべき姿
計量シフト時ロット更新される。
■代替手段
あり。
","■原因
保守問題点No.514と同件です。
2回目のJOB（315586）がCS20→30→54→50と遷移していますが、再開シーケンス後に通油中となった場合、CS50受信時の処理が走らないという問題をNo.514にて対応しています。
＃No514は受入タンクロットの解除ですが、計量シフトの試験依頼も同様になります。
■対策
No.514にて対応したモジュールを千葉にも入れさせていただきたく思います。
千葉は、No.514は、「エビデンス確認中」となっておりますが、再度依頼致しますので、下記、BOXにあるエビデンスのご確認をお願い致します。
https://app.box.com/folder/159142099437
：【No514】検証エビデンス_シフト生産JOB開始時、受入タンクロットが解除されない.xlsx
2022/5/24 YJP追記
5/23に切戻しを実施しました",オフラス,●,－,－,－,－,,,,,2022/06/16,2022/08/17,AP・コーディング,確認完了,,,,,,,,,,,,,,,,,,,,,,,,,,,,,,,,,,,,,,,
,532,2022/05/11,千葉,YJP大武,百留哲平,千葉の製油所受払月報で不突合いがある,Q2：代替手段により後続テスト実施可能,G：マスバランス,G：マスバランス,月次処理,"■発生日 ：2022/05/11
■対応希望日
■事象
千葉の製油所受払月報で以下の不突合がある
(1)F.RLNの出荷伝票が取り込まれていない
(2)F.RLNを含む4月から追加した品名の在庫引落がされない
(3)F.RLNを含む4月から追加した品名の品名転換伝票がOneSAPに受け付けてもらえない
(4)上記、SAP評価区分をPAIDのもので品名転換伝票を発行しようとしたが、オフラスの画面制約で作成できない
(5)原油の在庫がマイナスになっている品名がある(品名毎に内貨がマイナス、外貨がプラス、総在庫は正しい模様)

■あるべき姿
不突合がなく、正常に処理される

■代替手段
伝票修正、在庫修正設定等

2022/05/26：OneSAP側の取り込み時不具合。オフラス側のデータも一部誤っていたため、是正し、月報再処理を行い問題なかったため、クローズ。","■原因
本件、今のところ仕様通りの挙動です。
(1)OneSAPからの出荷伝票の受信時に、R.LRNがMB品名マスタに未登録でした。
　　現在再取込を実施していただき、取り込まれています。
(2)在庫引落設定マスタの最新状態を確認し、調査します。
(3)オフラス上は税区分0同士でしたが、SAP評価タイプがTAXとPAIDで異なっていたためとのことです。
　　オフラスの品名設定が正しいのかご確認頂きたく思います。
(4)上記、SAP評価区分をPAIDのもので品名転換伝票を発行しようとしたが、オフラスの画面制約で作成できない
　　オフラスの税区分が異なっていたためです。品位転換伝票で税区分が異なっているのはNGなので妥当な制御ではあると思われます。
(5)原油の在庫がマイナスになっている品名がある(品名毎に内貨がマイナス、外貨がプラス、総在庫は正しい模様)
　　原油タンク受払実績で算出された品名別在庫が、外貨在庫を下回っているためと思われます。
　　原油入荷時の油種毎の荷揚げ数量と、伝票上の油種毎の入荷数量が妥当ではない可能性が考えられます。

■対策
",オフラス,,,,,,,,,,,2022/05/26,調査中,確認完了,,,,,,,,,,,,,,,,,,,,,,,,,,,,,,,,,,,,,,,
,533,2022/05/23,千葉,YJP柳田,青井圭介,千葉L35EAI PEAIServerサービス異常終了,,Y：通信管理,Y：通信管理,通信,"■発生日 ：2022/05/18 19:45頃
■対応希望日：1か月以内
■事象
19:45頃、L35EAIサーバのPEAIServerサービス異常終了検知の入電があり、
サーバ状態確認したところ、サービスが終了しておりました。
サーバ再起動を実施し、サービス状態及び連携状態に問題ないことを確認済みです。

■あるべき姿
当該サービスが異常終了しないこと。

■代替手段
サービス再起動もしくはOS再起動","■原因
以下のApplicationErrorが出力されていることから、メモリアクセス違反が発生していると思われます。
　障害が発生しているアプリケーション名：PEAISvr.exe
　障害が発生しているモジュール名：KERNELBASE.dll
　例外コード：0xc0000005

引き続き調査中

2022/7/19 YJP追記
現状取得していているログファイル等からは、これ以上原因究明につながるような情報が得られないため、
情報を追加取得について検討したいと思います。

■対策
2023/6/19 YJP追記
EAIサービス異常終了時にサービス再起動する仕組みにて対応させて頂きたいと思います。
5月の保守月例会にて対応内容についてご説明させて頂き、各所のOKを頂きました。
まずは千葉へリリースさせて頂きたいと思います。（リリース日は別途調整させて頂きたくお願い致します。）",オフラス,,,,,,,,,,2023/07/19,2024/02/07,調査中,確認完了,,,,,,,,,,,,,,,,,,,,,,,,,,,,,,,,,,,,,,,
,534,2022/05/23,千葉,YJP柳田,青井圭介,千葉オフラス_運転制御との接続不良,,Y：通信管理,Y：通信管理,通信,"■発生日 ：2022/5/17　11:30前後
■対応希望日：　1か月以内
■事象
運転制御との接続不良とのことで、千葉伊藤様より連絡頂きました。
サーバ状況確認しましたが、運転制御（SBM_A0788）との通信状態には異常が見受けられず、
原因不明なためETS-R　APサーバを、11:38頃に再起動かけました。
再起動後は復旧しております。
なお、以前にもあったPHX絡みの問題と見られるため、以前ご連絡頂いた
ログ採取について伊藤様へ連携しております。

■あるべき姿
オフラス・運転制御の通信が正常であること。

■代替手段
なし（サーバ再起動により解消）","■原因
調査中です。

2022/7/19 YJP追記
PHXの異常発生に起因して、運転管理側からの送信に対しての運転制御からの送信を待っている間に同期通信ワークテーブル(※)が更新されずタイムアウトが発生し、運転制御、運転管理間の通信ができなくなっております。
運転管理としては想定どおりの動きとなりますので、本事象が発生した場合には、再起動にてご対応をお願い致します。
※オフラスでは同期通信ワークテーブルにて送受信の制御を行っております。
　 一定時間経過してもオフラスからの送信に対する伝文の受信がない場合は、タイムアウトエラーが
　 発生します。

■対策
",オフラス,,,,,,,,,,,2022/08/17,仕様通り,対応不要,,,,,,,,,,,,,,,,,,,,,,,,,,,,,,,,,,,,,,,
,535,2022/05/23,千葉,YJP吉永,伊藤祐希,IOS20-OFL:装置JOB登録不可,Q1：後続テスト実施不可,B：作業計画管理,B：作業計画管理,装置受払,"■発生日：　2022/5/23
■発生拠点：　千葉事業所
■対応希望日：1日以内（明日切替予定）

■事象： 装置JOB登録時に「ライン切替日時が不正です」のエラーが発生。しかし作業中のJOBはなく。
　　　　切替は発生しないためエラー発生理由が不明。
　　　　申し訳ありませんが、明日切替予定の為、早めの対応をお願いします。
＜問題点エビデンス＞
https://app.box.com/folder/163559529939
：装置JOB登録できない（ライン切替時間不正エラー）.xlsx

■あるべき姿： 装置JOBが問題なく作成できる。

■代替手段：なし","■原因
原因は調査中ですが、
5/19に千葉ターゲットへリリースしたモジュールが影響し発生したと考えられます。

2022/05/25 YJP追記
5/19千葉リリースモジュールに、千葉には入っていない北海道インシデントで対応した一部（※）が、入ってしまったことが起因となり発生してしまいました。
（※）保守問題点No.508のリリースモジュールを、PJT問題点No.2528対応にて一部同じモジュールを修正していた為に、混入してしまいました。

■対策
暫定対応として、千葉　伊藤様と調整させていただき、19日リリース前のモジュールへの戻し作業を実施し、装置JOBが正常に登録できることをご確認いただきました。

本件は、19日リリース対象のモジュールを入れた状態の環境を三鷹にて構築します。
（※PJT問題点No.2528の対応を除いたモジュール）
装置受払JOBが正常に登録できることを確認し、エビデンスを提出致しますので、問題点ステータスを「対応中」と致しました。

2022/06/03 YJP追記
三鷹にて5/19千葉リリース予定のみのモジュールを入れた環境（※）を構築し、装置JOBが正常に登録できることを確認致しました。
（※）千葉ターゲットと同じ環境に19日予定だったモジュールを入れた環境になります。

以下BOXに検証エビデンスを格納しましたので、ご確認ください。
https://app.box.com/folder/164408410777
：【No535】装置JOB登録不可.xlsx",オフラス,●,,,,,,,,2022/06/07,2022/06/16,2022/06/17,その他,確認完了,,,,,,,,,,,,,,,,,,,,,,,,,,,,,,,,,,,,,,,
,536,2022/05/17,千葉,EXE鶴岡,伊藤祐希,IOS20-OFL:ジェット出荷証明書の罫線が消えている,,B：作業計画管理,帳票,ジェット出荷証明書,"■発生日：　2022/5/17
■発生拠点：　千葉事業所
■対応希望日：1週間以内
■事象： ジェット出荷証明書印刷時に大枠の線の左下が欠けてしまっている。帳票側の問題と思いますので修正お願いします。（前回の改修時の問題？）
■あるべき姿： 帳票が問題なく印刷できる。
■代替手段：あり（手修正）","■原因
前回修正時に線が消えてしまっていた為
■対策
罫線を引き直す",自営帳票,●,,,,,,,,,2022/06/16,2022/06/17,,確認完了,,,,,,,,,,,,,,,,,,,,,,,,,,,,,,,,,,,,,,,
,537,2022/05/02,千葉,EXE鶴岡,伊藤祐希,IOS20-OFL:ETBEの台帳をExcel出力した際に正しい数量で作成されない,,,帳票,バイオターミナル台帳,"■発生日：　2022/5/2
■発生拠点：　千葉事業所
■対応希望日：1か月以内
■事象： オフラスのETBE台帳をExcelで出力した際に増減数量にズレが発生していた。
■あるべき姿： オフラスで表示されている数量がExcel出力した際の数量と同じになっている。
■代替手段：あり。数量を手修正。","■原因
データが複数ある場合増減を合計していた為
■対策
合計しないよう修正",自営帳票,●,,,,,,,,,2022/06/16,2022/09/16,,確認完了,,,,,,,,,,,,,,,,,,,,,,,,,,,,,,,,,,,,,,,
,538,2022/05/27,北海道,YJP吉永,秦野築,IOS20-OFL：試験依頼日付の連携について,Q2：代替手段により後続テスト実施可能,B：作業計画管理,B：作業計画管理,装置JOBの試験依頼,"■発生日：　2022/5/27
■対応希望日：6月中
■事象
・5月28日付の装置受払い切替えJOBを設定し、これに紐づくミキシングJOB、試験依頼も設定した。それぞれのJOB日付は装置受払い切替JOBと同じ5月28日。
・オフラスで装置受払いの作業日を5月28日⇒5月29日に変更した。ミキシングJOBは5月29日に自動で変更されたが（保守問題点管理表NO.508で改修して頂いた内容）、　試験依頼は5月28日のままであった。
■あるべき姿（希望する対応内容）
・試験依頼もミキシングJOBと同様に日付変更される。
■代替手段
試験依頼の設定日を手修正
","■原因
調査中

本件、仕様通りの認識です。
装置受払の終了予定日を変更した際、試験依頼の日付にも追従するように、仕様変更にて対応させていただきたく思います。
ご検討をお願い致します。
■対策
2022/06/10　IKC追記
仕様変更として対応予定。

2022/08/03　IKC追記
北海道からの開発変更依頼待ち

2022/11/15　IKC追記
検討の結果、取り下げのためクローズ。
",オフラス,,●,,,,,,,,,2022/11/15,仕様変更,対応不要,,,,,,,,,,,,,,,,,,,,,,,,,,,,,,,,,,,,,,,
,539,2022/05/30,北海道,YJP小笠原,秦野築,IOS20-OFL：ブレンドシミュレーター推定性状の算出方法,Q2：代替手段により後続テスト実施可能,K：ブレンドシミュレーション,L：試験管理,ブレンドシミュレーション計算結果丸め,"■発生日：2022/5/27
■対応希望日：6月中（人歯止めとなるためできるだけ早く）
■事象
・BS推定性状は結果性状の小数点以下を四捨五入して表示されている。
（項目毎に四捨五入する位は異なる）
・REG、NPRGの硫黄分は制約上限は7.8ppmであるが、小数点第1位で四捨五入して推定性状が表示されるため、結果性状が7.8ppmの場合、推定性状が8ppmと表示され不合格の判定となる。
■あるべき姿（希望する対応内容）
・硫黄分、ベンゼンは小数点第2位を四捨五入して推定性状を表示し合否判定を行う。
■代替手段
・不合格と表示されても結果性状が制約上限以下であれば強制合格にする。
　（人歯止め）
","■原因

■対策

2022/5/30 YJP
ブレンドシミュレーション計算結果の推定性状値は、
Lab-Aidの丸めに関する設定に従い、結果性状値を丸め計算して表示しています。
Lab-Aidの設定が、あるべき姿の丸め設定になっているのかご確認をお願いします。

■棚卸
2026/01/29：確認中、次回ステータス変更なき場合は強制クローズとする",IKC,－,●,－,－,－,,,,,,2026/02/25,調査中,確認完了,,,,,,,,,,,,,,,,,,,,,,,,,,,,,,,,,,,,,,,
,540,2022/05/31,北海道,YJP吉永,秦野築,IOS20-OFL：オフラス海上出荷JOB不具合,Q2：代替手段により後続テスト実施可能,B：作業計画管理,B：作業計画管理,海上出荷JOBNo設定,"■発生日：　2022/5/10
■発生拠点：　北海道製油所
■対応希望日：5月中

■事象
・1件の海上出荷オーダーに対してJOBが2件設定される。
　　＊船名：８海幸丸　　油種：C-BUNK　　数量：280kL　の出荷に対して、
　　　JOB No.217360　と　217361　の2件が存在している。
・JOB No. 217360をJOB削除、出荷にはJOB No.217361を使用することとした。
・出荷は通常通り終了したが、JOB No.217360はオフラス側でJOB No.削除不可
であった。

＊本件、保守問題点管理表のNO.512と同じような事象と思われます。

■あるべき姿（希望する対応内容）
・オフラス側でJOB No.217360を削除できる　or  同一オーダーから2件JOB設定されない

■代替手段
代替手段無し。","■原因
保守問題点No.512と同件と思われます。
512にてオーダ更新チェックのタイミングを変更しましたが、同一オーダに対してJOBNo設定を行った場合、コンマ数秒の世界でチェックをすり抜けてしまうことがある様です。
これ以上、アプリで排他チェックでエラーにするのは厳しい状況です。
その為、JOBNo削除画面からオーダに紐づかないJOBも削除できるように、仕様変更にて対応させていただけないでしょうか。ご検討をお願い致します。
■対策

2022/06/10　IKC追記
仕変として対応進める予定。

2022/08/03 IKC追記
北海道からの開発変更依頼待ち。
⇒運用回避となったため、仕変対応無し。クローズ。　2022/09/02 IKC追記",オフラス,,●,,,,,,,,,2022/09/02,仕様変更,確認完了,,,,,,,,,,,,,,,,,,,,,,,,,,,,,,,,,,,,,,,
,541,2022/06/01,千葉,YJP大武,青井圭介,千葉オフラス4月伝票データの調査依頼,Q3：後続テスト実施可能,I：伝票発行管理,I：伝票発行管理,伝票,"千葉装置移管対応に伴い、データ調査をお願いできますでしょうか。
以下の品名コードを設定した伝票データ有無を確認したいです。

＜対象＞
　千葉オフラスの4月伝票データ
＜条件＞
　品名コード：00194
","■原因
本件、調査依頼です。

■対策
以下に調査結果を格納致しました。
https://app.box.com/folder/164230929328

ご確認のほどよろしくお願いします。


2022/09/14 IKC追記
装置移管対応は終了しているためクローズ。
",オフラス,●,,,,,,,,2022/06/01,,2022/09/14,その他,確認完了,,,,,,,,,,,,,,,,,,,,,,,,,,,,,,,,,,,,,,,
,542,2022/06/02,千葉,YJP大武,青井圭介,製油所受払月報不付き合い／対処方法ご教示のお願い,Q2：代替手段により後続テスト実施可能,G：マスバランス,G：マスバランス,月次処理,"■発生日：2022年6月2日
 
■発生拠点：千葉事業所
 
■対応希望日：6月3日15時まで
 
■事象
以下2点について、受払い増減でマイナスが発生しています。
先月（2022年4月の事象と同一と思われます）
２）ヘビーナフサ（溶剤原料）           F04182000　04182
２）フィードリランライトナフサ          F04256000　04256 
 
■あるべき姿
受払い増減のマイナスではなく、生産欄に表示されるべきと考えます。
 
■代替手段
不明
マスタ設定等で解消できるのであれば、方法についてご教示をいただければ幸甚です。
","■原因
本件、仕様通りの認識です。

問題として挙げられている2品名は
２）ヘビーナフサ（溶剤原料）           F04182000　0418
２）フィードリランライトナフサ          F04256000　04256 
で、統一品名コードはそれぞれ「11230118」と「11230142」であり、税区分は「00」、原価品名区分は「1」です。
この条件に合致する品名で、当月の計算結果として月末在庫がマイナスになる場合は、エラーコードZ:揮発油等の課税品の生産はあり得ないに該当するため、払出増減に仮計上される仕様です。
機能仕様書の3.6.3.生産実績確定　(1)受払月報更新　■受払月次データ更新　●勘定コードが0:商品の場合　・原価品名区分が1:自社生産品の場合　ii)品名分類3が111:揮発油または112:ナフサ
かつ税区分が00:内貨品の場合　をご覧ください。

■対策
本件、確認中とさせていただきますので、問題が無ければクローズくださいますようお願いします。

2022/06/10　IKC追記
MB品名マスタの設定誤りが原因。
決算締め対応は5営内に完了したためクローズ。

",オフラス,●,,,,,,,,,,2022/06/10,仕様通り,確認完了,,,,,,,,,,,,,,,,,,,,,,,,,,,,,,,,,,,,,,,
,543,2022/06/09,北海道,YJP増井,青井圭介,新RIS工程試験結果連携調査,Q1：後続テスト実施不可,L：試験管理,L：試験管理,新IRIS工程試験結果連携,"■発生日 2022/5/12以降
■対応希望日 ２週間以内
■事象
  新IRIS向け連携　工程試験結果（D102）において、
  特定項目が空白で連携される事象が発生している。
■あるべき姿
  どうあるべきかは現時点で不明なため、調査をお願いします。
■代替手段
",あｐ,オフラス,,●,,,,,,,,,2022/09/14,仕様通り,確認完了,,,,,,,,,,,,,,,,,,,,,,,,,,,,,,,,,,,,,,,
,544,2022/06/09,北海道,YJP那須,青井圭介,【調査依頼】オフラス（北海道）OneSAPから連携した伝票の輸区・輸型がOneSAP登録時から変わって戻ってくる,,I：伝票発行管理,I：伝票発行管理,出荷伝票,"■発生日 ：2022/6/8　※メール受領日
■対応希望日：特になし
■事象
北海道オフラスのボンド出荷について、オフラスからOneSAPへ送信した際に、特定項目に変更が生じている。
【問合せ内容】
輸区＋輸型を16＝先方船（OneSAPだと外部輸送形態詳細に入力）で利用部門が受注伝票を登録,
オフラスに出荷指示をIFしていますが、オフラスから出荷実績を受信すると06（当方船）で戻ってきます。

【追記１】
発生しているのは少なくとも2つの船です。
船車コード　船名
01516    　　ホクユウマルT
00265    　　ショウセイ
メールに記載した例（2120654706）はホクユウマル　T　ですが、OneSAP受注伝票で登録した船車コード（OneSAPでは追跡番号）がオフラスからの戻りでは変わっています。

【追記２】
直近（2022年4月～5月）でも発生を確認しているとのことです。

【追記３】
輸型も変更されていますでしょうか？
また、変更した担当者の情報も連携したいため、画面証跡を提供頂くこと可能でしょうか。

■あるべき姿

■代替手段
","■原因
以下の状況となっております。

・2021年7月以前の伝票の場合
過去に千葉から同様のお問い合わせをいただき、保守問題点No384で対応しております。
2021年7月にプログラム修正を行い、リリースしております。　※画面で変更された伝票の有無は未確認です。

・2021年8月以降の場合（追加でご連絡いただいた2022年4月～5月の伝票）
いずれの伝票もオフラスの画面から輸区が変更されておりました。
1件目の伝票（伝票日付：2022/4/11、伝票No：10010）は2022年4月12日、
2件目の伝票（伝票日付：2022/5/10、伝票No：10011）は2022年5月11日に
出荷伝票詳細画面から輸区が変更（1：社外→0：社内）されています。

【追記３】の回答
輸型は変更されておりません。（最初に頂いた問合せでも輸型は""6""のまま変わっていない認識です）
輸区が変更された際の操作履歴画面の画像情報を以下に格納いたしました。

https://app.box.com/folder/164840697360
　【No544】伝票の輸区変更の操作履歴画面.xlsx

■対策

2022/06/10 IKC追記
問合せ元担当へ那須様からの回答を連携。
一旦クローズとする。",オフラス,,●,,,,,,,,,2022/06/10,仕様通り,確認完了,,,,,,,,,,,,,,,,,,,,,,,,,,,,,,,,,,,,,,,
,545,2022/06/13,千葉,YJP那須,青井圭介,バイオ出荷積日訂正について,Q3：後続テスト実施可能,J：バイオターミナル管理,J：バイオターミナル管理,出荷,"■発生日：2022/6/1
■対応希望日：２週間以内
■事象
5/2出光千葉積み→5/3出光愛知揚げ　ETBE（1380.084KL）のバイオ出荷について、
実績を確認したところ、積み日が5/3になっていました。
積地である、出光千葉へ確認したところ、オフラスでは5/2で登録されています。
積み日を5/2→5/3へ変更したい場合にはどの様にしたら良いのかをご教授頂きます様、お願い致します。

（追記）
実際の業務として5/3積みであったが、オフラスには5/2出荷で登録されている。（千葉が登録したものと推定）
これを5/3に訂正したいが、どのようにすればよいかという問いになります。（訂正したい、と言ってきているのは流通業務部の担当者です）

出荷伝票詳細から日付を修正すれば良い、と認識しておりますが念のため確認させて頂いたい次第です。
また、バイオの場合は通常の出荷伝票と送信タイミングが異なりますでしょうか？


■あるべき姿
ー

■代替手段
ー","■原因

■対策
既に5/2以降に伝票確定が行われている（台帳の引き落としが発生している）ため、出荷伝票詳細画面から伝票日付の変更をすることは出来ません。
どうしても変更が必要な場合、状況は異なりますが保守問題点No430やNo530などで実施しているようなデータパッチ作業が必要(※)になります。
　※データパッチを不要とするための対応については、保守問題点No190にてインシデントとして起票させて頂いており、IKC様にて仕様整理中となっております。

なお、バイオターミナルの伝票は通常（出光様扱い）の伝票とは異なり外部システムへの送信対象外のため、本件による影響はバイオターミナル台帳の引落日（5月3日ではなく5月2日に在庫から引き落とされている）のみの認識です。


2022/06/21 IKC追記
問合せ元へデータ修正要否を確認したが、応答がないため一旦クローズ。
",オフラス,●,,,,,,,,,,2022/06/21,仕様通り,確認完了,,,,,,,,,,,,,,,,,,,,,,,,,,,,,,,,,,,,,,,
,546,2022/06/14,千葉,YJP吉永,青井圭介,IOS20-OFL：SAISとオフラスの連携について,Q3：後続テスト実施可能,A：オーダ管理,A：オーダ管理,オンラインオーダ受信,"■発生日：　2022/6/3
■発生拠点：　千葉事業所

■対応希望日：　1週間以内

■事象
オンラインオーダ受信履歴一覧画面の受信処理日時は、SAISより送信したオーダを
オフラスが受信した日時が表示されているでしょうか？

","■原因
SAISよりオーダを受信した日時ではありません。
オンラインオーダ受信履歴一覧画面に表示している、受信処理日時は、電文項目に設定される、処理日付と処理時刻になります。
■対策

2022/06/21　IKC追記
SAIS側にも連携項目の内容を確認した。
本件はクローズ。
",オフラス,●,,,,,,,,,,2022/06/21,その他,確認完了,,,,,,,,,,,,,,,,,,,,,,,,,,,,,,,,,,,,,,,
,547,2022/06/22,北海道,EXE鶴岡,青井圭介,北海道知多向け出荷対応,,,,装置受払シート,"■発生日 
■対応希望日
2022/06/28
■事象
装置受払シートのPG-PZをPGZ-2に変更する
■あるべき姿
装置受払シートのPG-PZをPGZ-2に変更する
■代替手段
","■原因

■対策

装置受払シートのPG-PZをPGZ-2に変更する
2022/06/24リリース依頼",自営帳票,,,,,,,,,,2022/07/14,2022/07/14,仕様変更,確認完了,,,,,,,,,,,,,,,,,,,,,,,,,,,,,,,,,,,,,,,
,548,2022/06/23,千葉,YJP柳田,青井圭介,千葉PEAILoggerサービス異常終了,,Y：通信管理,Y：通信管理,通信,"■発生日：2022/6/22　16:25頃
■対応希望日：1か月以内
■事象
・PEAILoggerサービスが異常終了
・DMZ DB2号機のDBサービス（OFLSBM2）異常終了

■あるべき姿
・PEAILoggerサービスが異常終了しない
・DMZ DB2号機のDBサービス（OFLSBM2）異常終了しない

■代替手段
－","■原因
2022/7/19 YJP追記
L3.5DBサービスの異常終了に起因したEAIのサービス異常終了と考えております。
L3.5DBサービスの異常終了については、IKC様にてご対応をお願い致します。
YJPにて確認したDB関連のエラーは以下となります。
　・Oracleのアラートログより、DB#1にて16:06より以下のエラーが発生している
　　minact-scn: useg scan erroring out with error e:12751(DB#1)
　・その後、DB#2のイベントログより16:25にOFLSBM2サービスが異常終了している

■対策
2022/9/30 IKC
別作業のDBメンテが影響したとみられるため、問題無しクローズとする。
",IKC,●,,,,,,,,,,2022/09/30,その他,対応不要,,,,,,,,,,,,,,,,,,,,,,,,,,,,,,,,,,,,,,,
,549,2022/06/23,千葉,百留哲平,百留哲平,千葉石化取引実績取込不可,Q2：代替手段により後続テスト実施可能,I：伝票発行管理,D：実績管理,石化取引実績受信,"■発生日 2022/06/23
■対応希望日2022/06/24
■事象
千葉石化取引実績が誤っていたため、電文の再取り込みを実施したところ、取り込むことができなかった。
対象データは月中に石化取引マスタの修正をしているとのこと。（修正をしていないものは取り込まれた）

■あるべき姿
データが取り込まれる。
■代替手段
手動修正","■原因
問題事象の詳細とマスタ修正内容のお問合せ中です。

2022/08/03YJP
調べたところ、石化取引マスタの修正に問題はなさそうでした。
簡略品名コードの不整合かと思いましたが、変更された品名もTIMX101_品名マスタに登録のあるコードでした。
また、エラーかなにかが出力されている形跡もございませんでした。
データ上は正しく取り込まれているように見受けられます。
リカバリ受信時の挙動として、パイプライン入出荷伝票がもう一つ作成されてしまうことがありますが
その点を指して、品名の変更がされていないようだ、ということでしょうか。

7月分は正しく取り込まれているとの情報もあり、問題事象の再現と特定に至っていない状況です。

もうしわけございませんが、本件は再現待ちさせていただいて、同様のトラブルが発生した際に
なにがどうなっていて欲しかったものが、どうなってしまっているのかという事象を確認させていただけないかと思います。

■対策
",オフラス,●,,,,,,,,,,2022/08/17,その他,対応不要,,,,,,,,,,,,,,,,,,,,,,,,,,,,,,,,,,,,,,,
,550,2022/07/04,千葉,YJP大武,伊藤祐希,ETBE台帳不具合について,Q3：後続テスト実施可能,J：バイオターミナル管理,J：バイオターミナル管理,ETBE台帳,"■発生日：　2022/7/1

■発生拠点：　千葉事業所

■対応希望日： 7/7(木)

■事象： 6月分のETBE台帳出力した際に19日の後に18日が出荷された表示になっている。

区分：出荷
オーダ管理No：2206010023
日付：2022/06/18
品名：バイオＥＴＢＥ
数量：1,700,086
残数量：20,765,085

■問合せ内容
6月分ETBE台帳に不具合がありましたので、不具合の解消のご対応と原因のご確認をお願い致します。

業務課で「出荷伝票管理」から出荷伝票を確定しており、
日付け順に確定操作をしたと思うのですが、台帳詳細は日付け順になっておりませんでした。
確定操作の誤りでしょうか。システムの不具合でしょうか。
お手数をお掛けしますが、ご確認の程よろしくお願いいたします。

■あるべき姿： 残数量は、実際の出荷に見合った数量が差し引かれて出力される。
今回の対応はデータパッチになると思うのですが、今後恒久対応をご相談させて頂きたいです。
","■原因
調査中です。

2022/07/05YJP
本件、データ確認いたしました。

結論としては、確定されたとおりに台帳引落されておりますため、仕様通りの認識です。

エビデンス中赤線を入れていただいた引落が問題のものと思われますが、

オーダ番号「2206170003」(※赤線の伝票の一つ上)の更新日が「2022/06/21 09:45:35」
オーダ番号「2206010023」(※赤線の伝票)の更新日が「2022/06/21 09:46:31」
オーダ番号「2205250004」(※赤線の伝票の一つ下)の更新日が「2022/06/21 11:49:52」

上記の更新タイミングで更新されているため、現在の状況になっていると考えられます。
また、本件は同月内で同じ台帳から引落されており、引落順以外では月次的に問題ないように見受けられます。
対応の要否と内容については別途ご指示いただきたく、よろしくお願いします。

問題点管理表は確認中とさせていただきます。

■対策
2022/07/07YJP
データパッチのエビデンスを作成いたしました。
https://app.box.com/folder/166984064751
【No550】バイオターミナル_台帳修正データパッチ

2022/07/08 IKC追記
データパッチ適用後、現地確認済み。
問題無しのため本件はクローズとする。
改修に関する要件は別途とする。
",オフラス,●,,,,,,,,2022/07/07,,2022/07/08,仕様通り,確認完了,,,,,,,,,,,,,,,,,,,,,,,,,,,,,,,,,,,,,,,
,551,2022/07/04,千葉,YJP増田,青井圭介,千葉オフラス_運転制御との通信不良,,Y：通信管理,Y：通信管理,通信,"■発生日 ：2022/6/29
　22:06頃         PHX側の異常発生
　22:21～22:31            オフラス側ワークテーブル異常
　その後、通信異常は復旧した模様。

■対応希望日:２週間以内

■事象
　運転制御との通信異常発生

■あるべき姿
　運転制御との通信異常が発生しないこと。

■代替手段
","■原因
　調査中です。

2022/7/19 YJP追記
PHXの異常発生に起因して、運転管理側からの送信に対しての運転制御からの送信を待っている間に同期通信ワークテーブル(※)が更新されずタイムアウトが発生し、運転制御、運転管理間の通信ができなくなっております。
運転管理としては想定どおりの動きとなりますので、本事象が発生した場合には、再起動にてご対応をお願い致します。
※オフラスでは同期通信ワークテーブルにて送受信の制御を行っております。
　 一定時間経過してもオフラスからの送信に対する伝文の受信がない場合は、タイムアウトエラーが
　 発生します。

■対策
",オフラス,●,,,,,,,,,,2022/08/17,仕様通り,対応不要,,,,,,,,,,,,,,,,,,,,,,,,,,,,,,,,,,,,,,,
,552,2022/07/06,千葉,YJP村上,伊藤祐希,TOP保税不具合,,F：外航通関,F：外航通関,保税作業計画一覧,"■発生日 ：2022/07/05
■対応希望日：2022/07/15
■事象
TOP保税作業　“申告”をクリックしたらエラーメッセージが出て作業が出来ない。
※今回、FREの通貨が＄と￥が混在しています。
■あるべき姿
申告画面に遷移してデータ入力・確定ができるようになる。
■代替手段
なし","■原因
左記ご記載いただいたとおり、運賃（FRE）の通貨単位が￥と＄が混在したため発生しております。

■対策
運賃（FRE）の通貨単位が￥と＄が混在しても正しく制御できるように修正いたします。

検証結果エビデンスを下記BOXに格納いたします。
内容のご確認をお願いいたします。
https://app.box.com/folder/167599050954
【No552】TOP保税不具合対応.xlsx
",オフラス,●,●,●,●,－,,,,2022/07/15,2022/07/21,2022/09/16,AP・コーディング,確認完了,,,,,,,,,,,,,,,,,,,,,,,,,,,,,,,,,,,,,,,
,553,2022/07/11,北海道,YJP増田,青井圭介,運転管理サーバーにてFREESIA_SFサービスの異常終了,,－,その他,,"■発生日 ：2022/7/11（月）15:04
■対応希望日
■事象
FREESIA_SFサービス異常終了
北海道オフラスのETS-R　APサーバにて 7/11 15:04頃に
ETS-R APサーバのFREESIA_SFサービスが異常終了しました。

■あるべき姿
サービス異常終了が発生しないこと
■代替手段
なし","■原因
調査中です。
 
■対策
8/31 夜間にも発生。　2022/09/02　IKC追記
2023/01/23 19:10 発生
2023/08/11 3:00 発生

2023/8/21 YJP追記
SFサービス異常終了時にサービスを自動再起動する機能を入れる対応をさせて頂きたいと思います。

2023/09/29 YJP追記
サービス異常終了時にサービスを自動再起動する機能を三鷹環境で確認を行った際のエビデンスを以下に格納いたしました。
https://app.box.com/folder/228420253634
　【No553】FREESIA異常終了リカバリ_対応エビデンス.xlsx
2023/10/26 YJP追記
・北海道ターゲットリリース実施",オフラス,●,●,●,●,,,,,2023/09/29,北海道：2023/10/26,2024/02/07,その他,確認完了,,,,,,,,,,,,,,,,,,,,,,,,,,,,,,,,,,,,,,,
,554,2022/07/12,千葉,EXE鶴岡,青井圭介,海上出荷流量計積算記録表（月報）6月C重油数量不付き合いについて,,,帳票,,"■発生日：　2022/7/1
■発生拠点：　千葉事業所
■対応希望日：　2022/7/25まで　
■事象：
オフラス海上出荷流量計積算記録（月報）のC重油伝票数量・出荷数量と
SAP　C重油出荷実績数量に不付き合いが起きている。
詳細は送付資料のご確認をお願い致します。
■あるべき姿：
オフラス海上出荷流量計積算記録（月報）の伝票数量・出荷数量と
SAP実績数量は一致している。一致していない場合は不一致の原因が分かる
また、オフラス海上出荷流量計積算記録（月報）の伝票数量・出荷数量はいつの時点のデーターが表示されるのか知りたい
（協定入力時or伝票確定時or伝票送信時）
⇒この部分は、帳票側参照テーブルを明らかにし、テーブルに確定データが投入されるタイミングを
　横河様へご確認ください。（IKC青井記）
■代替手段： なし 
","■原因
仕様上不一致が起こりえる状態だった為取得方法を変更
■対策
2022/08/17
リリース依頼実施",自営帳票,,,,,,,,,,2022/09/15,,仕様不備,確認完了,,,,,,,,,,,,,,,,,,,,,,,,,,,,,,,,,,,,,,,
,555,2022/07/12,千葉,EXE鶴岡,青井圭介,港湾統計作成時の不具合について,,,帳票,,"■発生日：　2022/7/7に実施（不具合は以前から）
■発生拠点：　千葉事業所
■対応希望日：　2022/7/25まで 
■事象：
オフラス内の「港湾統計」で帳票を作成する際
海上ゾーンが登録されていても、帳票から抜けてしまう海上ゾーンがある
※港湾統計_原本.xlsmのデータシート_千葉(内)、Ｔ列を参照ください
毎月同じような海上ゾーンが抜けてしまうため、改修もしくは修正方法を教えてください
※業務課側では羽田、元町、鶴見など
※潤滑油側では川崎、名古屋、阪南など
また県側で海上ゾーンが見直される場合があるため、
どのように海上ゾーンを引用して反映しているかも把握したいです
■あるべき姿：
海上ゾーンが登録されている場合は、正しく反映され、手入力しない
■代替手段：
無し
■添付ファイル
港湾統計_原本.xlsm
港湾統計_潤滑油_受入.xls
※詳細に関しては添付ファイルをご確認をお願いいたします。
","■原因
シートに記載のない海上が存在している為
■対策
2022/08/17　EXE
仕様検討依頼
確認待ち
2022/08/24
修正対応中
2022/08/29
リリース依頼実施",自営帳票,,,,,,,,,,2022/09/15,,仕様不備,確認完了,,,,,,,,,,,,,,,,,,,,,,,,,,,,,,,,,,,,,,,
,556,2022/07/04,千葉,高橋洋介 ,高橋洋介 ,最適制御生産ロットのETS-Rからの品転依頼における規格取得時のグレード異常,,E：品質管理,E：品質管理,品転依頼,"■発生日（発覚日）：2022/6/30
■事象：
ETS-R側から品転依頼を行った際、需要家を選びなおしても地域グレードが再判定されない。（一般・特定需要家ともに）
具体例として、G-2の最適制御試験依頼によるロット（製造形態指定なし、基材識別指定なし、グレード指定なし）を北海道製油所向けに品転依頼した場合、Lab-Aidで受け付けた試験依頼情報では「ブロックコード：ﾄﾞｳｵｳ」かつ「グレードコード：0000000000（指定なし）」となる。
エビデンスとして、ETS-R側からの品転試験依頼画面と該当依頼のLab-Aid側での依頼情報の画面スクリーンショットを格納しています。
https://idemitsu.box.com/s/5c60gxkfj72na954ofhoecdrj3slxfzt

■あるべき姿：
品転依頼で需要家を選びなおした際、それに基づいて自動でグレードが再判定される。
■代替手段：なし（最適制御試験依頼はLab-Aid側で品転依頼を起こせない）","■原因
　現在、和田様にて詳細を確認中となっています。
　千葉と北海道におけるブロックコードの違いも含め、規格の運用方法を確認して頂いております。
  (2022/8/17)
    まずは、現象を正確に把握する必要があるため、G-2のマスタをすべて取得して頂き、発生した現象
　　を正確に把握し、今後の対応方法を関係者を集めて打ち合わせを実施する。（担当：芥川様）
■対策
現状把握を実施した。結果、軽油のグレードがある/なしの両方の表示がなされ、業務課担当者などが「グレードコード：0000000000（指定なし）」の方を選んでいるために今回の事象が発生していることを確認した。　ETS-R側の操作にて回避できる見通しであり、かつ北海道でも同様な事象が発生し、対応済であることから運用の見直しで対応できると判断したため、本件は一旦クローズとする。（IKC芥川）",IKC,●,,,,,,,,,,2022/08/31,仕様通り,対応不要,,,,,,,,,,,,,,,,,,,,,,,,,,,,,,,,,,,,,,,
,557,2022/07/15,北海道,YJP柳田,青井圭介,試験依頼時、運転管理、ラボエイドの疎通取れず,,Y：通信管理,その他,,"■発生日 ：2022/07/11
■対応希望日：2週間以内
■事象
　・運転管理からラボエイドへ試験依頼（本登録）しても、ラボエイド側へその情報が反映されない。
・ラボエイド側から運転管理側へ試験結果を送信しても、運転管理側は「試験中」のステータスのまま。ラボエイド側は「終了」ステータスになっている。
・事象確認の為、新規に試験依頼操作を行ったが事象再現しなかった。
　・事象が起こった対象は以下の通り
　　①7月11日　試験依頼品名：PS　　　　需要家名称：一般需要家/（同左）　試験分類：製造　　　　JOB区分：サーキュレーション　
　　②7月11日　試験依頼品名：PG-PZ　　需要家名称：一般需要家/（同左）　試験分類：混合基材　　JOB区分：ミキシング

■あるべき姿
　運転管理、ラボエイド双方の疎通が取れる

■代替手段
　新規に試験依頼をやり直す","■原因
2022/07/22YJP
SFサービス異常終了の影響を受けたようです。
（ログからはSFサービスは15:04に停止して15:24に再開しているようです）
①「14:51:43」に依頼された試験依頼（仮登録）が「仮登録」のままになっています。
　本登録画面から実行ボタンを押下して、
　本登録の試験依頼を行った際のException情報（タイムスタンプは「15:11」）がありましたので、
　SFサービスが停止している間に本登録を行ったため、「本登録」の試験依頼伝文が送信されていなかったようです。
②試験管理から試験結果を送信した時刻が「15:05」で、
　試験結果(C51)伝文は運転管理APまでは来ていました。
　SFサービスが停止している間に、伝文受信したため、取込処理が行われていなかったようです。

■対策
",オフラス,,●,,,,,,,,,2022/09/02,その他,確認完了,,,,,,,,,,,,,,,,,,,,,,,,,,,,,,,,,,,,,,,
,558,2022/07/19,北海道,YJP大武,秦野築,#3565サーキュレーションJOB　作業状態「終了」とならない,Q2：代替手段により後続テスト実施可能,D：実績管理,D：実績管理,実績受信,"■発生日：　2022年7月11日

■発生拠点：　北海道製油所

■対応希望日：　 8月5日迄

■事象
　　・7月11日　#3565タンクサーキュレーションJOB（JOB NO.638178）終了後、オフラス側のJOB作業状況が「作業中」のままとなっている
　　・OMC側は作業終了しており、実績確定・実績送信済みと表示されている。
　　＊エビデンス添付いたします。

■あるべき姿
　　・オフラス側も作業状況「終了」へステータス変更される
　　
■代替手段
特になし

添付資料
https://idemitsu.ent.box.com/folder/167801154021","■原因
調査中です。

2022/07/20YJP
7/11　15:16に実績の伝文を受信しておりましたが、当該時間帯にSFサービスが停止していたため、実績取込処理が行われていなかったようです。
実績ファイルの再取込処理を行い、現在はJOB終了の状態になっております。

■対策
ステータスを確認中といたしますので、問題がなければ確認完了に更新してください。

2022/07/20 IKC追記
現地確認も問題無しのためクローズとする。
",オフラス,,●,,,,,,,,,2022/07/20,その他,確認完了,,,,,,,,,,,,,,,,,,,,,,,,,,,,,,,,,,,,,,,
,559,2022/07/21,千葉,YJP大武,伊藤祐希,製油所受払月報の受入生産数量・当月在庫反映,Q2：代替手段により後続テスト実施可能,G：マスバランス,G：マスバランス,月報処理,"■発生日：　2022/７/１

■発生拠点：　千葉事業所

■対応希望日： 代替手段はありますが在庫数量を手修正しています。
　　　　　　　MBマスター関係を修正で解消されるのであれば、マスタ変更方法をご教授願います。
マスタではない場合は、８月月初まで対応可能でしょうか？←間に合わない場合は、８月は手修正で対応します。

■事象： ２０２２年４月からLNR関係で在庫管理が製油所から化学に変更になった。
　　　　  製油所在庫ではなくなったが、製油所受払月報の受入生産に計上されるため、当月在庫になってしまっている。

■あるべき姿： 受入生産に計上しない。当月在庫に計上されない。

■代替手段：あり。在庫修正設定画面で修正。

","■原因
調査いたします。

2022/07/22YJP
問題の油種については以下の状況です。
　BCソルベント(26110113)　→　タンクNo2248、2251に在庫あり
　2)ライトナフサ(62110101)　→　タンクNo10106に在庫あり
　2)リフォーメイト(62120107)　→　タンクNo10107に在庫あり

問題の油種を貯蔵しているタンクがあるため、在庫の計上が行われ、
月末在庫が計上されているため、月次処理で生産伝票が発行されております。
※上記の油種は、すべて自社生産品となっており、月次の受払データ作成時に増減が出た分については
　生産数量として計上される仕様になっております。
　詳しくはマスバランスの機能仕様書をご確認ください。

上記状況のため、MB関連マスタの修正でどうにかなるものではない認識です。
(タンクマスタから当該タンクを削除する等の対応をすると、過去のデータが参照できなくなる場合がありますので、
当該タンクが業務課の管理管轄から外れているのであれば、その状況に応じて対応を考える必要があるかと思っております。)

現状の情報からすると、今取っていただいている対応(在庫修正設定で月末在庫を0に調整する)が
周辺への影響が一番小さい方法かなと思っております。

■対策
ステータスを確認中とさせていただきます。",オフラス,●,,,,,,,,,,2023/04/19,仕様通り,確認完了,,,,,,,,,,,,,,,,,,,,,,,,,,,,,,,,,,,,,,,
,560,2022/07/25,北海道,YJP小笠原,秦野築,試験依頼時に手入力した計算値がラボエイド側へ反映されない,Q2：代替手段により後続テスト実施可能,E：品質管理,L：試験管理,試験依頼,"■発生日：　2022年7月13日
■対応希望日：　 8月31日迄
■事象
対象：7月13日　試験依頼品名：05A2ギョサカタ　　ロットNO．A4-20713-10-S 8SANYO
験依頼時(本登録時)、運転管理側で「計算値」項目に値を手入力するが、ラボエイド側に手入力した数値が反映されない。エビデンス添付いたします。
https://app.box.com/file/988174595694
■あるべき姿
試験依頼時に「計算値」に手入力した値がラボエイド側にも反映される
■代替手段
ラボエイド側で手修正する
","■原因
　運転管理、試験管理とも正常に動作していることが確認できました。
　運転管理で手入力した計算値が、試験管理に送られ、手入力された計算値が反映されていることを
　操作ログで確認できます。
　その後、試験管理にて手入力前の計算値に手動更新しています。
　上記の操作ログが残っているため、実運用をご確認ください。また、意図しない形で動作している場合、
　試験管理の実運用方法について情報をください。
■対策
　ユーザオペミスのためクローズ。　2022/09/02 IKC",オフラス,,●,,,,,,,,,2022/09/02,仕様通り,確認完了,,,,,,,,,,,,,,,,,,,,,,,,,,,,,,,,,,,,,,,
,561,2022/07/27,千葉,YJP吉永,伊藤祐希,IOS20-OFL:どんぶり出荷でJOBNO設定できないパターンについて,Q2：代替手段により後続テスト実施可能,B：作業計画管理,B：作業計画管理,どんぶり出荷オーダ,"■発生日：　2022/7/27
■対応希望日：２週間以内

■事象： 集計しないを設定したどんぶり出荷のオーダーをJOBNO設定しようとするとエラーとなりJOBNO設定できない。
<問題点エビデンス>
https://app.box.com/folder/168397382312
：集計しないで設定された出荷がJOBNO設定できない.xlsx
■あるべき姿： 集計しないを設定したどんぶり出荷のオーダーでもJOBNO設定できる。

■代替手段：なし","■原因
調査中です。

2022/08/02 YJP追記
保守問題点No.353の対応に誤りがありました。
No.353でJOBNo設定時、どんぶり出荷で矛盾したオーダや、異なる出荷タンク設定が登録されていないかチェックを行うように対応しましたが、チェック時の矛盾したオーダ（※）の判定に誤りがありました。
（※）矛盾したオーダは、No.353を参照ください。

■対策
　チェック時の矛盾したオーダの判定を修正致します。

2022/08/12 YJP
以下に検証エビデンスを格納しました。
ご確認をお願い致します。
https://app.box.com/folder/169623081097
：【No561】集計しないで設定された出荷がJOBNO設定できない.xlsx",オフラス,●,●,●,●,,,,,2022/08/15,2022/09/15,2023/01/13,AP・コーディング,確認完了,,,,,,,,,,,,,,,,,,,,,,,,,,,,,,,,,,,,,,,
,562,2022/07/27,千葉,百留哲平,百留哲平,伝票ステータスリカバリ依頼,Q2：代替手段により後続テスト実施可能,I：伝票発行管理,D：実績管理,石化取引実績受信,"■発生日 2022/07/28
■対応希望日2022/08/01
■事象
石化取引実績をリカバリ受信したところ、既に送信済みの伝票が本伝状態になってしまった。
2022/07/01 パイプライン出荷伝票、伝票No50001、数量477,233KG
■あるべき姿
送信済みのままとなっている状況。
■代替手段
なし。","■原因
本件、PJT問題点管理No3350の修正内容に関連します。
PJT問題点管理No3350は徳山のFATで発見された問題点と仕様変更であり、現在修正対応中です。
じきに他所に適用が必要な問題点としてエビデンス確認依頼をまとめますので、そちらでご確認いただければと思います。

直近での伝票のステータス修正についてですが、以下のデータ項目を修正いただければと思います。
・TIIX001(伝票実績)のSLIP_ST(伝票ステータス)を「1:未確定本伝」から「3:送信済」に変更
　※対象の伝票は伝票実績の画面で伝票管理番号を確認のこと
(現在徳山事業所で現地通信テスト中のため、お手数をお掛けいたしまして申し訳ございません。)

■対策
本件、PJT問題点3350にて管理させていただきたく思います。
暫定処置が済んだらクローズとさせてください。

2022/07/29YJJP
百留様端末より暫定処置させていただき、現地OKをいただいたので本票はクローズといたします。",オフラス,●,,,,,,,,,,2022/07/29,その他,確認完了,,,,,,,,,,,,,,,,,,,,,,,,,,,,,,,,,,,,,,,
,563,2022/07/29,北海道,YJP大武,秦野築,外航入荷JOBステータス「終了」にならず,Q2：代替手段により後続テスト実施可能,D：実績管理,D：実績管理,外航入荷JOB実績受信,"■発生日：　2022年7月29日

■発生拠点：　北海道製油所

■対応希望日：　 8月5日迄

■事象
　・外航入荷JOBにて、OMC側でJOB終了したがオフラス側は「作業中」のステータスとなっている。
　　JOB情報その他は添付資料をご確認ください。
　
■あるべき姿
　　・ステータス「終了」となる
　　
■代替手段
・なし
","■原因
本件、調査いたしましたが、仕様通りの挙動でした。

保守問題点管理No236にて、北海道の柴田様より、親JOBキャンセル後削除された子JOBの実績を修正したい旨の要望があり、
協議の結果、親JOBキャンセルした場合、未実施の子JOBについては、実績管理の画面より、開始日時、終了日時、実績数量(前尺＝後尺＝実績0)を入力いただく運用になっている認識です。

本件は、親JOBキャンセルを受信した結果、上記の要望に基づく挙動として、未実施の子JOBを削除(＝実績編集不可)とせず、
登録済みのまま残しております。そのため、全子JOBが終了または削除の状態ではないので、親JOBも作業中のままとなっております。

本件のご要望は2020年12月にいただいているもので、すでに現状の運用と異なっている場合は、
親JOBキャンセル受信時に未実施の子JOBを削除するように設定変更することも可能ですが、いかがでしょうか。

ステータスを確認中とさせていただきますので、問題がなければクローズください。


■対策
",オフラス,,●,,,,,,,,,2022/10/04,仕様通り,確認完了,,,,,,,,,,,,,,,,,,,,,,,,,,,,,,,,,,,,,,,
,564,2022/08/04,北海道,YJP大武,秦野築,】オフラス在庫引き落としマスタについて,Q2：代替手段により後続テスト実施可能,G：マスバランス,G：マスバランス,引落マスタ,"■発生日　2022/08/04 
■対応希望日　2022/08/05
■事象
1)無添加灯油の引き落とし
12,548.521 KL 
JET A-1→スロップ灯油に変更したい。

■あるべき姿
変更される

■代替手段
なし","■原因
調査中です。

2022/08/05YJP
本件、調査した結果、TIMX617(MB在庫振替マスタ)に設定されているユニーク制約が原因と判明しました。
TIMX617(MB在庫振替マスタ)では、振替元統一品名コードと振替先統一品名コードのセットでユニークになる様に
インデックスが設定されております。
これは月次処理で、在庫引落処理を実施するための参照性を向上させるために設定されているものと思われます。

今回問題になった画面操作を例にとると、JET-A1(引落順3)とスロップ灯油(引落順4)を入れ替える際に、
DB上は一時的に、スロップ灯油(引落順3)、スロップ灯油(引落順4)になるタイミングがあり、
この瞬間、上記のDBのユニーク制約に引っかかっておりました。

対処方法としては、以下の手順での操作が考えられます。
・一度問題のレコードを削除して、改めて順番を入れ替えたデータを登録いただく
または
・入れ替えたい順番の品名をどちらも空白として一旦登録し、その後意図した順番になる様に登録いただく
 
あるいは、問題となったDBのインデックス設定を削除する方法も考えられますが、
月次処理に対するパフォーマンス上の影響がある他、
他所(千葉、愛知、徳山)への影響もあるため、各所との調整が必要になるかと思われます。

本件、どのような対応とするか、ご検討いただきたく、よろしくお願いします。

■対策
ご担当をIKC様とさせていただきますので、ご検討のほどよろしくおねがいします。

2022/08/17YJP
北海道田苗様より、上記対処手順で解決可能と判断する旨ご連絡いただいたため、本件対応不要といたします。",IKC,,●,,,,,,,,,2022/08/17,仕様通り,対応不要,,,,,,,,,,,,,,,,,,,,,,,,,,,,,,,,,,,,,,,
,565,2022/08/09,北海道,YJP村上,秦野築,試験依頼時、運転管理ー試験管理側でステータスの同期が取れない,,Y：通信管理,Y：通信管理,,"■発生日　2022年8月8日
■対応希望日　 2022年8月19日
■事象
試験依頼にて本登録を行ったが運転管理側のステータスが「受付待」のままとなっている。
試験管理側では正常に試験依頼を受信しており、試験終了状態となっているが、運転管理側は「受付待」となっている。
■あるべき姿
ステータス「試験中」、「終了」となる
■代替手段
試験管理側画面から試験結果を確認","■原因
試験依頼の「備考欄」に’（アポストロフィ）が含まれることが原因か調査中です。

2022/08/30 YJP追記
TSVマルチフォーマットファイル（C51試験結果）のEAI取り込み処理で、
データに「'」が存在した場合を考慮しておらず、取り込みエラーが発生しておりました。
TSVシングルフォーマットファイル（C41試験依頼応答）のEAI取り込み処理は、
「'」を考慮しており、取り込みエラーは発生しておりません。

■対策
2022/08/30 YJP追記
TSVマルチフォーマットファイルのEAI取り込み処理を修正致します。
",オフラス,●,●,●,●,,,,,2022/09/13,2022/11/10,2023/05/26,AP・コーディング,確認完了,,,,,,,,,,,,,,,,,,,,,,,,,,,,,,,,,,,,,,,
,566,2022/08/09,千葉,YJP村上,伊藤祐希, 外貨製品在庫日報　MDO計上不具合,,F：外航通関,F：外航通関,"外貨製品在庫日報作成
","■発生日　2022/８/９ 
■対応希望日　 ８月１９日
■事象
作成日８月４日でMDO保税作業を実施。
外貨製品在庫にMDOが計上されない。
※GAS OIL/BOTTOM OILの払出は反映されているが、MDO受入・当日残に反映されない。
■あるべき姿
 MDO受入・当日残に反映される。
■代替手段
外貨製品在庫修正で当日在庫を修正する事は可能だと思います。
","■原因
内外貨在庫品名マスタに登録されているM.D.Oの簡略品名コードが「00177」のためです。

現在、M.D.O保税作業にて使用されている簡略品名コードは「00073」であることから、外貨製品在庫日報作成時に内外貨在庫品名マスタに登録されている簡略品名コードにて保税台帳から対応するデータが取得出来ず外貨製品在庫日報に反映出来ておりません。
■対策
・マスタメンテ機能にて内外貨在庫品名マスタのM.D.Oの簡略品名コードを「00073」に変更してください。
・外貨製品在庫日報を念のため月初の8/1から再集計してください。

進捗ステータスは「確認中」に変更いたします。上記対策にて問題無いことが確認出来ましたら「確認完了」にてクローズしていただけると助かります。

",オフラス,●,,,,－,,,,,,2022/08/15,データ不備,確認完了,,,,,,,,,,,,,,,,,,,,,,,,,,,,,,,,,,,,,,,
,567,2022/08/15,千葉,YJP村上,伊藤祐希,MDO不具合　実績確定から転換伝票、外貨在庫日報,,F：外航通関,F：外航通関,,"■発生日  2022/８/12
■対応希望日  2022/8/26
■事象
8月11日にMDOの出荷あり。
8月12日に実績確定を行ったが実績確定画面にはMDO実績反映されず。
（MDO抜きでの実績確定済み）
その影響か外貨在庫日報の反映と転換伝票が自動で作成されなかった。
（転換伝票はマニュアルで作成済み）
■あるべき姿
 MDO搬出実績に反映され、外貨在庫の払出と当日残に計上、転換伝票が自動作成される。
■代替手段
明細表を手修正で追記。
外貨製品在庫修正で当日在庫を手修正。
転換伝票マニュアルで作成。

","■原因
ボンド出荷ブレンド基材マスタに登録されている基材簡略品名コードが「00177」のためです。

外貨搬出実績数量確定機能にて引落し対象とする簡略品名コードが「00073」であるにも関わらず、マスタに登録されている「00177」で取得しようとしたところ対象データが無く、引落し不可であることから実績反映されておりません。
■対策
・マスタメンテ機能にてボンド出荷ブレンド基材マスタの基材簡略品名コードを「00073」に変更してください。
・外貨搬出実績数量が確定されていることから、画面からのデータ更新は不可能です。
データのリカバリはデータパッチにて対応いたしますことから、パッチに必要な情報（対象台帳、申告番号、引落し数量、等）をご教示願います。
2022/08/19 YJP追記
必要な情報を連携していただきましたので、8/29目途でデータパッチを実施致します。
2022/08/29 YJP追記
データリカバリのデータパッチを実施いたしました。
対象台帳              在庫                   搬出数量　           差引在庫
TNK-2101-(G)     150.000KL         150.000KL         　　　   0KL
TNK-2102-(G)     150.000KL         150.000KL                  0KL
TNK-2204-(H)     360.000KL         360.000KL                  0KL
TNK-2205-(H)     100.000KL         　89.073KL         10.927KL
内容に問題無ければ「確認完了」にてクローズ願います。",オフラス,●,－,－,－,－,,,,,,2022/08/30,その他,確認完了,,,,,,,,,,,,,,,,,,,,,,,,,,,,,,,,,,,,,,,
,568,2022/08/15,北海道,YJP村上,秦野築,外航入荷オーダの貨物（搬入確認登録）NACCSデータ連携できない,,F：外航通関,F：外航通関,,"■発生日 　2022/8/9
■対応希望日　8/19(金)まで
■事象
外航通関の輸入→外航入荷オーダ一覧→KOHO1→貨物（搬入確認登録）のNACCSデータが取り込まれませんでした。
■あるべき姿
NACCSデータが取り込まれて、貨物ボタンが赤から青に変わる。
■代替手段
なし","■原因
今回使用されている下記の搬入確認番号ですが、
12AR1105、12AR1106の2件が既に使用されておりますことから、重複エラーとなっております。
(内訳)
12AR1105　5/19に使用されております。
12AR1106　5/19に使用されております。
12AR1107　OK
12AR1108　OK
12AR1109　OK
■対策
①搬入確認登録（保税運送貨物）画面にて
「番号」を12AR1105⇒12AR1105W
　　　　　 12AR1106⇒12AR1106W
に変更し、［登録］押下、［テキスト出力］押下願います。
（既知のことかと思いますが、各々の画面で実施願います。）
②上記搬入確認番号に修正された受信伝文（テキストファイル）を所定フォルダへ格納願います。

進捗ステータスを「確認中」に変更いたしましたので、上記内容の対策を実施していただき問題無ければクローズ願います。",オフラス,,●,,,－,,,,,,2022/08/18,その他,確認完了,,,,,,,,,,,,,,,,,,,,,,,,,,,,,,,,,,,,,,,
,569,2022/08/15,千葉,YJP大武,伊藤祐希,8月分 水在庫受払表の不具合について、調査を お願いします。,Q3：後続テスト実施可能,G：マスバランス,G：マスバランス,水在庫受払表,"■発生日 2022/08/15
■対応希望日
■事象
オフラスにて、タンク受払実績と水在庫受払表の
計測在庫(当日在庫)に差異が生じていますので、
原因の調査を お願いしたくメールしました。
 
在庫計算・更新処理や、油量実績1日データ作成も
実行してみましたが、症状は改善されませんでした。
 
業務が停止しているわけではないので、
緊急度が それほど高いわけでは ありませんが、
可能な限り早急に対応いただければと思います。
 
また、8月の水在庫受払表の#60002について、
装置払出に数値が入ってしまっているため、
(1日、2日 共に、0が正しい値です)
併せて原因の調査を お願いします。

■あるべき姿

■代替手段
","■原因
本件、#60002タンクに#8009タンクの装置払出、計測数量が書き込まれているように見受けられます。
ご確認ですが、本件事象が起きる前に複数のタブを開いた状態で更新操作等をされていないでしょうか。
システムでは通常このような更新はされないものですが、複数タブを開いた環境では、システムの意図通りに更新されないケースがあります。

今回の件も、三鷹の検証環境(8/9　16時頃の断面)では、メールで記載されている通りの計測在庫量になっており、当該事象が発生しておりませんでした。
おそらく、8/9　16時以降で上述のような問題操作を行われたものと思われます。

本件の対応についてですが、以下の手順で操作しなおしていただけないでしょうか。
・油量実績1日データ作成(タンク在庫、タンク受払)　(8/1)
・データ取込 (8/1)
・在庫計算更新　(8/1)
※上記を8/1～8/15まで順々に再実施いただければと思います。

■対策
ステータスを確認中といたしますので、問題が無ければクローズしてください。",オフラス,●,－,－,－,,,,,,,2022/09/02,その他,確認完了,,,,,,,,,,,,,,,,,,,,,,,,,,,,,,,,,,,,,,,
,570,2022/08/19,北海道,YJP吉永,秦野築,外貨製造搬出日一覧画面に データが残っており、8/13以降の処理ができない,Q1：後続テスト実施不可,F：外航通関,F：外航通関,外貨製造搬出日一覧画面,"■発生日：　2022/08/1５
■対応希望日： 至急
■事象
ボンド出荷オーダーCORONA ZENITHが8/13に出荷があったが、品名間違いにより
翌日8/14に揚げ戻し、オーダーはキャンセルとなった。
そのため、ボンド出荷オーダ一覧画面にて削除ができないため、外貨製造搬出日一覧画面に
データが残っており、8/13以降の処理ができなくなっている。
■あるべき姿
オーダーを削除すれば、ボンド出荷オーダー画面からは消えるかもしれませんが、実績上
実際に出荷したためデータは残しておきたいので、オーダーは削除はせずに、
ボンド出荷オーダー画面のみデータを削除していただきたいです。
■代替手段
なし","■原因
品名間違い。
■対策
左記ご依頼のとおり、ボンド出荷オーダの削除をデータパッチにて実施致します。
2022/08/19にデータパッチ実施、問題無いことを実務担当者様にてご確認いただきました。
本件、クローズ致します。",オフラス,－,●,－,－,－,,,,,,2022/08/19,その他,確認完了,,,,,,,,,,,,,,,,,,,,,,,,,,,,,,,,,,,,,,,
,571,2022/08/21,千葉,青井圭介,伊藤祐希,ブレンド用C重油の流動点管理について,,K：ブレンドシミュレーション,K：ブレンドシミュレーション,C重油ブレンドにおける流動点,"■発生日：2022/06/20（問合せ受領）
■対応希望日：9月第2週頃概算見積
■事象
　品質管理課より、現在ブレンド用で使用しているC重油のロットにおいて
　試験項目：流動点をブレンドに使用する品名で使い分けをしたい旨のお話を頂いています。
　品質管理、作業計画管理などに影響があると考えられる。
■あるべき姿

■代替手段
","
■原因

■対策

2023/04/21 IKC
実施せずとなったため、クローズ。",オフラス,●,,,,,,,,,,2023/04/21,対応策検討中,対応不要,,,,,,,,,,,,,,,,,,,,,,,,,,,,,,,,,,,,,,,
,572,2022/08/24,北海道,YJP村上,石井真紀,JET保税運送時のオフラス動作の件,,F：外航通関,F：外航通関,,"■発生日  2022/07/28
■対応希望日　8月末
■事象
千葉事業所から保税運送にて、JET A-1内外貨混合5,200KLそのうち外貨2,000KLを受入した。
「外航入荷オーダ一覧」を使って、保税運送受入時の操作を実施した。(新オフラスより導入された新機能)
①「ICT」ボタン→確定 (ボタンは赤色→青色)
②「貨物」ボタン→確定 (ボタンは赤色→青色)
上記順序で操作を進めたところ、②「貨物」ボタンを確定したと同時に他残りのボタンも一気に確定状態となってしまい、外貨在庫日報ならびに保税台帳への外貨在庫が未計上のままで操作が終了してしまった。
■あるべき姿
 「貨物」ボタンで登録した数量(容積)を在庫日報ならびに台帳に反映する。
■代替手段
外貨日報は「外貨製品在庫修正」画面にて数量を手入力、保税台帳も手入力とする。","■原因
仕様とおりです。
内航入荷オーダにて内貨：5,200KL、外貨：0KLで登録されていることから、外航通関に0KLの数量が連携されております。
ICT機能においては残数量が0の場合、後続の申告業務を実施する必要が無いことから当該オーダは「完了」（後続業務のアイコンを青色（完了）で表示）としております。
■対策
運用の方をご検討いただきたく。
JET A-1内外貨混合5,200KLそのうち外貨2,000KLを受入する場合、内航入荷オーダにて内貨：3,200KL、外貨：2,000KLにて登録していただければ問題無いと判断いたします。

進捗ステータスを「確認中」に変更いたします。内容に問題無ければ「対応不要」にてクローズ願います。",オフラス,－,●,－,－,,,,,,,2022/08/30,仕様通り,対応不要,,,,,,,,,,,,,,,,,,,,,,,,,,,,,,,,,,,,,,,
,573,2022/08/24,北海道,YJP村上,石井真紀,【依頼】IMW輸入申告対象一覧にNACCSより情報取得できない,,F：外航通関,F：外航通関,,"■発生日 　2022/08/15
■対応希望日  できれば8/24まで
■事象
IBP通関し、IMW輸入申告対象一覧にて申告番号を入力したが、NACCSよりデータの取得できない。
■あるべき姿
申告番号に申告番号を入力し取得ボタンを押すと、データが反映される。
■代替手段
入力するべきデータを手入力する。","■原因
仕様とおりです。
意図しないNACCS伝文を受信しているためです。
意図しているNACCS伝文を再格納していただくか、手入力による運用にて対応願います。
■対策
手運用にて対応。（IKC北海道様承諾済）",オフラス,－,●,－,－,,,,,,,2022/08/30,仕様通り,対応不要,,,,,,,,,,,,,,,,,,,,,,,,,,,,,,,,,,,,,,,
,574,2022/08/25,千葉,YJP那須,青井圭介,オフラスから送信した伝票がSAP反映されていない,Q1：後続テスト実施不可,I：伝票発行管理,I：伝票発行管理,伝票送信,"■発生日：2022/08/22
■対応希望日：2022/08/29
■事象
オフラスから送信した伝票がOneSAPへ反映されない

こちらで調べてみたところ、8/22に送信した伝票が画面上は送信済みですが、L30EAIにファイルが存在していないようでした。
8/22は、千葉ETS-R APサーバの「PEAIServer」サービスが異常終了する問題が発生しており、復旧に時間を要したため、その間に画面から送信されたことが起因していると考えられます。

■あるべき姿
伝票情報がOneSAPへ反映される

■代替手段
なし","■原因
伝票送信のタイミングでEAIのサービスが正常に動作していなかったことより、伝票の送信ファイルが作成されていませんでした。
ファイルが作成されていなかった対象の伝票は以下になります。
　※お問い合わせ頂いた伝票はご認識の通りすべて送信ファイル未作成となっておりました。
　※下記の伝票の内、お問い合わせ頂いた伝票以外（※印に記載したもの）についてもOneSAP、BINASに未反映となっている伝票があると思われますので、大変お手数ですがご確認をお願いいたします。

・伝票日付：8/19
　　出荷伝票　伝票No10013　※問合せ対象の伝票ですがBINAS送信対象です。
　　出荷伝票　伝票No50003　※問合せ対象以外の伝票（BINAS送信対象）
　　入荷伝票　伝票No10002　※問合せ対象以外の伝票
　　入荷伝票　伝票No10003　※問合せ対象以外の伝票
・伝票日付：8/20
　　出荷伝票　伝票No50002　※問合せ対象以外の伝票（BINAS送信対象）
　　入荷伝票　伝票No10001
・伝票日付：8/21
　　出荷伝票　伝票No10001～10014（10013を除く）
　　出荷伝票　伝票No50001　※問合せ対象以外の伝票（BINAS送信対象）
　　入荷伝票　伝票No10001
　　入荷伝票　伝票No10002

■対策
データパッチを行い、伝票の送信ファイル作成および送信(※)を行います。
　※データパッチ後、定周期のタイミング（OneSAPなら15分周期、BINASなら10時または17時）で送信ファイルが作成、送信されます。
　　そのため、データパッチ後に画面の操作（対象伝票の再送信）は不要です。
ご参考までに、三鷹の検証環境でデータパッチを行い、作成された送信ファイルを以下に格納いたします。
　https://app.box.com/folder/170623205350
　　・（OneSAP向け）GBR00770_26165428_SBM_A0578_S.csv
　　・（BINAS向け）FFX3102R2_26170001_SBM_A0207_S.csv
　　※同じタイミングで他の伝票送信がなければ、ターゲット環境においても同じファイルが作られる想定です。


2022/08/31　IKC追記
OneSAP、BINASへ取り込まれたことを確認済み。クローズ。
",オフラス,●,－,－,－,,,,,2022/08/26,,2022/08/31,環境設定,確認完了,,,,,,,,,,,,,,,,,,,,,,,,,,,,,,,,,,,,,,,
,575,2022/08/29,北海道,YJP大武,秦野築,実績管理　推定レベル計算の計算式,Q3：後続テスト実施可能,D：実績管理,D：実績管理,推定レベル計算,"■発生日：　2022年8月29日

■発生拠点：　北海道製油所

■対応希望日：　9月5日迄

■事象
　本件、機能仕様書に記載がありませんでしたので、問い合わせいたします。
オフラス実績管理　推定レベル計算の内部計算式を教えて頂きたいです。
対象は下記の計算についてです。
「生数量⇒レベル」
「換算数量、温度、密度⇒レベル」
「換算数量⇒レベル」
「レベル、温度、密度⇒換算数量」
「レベル⇒生数量」

■あるべき姿
　　・本件問い合わせとなります。
　　
■代替手段
・なし
","■原因
本件お問合せのため原因はございません。
■対策
推定レベル計算画面に用いられている計算式は
タンクの在庫計算で用いられる計算式と同様です。

概要としては以下の通りです。
「生数量⇒レベル」
　→タンクテーブルに設定されているレベルと生数量から、
　　当該生数量がレベルとしていくつになるかを算出します。
　　タンクテーブルに設定されているレベルと生数量のセットの間の求め方は
　　線形近似にて求めています。

「換算数量、温度、密度⇒レベル」
　→生数量⇒レベルの発展形です。
　　換算数量と温度、密度が入力されているため、ASTM法(JIS規格と同様なものです)に則って
　　温度、密度から換算係数の算出　→　換算数量と換算係数から生数量の算出　→　生数量からレベルの算出(上述)
　　として求めています。

「換算数量⇒レベル」
　→上記の温度、密度の入力が省略された版です。
　　温度は該当タンクの最新定時データから、密度は密度を持つ最新の試験結果から取得します。

「レベル、温度、密度⇒換算数量」
　→一番利用されている計算かと思われます。
　　レベルから生数量を求め（タンクテーブルを参照します）
　　温度と密度から換算係数を求め、生数量と換算係数から換算数量を求めます。

「レベル⇒生数量」
　→上記、換算係数を求める計算の簡易版です。
　　レベルから生数量を算出します。(タンクテーブルを参照します)

お問合せの背景が見えませんので、どのレベルの回答が適切か測りかねております。
上記の内容よりもより詳細な回答が必要でしょうか。
また、どういう目的、背景のお話なのかをお知らせいただければよりフィットした回答をさせていただけるかもしれません。

ステータスを確認中にいたしますので、問題なければクローズしてください。
",オフラス,,●,,,,,,,,,2022/08/31,その他,確認完了,,,,,,,,,,,,,,,,,,,,,,,,,,,,,,,,,,,,,,,
,576,2022/08/30,北海道,YJP吉永,秦野築,ガソリン生産の基材、添加剤張り込みの制約解除要望,Q3：後続テスト実施可能,B：作業計画管理,B：作業計画管理,ガソリン生産JOB登録,"■発生日：　2022年8月30日
■発生拠点：　北海道製油所

■事象
　ガソリン生産のJOB作成にて、同タンクを連続で張り込みできない。
　また、基材と添加剤が対応しており基材数が少ないと添加剤を張り込めない。

<問題点エビデンス>
https://app.box.com/folder/170864240269
■あるべき姿
　同タンクを連続で張り込みできる。
　添加剤張り込みの制約を無くす。

■代替手段
　なし","■原因
仕様通りです。

①ガソリン生産のJOB作成にて、同タンクを連続で張り込みできない。
　画面機能仕様書に以下、記載がありますので、参照ください。
　⇒IOS20-OFL-SBM-T2-003_画面個別機能仕様書_VIBA020402_ガソリン生産作業予定 - 編集_v1.5
　　・P18　No.27 「タンクNo」入力チェック
　　　　「形態がバッチブレンドで、同一タンクNoが連続する入力はエラーとします。」
②基材と添加剤が対応しており基材数が少ないと添加剤を張り込めない。
　作業計画の機能仕様書に以下、記載がありますので、参照ください。
　⇒IOS20-OFL-SBM-T2-001_機能仕様書_作業計画管理_v1.5
　　・P97 4)添加剤情報
　　　　「バッチ添加は、張込順（1～13）を指定して、ブレンドシフト、バッチシフト、生産ミキシング
　　　　　何れかのJOBへ紐付けます。」
■対策
①同一タンクを連続しないように設定すれば回避できます。
②仕様書にあります通り、バッチ添加の張込順は、何れかの工程に紐づきますので、このパターンは登録不可となります。
インシデント対応となります。

なお、チェックを外した場合の運転制御への影響有無は別途、確認しておりますので、分かり次第、情報共有致します。⇒バッチ添加の運用を理解していなかった為、一旦、質問取り下げ

2022/09/02　IKC追記
運用回避でクローズ。",オフラス,,●,,,,,,,,,2022/09/02,仕様変更,確認完了,,,,,,,,,,,,,,,,,,,,,,,,,,,,,,,,,,,,,,,
,577,2022/08/30,北海道,YJP吉永,秦野築,ガソリン生産JOBNo設定時、想定外エラーが発生,Q1：後続テスト実施不可,B：作業計画管理,Z：OMC,JOBNo設定,"※No.576から分割した問題点になります。
■発生日 2022年8月30日
■事象
　ガソリン生産JOBのJOBNo設定時、想定外エラーが発生し、計画情報が運転制御に落とせない。

<問題点エビデンス>
https://app.box.com/folder/170864240269
⇒パワポ3枚目
■あるべき姿
　正常にJOBが運転制御へ落とせること。
■代替手段
　なし","■原因
まずは、運転制御側にて確認いただきます。

運転制御側にて、「バッチ添加　張込順重複エラー」が発生。
仕様通りの挙動となります。
添加剤の張り込み順は、添加剤を順番にシリアルに張り込んでいくために使用しています。
北海道殿の場合は、添加剤の張り込み順の意味が他所とは異なっており、バッチ添加作業内の添加順番を意味します。
例えば、
バッチ添加作業Aの張り込み順=1
バッチ添加作業Bの張り込み順=2
の場合は、どの基材に張り込むかはオペレーターの判断で開始し、開始後は、バッチ添加作業Aの後にバッチ添加作業Bが開始されます。
これは、北海道殿のヒヤリハット対応で個別改造が入っているためです。
従いまして、張り込み順を全て１にするということは、北海道殿では、RED、AP、マルソルブを同時に添加開始することを意味します。
実際にはそのような運用はないと思っておりますが、もしあるようでしたら根本的にJOBシーケンスの見直しが必要と思います。
■対策
2022/08/31 YJP追記
秦野様より、対応不要旨のご連絡を頂きましたので、クローズと致します。",運転制御,,●,,,,,,,,,2022/08/31,仕様通り,対応不要,,,,,,,,,,,,,,,,,,,,,,,,,,,,,,,,,,,,,,,
,578,2022/09/01,千葉,YJP大武,伊藤祐希,OneSAP受信データ取込み不可,Q3：後続テスト実施可能,G：マスバランス,G：マスバランス,OneSAP伝票取込,"■発生日 　2022/09/01
■対応希望日　2022/09/01
■事象
9/1にOneSAPから送信されてきた8/11伝票が取込エラーになっていた
■あるべき姿
取り込まれる
■代替手段
なし","■原因
本件、対象となる品名は　1)0.5A重油　と思われますが、
千葉のMB品名マスタ上、SAP品目コードが「F03963000」になっておりました。
伝票データでは「F03962000」で連携されておりますので、該当コード無しとして取込エラーになっておりました。

■対策
マスタメンテナンスにて、SAP品目コードを修正後、問題ファイルの再取込を実施してください。
ステータスを確認中としたしますので、問題解消されたらクローズをお願いします。

2022/09/01 IKC追記
マスタ修正後、取り込まれたことを確認済み。クローズ。",オフラス,●,,,,,,,,,,2022/09/01,仕様通り,確認完了,,,,,,,,,,,,,,,,,,,,,,,,,,,,,,,,,,,,,,,
,579,2022/09/05,千葉,YJP大武,伊藤祐希,千葉事業所2022年08月分製品在庫不付き合い　DSRC05　,Q3：後続テスト実施可能,G：マスバランス,G：マスバランス,製油所受払月報,"■発生日 　2022/09/02
■対応希望日
■事象
FileVolanteの製油所受払い月報とオフラスのタンク在庫日報に不付き合いが発生しましたので、
原因と対処方法についてご教示をいただきたく、お願いします。
 
●状況
品名　　            ：DSRC05　直脱残油0.5
製油所受払月報 ：在庫数量   59,111,252
タンク在庫日報         ：換算数量   59,962.306

■あるべき姿
差異がない

■代替手段
なし","■原因
本件は仕様通りの挙動をしております。
ご提示いただいた差異については、外貨数量でした。
※タンク在庫数量は内貨、外貨の区別がありませんので、外貨品が存在した場合、タンク在庫合計が月報の在庫にはなりません。

しかし、厳密に数値が合わなかったため追調査した結果、BINAS側への影響がありそうな状況を確認いたしました。
基本的には、タンク在庫の合計　＋　滞留油在庫　―　外貨在庫数量　ー　備蓄預かり分数量　＝　内貨在庫数量で在庫数量は算出されます。
今回は滞留油と預かりは存在しなかったため、タンク在庫合計　―　外貨在庫数量　＝　内貨在庫数量です。
オフラスで算出された製油所受払月報(機械作成伝票の数量を確定するために算出しているもの)はOneSAPの月報と同じ値でした。

詳細な値を確認していくと、タンク50179の在庫数量が、ご提示いただいた月報時点と画面の在庫数量の時点で異なっている様です。
タンク50179の月報で用いている在庫数量を整理すると以下の状況です。
(09/01　10:05時点)レベル6,625㎜、温度75.0℃、換算数量14,159,105L　※BINASへ送信している数量＆月報で在庫集計している数量
(09/01　11:46時点)レベル6,667㎜、温度75.0℃、換算数量14,249,454L　※ご提示いただいた画面の内容

9/1　11:46頃に50179のタンクの8/31在庫数量をメンテナンスされているように見受けられます。
製油所受払月報の在庫数量として計上されるのは、BINASに送ったものと同じですので、
送信後に修正された在庫量が取り込まれていません。
これを月報に反映させるには、現在の状況でマスバランスのメニューの一番下にある「タンク在庫データ送信」画面から
2022年08月31日のデータ再送信を実行してください。
これにより、月報で計上する在庫が更新されますので、画面のタンク在庫合計から外貨在庫を引いた分が月報の月末在庫に計上されると思われます。
しかし、この画面では、BINASへの再送信をしないように仕様変更されておりますので、
BINAS側へ送っている月末タンク在庫が誤っている、という状況は改善されません。
こちらについては、BINAS側とご調整の上、必要であればBINASへの再送信batを実行ください。(batの送信日付引数の更新にご注意ください。)
※毎日定時(10:05)に過去2か月分を送信しておりますので、9/1の便が誤っていても翌日には正しいデータが飛んでいるはずですので
　現時点でBINAS側は問題なしの可能性も高いかと思っております。

■対策
ステータスを確認中といたしますので、問題なければクローズください。",オフラス,●,－,－,－,,,,,,,2022/09/06,仕様通り,確認完了,,,,,,,,,,,,,,,,,,,,,,,,,,,,,,,,,,,,,,,
,580,2022/09/05,千葉,YJP大武,伊藤祐希,製油所受払月報(FileVolante)と原油タンク別品名別日報月報(オフラス)で不突合,Q3：後続テスト実施可能,G：マスバランス,G：マスバランス,製油所受払月報,"■発生日 2022/09/05
■対応希望日
■事象
製油所受払月報(FileVolante)と、原油タンク別品名別日報月報(オフラス)で
不突合が見られました。

お手数ですが、原因の調査と対処法について、
ご教授いただければと思います。

＜原油の入荷計＞
製油所受払月報            1,008,234.298
原油タンク別品名別日報月報1,008,437.489

■あるべき姿

■代替手段
","■原因
本件、仕様通りです。
製油所受払月報はOneSAPで作成されている帳票です。(オフラス側でも製油所受払月報的なデータを作成しますが、生産伝票や受払増減伝票を発行するために作成しております。)
製油所受払月報の入荷数量については、OneSAPに登録されている入荷伝票の品名毎合計量と伺っております。
原油タンク別品名別日報月報の入荷数量については、原油タンク受払実績で登録された入荷作業実績の品名毎合計量です。
データ元が異なるため、入力ミス等があると差異が出ます。
今回の事例では、オフラスからOneSAPに送信した入荷伝票(原油)の総計が「1,008,234,298L」でした。
また、原油タンク受払実績で入力された入荷実績(原油)の総量が「1,008,437,489L」でした。
システムとしては入力値通りになっているため、入荷伝票の伝票数量か原油タンク受払実績の入荷実績数量のどちらかに入力ミスが発生しているものと考えられます。
※原油タンク受払実績の作業実績数量を更新された場合、当該日から本日までの在庫集計・更新処理をお忘れなく御実施ください。

■対策
ステータスを確認中といたしますので、問題が無ければクローズください。",オフラス,●,－,－,－,,,,,,,2022/09/06,仕様通り,確認完了,,,,,,,,,,,,,,,,,,,,,,,,,,,,,,,,,,,,,,,
,581,2022/09/05,千葉,YJP村上,伊藤祐希,9/2徳山向け3.6C確定間違いによる、台帳数量不具合,,F：外航通関,F：外航通関,,"■発生日  2022/09/02
■対応希望日　9/12まで（正しい台帳数量が確認できない為）
■事象
9/2出荷徳山向け出荷オーダー確定時、外貨（品名コード：00437）を端数「有」、内貨（品名コード：00436）を端数「無」としなければいけなかったところ、端数「無」のまま確定し、出荷を実施してしまった為、
外航通関の台帳数量にずれが生じた。
税関へは、外貨1750.000KL、内貨50KL+端数を出荷する内容で事前に申請しており、
出荷伝票は手修正を実施しましたが、外航通関の台帳数量は手修正できない為、
システムでの修正をお願い致します。
■あるべき姿
9/2に出荷した外貨3.6Cは、1750.000KLとし、各外航通関の台帳・帳票に数量が反映される。
詳細画面は、送付資料のご確認をお願い致します。
■代替手段
なし","■原因
誤操作のため
■対策
外航通関の保税台帳をデータパッチにてリカバリいたします。

2022/09/08 YJP追記
データパッチの検証結果エビデンスを下記BOXに格納いたしました。
内容のご確認をお願いいたします。
https://app.box.com/folder/172034259559
【No581】台帳数量リカバリパッチ.xlsx

内容に問題無ければ9/12（月）にデータパッチを実施いたします。

2022/09/12　YJP追記
データパッチを実施いたしました。
外貨製品在庫日報につきましては、9/3から再集計願います。
また、進捗ステータスを「確認中」に変更いたしましたので、問題無ければ「確認完了」にてクローズ願います。
2022/09/14 YJP追記
外貨製造搬出日一覧の実績数量に関しては、実績管理のファイルメンテ機能にて運用対応（1,750.122→1,750.000）願います。
",オフラス,●,－,－,－,,,,,2022/09/08,,2022/09/14,その他,確認完了,,,,,,,,,,,,,,,,,,,,,,,,,,,,,,,,,,,,,,,
,582,2022/09/05,千葉,YJP那須,青井圭介,ETBE伝票確定順序誤りについて,Q1：後続テスト実施不可,J：バイオターミナル管理,J：バイオターミナル管理,バイオターミナル台帳,"■発生日 　2022/9/5
■対応希望日　2022/9/12
■事象
9/1分の出荷伝票確定前に、9/2~9/5の出荷伝票を確定したことにより、9月分のETBE台帳が9/2から引き落とされている。
【問合せ内容】
9月分ETBE出荷伝票確定時、9/1分の確定前に9/2~4分伝票を確定してしまいました。申し訳ございません。
9/1分はまだ確定しておりませんが、実際の出荷に見合った数量が差し引かれるように、データの修正対応をお願い致します。
もしデータ修正をするにあたり、9/1分伝票の確定が必要であれば確定致しますので、ご連絡いただけますと幸いです。

■あるべき姿
台帳残数量は、実際の出荷に見合った数量が差し引かれ、台帳出力一覧の総在庫数量が正しく表示される。

■代替手段
なし

■その他
本件、度々データパッチ対応が発生していることから、保守_問題点管理表No.190の改修について
進める方向で検討します。","■原因
問合せ内容に記載いただいた通りです。（保守問題点No430などと同じ状況です）

■対策
ETBE台帳のデータパッチを実施いたします。
三鷹環境でETBE台帳のデータパッチ後の検証結果を以下に格納しました。
https://app.box.com/folder/172131739843
　【No582】ETBE台帳修正対応.xlsx",オフラス,●,－,－,－,,,,,2022/09/09,,2022/09/12,仕様通り,確認完了,,,,,,,,,,,,,,,,,,,,,,,,,,,,,,,,,,,,,,,
,583,2022/09/06,北海道,芥川健司,秦野築,NPRG生産SIM正常に作動しない,Q2：代替手段により後続テスト実施可能,K：ブレンドシミュレーション,計算エンジン,ブレンドSIM計算,"■発生日：2022/8/30
■対応希望日：2022/9/7
■事象
NPRG生産のためSIMを回したが、正常に計算がなされない。
すべての基材の比率を固定すると正常に計算される。
■あるべき姿
正常に計算される
■代替手段
なし","■原因
　　原因としては2種類あります。
　　①ブレンドシミュレータＮＰＲＧエンジンのプログラムバグ
　　②ＩＮＰＵＴデータの制約が厳しすぎた。（データの問題）
■対策
　　①についてはプロフラムの修正を終えております。エブデンスの確認をお願いします。
　　②今回の場合はデータ（制約値）も関係しています。
　　ＲＯＮの制約が99.8以上とやや厳しめで（allowance大）あり、
　　この値を0.1小さくし、99.7以上としたところ、（最適）計算ができるようになりました。
　　うまく計算できない場合は制約を緩和してあげると、逆にスムースに計算できる場合もあります。
　　今後の参考にしてください。
       　エビデンスの検証が終わり、下記に新プレンドシミュレータ・エンジン（北海道、愛知分）を格納しましたのでリリースをお願いします。｢2022.11.07IKC芥川記]
　　　https://idemitsu.ent.box.com/folder/171637212186

■棚卸
2026/01/29：確認中、次回ステータス変更なき場合は強制クローズとする
",IKC,－,●,●,－,,,,,2022/09/06,2022/11/17,2026/02/25,,確認完了,,,,,,"
",,,,,,,,,,,,,,,,,,,,,,,,,,,,,,,,,
,584,2022/09/06,北海道,EXE鶴岡,青井圭介,[IOS20-OFL]オフラス帳票記載誤り,Q2：代替手段により後続テスト実施可能,,帳票,装置受払い作業シート,"■発生日：　2022年8月31日
■発生拠点：　北海道製油所
■対応希望日：　9月９日迄
■事象
　オフラス帳票出力にて、「装置受払い作業シート」を出力した際に、装置切替内容に誤りがあります。
　詳細は添付資料をご確認ください。
　＊確認すると8月31日以前も発生しておりました。
■あるべき姿
　作業計画にて設定した通りの装置切替情報が記載される。　　
■代替手段
　エクセルを手修正している。
","■原因
順序指定時に時間指定していた為
■対策
2022/09/08
再現できるDMPを頂いたため調査
2022/09/06
調査中
2022/09/14
日付＋時間指定で順所指定するよう修正中
2022/09/22
リリース依頼実施",自営帳票,,●,,,,,,,,2022/11/10,2022/11/10,AP・コーディング,確認完了,,,,,,,,,,,,,,,,,,,,,,,,,,,,,,,,,,,,,,,
,585,2022/09/08,北海道,EXE鶴岡,青井圭介,[IOS20-OFL]オフラス帳票記載誤り２,Q2：代替手段により後続テスト実施可能,,帳票,装置受払い作業シート,"■発生日：　2022年9月6日
■発生拠点：　北海道製油所
■対応希望日：　9月9日迄
■事象
　オフラス帳票出力にて、「装置受払い作業シート」を出力した際に装置切替情報がブランクとなる。
　また、出力されたシートの2ページ目に、表示設定のようなものが出力されている。（普段は出力されない）
詳細は添付資料をご確認ください。
■あるべき姿
　作業計画にて設定した通りの装置切替情報が記載される。　　
■代替手段
　エクセルを手修正している。
","■原因
表示設定シートが表示されているのはデータが存在せず処理が途中で止まった為と思われます。
■対策
2022/09/08
事象再現しない為再現待ち

2022/11/14　IKC
再現待ちについて北海道了承済みのため、
一旦クローズとし、次回再現時に再問合せいただく。",自営帳票,,●,,,,,,,,,2022/11/14,,確認完了,,,,,,,,,,,,,,,,,,,,,,,,,,,,,,,,,,,,,,,
,586,2022/09/12,千葉,YJP大武,伊藤祐希,【修正依頼】9/2シフト生産JOBについて,Q3：後続テスト実施可能,G：マスバランス,G：マスバランス,原油タンク受払,"■発生日：　2022/9/2

■発生拠点：　千葉事業所

■対応希望日：今月中

■事象：9/2に急遽JOBを作らず作業を実施したが、仮のJOB等を作って実績に反映させなかったため
実績処理上に問題があるとして商品管理側から修正依頼を受けています。
JOBがないものに実績を作るのは難しいと思われる為、別の作業JOBを借りてなんとか対応できないかと考えました。
添付に対応方法を明記しておりますが、パッチでの修正が必要です。
大変申し訳ございませんが、今月中にご対応頂けませんでしょうか。
","■原因
本件、商品管理側での処理上問題があるとのことですが、原油タンク受払実績画面から操作いただけば、原油タンク受払としては実情に合わせたデータが作成可能な認識です。
実績管理のタンク受払上はどうしようもないですが、原油タンク受払実績画面としては以下エビデンスのようにご入力いただければ、9/2の#100036、100037タンクともに実情に合うと思われます。
ご確認いただきたく、よろしくお願いします。
https://app.box.com/folder/172555833990

2022/09/16YJP
原油処理実績表のご連絡を受けて、対応エビデンスを更新いたしました。
原油処理実績表では、商品タンク受払のデータと原油タンク受払のデータを照合している箇所がございますので、基礎データメンテナンスにて、本件問題になったシフトの受払実績を作成いただければと思います。
https://app.box.com/folder/172555833990
Sheet2をご覧ください。

エビデンスは三鷹検証環境のもので千葉の現地環境とはデータコンディションが異なりますが、基礎データメンテナンスでシフト実績を登録することで、原油処理量が5044KL分計上されるようになる様子が示されています。
本番環境で同様に処理すれば、チェックが0になる見込みです。

■対策
ステータスを確認中といたしますので、問題なければクローズください。
",オフラス,●,－,－,－,,,,,,,2022/09/16,その他,確認完了,,,,,,,,,,,,,,,,,,,,,,,,,,,,,,,,,,,,,,,
,587,2022/10/03,北海道,YJP吉永,秦野築,払出タンクのサクション指定不可,Q2：代替手段により後続テスト実施可能,B：作業計画管理,B：作業計画管理,一般シフト生産サクションライン指定,"■発生日：　2022年10月1日
■対応希望日：　10/7まで

■事象
　一般シフト生産作業予定入力にて、払出タンクに#20305を入力したがサクションの指定が出来ない。
　（選択肢が出てこない）
問題点エビデンス
＜https://app.box.com/folder/175496758025＞
■あるべき姿
　PGN-RCM、RCL、RCSが表示され選択できる。

■代替手段
　一度登録後、再度開けば選択できるようになる。

","■原因
払出タンク入力時、サクションラインをライン選択マスタから取得する際の条件に誤りがありました。
ブレンドシフトの場合、ブレンダ使用フラグを使用せずに検索を行っていたため、該当のライン（PGN-RCM、RCL、RCS）が取得できませんでした。
JOB登録後、再表示時は、ブレンダ使用フラグを使用して検索を行っているため、問題なく選択できます。
■対策
ブレンドシフトの場合は、ブレンダ使用フラグを条件に入れてライン選択マスタを検索するように修正致します。また、ガソリン生産の画面も同様ですので、修正致します。

2022/10/06 YJP追記
以下に検証結果エビデンスを格納しました。
内容のご確認をお願い致します。
https://app.box.com/folder/176062654143
【No587】検証エビデンス_払出タンクのサクション指定不可.xlsx",オフラス,●,●,●,●,,,,,2022/10/06,2022/11/10,2022/11/10,AP・コーディング,確認完了,,,,,,,,,,,,,,,,,,,,,,,,,,,,,,,,,,,,,,,
,588,2022/10/03,千葉,YJP吉永,伊藤祐希,SAISからの情報が一部反映されない,Q2：代替手段により後続テスト実施可能,A：オーダ管理,A：オーダ管理,SAISオンラインオーダ受信,"■発生日：　2022/9/27
■対応希望日：1か月以内

■事象： 9月27日のオーダーでSAISからの性状表船託送、性状表FAX先がオンラインオーダー受信側で反映されていない。（現状1件）
　　　　 ※他のオーダーではされているので今回のケースが何か情報が足りない、不都合が生じている可能性あり。

■あるべき姿： SAISからの性状表船託送、性状表FAX先がオンラインオーダー受信側で反映される。

■代替手段：なし
","■原因
9/26にSAISから送信された伝文を確認しましたが、伝文項目[本社コメント]の桁数に誤りがあります。
伝文仕様上、本社コメントの桁数は固定長の100バイトで送信される想定でオフラス側は処理しています。
実際に送信された伝文は94バイトで、6バイト分欠落されて送信されていた為、[性状表船託送], [性状表FAX先]の情報が取得できずオフラス側に反映されませんでした。

以下に、伝文を修正して正常に取り込まれることを確認したエビデンスを格納しました。
ご確認ください。
＜https://app.box.com/folder/175857242725＞
：【No588】SAISPlusオンラインオーダ受信検証.xlsx

なお、9/2611:13に送信された「ふよう丸」のオーダは、正常に本社コメントが100バイトで送信された為、SAISで設定した[性状表船託送]がオフラス側に反映されております。

＜SAIS側＞
本社コメントに半角カナが登録されたことが原因。
仕様として半角カナの登録は不可となっている。
ただし、初期開発時から入力チェックが掛かっていない。

■対策
本件は、SAIS側にご確認、ご対応いただけますでしょうか。

＜SAIS側＞
■暫定対応
半角カタカナを全角カタカナに変更いただくことで、
正常に連携が行われます。

■恒久対応
現状の恒久対策としては、以下の2案
１．半角カタカナや、SJIS以外の文字については、
　　入力エラーが発生するように入力チェック処理を追加する。
２．オーダー送信プログラムを改修し、
　　半角カタカナが含まれる場合も、桁数ずれが起こらないよう対策を行う。

2022/11/14 IKC
SAIS改修は需給部マターとなるため、本件は一旦クローズとする。
",IKC,●,,,,,,,,,,2022/11/14,設計不備,確認完了,,,,,,,,,,,,,,,,,,,,,,,,,,,,,,,,,,,,,,,
,589,2022/10/11,北海道,YJP吉永,秦野築,釧路油槽所向け特例適用中の特3号軽油オーダー取り込み不可,Q1：後続テスト実施不可,A：オーダ管理,M：マスタ管理,オンラインオーダ登録,"■発生日：　2022年10月11日
■対応希望日：　10/11 14:00まで

■事象
　釧路油槽所向け特3号軽油のオーダーが取り込めない。
　※10/11~15まで特3号軽油の特例出荷を適用している。
　
■あるべき姿
　取り込みできる。

■代替手段
　なし。","■原因			
軽油チェックマスタの問題です。		
納入先が釧路油槽所で、特3号軽油の出荷可能期間が10/21 ～ 3/7に設定されています。		
			
■対策			
マスタメンテナンス画面から期間を変更し、再登録を実施してください。		

以下にマスタ変更時、オーダが正常に登録できることを確認したエビデンスを格納しました。
https://app.box.com/folder/176711535046
【No589】釧路油槽所向け特例適用中の特3号軽油オーダー取り込み不可.xlsx

2022/10/11 YJP追記
軽油チェックマスタのメンテナンスを実施いただき、正常に取り込まれたことを確認いただきました。
本件、クローズ致します。",オフラス,,●,,,,,,,,,2022/10/11,データ不備,確認完了,,,,,,,,,,,,,,,,,,,,,,,,,,,,,,,,,,,,,,,
,590,2022/10/12,千葉,EXE鶴岡,伊藤祐希,海上出荷流量計積算記録表（月間）が読み込まれない,,,,,"■発生日：　2022/10/07

■発生拠点：　千葉事業所

■対応希望日：1週間以内

■事象： 海上出荷流量計積算記録表（月間）を印刷しようとどの月を読み込んでも
　　　　「ファイルが見つかりません」と出て何も印字されません。

■あるべき姿： 海上流量計積算記録表（月間）が読み込まれ、印刷できる。

■代替手段：なし
","■原因
何らかのタイミングでファイルが破損してしまった為
■対策
2022/10/12
リリース依頼済み

2022/11/07　IKC
11/2に伊藤様より連絡があり月初業務で必要とのことで、
急遽YJP増田様立ち合いのもと、徳山事業所からリモートでIKCリリース対応済み。
ユーザ確認も完了。
",自営帳票,●,,,,,,,,,2022/11/01,2022/11/07,その他,確認完了,,,,,,,,,,,,,,,,,,,,,,,,,,,,,,,,,,,,,,,
,591,2022/10/20,千葉,YJP那須,青井圭介,担当店アストモスの伝票がOneSAPへ送られている,Q1：後続テスト実施不可,I：伝票発行管理,D：実績管理,伝票送信,"■発生日：2022/10/20
■対応希望日：1週間以内
■事象：
以下の対象伝票がBINASに送られるべきところ、OneSAPに届いているとの問合せあり。

伝票日付/伝票番号
221007/50001
221015/50001

■あるべき姿：
担当店アストモス伝票はBINASへ送られる。

■代替手段：
なし","■原因
お問合せの伝票について、DB内部で保持している担当店コード（担当店の名称とは別に保持している項目）が""9400""（アストモス）ではなかったため、OneSAPへ送信されていました。
担当店コードが""9400""でなかった原因として、石化取引実績のリカバリ受信時、担当店コードを該当伝票の簡略店基地コードである""9442""（千葉輸入Ｌ基地）へ更新してしまっていました。

なお、本事象は担当店がアストモスとなる石化取引実績の伝票に対して石化取引実績のリカバリ受信が行われた場合に発生します。

■対策
現在問題が発生している2件の伝票について大変お手数ですが同じ数量で訂正伝票を作成、送信して頂けないでしょうか。
上記対応により、以下の通り整合が取れる想定です。
　・自動生成される取消伝票
　　→OneSAPへ送信され、既に送信されてしまっているOneSAP側の伝票が取り消されます。
　・訂正伝票
　　→BINASへ送信されます。（伝票管理機能で作り直されることで、担当店コードが""9400""（アストモス）で作成されるため）
め）

今後同じ問題が発生しないための対応として、石化取引実績のリカバリ受信時に担当店コードを更新しない（アストモスのままとなり、BINASへ送られる）ようにアプリケーションを修正いたします。

2022/11/02YJP
修正エビデンスを以下に格納いたしました。
https://app.box.com/folder/180182753976

ご確認のほど、よろしくお願いします。
",オフラス,●,●,●,●,,,,,2022/11/02,2022/11/16,2023/02/28,AP・コーディング,確認完了,,,,,,,,,,,,,,,,,,,,,,,,,,,,,,,,,,,,,,,
,592,2022/10/28,千葉,YJP村上,伊藤祐希,搬出数量実績確定不具合について,Q1：後続テスト実施不可,F：外航通関,F：外航通関,外貨搬出実績数量確定,"■発生日：2022/10/27
■対応希望日：10月31日（若しくは11月1日AM）　恒久対応というか対応方法については別途
■事象
10月27日の搬出実績を確定しようとしたところ、
実績数量が不正のため、作業実績画面にて実績数量をメンテナンスしてくださいと表示があり、
確定できない状況となった。
実績の一部が実際に出荷しておらず未確定状態になっており、削除を実施したかったが中止オーダ削除からは実施できなかった。
台帳の修正を申し訳ありませんが急遽お願いしたいです。
どうするべきだったかは後程ご教授頂きたく思います。
■あるべき姿

■代替手段
なし","■原因
開平丸のジョブが終了状態になっていないことから実績数量の確定で出来ておりません。
中止オーダ削除に関してはジョブ状態が途中状態であったことから削除できなかったと想定します。
■対策
データパッチにて外航通関側で保有している開平丸の明細データを削除します。

どうすべきだったかは詳細な状況を確認後、後日報告させていただきますが、ジョブを運転制御へ送信しないままでの中途半端な状態で放置するのは止めていただけると有難いです。

データパッチを実施いたしましたので、外貨搬出実績数量の確定をお願いいたします。
進捗ステータスを「確認中」に更新いたします。問題無ければ「確認完了」にてクローズしていただけると助かります。",オフラス,●,,,,,,,,,,2022/11/01,その他,確認完了,,,,,,,,,,,,,,,,,,,,,,,,,,,,,,,,,,,,,,,
,593,2022/11/02,千葉,YJP大武,伊藤祐希,オフラスマスタ追加について（新しい石炭）,Q3：後続テスト実施可能,G：マスバランス,G：マスバランス,在庫修正設定,"■発生日：　2022/11/1
 
■発生拠点：　千葉事業所
 
■対応希望日：　11/3AMまで（月初に関係するため）
 
■事象
新しい石炭(品名：HVO)を使用開始したので、オフラスにマスタ登録をしようと思うのですが、
私自身、この作業が初めてで、これで問題ないかの確認していただきたいです。
※One SAPには、既にマスタ登録されているとのことです(品目コード:F04239000)
 
＜月初作業で行うこと(これから行いたいこと)＞
オフラスの在庫修正設定入力

＜ご確認いただきたいこと＞
・17.品名関連マスタの追加だけで問題ないでしょうか？
・全社統一品名コードの調査方法は あるでしょうか？
・その他、マスタ登録で注意すべき点などあれば。
(コードや品名以外は、ニューランズ炭と同じものを入力予定です)
■あるべき姿
■代替手段
","■原因
新しい石炭の取り扱いで、OneSAP側の品名マスタに登録されているとのことなので、そちら側は問題なしとして考えております。
以下、ご質問内容に沿って回答させていただきます。
・17.品名関連マスタの追加だけで問題ないでしょうか？
　→追加する品名が運転に関わるものであるなら、作業品名関連マスタ、品名分類マスタのメンテナンスをお願いします。（今回は石炭なのでおそらく入力の必要はないと思われます）
　　他課の作業品の場合は、他課作業品名マスタと他課タンクマスタを必要に応じてメンテナンスください。
　　また、MB品名マスタ、MB品名変換マスタへの登録もお願いします。
・全社統一品名コードの調査方法は あるでしょうか？
　→申し訳ございません、こちらでは全社統一品名コードの調べ方は把握しておりません。
・その他、マスタ登録で注意すべき点などあれば。
(コードや品名以外は、ニューランズ炭と同じものを入力予定です)
　→他課タンクマスタの登録は、千葉の場合、相手タンク＝相手作業品名になっています。
　　(新しい石炭について他課タンク在庫の受信がない場合は特に修正の必要はないかと思いますが）
　　MB品名マスタ、MB品名変換マスタ、作業品名マスタまたは他課作業品名マスタの登録内容がつながらないと在庫修正設定後の月次処理にて正しく集計されませんのでご注意ください。

■対策
本件お問合せのため、特に対応なしの認識です。
確認中とさせていただきますので、ご対応が完了したらクローズくださればと思います。

2022/11/07YJP
本件、10月から新しい石炭を取り扱うにあたり、オフラスの品名マスタ、MB品名マスタのメンテナンスが遅れたこと（そのためOneSAPからの入荷伝文をマスタ不整合で取り込みできていなかった)
新IRISからの在庫実績の評価タイプにPAID（正しくは評価タイプ空白）が設定されていたため、棚卸増減の伝票の取り込みが出来ていなかったことが原因と伺っております。
時系列でまとめると以下です。
・11/01昼　HVO炭の10月分入荷伝文がOneSAP→オフラスにてマスタ不整合で取り込まれなかった
・11/04朝　オフラスのMB品名マスタにHVO炭の登録が為される
・11/04夕　HVO炭の10月分出荷伝文がOneSAP→オフラスに送られ、取り込まれる
・11/07朝　OneSAP側のリカバリの結果、オフラスからの棚増伝文も取り込まれる　が、オフラスが11/01昼の入荷データをマスタ不整合で取り込めていなかったため、棚増が想定以上に大きい数量で発行された
・11/07昼　オフラスが取り込めなかった11/01のHVO炭の入荷伝文の再取り込みを実施、製油所受払月報に期待通りの値尾が出る

本件、千葉事業所より確認OKのご連絡をいただいたので、クローズとします。",オフラス,●,,,,,,,,,,2022/11/07,その他,確認完了,,,,,,,,,,,,,,,,,,,,,,,,,,,,,,,,,,,,,,,
,594,2022/11/04,北海道,YJP小笠原,秦野築,新規出荷品追加に関わるオフラスマスタ設定,Q1：後続テスト実施不可,M：マスタ管理,,ブレンドSIM計算の基材品名の追加,"■発生日：2022年11月2日
■対応希望日：11月30日迄
■事象
新規出荷品名（統一品名略号）：PGZ-2の海上出荷を12月中旬より開始する予定となっています。
これに伴うオフラスマスタの設定内容についてご教授を頂きたいです。
必要と思われる内容については記載したので、内容の過不足または、その他必要なマスタ設定項目があればご教授をお願いいたします。

PGZ-2を新たなガソリン基材として運用する予定だが、ブレンドシミュレーターのマスタ設定方法が不明であるため、設定方法をご教授願いたいです。
※試しに現状の設定でブレンドシミュレーターを稼働させたところエラーが発生しました。
　
■あるべき姿
・PGZ-2の海上出荷が適切に実施できる
・REGブレンドシミュレーターを基材：PGZ-2を加えて稼働させることができる　

■代替手段
なし
","■原因
■対策
2022/11/04 YJP
以下の2点についてIKC芥川様に確認を依頼しております。
・REGのブレンドSIM計算の基材として「PGZ-2」を使用することは計算エンジンとして可能か？
　⇒ 可能、計算エンジンの変更は不要（11/10 IKC芥川様）
・INPUTファイルの基材情報の何番目を使用すればいいか？
　⇒ 基材位置5番目が空いている（11/10 IKC芥川様）

2022/11/10 YJP
ブレンドSIM計算の基材を追加するためには、以下のマスタの設定が必要です。
　・BS基材位置マスタ
　・BS需給品Bコード管理マスタ(基材)
マスタ設定内容をBOXに格納しましたのでご確認をお願致します。
https://app.box.com/folder/181381851202
・【No594】REGのブレンドSIMの基材にPGZ-2を使用するためのマスタ設定.xlsx

また、新規品名PGZ-2で試験依頼を行うためには、Lab-Aid側のマスタ設定が必要です。
試験依頼が可能であるかは、試験管理側へのお問い合わせをお願い致します。

海上出荷については、別途回答致します。
2022/11/18 YJP追記
品名毎ローディングアームマスタに以下、新規で追加とのことですが、
・アームタグNo：LA-920-05
・入出荷区分　 ：20
・統一品名略号 ：PGZ-2
・目標流量        ：800
・初速制限流量 ：115

新しく追加される統一品名略号「PGZ-2」の需給品名Bコードは、1002～1109の間のコードでしょうか。また、バースはバースNo20への出荷でしょうか。
目標流量を決定する際、需給品名Bコードと、バースNoで、ローディングアームマスタを検索し、該当するアームを取得します。
その後、品名毎ローディングアームマスタをアームタグ、入出荷区分、統一品名略号で検索し、流量を決定します。
現状、ローディングアームマスタでアームタグ：LA-920-05に該当するマスタ定義は、
　・需給品名Bコード：1002～1109の間
　・バースNo：20
と設定されています。この条件に該当しない場合は、アームタグが取得できない為、期待通りの流量が設定されない為、マスタ定義を追加する必要があります。


また、ご存知と思いますが、念のために。
統一品名略号新規で追加とのことですので、OMC側のマスタにも忘れずに追加をお願い致します。

■棚卸
2026/01/29：確認中、次回ステータス変更なき場合は強制クローズとする",IKC,－,●,－,－,,,,,,,2026/02/25,その他,確認完了,,,,,,,,,,,,,,,,,,,,,,,,,,,,,,,,,,,,,,,
,595,2022/11/04,千葉,YJP村上,伊藤祐希,オーダー管理に無いオーダーが外航通関画面に表示されている,Q1：後続テスト実施不可,F：外航通関,F：外航通関,ボンド出荷オーダ一覧,"■発生日：2022年11月2日
■対応希望日：11月4日（外航通関画面の、オーダーNo2210190041の削除）
　　　　　　　　　　 台帳の確定に関わる為、できるだけ早めにご対応をお願いいたします。
■事象
・オーダー管理→11/3日別情報のオーダー一覧に、バラスト900TONというオーダーがあった。
・出荷オーダーとしては存在しないはずの為、バラストオーダーを削除すると、BF-380のオーダー（オーダー管理No2210190041）も一緒に消えた。
・外航通関のボンド出荷オーダー一覧には（オーダー管理No2210190041）が消えずに残っていた
・オーダー管理から新しく手入力でBF-380のオーダー（オーダー管理No2211020017）を作成すると、外航通関のボンド出荷オーダーには、オーダー管理No2210190041（オーダー管理からは消えたはずのオーダー）とオーダー管理No2211020017（オーダー管理で手入力をしたオーダー）の2件存在している状態
■あるべき姿
外航通関のボンド出荷オーダーは、オーダー管理にあるオーダーと一致している。
外航通関画面の、オーダーNo2210190041の削除をお願い致します。
　→11/4対応希望
また、オーダー管理画面出たバラストオーダーとは何か、なぜバラストオーダーを削除するとBF-380のオーダーが一緒に消えたのか、ご確認をお願い致します。
　→こちらの回答は今月中でお願いいたします
■代替手段
無し","■原因
＞また、オーダー管理画面出たバラストオーダーとは何か、
　⇒旧オフラスシステムからの挙動ですが、オーダ編集画面の画面項目にある「バラスト」に
　　0より大きい値を入力し、オーダ登録を行った場合、自動で荷繰外オーダを作成しています。
　　その為、バラストオーダが表示されます。

＞なぜバラストオーダーを削除するとBF-380のオーダーが一緒に消えたのか
　⇒元のオーダであるボンド出荷オーダとオーダ管理Noが同じである為、荷繰外オーダを削除すると
　　元のBF-380のボンド出荷オーダも削除されてしまいます。

■対策
先ずは、外航通関のボンド出荷オーダ一覧の、オーダーNo：2210190041のデータを削除いたします。
オーダ管理と外航通関が連携されて削除されない件に関しては確認いたします。

万が一、間違えてバラストを入力し、オーダ登録を行った場合、再度、オーダ編集画面からバラスト値に“0”を入力し、オーダ登録を行ってください。
そうしますと自動作成された荷繰外オーダが削除されます。
⇒ご担当者様へ周知をお願い致します。",オフラス,●,,,,,,,,,,2023/01/13,その他,確認完了,,,,,,,,,,,,,,,,,,,,,,,,,,,,,,,,,,,,,,,
,596,2022/11/08,北海道,YJP小笠原,秦野築,1.2Cボイラー試験依頼時エラー発生,Q3：後続テスト実施可能,E：品質管理,E：品質管理,試験依頼,"■発生日：　2022年11月8日
■対応希望日：　11月16日迄
■事象
1.2Cボイラー生産の試験依頼時、試験登録を行うと、試験依頼の状態が「その他エラー」となる。
ラボエイド側を確認したが、試験依頼は送付されていない。
■あるべき姿
試験依頼が登録でき、ラボエイド側に依頼情報が送付される。　
■代替手段
　なし

2022/11/10 秦野
承知いたしました。
「A4-21108-08-T10251」試験後に再度試験依頼を行うと正常に試験依頼を行えました。
本件、クローズします。
","■原因
※本件はPJT問題点No.2503と同件です。
T10251で品転の試験依頼を行っていますが、品転可能な元ロットが存在しないためエラーとなります。
有効な最新ロットもしくは受付待ち状態の試験依頼が存在する場合のみ、品転の試験依頼を行うことができます。
タンク最新ロット「A4-21101-11-T10251」は無効、試験依頼「A4-21108-08-T10251」は試験中、のため品転の試験依頼はできません。

■対策
仕様通りです。
「A4-21108-08-T10251」の試験が終了した後に再度、品転の試験依頼を行っていただくと正常に試験依頼を行えます。
",オフラス,,●,,,,,,,,,2022/11/10,仕様通り,対応不要,,,,,,,,,,,,,,,,,,,,,,,,,,,,,,,,,,,,,,,
,597,2022/10/19,北海道,EXE鶴岡,秦野築,装置受払い作業シートのフォーマット変更,Q3：後続テスト実施可能,B：作業計画管理,帳票,装置受払い作業シート,"■発生日：　2022年10月19日
■発生拠点：　北海道製油所
■対応希望日：　11月9日迄
■事象
　装置切替JOBがある場合、装置受払い作業シートの装置切替時間の欄に「□」が表示されるが、
　これを表示させないようにしたいです。L勤、M勤両方ともに対応希望です。
　＊該当欄に時間を手書きするため、空白としたい
■あるべき姿
　装置切替時間の欄がL勤、M勤ともに空白となっている。
■代替手段
　空きスペースに記載","■原因

■対策

2022/11/10 EXE
リリース依頼済み
",自営帳票,,●,,,,,,,,2022/11/17,,調査中,確認完了,,,,,,,,,,,,,,,,,,,,,,,,,,,,,,,,,,,,,,,
,598,2022/11/14,千葉,YJP吉永,伊藤祐希,IOS20-OFL:オーダー変更削除不可,Q1：後続テスト実施不可,A：オーダ管理,A：オーダ管理,オーダ変更,"■発生日：2022/11/14
■対応希望日：11/14
■事象
オーダー管理NO2211110021のオーダーを変更しようとしたところ
「JOB送信中または作業中のため更新できません。」となり変更ができない。
当該オーダーはまだJOBNO設定もしておらず、またJOBNO設定画面にも出ていない。
別オーダーを作成して出荷できるか確認中ですが、至急確認お願いしたいです。
■あるべき姿
オーダーが変更できる
■代替手段
別オーダーを作成して確認中。
","■原因
調査中です。

以下のような、3オーダで2ペアのどんぶり出荷にて、有オーダをオーダ編集画面から削除した時に、
もう1つのどんぶり出荷JOBについても、JOBとの紐づけを解除してしまった為に発生しています。
　オーダ管理No　　　船名　　　品名　　端数
------------------------------------------------------------------
①2211140006　　まこと丸　05A　　　有
②2211110017　　まこと丸　05C-M　有
③　　　　　　　　　　　　　　　　　05A　　　受
④2211110021　　まこと丸　05C-M　受

※①のオーダ(2211140006)を削除した時に、②の05AのJOBとの紐づけを解除するが、③の05C-MのJOBとの紐づけも削除してしまっている為、④のオーダが中途半端の状態で残ってしまう。

■対策
対象のJOBのみの紐づけを解除するように修正致します。

2022/11/30YJP記載
検証エビデンスを以下に格納致しました。
https://app.box.com/folder/184142590044",オフラス,●,●,●,●,,,,,2022/11/30,2022/12/27,2023/01/13,AP・コーディング,確認完了,,,,,,,,,,,,,,,,,,,,,,,,,,,,,,,,,,,,,,,
,599,2022/11/15,千葉,YJP村上,伊藤祐希,三井寄託タンク国産ナフサ（売上）計上,Q3：後続テスト実施可能,F：外航通関,F：外航通関,寄託タンク在庫,"■発生日：2022/10/18
■対応希望日： 代替手段はありますが在庫調整の際に手修正が発生しております。
　　　　　　　　　　　今後同様な事象発生時に手修正が毎回必要となってしまうため、11月25日（金）に
　　　　　　　　　　　対応可能でしょうか？
■事象
 三井寄託タンク切替に伴う差分売買の数量が寄託タンク在庫明細表画面に出力されていない。
（過去寄託タンク切替はありましたが、現状のシステムとなっては初対応）
■あるべき姿
 10/18付で出光が三井に出荷伝票を切っているので10/18の国産ナフサ（売上）に数量が反映される。
■代替手段
 数量を手修正","■原因
作成された出荷伝票の情報が「寄託タンク在庫（払出）明細表データ参照」画面の「シフト出荷」に表示されなかったことから、国産ナフサ（売上）に台帳計上する機能である「寄託タンク在庫シフト出荷明細表設定（台帳作成）」画面に遷移出来ず、台帳作成が行われておりません。
■対策
出荷伝票の情報を「寄託タンク在庫（払出）明細表データ参照」画面の「シフト出荷」に表示するように修正いたします。

本件の対応が完了するまでは、データパッチにて画面に実績数量が表示されるように対応いたします。
実際の台帳作成は、データパッチ後に表示された数量をクリックしていただき、寄託タンク在庫シフト出荷明細表設定（台帳作成）画面から情報を入力していただく、運用での対応をお願いします。

2022/11/25 YJP追記
データパッチを実施いたしましたので、後続の寄託タンク在庫シフト出荷明細表設定（台帳作成）画面から台帳情報の入力をお願いいたします。

2022/12/08 YJP追記
検証結果エビデンスを下記BOXに格納いたしました。内容のご確認をお願いいたします。
https://app.box.com/folder/185316636019
・【No599】三井寄託タンク国産ナフサ売上計上対応.xlsx",オフラス,●,－,－,－,,,,,2022/12/08,2022/12/27,2023/01/13,AP・コーディング,確認完了,,,,,,,,,,,,,,,,,,,,,,,,,,,,,,,,,,,,,,,
,600,2022/11/17,千葉,YJP村上,伊藤祐希,JET保税運送時の装置品、輸入品混合時の転換伝票作成不具合,Q2：代替手段により後続テスト実施可能,F：外航通関,F：外航通関,外貨搬出実績数量確定,"■発生日：2022/11/12
■対応希望日： 現状の輸入JET在庫状況を考え、11月22日（火）に対応可能でしょうか？
■事象
10/12にJETの保税運送が発生。装置品（2DH）と輸入品（ヤード）での混合払出となった。
通常であれば装置品（2DH）の転換伝票が作成されるが、今回は作成されなかった為、マニュアル作成。
次回輸入品（ヤード）と装置品（2DH）混合発生時にも何かしらの事象が発生すると思われるので修正したい。

2022/11/30追記
ご指摘通りに転換伝票用品名コード変換マスタにJETA-1を登録したところ転換伝票は作成されるようになったが、外貨搬出実績数量確定にて台帳からの引落し指定が不可となる。調査願います。・・・（２）

■あるべき姿
JETの保税運送で装置品と輸入品が混合している際でも、装置品の転換伝票が作成される。
■代替手段
あり。転換伝票マニュアル作成。","■原因
転換伝票用品名コード変換マスタにJET A-1が登録されていないことが原因と判断します。
2022/12/26 YJP追記
（２）について、転換伝票用品名コード変換マスタに登録された「転換用品名コード」に対応する差引対象品名がボンド出荷ブレンド基材マスタに登録されていないためです。

■対策
転換伝票用品名コード変換マスタマスタに対象のJET A-1（簡略品名コード：00037）を登録願います。
2022/12/26 YJP追記
（２）について、転換伝票用品名コード変換マスタに登録された「転換用品名コード」に対応する差引対象品名をボンド出荷ブレンド基材マスタに登録願います。

登録概要ですがエビデンスを下記に格納いたしました。ご参照願います。
https://app.box.com/folder/182599114040
【No600】JET保税運送の転換伝票不具合.xlsx

2022/12/26 YJP追記
原因・対策の簡略説明ですが、エビデンスを下記に格納いたしましたのでご参照願います。
https://app.box.com/folder/182599114040
【No600】JET保税運送の外貨搬出実績数量確定にて差引不可.xlsx
",オフラス,●,－,－,－,,,,,,,2023/01/12,その他,確認完了,,,,,,,,,,,,,,,,,,,,,,,,,,,,,,,,,,,,,,,
,601,2022/11/28,千葉,YJP大武,伊藤祐希,石化ナフサ受払表の当月在庫 修正方法は ありますか？,Q2：代替手段により後続テスト実施可能,G：マスバランス,G：マスバランス,石化ナフサ受払表,"■発生日：2022/11/28
■対応希望日：2022/11/30
■事象
石化ナフサ受払表(2022年11月分)にて、
本来ゼロであるべきPCN-I在庫が計上されている。
→これをゼロに修正する方法は ございますか？

＜経緯＞
2022年8月に、伝票登録 間違いのため、
先月在庫ゼロの、PCN-I出荷が計上され、
当月在庫がマイナスとなる・・①
 
2022年9月に、前月のリカバリーのため、
PCN-Iのマイナス出荷伝票を計上・・②
 
2022年10月分を確認すると、当月在庫が、
3,918,853       Lで計上されていた・・③
(本来であれば、差し引きゼロが正しい)
→10月分は、在庫修正の数量をゼロで登録・・④

■あるべき姿
■代替手段
なし(データパッチ対応)","■原因
本件、仕様通りの挙動をしております。
石化ナフサ受払表の画面仕様上、当月在庫がマイナスのものは0とするとなっておりますので
8月末時点では在庫0で登録されております。(①)
9月末時点で出荷のマイナス伝票を発行されたとのことなので、在庫がプラスになっており(②)
10月末時点ではそのままの状態で締められたとのことなので、在庫が残ったままになっております。(③)

解消のためには、在庫を解消するための出荷伝票を発行いただければよいと思いますが、可能でしょうか。
※OneSAPに送信する必要があるため不可能であるということもあるかと思いますが、
発端がシステム不具合ではないため、可能な限り通常のシステム利用にてリカバリしていただきたく思っております。

通常システム利用で対処が不能な場合はデータパッチ対応が必要です。
(在庫情報が是正されないと翌月に引き継いでいくのでこのままになります。)
その場合は、早くとも11/30(水)の対応になります。
※状況(対応方針の決定が遅れる等)によってはさらに遅れる場合があり、
ご要望の遅くとも11月中には間に合わない可能性があることをご承知おきください。

尚、このような伝票登録間違いが今後も発生するようであれば、
当該画面から前月在庫を更新できるようにするなどのリカバリ対応が可能なように仕様変更することもご検討ください。

■対策
通常手順でリカバリできるかご検討いただくため、担当はIKC様とさせていただきます。
2022/11/28YJP
OneSAPとの関係もあり、通常リカバリは難しいため、データパッチ対応のご要望をいただきました。
担当をオフラスとして、データパッチの準備を始めます。

2022/11/28_2YJP
データパッチのエビデンスを作成しました。
https://app.box.com/folder/183857621566
ご確認くださいますようお願いします。

2022/11/30YJP
データパッチ適用いたしました。ご確認のほどよろしくお願いします。

2022/11/30_2YJP
本番環境でご確認いただいたため、確認完了とさせていただきます。
本件に関わる仕様変更の要否については引き続きご検討ください。
",オフラス,●,,,,,,,,2022/11/28,,2022/11/30,仕様通り,確認完了,,,,,,,,,,,,,,,,,,,,,,,,,,,,,,,,,,,,,,,
,602,2022/11/28,千葉,YJP村上,伊藤祐希,ボンド出荷実績不具合,,F：外航通関,F：外航通関,,"■発生日：2022/11/28
■対応希望日：月末までには完了させたいため、11月30日（水）に対応可能でしょうか？
■事象
11/27にJETの羽田向け保税運送あり。
当日作業JOBを開始したが荷役前に配管不具合があり、荷役中止となった。
JOBを開始していたため作業終了させたが、JETは外貨2000KLFIXとしていたためか、
ボンド出荷実績に2000KL計上され確定できる状態となっていた。（実数量は０KL）
現状では日報の実績確定ができないため該当オーダーを削除修正したい。
■あるべき姿
 11/27の羽田向けJETオーダーが削除され搬出実績確定可能な状態となる。
■代替手段
あり。ボンド出荷オーダーの持戻数量調整は可能。
（実際に持戻をしたわけでもなく、承認日入力等もあるので極力修正で対応したい。）
","■原因
データパッチ対応いたします。
■対策
データパッチにて対象のボンド出荷オーダを削除いたします。
→11/29実施
データパッチ後、
後続の外貨製造搬出日一覧画面から外貨搬出実績数量確定画面に遷移していただき、
当該画面にて引落し情報を入力後、確定願います。

進捗ステータスを「確認中」に更新いたしました。
問題無ければ「確認完了」にてクローズ願います。",オフラス,●,,,,,,,,,,2022/11/30,その他,確認完了,,,,,,,,,,,,,,,,,,,,,,,,,,,,,,,,,,,,,,,
,603,2022/11/30,千葉,YJP大武,伊藤祐希,外貨オーダー,Q3：後続テスト実施可能,F：外航通関,F：外航通関,どんぶり出荷の実績受信,"■発生日：　2022/11/28

■発生拠点：　千葉事業所

■対応希望日：今年度中

■事象：
オーダー管理NO2210310074(内貨JET)、2211020026（外貨JET）の出荷JOB開始直後、
設備不具合により緊急中断終了した為、出荷自体の実績は０KLだった。
しかし、外航通関、実績管理→協定書実績、伝票発行→出荷伝票ではなぜか実績として数量が入っている。

今回だけの事象に関わらず、出荷伝票については手動で削除ができるが、
外航通関の台帳は都度システム側でパッチ宛等対応をして頂かないといけない状況。
外貨在庫引き落とし作業に影響する為、出荷実績０KLのオーダーに対して後続の外航通関側作業に
影響しないようシステム仕様を変更して頂きたい。

■あるべき姿： 
出荷実績0KLのオーダーに対しては、外航通関の画面に反映されない。
もしくは、出荷伝票を削除したと同時に外航通関側も削除される。

■代替手段：無し
","■原因
本件、仕様通りの挙動と思っております。

運転が開始している状態でのオーダ削除はできません。(よって、外航通関のデータも削除できない状態になります。)
本件は、どんぶり出荷のため、オーダ確定時点でボンド出荷数量が確定していることが原因の一端になります。
今回のケースに対応するためには、外航通関画面にて削除機能を追加することで対応可能と判断いたします。
外航通関の削除機能に関しては、保守問題点管理表No525にて、仕様変更対応中です。

あるべき姿で上げていただいております件については、以下の懸念がございます。
・出荷実績0KLのオーダーに対しては、外航通関の画面に反映されない。
　もしくは、出荷伝票を削除したと同時に外航通関側も削除される。
→出荷実績0KLのオーダーまたは出荷伝票削除時に、対応する外航通関のデータを削除する場合、システム的には削除してよいかどうかの判断が付けられないと思われます。
　
■対策
上述の通りNo525の対応で良いか、別の対応(あるべき姿の対応)が必要であるか、
進捗を「仕様整理中」といたしますので、ご検討くださいますようお願いします。
➡OKです。2026/02/19伊藤",オフラス,,,,,,,,,,,2026/02/19,仕様通り,確認完了,,,,,,,,,,,,,,,,,,,,,,,,,,,,,,,,,,,,,,,
,604,2022/12/05,北海道,YJP那須,青井圭介,アストモスからのプロパン入荷実績がOneSAPへ連携されていない,Q1：後続テスト実施不可,I：伝票発行管理,I：伝票発行管理,伝票送信,"■発生日：2022/12/5
■対応希望日：即日（LPGは3営締めのため時間期限確認中）
■事象
アストモスプロパン入荷実績がOneSAPへ連携されず、BINASへ連携している。
担当店＝アストモスの場合は、BINAS連携される仕様理解ですが（間違っていたらご指摘ください）問合せのあった対象伝票は担当店がアストモス以外であるため、直接OneSAP連携されるべきところBINASへ連携している模様。

■あるべき姿
対象伝票がOneSAPへ連携されること。

■代替手段
なし","■原因
対象伝票の担当店である「ＡＳＥ㈱」が簡略店基地コード""9400""で登録されており、かつ、伝票送信時に担当店がアストモスかどうかをを定するための簡略店基地コードのシステム定数が同じ""9400""で登録されているため、BINASへ送信されています。


■対策
以下の手順により、OneSAPへ送信することが可能です。
　①問合せ対象伝票の取消伝票の作成、送信
　　→BINASへ送信され、問合せ対象伝票と相殺される想定です
　②システム定数の修正
　　以下のシステム定数の値をあるべきアストモスの簡略店基地コードへ修正ください。
　　　サブシステム：伝票発行管理
　　　カテゴリ名：IS_ASTOMOS
　　　定数キー：SYS_BASE_ABBR_CD
　③問合せ対象伝票と同じ伝票の作成、送信
　　→担当店の簡略店基地コード≠システム定数の値となるため、OneSAPへ送信される想定です

しかし、「ＡＳＥ㈱」のカナ名称が「ｱｽﾄﾓｽｴﾈﾙｷﾞｰ(ｶﾌﾞ」と登録されていること、店基地マスタにアストモスと思われるデータが他に存在していないこと、北海道以外の拠点では簡略店基地コード""9400""にアストモスが設定されていることより、実態としては「ＡＳＥ㈱」＝アストモス＝BINASへの連携対象なのではないかと懸念しております。
状況について改めてご確認いただければと思います。

2022/12/07 IKC
・元伝票は登録内容誤りであったことが判明⇒取消を送信
・正しい伝票情報をアストモスへ確認し、その内容でオフラスに伝票登録・送信
以上の対応で本件は問題解消となったためクローズとする。
",オフラス,,●,,,,,,,,,2022/12/07,仕様通り,対応不要,,,,,,,,,,,,,,,,,,,,,,,,,,,,,,,,,,,,,,,
,605,2022/12/12,北海道,青井圭介,芥川健司,3.6C-2000のブレンドシミュレーター計算結果,,K：ブレンドシミュレーション,K：ブレンドシミュレーション,ブレンドシミュレータ条件入力,"■発生日：2022/10/29
■対応希望日：2022/11/07迄
■事象
10/29出荷において、生産品名36C2000ホクシのブレンドシミュレーターを、VIS制約上限値1800に設定して回したところ、想定した値とは異なる値が計算された。
（本来であれば油種：VCの添加比率は70％台後半となるところ、60%台となった。）VISの制約上限値を1850以上に設定すると適切な計算結果が得られる。
2017年にも同様事象が発生している。
当時の見解は、ブレンドシミュレーターにおいてVISの制約上限値を850より小さい値にすると、内部計算式が変化してしまうという事であった。
＊計算式は一般C重油用と3.6C-2000用の計算式が存在している。
参考資料「表-07（推定計算式）.pdf」のハイライト部分参照願います。

■あるべき姿
　油種：3.6C-2000関連油種において、VIS制約上限値を1850未満としても正しい値が計算される。

■代替手段
　VIS制約上限値を1850以上の値を設定する。
","■原因

■対策

2022/12/12 IKC
北海道製油所からの問合せを受け、弊社 芥川にて北海道と確認・調整を行い、
改修方向で進めております。（修正案：BL_simの修正案(3.6C-2000対応).pptx）
改修進めるにあたり添付の修正案資料をご参照いただき、概算見積をご提示頂けますでしょうか。
（見積を見て改修判断）

2023/01/04　IKC
北海道より開発変更依頼待ち。

2023/01/31 YJP追記
検証エビデンスを以下に格納しました。
https://app.box.com/file/1127240237806
",オフラス,－,●,－,－,●,,,,2023/01/31,2023/03/09,2023/03/13,仕様変更,確認完了,No.936,,,,,"ブレンドシミュレータ条件入力画面のLpp/Hppの選択肢に「36C」を追加する。
Lpp/Hppで「36C」が選択された場合は、INPUTファイルのYUSHUに「3」を設定する。",仕様変更承認済,0.25人日,0.25人日,0.00人日,0.50人日,0.00人日,対応依頼,,,,,,,,,,,,,,,,,,,,,,,,,,
,606,2022/12/15,千葉,青井圭介,青井圭介,監査ログ保持期間の変更,,X：共通,その他,監査ログ,"■発生日：2022/12/15
■対応希望日：可能な範囲で早めに
■事象
日々の運用保守におけるDBDMP連携で、DMPファイルサイズが大きいため連携パフォーマンスが悪い。
テーブルデータサイズを確認したところ、監査ログテーブルのサイズが一番大きいため、
監査ログ保存期間を障害調査で最低限必要な期間に変更する。

■あるべき姿

■代替手段
","■原因


■対策
保存期間を現在の2か月から35日間に変更する。

2023/03/17 YJP追記
検証エビデンスを以下に格納しました。
https://app.box.com/folder/199374533905
　【No606】監査ログテーブルの保存期間変更.xlsx

本件のリリースにあたり、監査ログテーブルの2ヶ月前～35日前までのデータ（約25日程度）に対してスクリプト実行によるデータ削除作業が必要になります。
理由として、リリースのみ実施した場合、翌日の削除処理で一度に大量のデータ（約25日分の監査ログ≒500万件弱）の削除を実施することとなり、DBのUNDO表領域（ロールバックのために使われる領域）が枯渇して削除処理が異常終了することが想定されるためです。

その対応として、2ヶ月前～35日前までのデータをスクリプト実行により1日分ずつ削除することを予定しています。
500万件弱のデータ削除を行うため、スクリプト実行時間はそれなりに掛かる見込みです。
※三鷹の検証環境で実施した際の実行時間は15分程度でした。検証環境とターゲット環境のスペック差を考慮すると、検証環境より長くなることはない想定です。

そのため、本件のリリースおよびデータ削除作業については通常のリリース作業よりお時間を頂くことになりますので、ご了承のほど、よろしくお願いいたします。

2023/4/26 追記
本日、千葉L30運転管理DBの監査ログ保持期間を変更致しました。
北海道、愛知、徳山については、別途、日程調整させて頂きたくお願い致します。",オフラス,●,●,●,●,,,,,2023/03/17,千葉：2023/4/26,2023/08/23,仕様変更,確認完了,,,,,,,,,,,,,,,"2023/2/22（福山）
保守作業（特に千葉）で支障をきたしているので、早期対応希望します。","2023/2/7（YJP増田）
不具合として対応
保守No606：監査ログ保持期間の変更→3/17（金）エビデンス提出予定",,2023/03 17K2D016_xxx,,,,,,,,,,,,,,,,,,,,,
,607,2022/12/19,千葉,YJP大武,青井圭介,千葉事業所：12月7日ローリー全漁連0.5A重油スロップ処理の件,Q3：後続テスト実施可能,－,その他,運用,"■発生日：2022/12/7
■対応希望日：
■事象
12月7日
全漁連／千葉県漁連 新富津漁協様において（ローリーで）0.5Ａ重油の荷卸しを行ったところ、約４KL
くらい荷卸しした時点で需要家様設備の配管から漏れが発生したため、荷卸しを中止いたしました。
需要家立会者様と相談したところ、他に荷卸し可能なタンクもないことから、残りは持ち戻りました。
（SLOP揚げ）
 
運送会社名：㈱ベイトランスポート
出光車番　：31531（A重油車両：18KLトレーラ）1回転目
陸運車番　：市原８００え３３　
油種・数量：０．５A重油　9.6KL（荷卸し途中で中止した為、数量は不正確）
　　　　　　出荷基地は千葉事業所
納入先名　：全漁連B口座／千葉県漁連 新富津漁港様（受注取引先コード：F0322765）　

【ご教示をお願いしたい事】
•	千葉事業所側のオフラス「勘定転換」要否
　この場合のオフラス「タンク受払い実績」の修正は必要でしょうか？ 

■あるべき姿
■代替手段
","■原因
本件、千葉事業所の業務運用上のお話と思われますので、
ご質問の件について、オフラスとしては答えを持っていない状況です。
オフラス内の在庫の整合性という観点からすれば、持ち戻りした分を入荷で計上いただければ
在庫上は実情に沿うかと思っております。
(しかしながら、持ち戻り数量が不正確とのことですので、どう頑張っても増減が出る状況になってしまっていると思われます。)

勘定転換伝票の発行要否については、千葉事業所の運用ではどうするのか、という点に尽きると思っております。
出荷して、入荷した扱いになるのか、出荷作業自体なかったことにして、現実の油移動に即した伝票とするのかかなと思われます。

オフラスのタンク受払実績画面の修正要否については、
現時点でオフラスでどのように持ち戻りを処理したのかが不明なため、
現実に即した在庫になるようにご調整くださいという回答になるかと思います。
持ち戻りの入荷をオフラスのJOBとして運転はしてない(オフラスには陸上入荷がない)と思われますので、
現実どのような処理をして、各タンクの在庫がどのようになっていれば良いかでメンテナンスいただければと思います。

具体的に、この画面に表示されているこのデータを○○から××に修正したいが、
システムでどう操作すれば良いかわからない、というようなお問合せであれば回答できるかと思います。

ご担当をIKC様とさせていただきます。

■対策
2023/01/04　IKCクローズ。",IKC,,,,,,,,,,,2023/01/04,その他,対応不要,,,,,,,,,,,,,,,,,,,,,,,,,,,,,,,,,,,,,,,
,608,2022/12/19,千葉,YJP大武,青井圭介,千葉事業所：12月8日「立山」揚げ戻し／再出荷0.5C-M処理の件,Q3：後続テスト実施可能,－,その他,運用,"■発生日：2022/12/8
■対応希望日：
■事象
・12月8日「立山」に　0.5C-M　340KLを出荷後、スペックにより、揚げ戻しを実施した。
・「立山」は前港（ENEOS品）の残油約54KLを持っており、千葉出荷分のみを揚げ戻すこと
ができず、340KL＋54KL　（計394KL）を揚げ戻しとした。
・揚げ戻し終了後、0.5C-M　340KLを再度出荷実施。
 
 
【ご教示をいただきたい事】
•	持ち戻りの取扱い
戻入れ     340KL
移入れ     54KL
とするか、
戻入れ     394KL
でも問題はありませんか？
 
２）「勘定転換」伝票要否
　本件につきましても、勘定転換は必要でしょうか？
 
３）「タンク受払い実績」の修正要否
　SLOP受入れ394KLの数量修正が必要でしょうか？

■あるべき姿
■代替手段
","■原因
本件、千葉事業所の業務運用上のお話と思われますので、
ご質問の件について、オフラスでは答えを持っていない状況です。
オフラス内の在庫の整合性という観点からすれば、戻した分を入荷で計上いただければ
在庫上は実情に沿うかと思っております。

持ち戻りの扱いについては、千葉事業所の運用ではどうするのかというお話になるかと思います。
勘定転換伝票の発行要否についても同様の認識です。

タンク受払実績については、結局54KL増えている状況と思われますので、
その通りになるようにメンテナンスくださいという回答になるかと思います。
オフラスのJOBとしては存在しない状況で油移動された場合は、
受払増減が出てもOKとするか、別の方法で辻褄を合わせるかになるかと思います。

具体的に、この画面に表示されているこのデータを○○から××に修正したいが、
システムでどう操作すれば良いかわからない、というようなお問合せであれば回答できるかと思います。

ご担当をIKC様とさせていただきます。

■対策

2023/01/04　IKCクローズ。",IKC,,,,,,,,,,,2023/01/04,その他,対応不要,,,,,,,,,,,,,,,,,,,,,,,,,,,,,,,,,,,,,,,
,609,2022/12/21,北海道,YJP吉永,秦野築,[IOS20-OFL]装置切替JOBのステータス不良,Q2：代替手段により後続テスト実施可能,B：作業計画管理,Y：通信管理,装置JOB切替,"■発生日：　2022年12月21日
■発生拠点：　北海道製油所
■対応希望日：　即日～翌日中

■事象
　現在、OMC上では装置受入れJOB  VAC-VCは20305タンクで通油中だが、オフラス上ではタンク切替中の状態となっている。
　具体的には、20302タンク→20305タンクへの「切替中」ステータスとなっている。
　なおOMC側では20302の装置JOBは終了ステータスになっている。
　OMC保守メニュー「オフラス実績再送信」画面で20302タンク装置ＪＯＢ（12月16日ＪＯＢ終了）の実績再送信を試みたが不可であった。
＊「対象外の日付です」とメッセージが出た。
■あるべき姿
　オフラスとＯＭＣでＪＯＢの状態が同期している。　
■代替手段
　なし","■原因
本件、問題の装置JOBの受信機能が呼ばれなかったことが原因と思われます。
前JOB(JOBNo947384)のJOB実績受信(取込)機能が実行されなかったため、JOBが終了にならず、後JOB(JOBNo947386)が開始したことで、オフラス上ではタンクの切替中という状況になっておりました。
※前JOBの実績の受信(取込)機能が正しく呼び出されなかった原因については、追加で調査いたしますので、EAIのログをご展開いただきたいと思っております。

本件のリカバリ方法について、以下の資料にまとめました。
https://app.box.com/folder/187308127483

概要を記載すると、以下の通りです。
・前JOB(JOB日12/07、JOBNo947384)を実績ファイルメンテナンスから終了状態にしてください。
　→登録する開始日時、終了日時、実績数量は伝文情報より、以下を設定ください。
　　開始日時　22年12月07日00時00分
　　終了日時　22年12月16日00時02分
　　実績数量　9088000

実績ファイルメンテナンスより、前JOBを終了状態に更新できれば、タンクの切替中表示は解消され、次JOBを作成して、切替運転していただける状態になる認識です。

■対策
暫定対応は原因に記載した通りです。
恒久対応はログをいただいた後、調査してお知らせいたします。

2023/5/22 YJP追記
SFサービスにてSocketExceptionが発生したことにより、一時的に通信不良が発生したために
OMCから送信されたCSを受信することができておりませんでした。
保守問題点No.205と同件となりますが、No.205の対応は北海道にもリリース済の状態です。
一度、類似の問題点である保守問題点No.203の対応が北海道に未リリースの状態でしたので、No.203の対応を実施し、様子見とさせて頂きたいと考えております。",オフラス,,●,,,,,,,,2023/07/20,,その他,確認完了,,,,,,,,,,,,,,,,,,,,,,,,,,,,,,,,,,,,,,,
,610,2023/01/10,千葉,YJP村上,伊藤祐希,FileVolante製油所受払月報／勘定転換の自動生成について,Q3：後続テスト実施可能,G：マスバランス,G：マスバランス,受払月報,"■発生日：2023/01/06
■対応希望日：
■事象
受払月報の赤枠部分が自動生成されている事から、 
・当該勘定転換は何故生成されるのでしょうか？
・どのタイミングで生成されるものでしょうか？
・転換でマイナスとなっておりますが、プラス側の転換先も存在するのでしょうか？
・当方側で何か必要な対応はありますか？
商品管理上の帳簿整理について問題が無い事の確認を鑑み、ご教示をいただければと考えております。
■あるべき姿
■代替手段
","■原因
本件、仕様通り処理されている認識です。
3.6C、0.8C、1.5Cについては、原価品名区分が1(自社生産品)、勘定コードが0(商品)で、品名分類が原油でも揮発油、ナフサでもない品名です。
上記の場合、当月の受払増減が1以上の場合は生産数量として増減を計上し、0以下の場合は勘定転換数量として増減を計上する仕様になっております。

詳細はマスバランスの機能仕様書をご確認ください。

以下お問合せの回答です。
•当該勘定転換は何故生成されるのでしょうか？
 →上記の通り、機能仕様による生成です
•また、どのタイミングで生成されるものでしょうか？
 →月次処理の中で受払月次データの計算時に数量を確定し、機械作成伝票の作成処理で伝票が生成、OneSAPに送信されています
•転換でマイナスとなっておりますが、プラス側の転換先も存在するのでしょうか？
 →本件についての転換プラスの伝票は、ソ)重油が相手先品名になっております。
　品名分類3が123の勘定転換の場合、相手先に品名コード48600105がマスタ設定されております。(受払月次集計分類マスタ)
　※ソ)重油は上記の品名以外の勘定転換の相手先にも指定されておりますので、上記3品名の勘定転換の数量の合計とイコールの数量にはなっていません
•当方側で何か必要な対応はありますか？
 →本件は業務上の問題と認識しておりますので、オフラスからは特に必要な対応はない認識です。

■対策
本件、仕様通りの挙動でオフラスの対応は不要の認識です。
保守問題点管理No610を確認中といたしますので、問題がなければクローズください。
",オフラス,,,,,,,,,,,2023/01/12,仕様通り,確認完了,,,,,,,,,,,,,,,,,,,,,,,,,,,,,,,,,,,,,,,
,611,2023/01/24,千葉,YJP村上,伊藤祐希,輸入JETA-1保税作業リカバリお願い,,F：外航通関,F：外航通関,,"■発生日：2023/1/23
■対応希望日：1月31日まで
■事象
１月２３日に１月２０日作成日付で継続保税作業実施。【終了届番号TNK-2302-(A)】
その際に、ＢＰ通関した10000㎘も保税作業数量に加算してしまったため、保税台帳が作成され、外貨在庫に計上されてしまった。
■あるべき姿
IM通関した数量11013.286㎘のみ保税作業を実施し外貨在庫計上。
データのリカバリをお願いします。
■代替手段
なし","■原因
仕様とおり

■対策
データパッチにてリカバリを実施いたします。
2023/01/30 YJP追記
1/30に三鷹検証環境にてデータパッチ後の実際の画面遷移を見ていただき問題無い旨の承諾をいただきましたことから、明日(1/31)にデータパッチを実施いたします。
2023/01/31 YJP追記
データパッチを実施いたしました。内容をご確認願います。
問題無ければ、後続の外貨在庫日報の再集計をお願いいたします。",オフラス,●,－,－,－,,,,,,,2023/01/31,仕様通り,確認完了,,,,,,,,,,,,,,,,,,,,,,,,,,,,,,,,,,,,,,,
,612,2023/01/25,徳山,YJP張替,山本しのぶ,オフラス-外航通関-報告業務⁻保税台帳について（徳山事業所）,Q2：代替手段により後続テスト実施可能,F：外航通関,帳票,保税台帳,"■発生日：
■対応希望日：
■事象
[VIFX050101] -台帳一覧で、
JET A-1の保税台帳に、[VIFX050103]保税台帳詳細のデータが反映されません。
BOTTOM OIL（C始まりの台帳）は正常にデータが反映されます。
■あるべき姿
[VIFX050103]-保税台帳詳細のデータが保税台帳へ反映される。
■代替手段
手入力する。","
■原因
終了届番号に全角(Ｊ）が使用されているため、取得不可となっております。
本来であれば、終了届番号に全角が使用されることはなく、新設として画面龍力する場合は半角のみ入力可能となっております。
■対策
対象のデータは既設にて登録されたデータとのことから、移設時に登録されたデータを全角→半角（Ｊ→J）にデータパッチする対応とさせていただきたく。
2023/01/30 YJP追記
データパッチ検証エビデンスを下記BOXに格納いたしました。内容の確認をお願いいたします。
https://app.box.com/folder/192341360326
・【No612】保税台帳_終了届番号の全角半角変換.xlsx
内容に問題無ければ、データパッチを実施させていただきます。
2023/02/01 YJP追記
データパッチを実施いたしました。
内容のご確認をお願いいたします。",オフラス,－,－,－,●,,,,,,,2023/02/01,データ不備,確認完了,,,,,,,,,,,,,,,,,,,,,,,,,,,,,,,,,,,,,,,
,613,2023/01/31,千葉,YJP村上,伊藤祐希,ボンド出荷データ削除,,F：外航通関,F：外航通関,ボンド出荷オーダ一覧,"■発生日：2023/01/30
■対応希望日：１月３１日まで
■事象
１月３０日　３栄正丸　
出荷JOB開始したが緊急停止を実施して、その後JOB中断終了。
流量計はカウントしていないので、出荷実績数量は0.000kl。
この影響で外航通関 ボンド出荷オーダ一覧で実績確定しないといけない状態になっている。
■あるべき姿
出荷していないのでデータを削除
■代替手段
なし

","■原因
仕様とおり
■対策
データパッチにて対応いたします。
2023/01/31 YJP追記
データパッチを実施いたしました。内容のご確認をお願いいたします。",オフラス,●,－,－,－,,,,,,,2023/01/31,仕様通り,確認完了,,,,,,,,,,,,,,,,,,,,,,,,,,,,,,,,,,,,,,,
,614,2023/01/31,千葉,YJP那須,青井圭介,バイオターミナル出荷伝票について確認依頼,Q1：後続テスト実施不可,J：バイオターミナル管理,J：バイオターミナル管理,バイオターミナル出荷伝票,"■発生日：2023/１/31
■対応希望日：2月１日午前まで
■事象
ETBEタンク開放に伴うボトム引き作業①②の工程で行なった。
　①1/10(18:57)~1/12(04:32)　T50182ボトム引き(既設ポンプ)
　②1/13(14:10)~1/15(22:10)　T50182残油移送(仮設ポンプ)
通常のシフト出荷と作業形態が異なるため伝票を手修正したいが、台帳等問題なく登録できるか確認して頂きたい。
　　　　　
【伝票状態】
・①は「バイオターミナル」→「出荷オーダー管理」で出荷オーダー作成し作業実施したため本伝が作成され伝票確定ができる状態。
・②はバイオターミナルから出荷オーダーを作成せずに作業を実施したため伝票確定ができない状態だった。

【あるべき姿】
・①と②は作業形態が異なるため、それぞれの作業完了日で伝票は2つに分けたい
　①伝票日付：1/12　　数量：4,412,250L
　②伝票日付：1/15　　数量：  401,000L

【今日実施したこと】
　・②の伝票を作成するために、1/15で作業JOBを登録しようとしたが過去日付のため登録できなかった。
　そのため1/31で出荷オーダーを作成、「進捗管理」→「作業ファイルメンテ」より作業内容を手入力し登録した。
　　⇒「バイオターミナル」→「出荷伝票管理」で作業日1/31の伝票状態が本伝となった。
　
【依頼事項】
・②の伝票について、伝票日付を1/31→1/15に変更、数量401L→401,000Lに変更して伝票確定ができるかどうか、台帳在庫も伝票日付と一致した表示となるか、確認して頂きたい。

■あるべき姿
■代替手段
","■原因

■対策
【依頼事項】の対応により、期待されている通りの動作となることを確認いたしました。
三鷹環境で確認した結果を以下に格納いたします。

https://app.box.com/folder/192635477303
　【No614】バイオターミナル出荷伝票についての確認.xlsx",オフラス,●,,,,,,,,,,2023/02/01,仕様通り,確認完了,,,,,,,,,,,,,,,,,,,,,,,,,,,,,,,,,,,,,,,
,615,2023/01/31,徳山,EXE鶴岡,石津英明,オフラス　オーダ管理　バース繰り表について,,A：オーダ管理,帳票,バース繰り表,"■発生日：　2023/01/23
■発生拠点：　徳山事業所
■対応希望日：　2023年2月中旬まで　
■事象
　初期流動対応時、問題点No.3525にてバース繰り表における帳票出力時の不具合対応を図っていただきました。
　　※バース繰り表を出力結果、ボンド出荷オーダーにて１向け先に対して、出荷船（はしけ）２船で
　　　数量分けして同一日・同一バースにて出荷する場合、片側船名のみの表示で１枠にまとまって表示される。
　　　出荷船（はしけ）及び積荷数量がことなるため、枠をわけて印字できるよう修正を依頼。
  該当オーダーにおける事象は解決しておりましたが、新たに、「同一日・他バース」でもまとまって
　表示される事象が発生いたしました。　※添付PDF参照願います。
　頻度も低く措置としては手修正にて変更可能ですが、人歯止めでのチェックを継続して
　いく必要があるため恒久対応として不具合修正を宜しくお願いします。
■あるべき姿
  ボンド出荷オーダー１向け先において「同一日・別バース」の場合でも、はしけ毎に積荷予定欄がわかれること 
■代替手段
　バース繰り表を出力する際に、手動でエクセル表を分割して出力する。
","■原因
バース順位、船名が不一致、オーダ管理No、バースNoが一致しているもので判定していたが
バース順位、船名が不一致、オーダ管理Noが一致しているものに変更
■対策
2023/01/31
対応中
2023/02/02
修正結果送付
2023/02/07
リリース依頼

2023/06/21
ダミーオーダー登録し再現性確認。
結果、帳票出力問題なしのためクローズさせて頂きます。　徳山　石津",自営帳票,,,,●,,,,,,2023/02/21,2023/06/21,仕様変更,確認完了,,,,,,,,,,,,,,,,,,,,,,,,,,,,,,,,,,,,,,,
,616,2023/02/02,千葉,YJP那須,青井圭介,千葉事業所　バイオガソリン「揮発油税算定基礎表」が集計されない,,I：伝票発行管理,I：伝票発行管理,,"■発生日：2023年2月2日
■対応希望日：2023年2月３日午前中まで
■事象
オフラスVIIX060101　揮発油税算定基礎表が集計されません。
  ①伝票発行管理　→バイオガソリン　→揮発油税算定基礎　を選択
  ②年月を指定し、「基礎データ作成」を押下後、10-15分待機
  ③「検索」押下で、以下の表示が出ます。
[2023/01]の[揮発油税算定基礎表]情報は登録されていません

■あるべき姿
一車一船のガソリン出荷数量とETBE濃度及びロット情報が紐付けされている事

■代替手段
手作業","■原因
以下の陸上出荷JOBについて、ステータスが終了となっているのに対して開始日時と終了日時が設定されていなかったことで揮発油税算定基礎データ作成処理が途中で異常終了(※)していました。
　JOB日付：2023/1/27
　JOBNO：283606

※車番別実績データとJOBデータ（ETBE濃度などを取得するため）の紐付けの際、出構日時が作業日時の期間内（開始～終了の間）であるかどうかを参照していますが、終了しているのに日時が設定されていないJOBを参照した場合に処理が中断されていました。

上記のJOBは陸上出荷実実績ファイルメンテナンス画面から終了に更新されており、その際に開始日時と終了日時が設定されていませんでした。
開始日時、終了日時が設定されない問題については過去に北海道でも発生しておりPJT問題点No2511で対応していますが、千葉へのリリースが未実施となっていたため、本事象が発生しております。

■対策
今回、問題となったJOBについては実績数量がゼロ（そもそも車番別実績データとの紐付けは不要）のため、今回の事象については問題となったJOBを陸上出荷実実績ファイルメンテナンス画面から削除して頂くことで、事象が解消されることを確認しております。
三鷹環境にて上記の作業を行い、揮発油税算定基礎データが作成できたことを確認しており、その結果を以下に格納しております。

https://app.box.com/folder/192840516979
　【No616】揮発油税算定基礎データ作成のための作業.xlsx

PJT問題点No2511の対応を千葉にもリリースさせて頂くことで、本事象は発生しなくなります。
また、何らかの理由で同様のデータ（終了しているのに日時が設定されていないJOB）が今後発生した場合に備え、揮発油税算定基礎データ作成処理が異常終了しないよう、プログラム修正の対応も合わせて実施いたします。

2023/02/20
上記のプログラム修正後の検証結果を以下に格納しました。
https://app.box.com/folder/192840516979
　【No616】プログラム修正確認結果_揮発油税算定基礎データが作成されない.xlsx",オフラス,●,,,,,,,,2023/02/20,2023/03/30,2024/02/07,AP・コーディング,確認完了,,,,,,,,,,,,,,,,,,,,,,,,,,,,,,,,,,,,,,,
,617,2023/02/02,千葉,YJP大武,青井圭介,【オフラス】1月末 石炭在庫の修正について、ご相談,Q2：代替手段により後続テスト実施可能,G：マスバランス,G：マスバランス,他課タンク在庫,"■発生日：
■対応希望日：
■事象
＜事象＞
1月末の石炭(COAL)在庫ですが、液位がゼロなのですが、
換算数量はゼロとならず(ゼロが正しい)、マイナスになっています。
 
これにより、実際の石炭在庫は269.149ｔなのにも関わらず、
229.107t(液位0タンク分の換算数量が差し引かれた在庫)が
製油所受払月報に反映されています。
 
＜質問＞
・製油所受払月報の在庫を修正する方法は、
在庫修正設定で修正するしかないでしょうか？
 
・換算数量がマイナスのタンクの換算数量をゼロにする方法はないでしょうか？
(オフラスのマスターで管理しているのでしょうか？)
■あるべき姿
レベル0のタンク在庫量は0である
■代替手段
在庫修正設定
","■原因
本件、オフラスで在庫計算している業務課のタンクではなく、他課のタンクで起きている事象です。
他課のタンク在庫は、自家燃タンク在庫として受信しているデータです。
1/31のタンク在庫の受信データ上、換算数量がマイナスになっているために発生していると考えられます。
(類似と思われますが、1/25の他課タンク在庫でも問題のタンクは換算数量マイナスになっておりました。)

以下ご質問に回答いたします。
・製油所受払月報の在庫を修正する方法は、
在庫修正設定で修正するしかないでしょうか？
→オフラスのみで本件の対処を行うのであれば、在庫修正設定でマイナス分を相殺する設定をするしかないと思われます。
　あるべき対処でいえば、データ元に正しい在庫データを再送していただき、以下の手順で処理する必要があります。
　・再受信
　・商品管理の油量実績取込でタンク在庫の再取り込みの実施
　・商品管理メニュー一番下のタンク在庫データ送信画面から、1/31データの再送
　また、タンク在庫の再取り込みを行った場合で、原油タンクの在庫数量に変化がある可能性が否定できない場合は、念のため1/31の原油タンク取込も再実行し、原油タンク受払実績画面の再入力を行ってください。
　懸念点としては、1/31の他課タンク在庫が正しくなかったということは、BINASに1/31のタンク在庫として現状のマイナス値のデータが送信されているはずです。
　正しいデータを受信して改善した後は、明日以降の在庫送信で過去分の実績として正しい数量が送られると思っておりますが、現時点でBINASに連携している在庫が誤っていることになっている点が懸念されます。

・換算数量がマイナスのタンクの換算数量をゼロにする方法はないでしょうか？
(オフラスのマスターで管理しているのでしょうか？)
→上記の通り、データ元から正しいデータを受信してください。

■対策
本件、オフラスの不具合ではないため、
在庫修正設定で対応するか、正しいデータを受信してリカバリの手順を踏むかをご判断いただければと思います。
進捗を確認中といたしますので、問題が無ければクローズしてください。
",オフラス,●,,,,,,,,,,2023/02/02,仕様通り,確認完了,,,,,,,,,,,,,,,,,,,,,,,,,,,,,,,,,,,,,,,
,618,2023/02/02,徳山,YJP大武,青井圭介,製油所受払月報について　輸入バイオLN(月次決算業務の為、急ぎます。),Q3：後続テスト実施可能,G：マスバランス,G：マスバランス,月次処理,"■発生日：2023/2/2

■発生拠点：徳山事業所

■対応希望日：できれば第三営業日、遅くとも第五営業日までにお願いします。

■事象
製油所受払月報において、２)輸入バイオLNの払出増減が出ています。
今月よりバイオナフサの授受が発生しており、2)セキカヨウユニュウライトナフサで出荷処理をしております。
払出増減数量は授受数量と一致していますが、システム的に生産又は勘定転換の欄で処理がされると考えておりました。
他の授受については、特に転換伝票の処理は実施しておりません。

■あるべき姿
払出増減が出ない。

■代替手段
なし。
","■原因
本件、仕様通りです。

問題とされている「2)輸入バイオLN：11220619」は勘定コードが商品(0)で、自社生産品ではなく、税区分が02で、在庫集計の集計分類区分が、輸入品、社外仕入れ品、ボンド品、カーボンブラックオイル、その他製品ではない品名です。
この品名では、初在庫、末在庫と受払で差分が出た際には、払出増減数量を設定することになっております。

■対策
進捗を確認中といたしますので、問題なければクローズしてください。",オフラス,,,,●,,,,,,,2023/02/02,仕様通り,確認完了,,,,,,,,,,,,,,,,,,,,,,,,,,,,,,,,,,,,,,,
,619,2023/02/02,徳山,YJP大武,青井圭介,製油所受払月報と実地棚卸表の在庫について差異あり(月次決算業務の為、急ぎます。),Q3：後続テスト実施可能,G：マスバランス,G：マスバランス,月次処理,"■発生日：2023/2/2

■発生拠点：徳山事業所

■対応希望日：できれば第三営業日、遅くとも第五営業日までにお願いします。

■事象
製油所受払月報の当月在庫と実地棚卸表の内貨在庫に差異があります。
確認したところ、実地棚卸表の在庫が正しいです。

　　　　　　　　　　　　　月報　　　　　　実棚　　　　　　差
・アストモスプロパン　   1,399,474　　　1,499,474　　　100,000
・脱硫ライトナフサ       7,147,352　　　3,147,207　　 4,000,145

ちなみに、2件とも2/1 10:10分頃に差分の入出荷伝票を送信しておりSAP側には取り込まれています。

■あるべき姿
実地棚卸表の在庫が製油所受払月報に反映されている。

■代替手段
なし。
","■原因
問題の2品名についてオフラス側で受信しているOneSAP伝票の合計数量を算出してみましたが、
栗山様から差分としてご指摘いただいている数量分、足りない状況でした。
状況的には、OneSAPからの戻り伝票を受け取れていないものと思われます。
(入荷も出荷も数量が少ない状態でオフラス側の機械作成伝票が算出されているので、
OneSAP側では出荷量が少ないものとして計算された払出増減や、入荷量が少ないものとして算出された勘定転換を
受け取っており、栗山様からご指摘いただいている状態になっていると思われます。)

■対策
L3.5EAIまで伝文が到達しているかどうかを確認後、EAIの再送機能で再取り込みまたはOneSAPから再送していただく

2023/02/03YJP
問題の伝文ファイルはL3.0EAIまで到達はしているようなのですが、
DBへの取込が行われていない状態のようでした。

お手数をおかけいたしますが、L3.0EAIの「GFS00380_20230201105040094」ファイルの再取り込みを実施いただきたく思います。
※品名と数量から、このファイルの入出荷伝票分の数量が不足しているため、本件発生していると考えています。
　オフラスの入出荷伝票テーブルを確認しましたが、上記のファイルの伝票日付、伝票番号、枝番が抜けておりましたので
　このファイルの再取り込みが必要で間違いないと考えております。
→青井様に問題ファイルの再取り込みを実施いただきました。
　→栗山様に月次処理の再実行をしていただき、月報上で問題が解消していることをご確認いただきました。

本件、確認完了とさせていただきます。

2023/02/06YJP
2/3の調査結果に誤りがありましたので訂正いたします。
・本件、DMZのDBサーバ再起動の影響を受けて、L3.5EAIの挙動が不安定になって発生したものと考えております。
・先の報告では伝文がL3.0まで到達したと報告しましたが、誤りでした。L3.5EAIで留まってしまっていました。
・本件は保守524と類似な事象と考えられます。DMZのDBサーバ再起動後に、L3.5EAIのサービスも再起動しておくとより安全
",オフラス,,,,●,,,,,,,2023/02/03,その他,確認完了,,,,,,,,,,,,,,,,,,,,,,,,,,,,,,,,,,,,,,,
,620,2023/02/02,徳山,YJP増井,和田芳明,新IRISの燃料油試験結果ファイルにて、固定フォーマットにずれが発生する。,,L：試験管理,L：試験管理,新IRISの燃料油試験結果送信,"■発生日：2023/2/2
■対応希望日：できるだけ早く
■事象
新IRISの燃料油試験結果ファイルにて、固定フォーマットにずれが発生し、新IRISで燃料油試験結果が取り込めない。
■あるべき姿
正しく新IRISに取り込みできること
■代替手段
燃料油試験結果ファイルの文字ずれを手直して新IRISに取り込む
⇒新IRIS取込み確認中。徳山國本様、2/3中のリカバリ希望。（IKC追記）
","■原因
以下の条件をすべて満たす場合に境界にあった全角の頭１バイト分が抜けになって設定されてしまう。
１）全角、半角を入力可能な項目である。
２）入力された値が新IRISへ送信する情報より、バイト数が多い。
３）全角文字がバイト数の境界にかかり、全角文字のうちバイトが設定できない。

■対策
上記のようなデータがあった場合、どのように新IRISに送信されればよいかを明確にしてから対策を行う。
応急処置としていずれかの対応可能を行う。
　①受入社名とコメントなど新IRISへの送信データ長より長いものを短くしていただく。
　②設定値をずべて全角とするなど、境界を全角文字がまたがないようにしていただく。
また、現在発生することがわかっているデータは以下になります。
　　受入社名：ENEOS㈱麻里布製油所　　　　　　　　・・・　「製」がバイト数の境界となる
　　コメント：UV試験OUT　合格　三菱商事了承済　 ・・・　「格」がバイト数の境界となる
<対応内容>
全角、半角が混じりの項目で新IRIS送信データ長より長くなる可能性がある以下の項目に対して
データ長が超える部分を切り捨てる。ただし、データ長により境界を跨ぐ全角文字は空白に置き換えて設定する。
　・受入国名
　・受入社名
　・受入積地名
　・コメント
（注）新IRIS側の文字数で入力制限は行わない。新IRISが桁数などに合わせられていない部分ことは既知の問題点のため、修正は本対応とする。",オフラス,●,●,●,●,,,,,2023/02/17,2023/03/15,2023/06/22,設計不備,確認完了,,,,,,,,,,,,,,,,,,,,,,,,,,,,,,,,,,,,,,,
,621,2023/02/06,千葉,YJP大武,伊藤祐希,入荷実績計算書のエラーメッセージについて,Q3：後続テスト実施可能,G：マスバランス,G：マスバランス,入荷実績計算書,"■発生日：2023/02/06
■対応希望日：先月締め作業に影響しないため緊急度はそれほど高くない
■事象
原油の揚荷に伴い、入荷実績計算書の値を修正をしようとしたところ、
計算ボタンを押した際、以下のエラーメッセージが出ました。
『入荷日付は検索日付よりも、以前の日付で入力してください』
 
→しかし、検索日2/2に対し、赤表示になっているのは1/31であるため、
『入荷日付は検索日付よりも、以前の日付で入力してください』
の条件は満足していると思われます。

特記事項として、原油の月またぎ揚荷(1/31～2/2)があったため、
未入荷指定をしています。
 
＜試したこと＞
・1/31～2/2の油量実績1日データ更新＆データ取り込みの やり直し→変わらず。
・1/31未入荷指定解除→在庫計算更新処理(1/31～2/1)後、計算処理→変わらず。
 
■あるべき姿
入荷実績計算書のエラーが出ない
■代替手段
原油タンク受払実績画面から入力

2023/6/22 IKC沼田
本事象が発生した日の入荷実績計算書でのエラー解消 確認済
及び、それ以降も同様のエラーは発生していません。
よって、本件クローズで問題ありません。

(No638と関連）","■原因：
入荷実績計算書(VIGC020701)の「計算」ボタン押下処理にて
「入荷日付＞検索日付」の判定を行い、
その条件を満たした場合にエラーとしているチェック処理がございます。
本判定で使用するために画面項目を日付として結合している処理があり、
入荷日と検索日が月をまたいでいる場合、その処理内での日付補正に誤りがあったため、
以下3パターンの場合にエラーの判定となっていることが分かりました。
①入荷:01/30、検索:02/01
②入荷:01/31、検索:02/01
③入荷:01/31、検索:02/02
また、関連するケースとして各月またぎを確認しましたが、検索日が2月以外の場合は存在しておりません。
※うるう年の場合は範囲が狭まり、②のケースのみで同異常が発生しております。 

■対策：
本画面、本判定における日付の結合処理を修正します。
＜対応内容＞
VIGC020701.html内のJavaScript処理にて日付変換を行う場合に、
画面項目の「月」ではなく、月のインデックスデータとして変換処理を行うよう修正致します。 ",オフラス,●,,,,－,,,,2023/02/10,2023/02/20,2023/06/22,AP・コーディング,確認完了,,,,,,,,,,,,,,,関連課題　保守問題点管理表　No638（派生）,,,,,,,,,,,,,,,,,,,,,,,,
,622,2023/02/09,徳山,EXE鶴岡,青井圭介,桟橋別稼働時間(自営帳票)の稼働日について,Q3：後続テスト実施可能,,,桟橋別稼働時間,"■発生日：2023/2/9
■発生拠点：徳山事業所
■対応希望日：２月末まで
■事象
桟橋別稼働時間の帳票において，稼働日が
2023年1月分は59日
2022年10月分は61日となっている。
2022年11月分は30日、12月分は31日となっており正常。
■あるべき姿
2023年1月分、2022年10月分ともに31日となっている。
■代替手段
Excel手修正。
","■原因
現行SQLが＋31日で検索していたため
■対策
2023/02/17
検索月＋１月で検索するよう修正",自営帳票,,,,●,,,,,,2023/02/21,2023/02/28,調査中,確認完了,,,,,,,,,,,,,,,,,,,,,,,,,,,,,,,,,,,,,,,
,623,2023/02/09,徳山,EXE鶴岡,青井圭介,石連週報・緊急時運用報告調査表(自営帳票)の製品備蓄数量変更について,Q3：後続テスト実施可能,,,緊急時運用報告調査票,"■発生日：2023/2/9
■発生拠点：徳山事業所
■対応希望日：２月24日
■事象
石連週報の製品備蓄数量について、数量変更が発生しました。
ガソリン　1700⇒2900へ変更願います。
緊急時運用報告調査表についても、同様に修正をお願いします。
■あるべき姿
ガソリン　2900となっている。
■代替手段
Excel手修正。
","■原因
値の更新
■対策
2023/02/17
更新完了→リリース依頼済み",自営帳票,,,,●,,,,,,2023/02/21,2023/02/28,調査中,確認完了,,,,,,,,,,,,,,,,,,,,,,,,,,,,,,,,,,,,,,,
,624,2023/02/13,千葉,YJP増田,青井圭介,画面が応答しない状態が発生,Q1：後続テスト実施不可,X：共通,その他,,"■発生日：2023/2/10 23:31
■対応希望日：2週間以内
■事象
2/10 23:31頃：千葉オフラスにて画面操作を全く受け付けない状態が発生。
2/10 23:40頃：L30APサーバ再起動により復旧。
※メッセージ一覧を見ても、31分から復旧までの40分頃まで、メッセージが一切ない状態になっていました。
■あるべき姿
画面操作時、応答がある事。
■代替手段
なし（APサーバ再起動）","■原因
ログを確認しましたところ事象発生時刻付近でDB接続不可となっている時に出力されるようなエラーが出ております。
Oracleのアラートログを確認致します。
2023/5/22 YJP追記
Oracleのアラートログを確認しましたが、事象発生時にエラーは出力されておりませんでした。
ログには、UIサービスが「停止→起動開始→停止→起動開始」を繰り返しており、
サービス停止後、起動処理を開始しますが、すぐに停止処理が実行されている状態です。
この際、起動時のエラーは出力されておらず、根本原因究明につながるような情報は得られていません。
一時的にDBとの接続が不安定になったことにより発生している可能性もありますが、明確な原因は不明です。

■対策
一度、様子見とさせて頂きたいと考えております。
また、UIサービスが停止、起動を繰り替えしている間に、UIのExceptionが出力されております。
次回同事象発生時は、サービス再起動前にExceptionを取得頂きたくお願い致します。

2023/8/23 YJP追記
本件発生以降、再発していないため、一度クローズとさせて頂きます。
同様の事象が発生した場合には新規起票にて対応させて頂きます。",オフラス,,,,,,,,,,,2023/08/23,その他,確認完了,,,,,,,,,,,,,,,,,,,,,,,,,,,,,,,,,,,,,,,
,625,2023/02/15,徳山,和田芳明,青井圭介,LABAIDからEAIサーバー経由L4層への報告書・成績書のPDF送信が1月26日以降エラーが発生。,Q1：後続テスト実施不可,L：試験管理,Y：通信管理,,"■発生日：2023/01/26
■対応希望日：
■事象ABAIDからEAIサーバー経由L4層への報告書・成績書のPDF送信が1月26日以降エラーが発生して送信されないで、PDFファイルの直下に残ったままになっている。L4層の送信先フォルダーが不明の為確認ができていない。
■あるべき姿
送信された後はDoneに移動するがされていない。
■代替手段
","■原因
1/26にDMZ DBサーバを再起動した影響と見られます。


■対策
先ほど復旧を行いモニタサーバ側へ連携されていることを確認済みです。
※サーバ再起動時の考慮すべき点として、手順に加え改善いたします。
",,,,,,,,,,,,2023/02/15,,確認完了,,,,,,,,,,,,,,,,,,,,,,,,,,,,,,,,,,,,,,,
,626,2023/02/15,徳山,和田芳明,和田芳明,製油所モニターサーバー（150.92.65.4）の報告書・成績書PDFを格納しているフォルダのCA1、CA2、CA3を共有。　,Q1：後続テスト実施不可,L：試験管理,N：製油所モニタ,製油所モニタ フォルダ共有,"■発生日：2023/02/15
■対応希望日：
■事象　製油所モニターサーバー（150.92.65.4）にEAIサーバーから送信している報告書・成績書PDFを格納しているフォルダのCA1、CA2、CA3をアクセス出来る様にNACCSｰRECVと同じように共有化してほしい。　
■あるべき姿
■代替手段
","■原因
　・保守移行前までに要件としてあがっていないため未対応。

■対策
　・当該フォルダを共有する。
",IKC,,,,●,,,,,,,2023/06/21,設計不備,確認完了,,,,,,,,,,,,,,,関連課題　PJ問題点管理表　愛知No3542（横展開）,,,,,,,,,,,,,,,,,,,,,,,,
,627,2023/02/15,徳山,和田芳明,和田芳明,EAIサーバーのSHAREフォルダにLABAIDサーバーのSHAREデータが転送できない。　,Q1：後続テスト実施不可,L：試験管理,Y：通信管理,製油所モニタ キャビネット,"■発生日：2023/02/15
■対応希望日：
■事象　EAIサーバーにある共有フォルダSHAREにOA系に渡したい実績データのファイルをLABAIDサーバーから送信設定したいがFTP送信できない。運転管理ETSRではFFFTPを使用してファイルのミラーリングを実施している。　
■あるべき姿　LABAIDサーバEドライブの\SHARE\004品質管理 のフォルダがEAIサーバーにミラーリングされ、製油所モニタサーバのSHAREフォルダーに送信される。
■代替手段
","■原因
　・保守移行前までに要件としてあがっていないため未対応。

■対策
　・品管APから運転管理同様のキャビネット機能を追加する。",IKC,,,,●,,,,,,,2023/06/21,設計不備,確認完了,,,,,,,,,,,,,,,関連課題　PJ問題点管理表　愛知No3543（横展開）,,,,,,,,,,,,,,,,,,,,,,,,
,628,2023/02/16,千葉,YJP那須,青井圭介,【確認お願い】入荷伝票SAPデータの件,Q1：後続テスト実施不可,I：伝票発行管理,I：伝票発行管理,入荷伝票,"■発生日：2023/02/14
■対応希望日：2023/02/16
■事象
入荷伝票をオフラスから送信したが、SAPに反映されていない。
　伝票日付　２月１１日
　伝票№　　№４０００１
OneSAP側の回答としては、今回の「バイオETBE」において、評価タイプで管理していない品目コードで評価タイプ付きで送られてきているためエラーになっているとのこと。

OneSAPより以下の追加質問あり
従来のバイオETBAの場合は伝票番号が毎回5始まりなのですが、今回4始まりなのはなぜか。

■あるべき姿
入荷伝票がSAPに反映される。

■代替手段
","■原因
該当の伝票に登録されている品名のSAP品目コード、SAP評価タイプが以下の通り設定されており、その組み合わせがOneSAP側で管理されていないためです。
　SAP品目コード：F09159000
　SAP評価タイプ：PAID
　※SAP品目コードが'F09159000'、SAP評価タイプがブランクの組み合わせがOneSAP側で管理されている模様です。

上記の品名についてはSAP品目コード、SAP評価タイプが更新されています。

また、伝票番号に関する追加質問について、伝票番号の先頭２桁は以下の組み合わせにて決定されます。
　・基地
　・伝票区分
　・伝票種別
過去のバイオETBEの入荷伝票は伝票種別がパイプラインのため伝票番号は”40”始まりになっていますが、今回は伝票種別が外航のため、伝票番号が”50”始まりとなっています。

■対策
本来どのような伝票を登録したかったのかをご担当者様へ確認いただき、その内容に合わせてマスタメンテナンスおよび伝票送信をする必要があります。
",IKC,●,,,,,,,,,,2023/03/13,仕様通り,確認完了,,,,,,,,,,,,,,,,,,,,,,,,,,,,,,,,,,,,,,,
,629,2023/02/28,徳山,YJP大武,山本しのぶ,オフラス-荷繰調整-PL出荷伝票について（徳山事業所）,Q2：代替手段により後続テスト実施可能,D：実績管理,D：実績管理,石化取引実績受信,"■発生日：　2023/02/28

■発生拠点：徳山事業所

■対応希望日：2023年3月中

■事象
　石化取引マスタに登録している流量計№33（LNの内貨）の出荷伝票が
正しく発行されません。
　流量計№32（LNの外貨）の出荷伝票内に作成されます。

■あるべき姿
石化取引マスタに登録している内容で伝票を発行する。
　　
■代替手段
　手修正する。
","■原因
石化取引マスタの伝票グループがNo32、33ともに「1」となっているため、
同じ伝票にまとめるように処理されていると思われます。
別の伝票で作成しなければならない場合は、石化取引マスタの伝票グループを別の数値に変えてください。
※データを再受信しますと伝票グループごとに作成されるかと思います。
　本日分の伝票は、画面から手修正されているのであれば、後日No32と33を同日で受信した日でご確認いただければと思います。

■対策
進捗を確認中とさせていただきますので、問題なければクローズしてください。
",オフラス,,,,●,,,,,,,2023/03/06,仕様通り,確認完了,,,,,,,,,,,,,,,,,,,,,,,,,,,,,,,,,,,,,,,
,630,2023/02/28,千葉,YJP小笠原,伊藤祐希,ブレンドシミュレータ計算結果が計算履歴一覧にない,Q1：後続テスト実施不可,K：ブレンドシミュレーション,K：ブレンドシミュレーション,ブレンドシミュレータ計算履歴一覧,"■発生日：2023/2/19
■対応希望日：1か月以内
■事象
不具合かどうかわからないので調査を含めてお願いします。
2/19にブレンドシミュレータで計算した05Aがなかなか合格にならず何度も計算していますが、
最終的に合格になった実行結果がブレンドシミュレータ履歴画面に残っていません。 
採取したサンプルからは正しい計算結果で生産できていないような試験結果だったらしいのですが、それの確認で
ブレンドシミュレータを見たところ発覚しました。
＜エビデンス＞
https://app.box.com/folder/197172048679
■あるべき姿
履歴が正しく参照できる
■代替手段
なし
","■原因
ブレンドシミュレータ条件入力画面の[計算]ボタンからブレンド計算を行い、ブレンド計算結果をブレンドシミュレータ計算結果詳細確認画面に表示しますが、ブレンドシミュレータ計算結果詳細確認画面に遷移する前に、ブレンド計算結果が以下のいずれかの場合は、処理を続けるかの確認ダイアログが表示されます。
　・比率が0％の基材がある
　　「混合比率が0％の基材があります。」
　・比率の合計が100％でない
　　「混合比率合計が100％ではありません。」または「TOTAL_PERCENTAGEが100ではありません。」
確認ダイアログで「いいえ」を選択した場合は、処理を中断し、計算履歴情報を削除します。

ブレンド計算を行い合格になった結果の混合比率をJOBに設定すると、JOBに計算履歴管理コードが紐付きます。この状態で再度JOB画面からシミュレータを起動してブレンド計算を行った際に、確認ダイアログが表示され「いいえ」を選択したため計算履歴管理コードの情報が削除されたものと思われます。

操作履歴では、以下のような操作となっております。
13:51:12 ブレンドシミュレータ条件入力画面の[計算]ボタン押下
13:53:04 ブレンドシミュレータ計算結果詳細確認画面の[設定]ボタン押下
13:59:02 一般シフト生産作業予定画面の[登録]ボタン押下
14:09:51 ブレンドシミュレータ条件入力画面の[計算]ボタン押下
　→ ここの操作によって削除されたものと思われます。
　　※blendsimフォルダにあるINPUT/OUTPUTファイルのタイムスタンプも14:09

■対策
",オフラス,●,,,,,,,,,,,仕様通り,確認完了,,,,,,,,,,,,,,,,,,,,,,,,,,,,,,,,,,,,,,,
,631,2023/03/01,北海道,YJP小笠原,秦野築,保守問題点No.605リリース後の挙動について,Q3：後続テスト実施可能,K：ブレンドシミュレーション,K：ブレンドシミュレーション,[VIKA01010]ブレンドシミュレータ条件入力画面,"■発生日：2023/3/1日
■対応希望日：2023/3/3
■事象
本件は問い合わせとなります。
保守問題点管理No.605のシステム改修後の挙動について質問がございます。
・ブレンドシミュレーション画面において、Hpp/Lpp/36Cの選択欄の初期表示は空欄になっているでしょうか？
・空欄になっていない場合、例えば初回に36Cを選択した場合、2回目の3.6C-2000のブレンドシミュレーション画面展開時には　36C が選択された状態になっているでしょうか？
（つまり2回目以降は初回に選択した値が引き継がれますか？）
■あるべき姿

■代替手段
","■原因
■対策

ブレンドシミュレータ条件入力画面のHpp/Lppの初期表示は、同一作業品名の前回値となります。
No.605リリース後の初回に「36C」を選択したブレンド計算を行った場合、次回以降の初期表示は「36C」が選択された状態となります。
(初回に選択した値は次回以降引き継がれます。）",オフラス,,●,,,－,,,,,,2023/03/02,その他,確認完了,,,,,,,,,,,,,,,,,,,,,,,,,,,,,,,,,,,,,,,
,632,2023/03/02,北海道,YJP大武,菊池聖子,【至急】プロピレン在庫計上について,Q2：代替手段により後続テスト実施可能,G：マスバランス,G：マスバランス,在庫集計,"■発生拠点：　北海道製油所

■対応希望日：至急３／３ＡＭまで　

■事象
①2月度において1)石化用PC-PPの在庫282.895MT(重量)を輸入申告し、全量内貨としました。
②申告後に納税伝票を起票、その際、関税、石油石炭税の数量は税率計算上、容量541.944KL(282.895×0.522)で起票しました。
　③受払月報を確認したところ、納税伝票で起票した容量541.944KLが計上されたため、
　　重量である前月在庫282.895MTとの差異259.049が生産に計上されてしまいました。
　④在庫修正リストはPCPP在庫「0」で計上しました。
■あるべき姿
納税欄に計上される数値は282.895、生産には計上されない。

■代替手段
","■原因
本件、仕様通りの認識です。
頂いたエビデンスに記載されている通り、納税伝票ではKGで起票されている認識です。
(対象の品名(石化プロピレン)はマスタ上重量で設定されております。)
KGで伝票が発行されているので、月報上も伝票の値が納税転換で表示されている、という状況であると思われます。
問題の伝票はどの画面、どの機能を使って作成されたものでしょうか。

通常通り伝票発行管理から作成されたのであれば、特に関税や石油石炭税の変換対応などは無い認識です。
月報上の数値を意図通りとするためには、現在問題になっている伝票を訂正して、重量値で数量設定していただければ、納税の値が意図通りになり、増減分が生産に計上されることは無くなるかと思われます。

■対策
進捗を確認中とさせていただきますので、問題が無ければクローズください。

2023/03/03YJP
取消・訂正伝票を送信することで、月報上の問題が解消された旨、田苗様よりご連絡いただきました。
本件、クローズさせていただきます。",オフラス,,●,,,,,,,,,2023/03/03,仕様通り,確認完了,,,,,,,,,,,,,,,,,,,,,,,,,,,,,,,,,,,,,,,
,633,2023/03/07,千葉,YJP吉永,伊藤祐希,IOS20-OFL:3/2硫黄外航オーダー削除依頼,Q2：代替手段により後続テスト実施可能,A：オーダ管理,A：オーダ管理,外航出荷オーダ,"■発生日：　2023/3/3
■対応希望日：  3月10日まで
■事象： 3/2　IVER　ABILITY　　
出荷が3/2→3/3に日延べとなった為、オーダーを3/3に変更しようとしたところ、
「JOBが送信中または作業中のため更新できません」とメッセージがでで変更ができなかった。

3/3分は手入力でオーダーを作成して荷役実施したが、3/2は出荷していないのにオーダーが残っている状態

■あるべき姿： 出荷していないのでオーダー管理No2302220046データを削除
■代替手段：なし 
","■原因
調査中

オーダ管理No：2302220046が削除できなかった原因は、オーダとJOB情報の紐づけが残ってしまった為に、削除ができない状態になっていました。
※実際のJOB情報は削除されているのに、オーダとJOBの紐づけが残ってしまっている。

本件は、オーダ管理No：2302220046,2302220047のどんぶり出荷で発生しており、2302220047のオーダ変更した際に、もう片方のオーダ（2302220046）の更新（JOB情報との紐づけ解除）が行われなかったことにより発生しています。

オーダ（2302220046）の更新が行われなかった原因について、以下、DBの更新状況から確認した内容になります。
3月3日2時50分にユーザID：95009161の方と直担当の方が、同時刻に同じオーダ（2302220047）に対して、それぞれ以下の操作を行っています。
・外航出荷オーダ編集画面から作業日付を3/2 ⇒ 3/3に変更し、オーダ登録
・JOBNo削除画面から対象のJOB削除を実施

その為、オーダ（2302220047）への変更処理がバッティングした為、エラーとなりオーダ変更が失敗しています。従いまして、もう片方のオーダ（2302220046）の更新が行われませんでした。
■対策
2023/03/13 YJP追記：3/8 余計なオーダを削除するデータパッチを当てました。

本件ですが、別々の端末から同タイミングで同じオーダ、もしくはJOBに対して、更新・削除の操作を行わないようご担当の方へ周知をお願い致します。
また、対策については、そのような操作は想定していない為、対応不要でクローズさせていただきたく思っております。

2023/03/17　YJP追記：千葉業務課 伊藤様よりクローズの連絡あり",オフラス,●,,,,,,,,,,2023/03/17,その他,対応不要,,,,,,,,,,,,,,,,,,,,,,,,,,,,,,,,,,,,,,,
,634,2023/03/09,北海道,YJP大武,秦野築,オフラス実績管理の挙動について,Q3：後続テスト実施可能,D：実績管理,D：実績管理,JOB実績ファイルメンテ,"■発生日：　2023年3月9日
■対応希望日：　３月１３日迄
■事象
本件は問い合わせとなります。
オフラス実績管理の挙動について質問がございます。
過去の装置受払JOBの実績情報（対象装置、タンク名、油種、切り替え日時）を確認したいのですが、オフラス上で確認する方法は存在するでしょうか？
■あるべき姿
　なし。　
■代替手段
　なし。
","■原因
該当の情報は、JOB実績ファイルメンテナンス画面から確認可能と思われます。
装置品名(対象装置と油種が判別可能の認識です)、受払タンクタグNo、開始日時、終了日時(切替された日時の認識です。)が確認できます。

しかしながら、JOB日を検索条件に指定する必要があり、過去の装置受払JOBということだと、対象JOBのJOB日が判明していないと検索、表示することが出来ません。
また、終了した/削除されたJOBの情報は6カ月(JOB日が6カ月前)で削除されることになっております。
(夜間のデータクリーニング処理にて削除しております。)

■対策
本件、お問合せのため、ご担当をIKC様とさせていただきます。
問題なければクローズしてください。",IKC,,●,,,,,,,,,2023/03/09,その他,確認完了,,,,,,,,,,,,,,,,,,,,,,,,,,,,,,,,,,,,,,,
,635,2023/03/13,北海道,YJP小笠原,秦野築,ブレンドシミュレータ計算結果誤り,Q3：後続テスト実施可能,K：ブレンドシミュレーション,K：ブレンドシミュレーション,ブレンドシミュレータ,"■発生日：2023年3月13日
■対応希望日：　３月20日迄
■事象
オフラスブレンドシミュレーターにおいて、異なる2油種の計算結果が基材・比率が同一であるにもかかわらず、結果性状に差異がある。（両方計算誤り）
詳細は添付資料を参照願います。
また、これに関連しているか不明だが、ブレンドシミュレーターの「Lpp/Hpp」の選択肢に「36C」が出てこない。　
<エビデンス>
https://app.box.com/file/1162811770225
■あるべき姿
　・基材の比率が同一の場合、結果性状は常に同一となる　
　・「Lpp/Hpp」の選択肢に「36C」が出る
■代替手段
　なし
","■原因
No.605のリリースにてシステム定数の追加スクリプトの適用が漏れておりました。
申し訳ございません。
■対策
システム定数の追加スクリプトを適用致します。
",オフラス,,●,,,－,,,,,2023/03/13,2023/03/13,その他,確認完了,,,,,,,,,,,,,,,,,,,,,,,,,,,,,,,,,,,,,,,
,636,2023/03/08,徳山,青井圭介,青井圭介,L35EAIのエラーログ出力先が設定されていない,,Y：通信管理,Y：通信管理,EAIパラメータ設定,"■発生日：
3/8発覚

■対応希望日：
なるはや

■事象
EAIのエラーログ出力先がイベントログになっていない。（千葉以外）
先日、徳山事業所において化学品LAS連携不良が発生していたが、
イベントログ記録されておらず、異常検知が遅れた。

■あるべき姿
エラーログ出力先がイベントログになっている。

■代替手段
なし

■その他
現在の各所設定状況は以下の通りです。（千葉L30EAIの設定が少し異なっています）
〇北海道
　・モニタ
　　　エラーログ出力先：送信しない
　　　警告ログ出力先　：送信しない
　　　情報ログ出力先　：送信しない
　・L35EAI
　　　エラーログ出力先：送信しない
　　　警告ログ出力先　：送信しない
　　　情報ログ出力先　：送信しない
　・L30EAI：送信しない
　　　エラーログ出力先：送信しない
　　　警告ログ出力先　：送信しない
　　　情報ログ出力先　：送信しない

〇千葉
　・モニタ
　　　エラーログ出力先：イベントログ出力
　　　警告ログ出力先　：送信しない
　　　情報ログ出力先　：送信しない
　・L35EAI
　　　エラーログ出力先：イベントログ出力
　　　警告ログ出力先　：送信しない
　　　情報ログ出力先　：送信しない
　・L30EAI：送信しない
　　　エラーログ出力先：送信しない
　　　警告ログ出力先　：イベントログ出力
　　　情報ログ出力先　：イベントログ出力

〇徳山
　・モニタ
　　　エラーログ出力先：送信しない
　　　警告ログ出力先　：送信しない
　　　情報ログ出力先　：送信しない
　・L35EAI（EAI01、EAI02ともに）
　　　エラーログ出力先：送信しない
　　　警告ログ出力先　：送信しない
　　　情報ログ出力先　：送信しない
　・L30EAI：送信しない
　　　エラーログ出力先：送信しない
　　　警告ログ出力先　：送信しない
　　　情報ログ出力先　：送信しない

〇愛知
　・モニタ
　　　エラーログ出力先：送信しない
　　　警告ログ出力先　：送信しない
　　　情報ログ出力先　：送信しない
　・L35EAI
　　　エラーログ出力先：送信しない
　　　警告ログ出力先　：送信しない
　　　情報ログ出力先　：送信しない
　・L30EAI：送信しない
　　　エラーログ出力先：送信しない
　　　警告ログ出力先　：送信しない
　　　情報ログ出力先　：送信しない

","■原因
ログ出力先の設定内容が各拠点であっておりませんでした。

■対策
4拠点以下の設定に統一します。
　・モニタ
　　　エラーログ出力先：イベントログ出力
　　　警告ログ出力先　：送信しない
　　　情報ログ出力先　：送信しない
　・L35EAI
　　　エラーログ出力先：イベントログ出力
　　　警告ログ出力先　：送信しない
　　　情報ログ出力先　：送信しない
　・L30EAI：送信しない
　　　エラーログ出力先：イベントログ出力
　　　警告ログ出力先　：送信しない
　　　情報ログ出力先　：送信しない
※1 設定変更後、InitServiceの再起動が必要となります。
※2 リリース時期については別途ご相談させてください。

2023/4/25　追記
本日、徳山、愛知のL30、L35、モニタのEAIの設定変更を実施しました。
2023/4/26 追記
本日、千葉のL30、L35、モニタのEAIの設定変更を実施しました。
2023/9/22 YJP追記
8/31に北海道のL30、L35、モニタのEAIの設定変更を実施しました。",オフラス,●,●,●,●,,,,,,"徳山：2023/4/25
愛知：2023/4/25
千葉：2023/4/26
北海道：2023/8/31",2023/10/18,環境設定,確認完了,,,,,,,,,,,,,,,,,,,,,,,,,,,,,,,,,,,,,,,
,637,2023/03/20,徳山,青井圭介,栗山明子,IOS20-OFL：ボンド品受払表(自営帳票)の品名追加について,,,,,"■発生日：2023/3/14
■発生拠点：徳山事業所
■対応希望日：3月31日
 (3月実績で1)0.5C-Mの入荷が発生している為、4月月初には反映されるようお願い致します。)
■事象
オフラス画面上には1)0.5C-Mの表記はあるが、印刷をクリックしExcel化すると表記がない。
■あるべき姿
Excelへも表示されている。
■代替手段
Excel手修正。
","
2023/03/20
リリース依頼済み",自営帳票,,,,●,,,,,,2023/03/28,2023/04/12,仕様変更,確認完了,,,,,,,,,,,,,,,,,,,,,,,,,,,,,,,,,,,,,,,
,638,2023/03/22,千葉,YJP吉永,伊藤祐希,日付変更時に異常動作,Q3：後続テスト実施可能,A：オーダ管理,A：オーダ管理,パイプライン出荷オーダ編集・ジェット出荷証明書,"※保守問題点No.621から派生した問題点です。
■発生日：2023/03/22
■事象
以下の画面にて、日付変更時に異常動作が発生します。
　①VIAA020702_パイプライン出荷オーダ入力 - 編集画面
　　⇒作業日, 卸日に特定の日付を設定し、作業日を変更した際、作業日が卸日より未来日付にも関わらず、
　　　卸日に作業日が自動で設定されない。　
　②VIBP080302_ジェット出荷証明書編集画面
　　⇒発行月を変更した時、連動して出荷証明書番号が変更されない。

詳細は、以下の問題点エビデンスをご確認ください。
https://app.box.com/folder/199937777984
：日付変更時に異常動作発生.xlsx
■あるべき姿
①作業日を変更した時、作業日が卸日よりも未来の場合、連動して卸日に作業日と同じ日付を設定する
②発行月を変更した時、連動して出荷証明書番号が変更される。
■代替手段
①, ②共に画面より手修正を行う。

2023/3/30徳山エビデンス確認OK
2023/6/21北海道エビデンス確認OK
2023/6/22千葉エビデンス確認OK
","■原因
　日付を扱う処理に誤りがありました。
■対策
　日付を扱う処理を修正します。
　あるべき姿①②が正常に動作するように対応致します。

2023/03/29YJP記載
検証エビデンスを以下に格納致しました。
https://app.box.com/folder/200989478602",オフラス,●,●,●,●,,,,,2023/03/29,2024/02/14,,AP・コーディング,確認完了,,,,,,,,,,,,,,,,,,,,,,,,,,,,,,,,,,,,,,,
,639,2023/03/22,千葉,YJP吉永,青井圭介,画面操作が受け付けない状態になった。,Q1：後続テスト実施不可,X：共通,その他,,"■発生日：2023/03/22
■対応希望日：
■事象
千葉オフラスにて画面操作を全く受け付けない状態が発生。
L30APサーバ再起動を実施したが、ログイン画面が立ち上がらなかった。（NOT FOUNDと表示される）
■あるべき姿
画面操作時、応答がある事。
■代替手段
なし（APサーバ再起動）","■原因
調査中です。
2023/5/22 YJP追記
ログを確認したところ、事象発生時にFREESIA_UIサービスが「停止→起動→起動時エラー→停止」を繰り返していました。（保守問題点No.624と類似の事象と思われます。）
起動時にojdbcドライバのデプロイでエラーが発生しており、同タイミングでOracleのaleartログにエラーが出力しております。
これより、一時的にDBとの接続が不安定になり、UIサービスが停止、再起動を繰り返し、正常に起動しなかったために画面操作を受け付けない状態になったと考えられます。

■対策
一度、様子見とさせて頂きたくお願い致します。

2023/8/23 YJP追記
No.624と同様に本件発生以降、再発していないため、一度クローズとさせて頂きます。
同様の事象が発生した場合には新規起票にて対応させて頂きます。",オフラス,●,,,,,,,,,,2023/08/23,その他,確認完了,,,,,,,,,,,,,,,,,,,,,,,,,,,,,,,,,,,,,,,
,640,2023/03/27,北海道,YJP吉永,秦野築,[IOS20-OFL]入出荷作業計画一覧表取込不良,Q1：後続テスト実施不可,B：作業計画管理,帳票,入出荷作業計画一覧表,"■発生日：　2023年3月26日
■対応希望日：　2023年3月31日迄
■事象
　入出荷作業計画一覧表を印刷した際に取込不良が発生した。
　※PG-PZ 40KL出荷分が抜けている、添付参照願います。
問題点エビデンス
＜https://app.box.com/folder/200638903984＞
■あるべき姿
　正常に取り込まれる。
■代替手段
　なし","■原因
調査中
3/27 追記
オーダNo、船名、バース、品名、タンクNoが重複しているかチェックをし、すべて重複していた場合について片方を削除する処理となっておりました。
■対策
上記の重複時の処理を削除します。

2023/3/29 追記
検証エビデンスを下記に格納いたしました。
<https://app.box.com/folder/201048216986>",オフラス,●,●,●,●,,,,,2023/03/29,2023/06/29,,AP・コーディング,確認完了,,,,,,,,,,,,,,,,,,,,,,,,,,,,,,,,,,,,,,,
,641,2023/03/27,千葉,植木秀幸,伊藤祐希,ロット試験依頼,Q2：代替手段により後続テスト実施可能,Y：通信管理,Y：通信管理,,"■発生日：2022/09/22
■対応希望日：出来るだけ早く
■事象：千葉潤滑油運転管理システムより以下のメッセージが発報
[2022/09/27 14:23:00]
AP:LUB21: エラー: 1000:XMB0千葉運転管理システム ＜OF00902B:オフラスファイル送信（toEAI）でエラーが発生しました。 リモート サーバーがエラーを返しました: (550) ファイルが使用できません (例: ファイルが見つからない、ファイルへのアクセスがない)＞
■あるべき姿：FTP連携で異常が起きないこと
■代替手段：潤滑油システム側のリトライ実施
","■原因
・2022/09/27 システムエグゼ調査中
・2023/05/25現在、IKC担当課にてトレースログを採取しMS問合せ中。
・2023/06/19FTPに使用しているフォルダ（d:\inetpub\ftproot\SBM_XMB0_R）に対して、
McAfeeのプロセスがFTP通信が発生した時間帯と同じ時間で動作している模様→McAfeeの設定でフォルダの検索除外
・2023/06/21該当パスのみ除外登録
■対策
No.723へ移管のためクローズ。",その他,●,,,,,,,,,,,調査中,対応不要,,,,,,,,,,,,,,,,,,,,,,,,,,,,,,,,,,,,,,,
,642,2023/03/30,徳山,YJP張替,山本しのぶ,オフラス-外航通関-報告業務⁻保税台帳・分割申告あり　について（徳山事業所）,Q2：代替手段により後続テスト実施可能,F：外航通関,帳票,輸入台帳,"■発生日：2023/3/30
■対応希望日：2023年4月中
■事象：輸入台帳（分割申告あり）に、[VIFX050102］輸入台帳詳細の価格データが
正しく反映されない。
1回目のBP通関時に作成した輸入台帳には正しく反映されました。
■あるべき姿：輸入台帳（分割申告あり）にも輸入台帳詳細のデータが正しく反映される。
■代替手段：手修正
","■原因
帳票上の貨物搬出明細（2次申告データ）が存在する想定で処理が作られていたため、今回の2次申告をされていない状況で、表示処理に不備がございました。
■対策
2次申告データが存在しない場合でも正常に表示できるよう修正いたします。

2023/4/10 追記
検証エビデンスを下記に格納いたしました。
<https://app.box.com/folder/202694426776>",オフラス,●,●,●,●,,,,,2023/04/10,2023/04/25,2023/04/27,設計不備,確認完了,,,,,,,,,,,,,,,,,,,,,,,,,,,,,,,,,,,,,,,
,643,2023/04/03,千葉,YJP吉永,伊藤祐希,IOS20-OFL:外交入荷オーダー登録不可,Q1：後続テスト実施不可,B：作業計画管理,X：共通,入荷作業予定,"■発生日：　2023/4/3
■対応希望日：至急（13:30から入荷予定）
■事象： 本日入荷予定の入荷オーダーが登録できません。登録しようとすると画面に「B_E1_0054」の文字だけで他に何も情報がありません。また当該オーダーは3/31にJOBNO設定していますが、4月に入ってから削除されているようです。（未確認）
取り急ぎご対応をお願いします。
■あるべき姿： オーダーが登録できる。
■代替手段：なし","■原因
エラーメッセージ定義とプログラムとの整合性がとれておらず、エラーコードが出力されてしまっています。

愛知オフラスFAT時に、海上入荷JOB登録において、発生したエラー箇所がわからないと指摘を受け、詳細な情報を出力するようにエラーメッセージ定義を修正しております。
⇒修正したメッセージ定義のみが千葉に先行して入ってしまいました。

■対策
2023/04/03 YJP
エラーコードの内容を伊藤様に連携し、正常に入荷JOBが登録できることをご確認いただきました。

先行して入ってしまったメッセージ定義を除外したファイルを緊急リリース致します。",オフラス,●,,,,,,,,,2023/04/04,,その他,確認完了,,,,,,,,,,,,,,,,,,,,,,,,,,,,,,,,,,,,,,,
,644,2023/04/03,北海道,YJP小笠原,秦野築,[IOS20-OFL]ブレンドシミュレーター計算時エラー発生,Q1：後続テスト実施不可,K：ブレンドシミュレーション,K：ブレンドシミュレーション,ブレンドシミュレーション,"■発生日：　2023年4月3日
■対応希望日：　4月4日迄
■事象
0.37Cボイラー生産のオフラスブレンドシミュレーター計算時、エラーが発生し計算できませんでした。
エラーメッセージの内容については添付資料をご確認お願いします。
https://app.box.com/file/1180719657741
■あるべき姿
計算が正しく行える。
■代替手段
なし
","■原因
計算結果詳細確認画面を表示する際にタンク在庫(正時)の情報を取得していますが、0.37Cﾎﾞｲﾗｰ(030)は仮想タンクのため対象のデータが存在せずNullPointerExceptionとなっています。

■対策
＜暫定対応＞
自家燃料用の仮想タンク(030と031)のタンク在庫(正時)データをデータパッチで作成します。
＜恒久対応＞
タンク在庫(正時)の情報が取得できなかった場合は0とするように修正します。

2023/4/4 YJP追記
暫定対応としてデータパッチを適用しました。

本件の原因は、仮想タンクの定時タンク在庫が存在しないためです。
旧システムからの移行データには030や031タンクの定時タンクが含まれておりましたが、新設では運転制御から仮想タンクの在庫を受け取っていないため、データ作成されない状況でした。(仕様通り)
システム切替から丸2年度が経過し、データクリーニング処理にて過去のデータが削除されたため、今回の事象が発生しておりました。

2023/4/12 YJP追記
検証エビデンスをBOXに格納しました。
https://app.box.com/file/1188316721677
",オフラス,,●,,,,,,,2023/04/12,2023/06/29,,AP・コーディング,確認完了,,,,,,,,,,,,,,,,,,,,,,,,,,,,,,,,,,,,,,,
,645,2023/04/04,千葉,YJP大武,伊藤祐希,製油所受払月報の在庫不具合について,Q2：代替手段により後続テスト実施可能,G：マスバランス,G：マスバランス,月次処理,"■発生日：2023/04/04
■対応希望日：2023/04/05
■事象
まだ、全てのデータを確認できていませんが、確認できているところで、
 
・ナフサ関係
不要な勘定転換が計上され、在庫がマイナスとなっている。
 
・燃料ガス
通常、月末在庫が計上されないものが計上されている。等

■あるべき姿
＜ナフサ＞
問題：マイナス在庫
あるべき：マイナス在庫解消
＜ガス関連＞
問題：在庫計上されている
あるべき：在庫計上されない
＜PCOR＞
問題：ガス同様
あるべき：ガス同様

■代替手段
なし","■原因
千葉のDMPを受領後調査を開始いたします。

2023/04/05YJP
4/5朝、沼田様より事象解消のご連絡をいただきました。
本件急ぎではなくなりましたが、原因の調査を行います。
(OneSAPの伝票が受信できてない状態で月次処理された可能性が高いと思っております）
調査結果が出次第、ご連絡させていただきます。

2023/04/06YJP
本件の調査結果、月次処理のタイミングとOneSAPからの伝票受信タイミングの問題と思われます。

状況は以下です。
オフラスで月次処理を実行、機械作成伝票を作成した時刻：4/4　16:08
OneSAPが製油所受払月報を作成した時刻：4/4　16:14

問題の品名の伝票受信時刻
(13910108)燃料ガスFGS-1　4/4　17:01:03　入荷伝票受信
(13910302)燃料ガスFGS-3　4/4　17:01:03　数量4500の出荷伝票受信
(13910400)メタンリッチMRG　4/4　17:01:03　入荷伝票受信
(13920103)スイソリッチHRG　4/4　17:01:03　入荷伝票受信

(11220015)2)石化用輸入FRN　4/4　17:01:03　出荷伝票受信
(11220040)2)石化用ナフサ(SNR)　4/4　17:01:03　出荷伝票受信

(12120405)P.C.O.R　4/4　17:01:03　出荷伝票受信

上記の通り、OneSAPからの伝票を受信する前に月次処理を実行されているため、上記の伝票がオフラスに存在しない＝払出増減等、機械作成伝票の数量算出に考慮されない状態でした。
問題と言われる数量については、上記の受信できていなかった伝票の数量と突合するため、間違いないと思われます。
また、沼田様よりご連絡の合った通り、翌日には是正されていたのも納得できる結果と考えております。
(OneSAPからの伝票が足りた状態で月次処理が回っているため）

本件、仕様通りの挙動で、システム的には問題なしの認識です。
OneSAPからの伝票がどのタイミングで戻ってくるのかは、新オフラスからは不明のため、詳細なタイミングをお知りになりたい場合は、OneSAP側へお問合せいただければと思います。

■対策
本件確認中といたしますので、問題なければクローズしてください。",オフラス,●,,,,,,,,,,2023/04/12,仕様通り,対応不要,,,,,,,,,,,,,,,,,,,,,,,,,,,,,,,,,,,,,,,
,646,2023/04/05,北海道,YJP大武,秦野築,オフラス商品管理取込不良,Q2：代替手段により後続テスト実施可能,G：マスバランス,G：マスバランス,原油実績取込,"■発生拠点：　北海道製油所

■対応希望日：　2023/04/06まで

■事象
4/2分の原油の在庫と入荷等の数量が取り込まれていない

■あるべき姿
4/2分の原油在庫と入荷等の数量が正しく取り込まれている

■代替手段
来週の石連週報等を作成までは大きな影響はないので
来週までに解決してれば特になし
","■原因
原因調査中です。

2023/04/06YJP
調査の結果、本件は揚げ荷計画と実績数量の間に著しい差異(揚げ荷タンク丸々1基分以上)があった場合に、
入荷実績計算で入荷品とタンク実績の紐づけが正しく行われず、未引当のタンク実績が発生してしまうために起きているようです。
通常であれば、計画＝実績とはならないまでも、揚げ荷タンク丸々1基分の差異が生じることはないため、
これまで発生していなかったものと考えられます。

取り急ぎ今回のリカバリ対応のエビデンスを作成いたしましたので、展開いたします。
エビデンス上は、下記の実績差異を踏まえていないため、計画以上の実績になる部分の受払数量は0としておりますが、
正しい実績が判明されているのであれば、その数量で商品タンク受払を更新していただいて、
4/2のデータ取込をされれば取り込まれるかと思います。
(注意事項にも記載しておりますが、4/2のデータ取込＆原油タンク受払実績のメンテナンス完了後、
4/3以降をデータ取込から再実行をお願いします。)

https://app.box.com/folder/202170614788
【No646】マスバランス_入荷数量が大幅に足りない入荷のデータ取込

■対策
本件、現場の実績数量の誤りのため、画面からデータメンテナンスを行っていただくか、実績管理のタンク受払修正後のデータを再取り込み(商品タンク受払)をした上で、再度4/2原油実績取込を行っていただきたく思います。
ステータスを確認中といたしますので、問題が無ければクローズしてください。

2023/04/06YJP
北海道田苗様より事象解消のご連絡いただきました。",オフラス,,●,,,,,,,,,2023/04/06,データ不備,確認完了,,,,,,,,,,,,,,,,,,,,,,,,,,,,,,,,,,,,,,,
,647,2023/04/10,徳山,YJP大武,栗山明子,ボンド品受払表の1)0.5C-Mの数量表記について,Q3：後続テスト実施可能,G：マスバランス,G：マスバランス,ボンド品受払表,"■発生日：2023/4/8

■発生拠点：徳山事業所

■対応希望日：4月20日

■事象
オフラス画面
　　1)0.5C-Mの数量について「輸入」欄に表記がある。
自営帳票（Excel画面）
　　3月に実績はあったが、数量が表示されていない。

■あるべき姿
オフラス画面
　　1)0.5C-Mの数量について「倉替入荷」の欄に表記。2月実績1)3.6Cと同様。
自営帳票（Excel画面）
　　オフラス画面同様に「倉替入荷」と「C品転」の欄に数量表記。

■代替手段
Excel手修正。
","本件、画面側の問題点です。

■原因
本件、仕様通りの挙動です。

ご指摘いただいた3月の入荷については相手先は西部石油様となっており、出光外の取引になる認識です。
その場合、ボンド品受払表では入荷に表示されます。
2月の入荷については、相手先が千葉事業所になっており、出光内のやり取りの認識です。
その場合、ボンド品受払表では倉替入荷に表示されます。

3月の0.5C-Mの取引先が異なっていて、正しくなかった場合はお手数ですが伝票を訂正ください。

■対策
画面仕様の通りに表示されている認識のため、特に対応は不要かと考えております。
状況を確認中といたしますので、問題が無ければクロースしてください。",オフラス,,,,,,,,,,,2023/04/12,仕様通り,対応不要,,,,,,,,,,,,,,,,,,,,,,,,,,,,,,,,,,,,,,,
,648,2023/04/10,徳山,EXE鶴岡,栗山明子,ボンド品受払表の1)0.5C-Mの数量表記について,Q3：後続テスト実施可能,,帳票,ボンド品受払表,"■発生日：2023/4/8
■発生拠点：徳山事業所
■対応希望日：4月20日
■事象
オフラス画面
　　1)0.5C-Mの数量について「輸入」欄に表記がある。
自営帳票（Excel画面）
　　3月に実績はあったが、数量が表示されていない。
■あるべき姿
オフラス画面
　　1)0.5C-Mの数量について「倉替入荷」の欄に表記。2月実績1)3.6Cと同様。
自営帳票（Excel画面）
　　オフラス画面同様に「倉替入荷」と「C品転」の欄に数量表記。
■代替手段
Excel手修正。","■原因
設定シートに誤りがあったため
■対策
2023/04/17
リリース依頼実施",自営帳票,,,,●,,,,,,2023/04/25,,仕様不備,確認完了,,,,,,,,,,,,,,,,,,,,,,,,,,,,,,,,,,,,,,,
,649,2023/04/18,千葉,YJP大武,伊藤祐希,タンク受払実績で線払いJOB修正時、識別が海上出荷となる,Q3：後続テスト実施可能,D：実績管理,D：実績管理,タンク受払実績画面,"■発生日：2023/04/18
■対応希望日：なるべく早く反応(1週間程度)
■事象
タンク受払実績で、線払いJOBの実績を修正しようとすると、
識別が自動的に海上出荷となります。
https://idemitsu.ent.box.com/folder/203822323659

■あるべき姿
線払いが初期表示されている

■代替手段
画面から識別を設定","■原因
今回対象画面の選択項目を設定するシステム定数テーブルに、
線払い(バースアウト)と線払い(ブレンダアウト)の項目が不足していたため、
線払い(ポンプアウト)以外の「線払いJOB」を選択した場合、
引き当たる項目が存在せずに先頭の「海上出荷」が表示されていました。
同じ原因で「線払い」はポンプアウト以外の作業形態を検索出来ない状態となっております。

■対策
システム定数に「線払い(バースアウト)」と「線払い(ブレンダアウト)」を追加します。
※作業形態検索用と識別のドロップダウン選択用の双方に追加致します。

システム定数追加にあたり確認させて頂きたい内容がございます。
今まで「線払い」の選択肢は1項目のみでしたが、今回の修正により3項目となります。
そのため各形態ごとに名称を細分化させて頂きたく、ご確認をお願い致します。
※下記改修案にて画面キャプチャを取得しましたので、検証エビデンスよりご確認下さい。
＜YJP改修案＞
　線払い(ポンプ)　　　　※シフト区分→81：ポンプアウト線払
　線払い(バース)　　　　※シフト区分→82：バースアウト線払
　線払い(ブレンダ)　　　※シフト区分→83：ブレンダアウト線払

<改修案についての資料>
https://app.box.com/folder/204310538918

-----------
百留 様
今回追加予定のシステム定数は全所共通となりますので、
上記改修案の名称で問題ないか各所にご確認頂けますよう、
宜しくお願い申し上げます。※問題がある場合は、別途選択肢に表示する名称をご提示下さい。
",オフラス,●,●,●,●,,,,,2023/05/09,2023/06/14,,データ不備,確認完了,,,,,,,,,,,,,,,,,,,,,,,,,,,,,,,,,,,,,,,
,650,2023/04/18,徳山,YJP吉永,青井圭介,IOS20-OFL：送信中で残ってしまったJOBの削除依頼,Q3：後続テスト実施可能,B：作業計画管理,B：作業計画管理,一般シフト生産JOB,"■発生日：2023/04/18
■事象
一般シフト生産JOB削除依頼
【削除依頼JOB】
　　徳山事業所
　　作業計画　一般シフト生産JOB　JOB　No.　312121　計画No.61858　JOB日付　4/18

■あるべき姿
■代替手段
","■原因

■対策
該当JOBを削除するデータパッチを当てます

2023/4/25
該当JOB削除のデータパッチを適用致しましたので、ご確認をお願い致します。
⇒削除されていることを確認できました。パッチあてありがとうございます。　４/25　倉本",オフラス,,,,●,,,,,,2023/04/25,2023/04/25,その他,確認完了,,,,,,,,,,,,,,,,,,,,,,,,,,,,,,,,,,,,,,,
,651,2023/04/20,千葉,YJP大武,伊藤祐希,タンク在庫集計表の画面とダウンロードしたExcelで数値が異なる,Q3：後続テスト実施可能,G：マスバランス,G：マスバランス,"VIGC030901
タンク在庫集計","■発生日：2023/04/18
■対応希望日：1週間程度を目安（2023/04/25前後）
■事象
オフラス、タンク在庫集計表の画面(①)とダウンロードしたExcel(②)で
数値(タンク数・在庫量)が異なる項目あり。
※現状 確認できているのは、ナフサの半製品のみ。
＜こちらで試したこと＞
・油量実績1日データ作成を再度 実施→変化なし。
・別日も確認→同様にナフサ_半製品で差異が発生。
 
■あるべき姿
タンク在庫集計表の画面(①)とダウンロードしたExcel(②)で差異がない。

■代替手段
","■原因
タンクマスタ(TIMX201)にて以下2レコード
①タンクNo:10106/UNITY_SYB:LN-C6
②タンクNo:10107/UNITY_SYB:REF
上位伝送要否フラグ(SEND_YN_FLG)が「0(OFF)」となっているため
タンク在庫集計表画面上では集計に含まれていない。
(帳票では上位伝送要否フラグに関わらず集計していると考えられます)

■対策
※上位伝送の必要があれば以下対応
タンクマスタ(TIMX201)にて対象レコードの
上位伝送要否フラグ(SEND_YN_FLG)の設定をメンテナンスする。
①タンクNo:10106/UNITY_SYB:LN-C6
②タンクNo:10107/UNITY_SYB:REF
　⇒上位伝送要否フラグ(SEND_YN_FLG)を1(ON)に設定。",オフラス,●,,,,,,,,,,,,確認完了,,,,,,,,,,,,,,,,,,,,,,,,,,,,,,,,,,,,,,,
,652,2023/04/20,千葉,EXE鶴岡,伊藤祐希,【オフラス】タンク在庫集計表の画面とダウンロードしたExcelで数値が異なる,,G：マスバランス,帳票,"VIGC030901
タンク在庫集計","＜事象＞
オフラス、タンク在庫集計表の画面(①)とダウンロードしたExcel(②)で
数値(タンク数・在庫量)が異なる項目あり。
※現状 確認できているのは、ナフサの半製品のみ。
＜こちらで試したこと＞
・油量実績1日データ作成を再度 実施→変化なし。
・別日も確認→同様にナフサ_半製品で差異が発生。
＜あるべき姿＞
タンク在庫集計表の画面(①)とダウンロードしたExcel(②)で差異がない。
＜期限＞
ひとまず緊急ではないものの、
1週間程度を目安に返信いただけると幸いです。","■原因
画面に合わせて取得方法変更
■対策
画面処理についてYJP様へ確認中
2023/05/23
エビデンス確認OK→リリース依頼",自営帳票,●,,,,,,,,,2023/06/14,,AP・コーディング,確認完了,,,,,,,,,,,,,,,,,,,,,,,,,,,,,,,,,,,,,,,
,653,2023/04/25,千葉,芥川健司,,ブレンドシミュレータ・エンジンの修正反映(千葉C重油のみ）,,K：ブレンドシミュレーション,計算エンジン,ブレンドシミュレーション,"■発生日：
■対応希望日：5/8週
■事象　千葉・ブレンドシミュレーションC重油の流動点式を見直しました。cfnlp.exeを下記に格納しますのでリリースをお願いします。（本変更による、運転管理システム影響（マスタ設定などを含む）はない）
Box\IOS20-PJ\04_OMS-OFL共有\11_保守対応\20_検証結果エビデンス\【No653】ブレンドシミュレータ・エンジンの修正反映(千葉C重油のみ）
■あるべき姿
■代替手段
","■原因

■対策
",IKC,●,,,,,,,,,2023/04/27,2024/02/14,,確認完了,,,,,,,,,,,,,,,,,,,,,,,,,,,,,,,,,,,,,,,
,654,2023/04/20,千葉,EXE鶴岡,伊藤祐希,製品半製品受払表に表示されない実績がある,,G：マスバランス,帳票,製品半製品受払表,"■発生日：　2023/4/12
■発生拠点：　千葉事業所
■対応希望日：1か月以内
■事象： 製品半製品受払表でC重油の入荷実績が表に反映されません。出力してWORKのシート上はあるように見えるのですが、
　　　　どのようにしてソートされているか不明です。他の入荷実績も表示されていないものがないか確認頂きたいです。
　　　　（すべては把握できていませんが添付だとDSRC03の入荷実績は表にありません。）
■あるべき姿： 実績が正しく表示される。
■代替手段：なし","■原因
過去の修正対応の戻し
■対策
2023/05/23
エビデンス確認OK→リリース依頼",自営帳票,●,,,,,,,,,2023/06/14,,AP・コーディング,確認完了,,,,,,,,,,,,,,,,,,,,,,,,,,,,,,,,,,,,,,,
,655,2023/04/27,徳山,和田芳明,,"製油所モニターFTPフォルダーに格納されるPDFファイルをBOX等共有フォルダーに格納する。
",,L：試験管理,その他,ファイル移動,"■発生日：2022/10/09
■対応希望日：2022/10/09
■事象:
EAIサーバーから製油所モニターFTP受信フォルダ（INETPUB）に格納されている工程報告書のPDFを各運転課の担当者が参照・取り扱いできるように、共有の各課BOXまたは共有フォルダに格納する手段が見つからない。
■あるべき姿：
BOX(製油所共有)または共有サーバーの共有フォルダに格納したい。
■代替手段：
","■原因
現在は各運転課に対し、各課の専用プリンタへ直接印刷もしくは試験室印刷し所内託送にて、報告書を渡している。各運転課からは、ファイリング等の後工程が発生している為、共有フォルダーなどへの格納を進めて欲しい旨の要望が出ている。

■対策
バッチ処理により、製油所モニター共有フォルダにL3層から送信されたPDFファイルをファイル名に含まれる装置略号をもとに、各課のBOXフォルダーに転送する。定周期処理にて実施する。",IKC,,,,●,,,,,,,,仕様変更,仕様整理中,,,,,,,,,,,,,,,,,,,,,,,,,,,,,,,,,,,,,,,
,656,2023/05/08,千葉,YJP大武,伊藤祐希,入荷実績計算書の値にマイナス数量が計上される,,G：マスバランス,G：マスバランス,VIGC020701入荷実績計算書,"■発生日：2023/04/22
■発生拠点：千葉事業所
■対応希望日：最短(4月の締め作業に影響するため)
■事象：入荷実績計算書へ揚荷実績(56,714.390KL)を入力し、
通常通り、計算→更新処理を実施したところ、
実績数量にマイナス数量(-2,924.167KL)が計上された。

■あるべき姿：-2,924.167ではなく、8,498.013KLが計上される。
■代替手段：問題の荷揚げに対する原油タンク受払実績画面でメンテナンス

","■原因
仮想タンク(滞留油)分を荷揚げする先頭のタンクが設備パラタンクだった場合、
最終タンク調整処理での入荷量の集計に仮想タンク分が含まれる不具合が発生していた。
(指摘日付の場合、通常より多く入荷量を計算し、計画量を上回りマイナス値になっていた)

■対策
最終タンク調整処理の集計にて仮想タンク分が含まれないよう、
相手設備区分が「3：簡略船名コード」の場合に集計対象とするよう修正致します。

※修正結果エビデンス
https://app.box.com/folder/208915255326",オフラス,●,●,●,●,,,,,2023/05/23,2023/06/14,,AP・コーディング,確認完了,,,,,,,,,,,,,,,,,,,,,,,,,,,,,,,,,,,,,,,
,657,2023/05/08,徳山,YJP張替,石津英明,出荷密度一覧表について,,B：作業計画管理,帳票,出荷密度一覧表,"■発生日：2023/05/08
■発生拠点：徳山事業所
■対応希望日：
■事象
オフラス　作業計画　帳票出力（VIXP000001）より「出荷密度一覧表」を翌日出荷分となる5/9日付に出力結果、添付のエラーメッセージ内容にて出荷タンクが印字されない。
連休間含めて、本日5/8分迄は正常に印字できるが明日以降の９日分より事象が発生している。
日々の出荷タンクの関係部署との共有化及びエビデンスとして必要であるため至急ご確認を宜しくお願いします。
■あるべき姿
正常に帳票出力できること。
（タンクロットが確定できているものは性状を表示し、ロット未確定はタンクナンバーのみ記載され性状ブランクで表示されること。）
■代替手段
手書きにて作成する。","■原因
ブレンダロットに関するデータ取得後のマッピング処理にて不備があり、帳票作成時に異常終了しておりました。
■対策
上記処理における不備を解消し、帳票を出力できるよう修正いたします。

2023/5/9 追記
検証エビデンスを下記に格納いたしました。
<https://app.box.com/folder/206694504844>

2023/05/09　徳山石津
検証エビデンス確認し内容問題ありません。リリース宜しくお願いします。

2023/05/13　徳山石津
数日帳票出力状況確認し、問題ありませんのでクローズさせて頂きます。",オフラス,●,●,●,●,,,,,2023/05/09,2023/05/10,2023/05/13,AP・コーディング,確認完了,,,,,,,,,,,,,,,,,,,,,,,,,,,,,,,,,,,,,,,
,658,2023/05/17,北海道,青井圭介,阿久津淳,試験依頼時のチェック機能向上,,L：試験管理,,,"■発生日：2023/05/17
■対応希望日：2023年9月末リリース完了
■事象
＜改修目的＞
現状、燃料油試験依頼においては（計画）依頼内容と実際の依頼内容が異なるケースがあ
るため、試験依頼時に運転管理システム、試験管理システムそれぞれにおいて試験依頼内容
を修正（試験項目追加・削除）できるようになっている。その機能において、試験依頼時に
は存在した必須試験項目を誤って削除し、結果として報告していなかった事例が発生した。
（社内のチェックにて判明した。２０２２年６月）
上記事例の対応として、歯止め（報告抜けなどを無くす）が必須となる。

＜改修概要＞
品質管理課で指定した試験項目については、運転管理システム、試験管理システムいずれに
おいても試験依頼時に削除できないようにする。
具体的には Lab-Aid 側の規格マスタに「削除不可フラグ」を追加して、試験依頼時に運転管
理システム、試験管理システムそれぞれにおいて依頼内容を修正する際、「削除不可フラグ」
を参照し、「削除不可フラグ」が立っている場合はメッセージを出し、削除できないようにする。

■あるべき姿
　ー
■代替手段
　ー
","■原因
仕様通り
■対策
",IKC,,●,,,,,,,,,2024/02/07,仕様変更,対応不要,,,,,,,対応不要,"オフ:2.5人日
ラス:4.0人日","オフ:3.75人日
ラス:7.0人日","オフ：1.5人日
ラス:5.0人日","オフ：1.0人日
ラス:1.0人日","オフ：1.0人日
ラス:1.0人日",対応不要,,2023/5/18 IKC 見積依頼,,,,,,,,,,,,,,,,,,,,,,,,
,659,2023/05/22,徳山,YJP増田,百留哲平,徳山運転管理APサーバのサービス異常終了,,Y：通信管理,Y：通信管理,,"■発生日：
　2023/5/20（土） 7時30分頃
■対応希望日：
　1か月程度
■事象
　運転管理APサーバのPEAIサービスが突然異常終了した。
　5/20（土）　徳山の運転管理APサーバで、サービス異常終了が発生しました。
　ログ等から千葉発生の問題と同一事象と見られます。
　なお、APサーバ再起動により問題事象は解消しています。
　
　現状の採取ログからの調査は難しいとのことでしたが、
　一応取得したログを共有します。
　https://jpn01.safelinks.protection.outlook.com/?url=https%3A%2F%2Fidemitsu.ent.box.com%2Ffolder%2F208640061747&data=05%7C01%7CYouko.Masuda%40yokogawa.com%7Cbd78d051726e4afad4a308db5a7bc599%7C0da2a83b13d94a35965fec53a220ed9d%7C0%7C0%7C638203259863077438%7CUnknown%7CTWFpbGZsb3d8eyJWIjoiMC4wLjAwMDAiLCJQIjoiV2luMzIiLCJBTiI6Ik1haWwiLCJXVCI6Mn0%3D%7C3000%7C%7C%7C&sdata=aSkmoI0fY0g8uMrBWqb3Bbrqe5Wx6f7W%2BhPCB8eXJXs%3D&reserved=0

■あるべき姿
　サービス異常終了が発生せず、安定稼働すること。
■代替手段
　サーバを再起動することで復旧。

2023/10/18:再発していないため、いったんクローズ。再発した場合は別途起票","■原因
　千葉で発生している事象（保守問題点No.528、533）と同件と思われます。

■対策
対策としてEAI関連のサービスが異常終了した際にサービスを再起動する処置を実施させて頂きたいと思います。

2023/6/19 YJP追記
5月の保守月例会にて対応内容についてご説明させて頂き、各所のOKを頂きましたので「リリース待ち」とさせて頂きます。
まずは千葉へリリースさせて頂き、様子見の期間を置いた後、徳山へリリースさせて頂きたいと思います。
そのため、リリース日は別途調整させて頂きたくお願い致します。

2023/08/08　IKC
サービス異常終了の事象自体が発生していないため、一旦留置き。
",オフラス,●,●,●,●,,,,,,2023/08/01,2023/10/18,その他,確認完了,,,,,,,,,:,,,,,,,,,,,,,,,,,,,,,,,,,,,,,,
,660,2023/05/26,北海道,YJP小笠原,秦野築,試験依頼時ステータス不良発生,Q2：代替手段により後続テスト実施可能,E：品質管理,E：品質管理,試験依頼,"■発生日：2023/5/25
■対応希望日：6月末までに
■事象
運転管理にて試験依頼時、試験依頼データ編集画面のコメント欄に「‘」（アポストロフィ）を入力した状態で本登録を行うと、運転管理側の試験ステータスが「その他エラー」と表示される。
※本件、保守問題点管理No.565にて対応していただいた項目となりますが、事象再発しているように見えます。
■あるべき姿
適切なステータス表示がされる。
■代替手段
新たに試験依頼を行う。
","■原因
コメント欄の「’」(アポスロフィ)は無関係です。
5/25の14:44頃に何度か本登録を行っているようですが、その間に試験管理側で受付を行いステータスが受付待から試験中となっています。
試験管理から運転管理へのC51伝文の送信は定周期となっており、運転管理側で伝文を受信するまでに多少のタイムラグが発生します。
試験管理側が試験中、運転管理側が受付待、状態で本登録を行ったため、その他エラー（サンプルの状態が受付待ちでないため、試験依頼の変更ができません。）となります。
■対策
保守問題点No.565の確認のため試験依頼のようですので、試験依頼の受付を行わないように試験管理側と調整いただきますようお願いいたします。
",オフラス,,●,,,,,,,,,2023/05/26,仕様通り,対応不要,,,,,,,,,,,,,,,,,,,,,,,,,,,,,,,,,,,,,,,
,661,2023/05/26,北海道,YJP大武,秦野築,在庫引落マスタ設定方法,Q3：後続テスト実施可能,G：マスバランス,G：マスバランス,商品管理系マスタメンテナンス方法,"■発生日：　2023年5月25日
 
■発生拠点：　北海道製油所
 
■対応希望日：　6月末までに
 
■事象
　本件問い合わせとなります。　
商品管理機能の在庫引落マスタ設定にて、引落先品名に特定の全社統一品名コードを入力したところ
　全社統一品名コードの品名が取得できない旨のエラーが表示されました。
＊引落先に登録自体は出来るが、品名が取得されない。

　該当の全社統一品名コードは下記の2つです。
　①46030018　②46040005

　恐らく上記の全社統一品名コードに対応した品名を、何れかのマスタに設定しなければならないと思われますが、
　何のマスタに登録すればよいか不明の為、ご教授をお願いいたします。

■あるべき姿
　上記2つの全社統一品名コードに対応した油種を、在庫引落先マスタに登録できる。

■代替手段
　なし。
","■原因
画面に表示されない直接的な原因は、以下2マスタの設定が不足しているためと思われます。
・MB品名マスタ
・品名分類マスタ

今回ご提示いただいた2品名(46030018、46040005)は新規の品名の認識です。
とすると、最大以下5マスタのメンテナンスかと思われます。
・品名マスタ(品名関連マスタ)　※おそらくすでにメンテ済みと思っております。
・作業品名マスタ(作業品名関連マスタ)　※おそらくすでにメンテ済みと思っております。
・品名分類マスタ　※おそらくすでにメンテ済みと思っております。
・MB品名マスタ　※このマスタのメンテナンスが足りていないため、在庫引き落としマスタメンテナンス画面で表示されないと思われます。
・MB品名変換マスタ　※このマスタも整備いただかないと、月次処理時に引き落とし処理が意図通りに機能しないことが懸念されます。

■対策
マスタメンテナンス対応のため、ご担当をIKC様といたします。

2023/06/19YJP追記
問題点クローズ漏れのためクローズいたします。
※2023/05/26に北海道秦野様より、対応内容の受信と問題点のクローズ依頼のメールがございました。",IKC,,●,,,,,,,,,2023/05/26,仕様通り,確認完了,,,,,,,,,,,,,,,,,,,,,,,,,,,,,,,,,,,,,,,
,662,2023/05/26,北海道,YJP吉永,菊池聖子,［IOS20-OFL］オフラス外航通関へのデータ取り込み不具合,Q1：後続テスト実施不可,C：進捗管理,C：進捗管理,タンク受入搬入計算書,"■発生日：　2023/05/12
■発生拠点：　北海道製油所
■対応希望日：　第1希望 5/31  
第2希望 6/2
※期日が難しい場合、調整させて頂きます。
■事象
輸入軽油の揚荷作業が終了し、荷繰調整進捗「タンク受入搬入計算書データ作成」画面から
外航通関画面にデータを送信しようしたところ、該当データが「タンク受入搬入計算書データ
作成」画面に存在しておらず、データ送信できなかった。
荷繰の「揚荷記録表」に該当データのJOBは存在している。
船名：ETERNAL SUNSHINE　

■あるべき姿
　荷繰画面データを外航通関画面にデータ送信したい。

■代替手段
　なし
","■原因
本件、操作ミスにより発生しております。
タンク受入搬入計算書の元となる検尺データがJOBと紐づいていません。
揚荷JOBと検尺データの紐づけは、運転制御側からCS30受信時（準備完了）に行います。
今回のケースは、CS30受信後に揚荷タンクNo60004の前尺をとっている為、JOBと紐づきませんでした。
■対策
データパッチにて対応致します。
なお、揚荷タンクの前尺取得は、必ずJOB開始前に行うように業務運用の徹底をお願い致します。

2023/05/26 YJP追記
ターゲット環境にデータパッチを適用致しました。
後続作業をお願い致します。

現場担当者様から、後続作業が問題なく実施できた旨のご連絡をいただきました。
本件は、クローズ致します。",オフラス,,●,,,,,,,,,2023/05/26,その他,確認完了,,,,,,,,,,,,,,,,,,,,,,,,,,,,,,,,,,,,,,,
,663,2023/05/30,徳山,青井圭介,青井圭介,オフラスモニタの試験結果検索でプロトコル違反エラーが100%発生する,Q2：代替手段により後続テスト実施可能,N：製油所モニタ,N：製油所モニタ,,"■発生日：2023/05/30
■対応希望日：なるべく早く
■事象
特定条件・手順で検索すると、プロトコル違反エラーが100%発生する。

■あるべき姿
プロトコル違反が発生しないこと。

■代替手段
検索条件を変えて検索
","■原因

■対策
・2023/05/30　IKC追記
　Oracle側もログから原因調査を再開。
　現時点で100%再現するため、アプリ側観点からも調査再開をお願いします。

2023/6/1 YJP記載
送付頂いたDMPを三鷹環境へインポートして同じ手順を試してみましたが、事象は再現しませんでした。
三鷹環境で同じ手順を実施した際の結果を以下に格納しています。
　https://app.box.com/folder/210522374971
　【No663】三鷹環境の再現試行結果.xlsx

再現しなかった理由として、DMPのインポート時にOracleの内部的なデータの順序が変わったことによるものではないかと考えられます。

また、以下の経緯より現状ではアプリ側観点での調査再開が難しい状況です。

本件に関する事象が初めて発生した当時の調査結果として、JavaのJDBCドライバ（DBとのやり取りをする部品）からOracleへデータ取得を行う際に問題が発生していることまでは判明しています。
　※プログラムをコマンドで直接実行した場合でも発生しています。
　※エラー発生時と同じ検索結果（同じデータの並び）となる検索を行った場合、必ず事象が発生するという認識です。

YJPではJDBCドライバ内部の調査が出来ないため、問題が発生する箇所のデータおよびプログラムを切り出し、IKC澤田様にてOracle（の代理店である富士通）のサポートへ問い合わせていただいた結果、サポート側でも事象が再現できたことまでは伺っております。
しかし、その後の調査に進展がなかったようで、根本原因の解明および対応が実施できていない(※)状況になります。
　※事象発生時に製油所モニタのAPサービスを再起動する、（初期表示時に問題が発生すると事象の回避が出来なくなるため）画面の初期表示をしないようにする等の対症療法的な対応を実施しております。

ご参考までに、当時のやり取り（メール）についても上記BOX内に格納しております。
「RE IOS20-OFL初期流動問題点No.051：製油所モニタにアクセスできない件について.msg」が対象のメールとなります。

2023/10/18 IKC
DBサポートから回答のあった修正案について、いずれも工数が掛かってしまう点と、今後のHW/OS更新、モニタにおける問題の観点から、対策は見送る。ユーザから問合せがあった場合は、モニタサーバの再起動などで暫定処置とする。
",オフラス,,,,●,,,,,,,2023/10/18,その他,対応不要,,,,,,,,,,,,,,,,,,,,,,,,,,,,,,,,,,,,,,,
,664,2023/06/05,北海道,YJP張替,菊池聖子,保税作業終了届の計算について,Q3：後続テスト実施可能,F：外航通関,F：外航通関,TOP保税作業終了届,"■発生日：5/30
■対応希望日：6月中旬ごろ
■事象：
保税作業終了届、常圧蒸留保税作業仕様原油明細、常圧蒸留保税作業国内引取品原油明細にて出力している「CIF価格」が誤っている。
添付資料の黄色■箇所が違っていると思われる計算値です。
■あるべき姿：
正しい計算値を表示してほしい。
■代替手段：
帳票は手入力。
オフラスデータは代替手段なし。","■原因
帳票側にて調査した結果、画面側で設定した価格を取得しているとのこと。
画面側で引き続き調査いたします。
2023/06/26 YJP追記
本件の調査難航のため、対応希望日を7月中旬とさせていただきます。
（北海道_菊池様、ご了承済）
2023/07/18 YJP追記
調査対象を帳票から画面に変更いたします。
換算レートの取得タイミング（輸入時の換算レートを使用or保税作業時の換算レートを使用）が原因と推定しておりますが、いずれの換算レートを使用して計算したところ、表示されたCIF価格にならず。
愛知では発生していないことから、愛知で発生した問題を各所に展開出来ていないことが原因！？
を踏まえて未だ調査中の段階です。
2023/08/10 YJP追記
TOP保税作業の引落し対象であるIM申告データが2件以上ある場合、いずれかの換算レートのみを使用して計算しているため、CIF価格に不正が発生しております。
■対策
引落対象の各IM申告データが保有する換算レートを使用して計算するように修正いたします。
2023/08/23 YJP追記
検証結果エビデンスを出光BOXに格納いたしました。内容をご確認願います。
https://app.box.com/folder/222820516342
・【No664】保税作業終了届のCIF価格不正.xlsx
",オフラス,●,●,●,●,,,,,2023/08/23,2023/08/31,,AP・コーディング,確認完了,,,,,,,,,,,,,,,,,,,,,,,,,,,,,,,,,,,,,,,
,665,2023/06/06,北海道,YJP大武,秦野築,6/3商品管理オフラスに#60007タンクの在庫が取得されず,Q2：代替手段により後続テスト実施可能,G：マスバランス,G：マスバランス,原油タンク在庫,"■発生拠点：　北海道製油所
 
■対応希望日：　2023/06/12まで
 
■事象
6/3分原油の修正後在庫が取り込まれない
 
■あるべき姿
6/3 #60007タンクの修正後在庫が取り込まれる
 
■代替手段
取込不可の場合は、実態はこうなるというメモを残し
タンクに増減を出すことで対応
","■原因
実績修正後のデータが原油タンク在庫に取り込まれない件、
調査した結果、#60007の品名が「WATER」であるためだと考えております。
商品タンク在庫から原油タンク在庫へ取り込まれる対象は、
「品名分類マスタ」にて「原油」の区分になっているものになりますので、
「その他」に紐づく「WATER」は取り込み対象となっておりません。
(品名「WATER」を原油タンク在庫として取り込むためには上記マスタのメンテナンスが必要になります)

上記に関連し、タンクマスタの設定状況を確認したところ、
＃60007は5/24に品名が「WATER」に変更されているように見えます。
タンク在庫の推移を見ても5/24頃に在庫が解放され、油種が原油⇒水に
変わっていることから、タンク開放メンテナンスを行っているものと推測しております。
＃60007は5/24までは原油に紐づく品名(CR-KW)が設定されていたようですので、
メンテナンス後に元の品名に戻すことで、今まで通り原油タンク在庫に取り込まれると
考えられます。#60007の現在の状況について、改めてご確認頂けますでしょうか。

■対策
#60007を原油区分の品名に戻すことで原油タンク在庫に取り込まれると考えられます。
#60007の現在の状況について、改めてご確認頂けますでしょうか。
",オフラス,,●,,,,,,,,,2023/06/13,仕様通り,確認完了,,,,,,,,,,,,,,,,,,,,,,,,,,,,,,,,,,,,,,,
,666,2023/06/07,千葉,YJP大武,伊藤祐希,タンク受払実績のリカバリについて,,D：実績管理,D：実績管理,タンク受払実績,"■発生日：2023/6/05
■対応希望日：３週間以内
■事象
6/4と6/5のタンク受払実績において全装置受払JOBが反映されませんでした。JOB締めのリカバリを実施したが異常終了した。当該期間はPHXが停止している状態で通常の状態ではないのですが、（OMCは正常）この場合はリカバリは実施することは可能なのでしょうか。

■あるべき姿
実績が正しく表示される。

■代替手段
なし","■原因
流量計タグNo「CFP56SD」と「DFP507SD」の6/4,6/5データに異常があったため、
リカバリ処理が正常に完了していなかったと考えられます。
三鷹環境にて上記データに暫定的に正常値と思われる値を設定したところ、
リカバリ処理が正常に実施出来て、装置受払データが作成可能であることを確認しました。
※詳細は下記URLより「保守No666調査結果エビデンス.xlsx」をご参照下さい。
https://app.box.com/folder/212356273155

■対策
流量計タグNo「CFP56SD」と「DFP507SD」の6/4,6/5データの正常版を再受信した上で、
リカバリ処理を再実行頂けますようお願い致します。

2023/06/19YJP
データパッチ適用いたしました。
検証エビデンスでご提示させていただいたおりますようにリカバリ対応していただければと思います。
",オフラス,●,,,,,,,,2023/06/13,2023/06/19,,データ不備,確認完了,,,,,,,,,,,,,,,,,,,,,,,,,,,,,,,,,,,,,,,
,667,2023/06/09,北海道,YJP小笠原,秦野築,ブレンドシミュレータ規格取込不良（3.6C-2000）,Q3：後続テスト実施可能,K：ブレンドシミュレーション,K：ブレンドシミュレーション,ブレンドシミュレーション,"■発生日：2023/03/13～
■対応希望日：2023/06/22迄 
■事象
　3.6C-2000のブレンドシミュレータにてVISの規格が取り込まれない。
■あるべき姿
　規格取得できる
■代替手段
　なし

2023/6/20 エビデンス確認OK","■原因
VISについてはLPP/HPPによって規格上下限値の取得対象となる試験項目略号が違います。
LPPの場合はVIS50、LPP以外の場合はVIS75、の規格上下限値を取得しています。
36Cの場合はLPP以外となりVIS75の規格上下限値を取得していますが、3.6C-2000の試験項目にVIS75が含まれていないため空白となっています。
■対策
LPP/HPPが36Cの場合、VISCOSITY(CST)には試験項目略号VIS50の規格上下限値を取得するように修正します。

2023/06/16 YJP追記
検証エビデンスを以下に格納いたしました。
https://app.box.com/file/1239997844173
",オフラス,,●,,,－,,,,2023/06/16,2023/06/29,,AP・コーディング,確認完了,,,,,,,,,"■発生日：
■対応希望日：
■事象
■あるべき姿
■代替手段
","■原因

■対策
",,,,,,,,,,,,,,,,,,,,,,,,,,,,,
,668,2023/06/09,北海道,YJP大武,秦野築,6/5商品管理更新不可,Q3：後続テスト実施可能,G：マスバランス,G：マスバランス,原油タンク受払,"■発生日：2023/6/9 
■対応希望日：2023/06/12まで
■事象
6/5分原油受払実績を更新できない
■あるべき姿
6/5分原油受払実績を更新できる
■代替手段
なし
","■原因
本件、仕様通りの挙動に見受けられます。
添付いただいたエビデンスを見ますと、#60007が#10011からシフト受入を行い、その後シフト払出をするつもりのように登録されておりますが、#10011側は入荷一色で#60007とのシフトが登録されておりません。
そのためシフト受払の受けと払いがマッチングせず、エラーが表示されております。
この在庫計算更新でのループが発生してしまった場合のエラーでは、メッセージ一覧に問題のタンク、作業種別がエラー表示されておりますので、そちらをご確認いただいても問題個所に見当をつけられるかと思います。

■対策
本件、確認中といたしますので、問題なければクローズください。",オフラス,,●,,,,,,,,,2023/06/09,仕様通り,確認完了,,,,,,,,,,,,,,,,,,,,,,,,,,,,,,,,,,,,,,,
,669,2023/06/14,北海道,YJP那須,秦野築,油種識別コードと品名関連マスタについて,Q3：後続テスト実施可能,M：マスタ管理,M：マスタ管理,品名関連マスタ,"■発生日：2023/06/13
■対応希望日：2023年6月末
■事象
本件問い合わせになります。
依頼事項１または2どちらかのご対応をお願いいたします。

・依頼事項１
　需給品名Bコードマスタにて、油種識別コードに「00」が登録されている品名（統一品名）をご教授頂けないでしょうか？
　
・依頼事項2
　依頼事項1が容易に実施できない場合、品名関連マスタの「品名情報一覧」に記載の情報、または統一品名（漢字）と需給品名Bコードの情報を
　エクセルでいただけないでしょうか　

背景としましてオフラスマスタ管理機能より上記を調査しようとしましたが、検索方法の関係上、数が膨大なためご依頼させて頂きました。

■あるべき姿
なし

■代替手段
","■原因

■対策
ご依頼について資料を作成し、以下に格納いたしました。（2023/6/9時点のデータとなります）
https://app.box.com/folder/212741755943
　【No669】作業油種識別コード00の品名一覧.xlsx

資料内の「作業油種識別コード00の品名一覧」シートが依頼事項１の対応となり、作業油種識別コード「00」が設定されている統一品名（漢字）の一覧になります。
念のため、統一品名（漢字）に対応する簡略品名コードと需給品Bコードも一覧上に表示しております。

また、「【参考情報】品名マスタ」シートと「【参考】需給品Bコードマスタ」シートは依頼事項２の対応になりますが、ご参考としてお送りいたします。",オフラス,,●,,,,,,,,,2023/06/21,その他,確認完了,,,,,,,,,,,,,,,,,,,,,,,,,,,,,,,,,,,,,,,
,670,2023/06/16,,芥川健司,,新irisで各所燃料油実績が取り込まれない.,Q2：代替手段により後続テスト実施可能,,,新IRIS,"■発生日：2023/6/16
■対応希望日：6/23
■事象 新irisで各所燃料油実績により検索をかけるとデータが取り込まれない
（添付あり）https://idemitsu.ent.box.com/folder/212897772066
　添付は千葉の例だが、千葉以外で同様な状況/DBには取り込まれている
■あるべき姿
■代替手段
","■原因
　新IRIS側へ問合せる内容のためオフラス側は一旦問題なしとして、クローズします。（2023/06/21　IKC）
■対策
",,,,,,,,,,,,2023/06/21,仕様通り,対応不要,,,,,,,,,,,,,,,,,,,,,,,,,,,,,,,,,,,,,,,
,671,2023/06/21,徳山,YJP大武,山本しのぶ,オフラス-パイプライン出荷伝票について（徳山事業所）,Q2：代替手段により後続テスト実施可能,D：実績管理,D：実績管理,石化取引実績受信,"■発生日：　2023/06/15
■発生拠点：徳山事業所
■対応希望日：2023年９月末
■事象：
　①管理番号32のパイプライン出荷伝票において、同じ明細が２件作成されている。
　 （保税倉庫台帳の在庫が無い日に２重明細となっているような気がします。）
②パイプライン出荷明細表の伝票数量が出荷伝票の数量と一致していない。

■あるべき姿：
①保税倉庫台帳の在庫有無に関わらず、伝票内の明細は１件にしていただけないでしょうか。
②パイプライン出荷明細表の伝票数量と出荷伝票の数量が一致する。

■代替手段
　手修正
","■原因
保税倉庫台帳の在庫が無い(足りない)場合に明細が2つ発生するのは仕様の通りです。
(保税倉庫台帳の在庫不足分は内貨品で伝票を発行する仕様のため)
ですが、いくつか問題がある事が判明しました。
①在庫不足時に内貨品で不足分の伝票明細を作成する際に、データの参照が誤っており、
　引き落とし分の数量を不足分で上書きしていました。
　→暫定対応として伝票画面から正しい数量を設定いただければと思います。
②上記と同じ原因により、不足分の明細が内貨品の品名で作成されるべきところ、
　引き落とし品で作成されてしまっていました。
　今回のケースですと簡略品名:60014の不足分は、税区分が00で統一品名コード等が引き落とし品と
　同じである60507(0)石化用輸入ライトナフサ)で作成されるべきところでした。
　※引き落とし品の内貨品で伝票を作成する仕様になっているため、現状の品名マスタだと上記になります。
　→暫定対応として伝票画面から正しい簡略品名コードを設定いただければと思います。
③パイプライン入出荷明細表画面にて、伝票数量の値が明細の片方のみの表示になっておりますが、
　これは、引き落としできた分の数量が出ているイメージです。
　画面仕様上、伝票全体の合算とも、引き落とし分とも記載が無かったため上記の振る舞いになっておりますが、
　伝票全体の合算値を表示するようにした方が良いでしょうか。

■対策
①、②AP修正を行います。
③は引き落としできた分と考えるか、伝票全体と考えるかになります。どちらの考え方にすべきかご教示ください。

2023/06/22YJP
①、②について暫定対応了解のご連絡を頂きました。
現状の挙動は仕様としてご了解いただいておりますが、別途ご要望を頂いており、仕様変更についてご相談させていただいております。
③については、伝票全体の数量を合算表示するようにいたします。

2023/06/29YJP
①、③については上記の内容でAP修正を行います。
②については仕様変更として保守問題点管理No677に分離します。
本件の修正はNo677と同じタイミングで実施の旨、ご了承いただいております。",オフラス,●,●,●,●,,,,,2023/09/20,2023/09/26,2023/11/27,AP・コーディング,確認完了,,,,,,,,,,,,,,,,,,,,,,,,,,,,,,,,,,,,,,,
,672,2023/06/21,徳山,YJP大武,山本しのぶ,オフラス-実績管理-保税台帳の引落について（徳山事業所）,Q2：代替手段により後続テスト実施可能,D：実績管理,D：実績管理,石化取引実績受信,"■発生日：　2023/5/8
■発生拠点：徳山事業所
■対応希望日：2023年9月末
■事象：
[VIDC040140] - 保税(倉庫)台帳おいて、
輸入許可承認日（＝通関日）に出荷した数量が台帳から引落されている。

■あるべき姿：
保税倉庫台帳の引落開始を、輸入許可承認日の当日⇒翌日に変更して
いただけないでしょうか。
※旧オフラスも通関日の翌日出荷分から引落可能となっておりました。

■代替手段
　手修正
","■原因
本件、仕様通りの挙動です。
保税倉庫台帳の引き落としは、在庫が残っているもので許可承認日が古いもの(同一許可承認日のものがあれば、許可承認番号順)から引き落とすようになっております。
今回、それに加えて、引き落とし日が許可承認日以降の場合という条件を追加するイメージで良いでしょうか。
上記で問題なければ仕様変更として対応させていただこうと思っております。

■対策
ご検討くださいますようお願いします。

2023/06/22YJP
徳山山本様より仕様変更内容のご確認を頂きました。",オフラス,●,●,●,●,●,,,,2023/09/20,2023/09/26,2023/11/15,仕様通り,確認完了,,,,,,"現状、保税倉庫台帳の引き落としは、在庫が残っているもので許可承認日が古いもの(同一許可承認日のものがあれば、許可承認番号順)から引き落とすようになっております。
今回、それに加えて、引き落とし日が許可承認日以降の場合という条件を追加するイメージで修正します。
※今回の事例のような場合(許可承認日＝引き落とし日の台帳しかないような場合)は引当台帳が存在しないとして、石化取引の実績全量が不足分として処理されます。
",仕様変更承認済,0.50人日,1.00人日,0.50人日,0.50人日,0.30人日,対応依頼,,2023/7/11 IKC見積依頼,,,,,,,,,,,,,,,,,,,,,,,,
,673,2023/06/21,千葉,YJP村上,伊藤祐希,外国貨物製造搬出データ修正のお願い,,F：外航通関,F：外航通関,外国貨物製造算出データ,"■発生日：2023/6/2
■対応希望日：6月30日まで
■事象
６月２日　徳山向け　3.6Ｃの外貨　１０００㎘出荷予定。
出荷JOB開始後に設備不具合の為、外貨⇒内貨オーダに変更になった。
実績確定しないと以降の引落しが出来ない為、一旦、実績を確定して持ち戻り機能で在庫を戻そうとしたがメッセージが出てできなかった。
トータル在庫は外貨製品在庫で修正したが、台帳毎だとTOP-2312-（Ｃ）が１０００㎘多く引き落とされてしまっている。
台帳毎の残数量が違うまま、１１日出荷分まで引落してしまいました。
■あるべき姿
６/２は出荷していないのでデータを削除し、台帳の数量を引落し前の数量にする。
2日以降は、修正した在庫数量から差引いた数量にする。
■代替手段
１２日出荷分からは、別の台帳から引き落としています。
トータル在庫は外貨在庫日報で修正しています。
","■原因
設備不具合による運用不備
■対策
データパッチにて対応いたします。

2023/06/22 YJP追記
検証結果エビデンスを下記BOXに格納いたしました。内容のご確認をお願いいたします。
https://app.box.com/folder/213907262418
・【No673】外国貨物製造搬出データ修正対応.xlsx

2023/06/26 YJP追記
データパッチを実施いたしました。ご確認をお願いいたします。",オフラス,●,－,－,－,,,,,2023/06/22,,2023/06/26,その他,確認完了,,,,,,,,,,,,,,,,,,,,,,,,,,,,,,,,,,,,,,,
,674,2023/06/22,千葉,YJP村上,伊藤祐希,保税作業品(LAG)内貨引取り(IMW)の実績確定不具合,,F：外航通関,F：外航通関,保税作業品IMW輸入申告対象一覧,"■発生日：2023/6/21
■対応希望日：6月30日まで
■事象
LAG 270.331㎘を内貨引取りをしました。
保税作業品IMW輸入申告対象一覧で該当データの登録作業を実施したが、エラーメッセージがでて登録でいない。
品名マスタを追加登録して再度、実施したが同じメッセージが出て登録できなかった。
■あるべき姿
保税作業品IMW輸入申告対象一覧で登録でき、
その後の作業(外貨製品在庫日報反映/納税伝票確定)もできる。 
■代替手段
外貨製品在庫⇒外貨製品在庫修正で対応可能だと思います。
納税伝票⇒手入力で対応可能だと思います。

2023/06/27 追記
確認NG
簡略品名コード：75442は使用しません。正しくは75900です。
品名マスタ以外のマスタに不備があるのでしょうか。
再度調査願います。
","■原因
品名マスタにSAP品目コード、SAP評価タイプが設定されておりません。
今回のIMW申告対象（保税終了届番号：2LH-2109-(J)）に対する品名は
簡略品名コード：75442となっております。
当該品目のSAP品目コード、SAP評価タイプが設定されていないことが原因です。
■対策
簡略品名コード：75442について、SAP品目コード、SAP評価タイプをマスタメンテナンス機能にて設定願います。
マスタメンテナンス後、保税作業品IMW輸入申告情報作成にてIMW申告を実施願います。

本件、作業ステータスを「確認中」に変更いたします。
上述の操作にて問題無く業務が遂行されましたならクローズ願います。

2023/06/27 YJP追記（確認NG対応）
■原因
保税作業品マスタにおいて、作業品名：LAGの簡略作業品名コードが75422にて登録されているため
■対策
①既に簡略品名コード：75422にて登録された継続保税作業終了届、保税台帳をデータパッチにて75900に修正。
上記のデータパッチ後、実務担当者様にて下記作業を実施願います。
②マスタメンテ機能にて保税作業品マスタの作業品名：LAGの簡略品名コードを75422→75900に修正いただく。
③外航通関の画面機能である保税作業品IMW輸入申告情報作成にてIMW申告を実施いただく。
①のデータパッチは明日（6/27）に実施する予定です。
2023/06/28 YJP追記
外貨製品在庫日報の集計前に内外貨在庫品名マスタの修正が必要となります。
④マスタメンテ機能にて内外貨在庫品名マスタの品名LAGの簡略品名コードを75422→75900に修正いただく。
⑤外航通関の画面機能である外貨製品在庫日報にて集計していただく。
",オフラス,●,－,－,－,,,,,,,2023/06/28,その他,確認完了,,,,,,,,,,,,,,,,,,,,,,,,,,,,,,,,,,,,,,,
,675,2023/06/23,徳山,YJP那須,青井圭介,新規品名に伴うSAP取り込み連携不備について(ヘビーナフサTOL),Q1：後続テスト実施不可,I：伝票発行管理,M：マスタ管理,伝票送信,"■発生日：2023/6/23
■対応希望日：6月30日※月次決算に間に合うよう、ご対応をお願い致します。
■事象
オフラス入荷伝票が、SAPに取り込まれない。
各種品名マスターを設定しましたが、設定漏れがあるのかご確認をお願いいたします。

■あるべき姿
オフラスからSAPへ取り込まれている。

■代替手段
なし","■原因
SAPに取り込まれなかった原因はSAP評価タイプにOneSAP側で想定されていない「PAY」という値が設定されていたためと推測されます。

そして、評価タイプに「PAY」が設定されていた理由は伝票作成時の品名マスタの評価タイプに「PAY」が設定されていたためとなります。
以下、操作履歴などから確認できた経緯となります。

　6/1：品名マスタに該当の品名が評価タイプ「PAY」で登録される
　6/1：伝票が登録される
　6/8：伝票が確定される
　6/13：品名マスタの該当の品名のSAP評価タイプが「PAY」から「PAID」へ更新される（同時にSAP品目コードも更新されています）
　6/23：伝票が送信される
　　→伝票には確定時点の品名マスタのSAP評価タイプが登録されているため、「PAY」で伝文が作成、送信されました。

■対策
オフラスとOneSAPの整合を取りながら対応するため、取り込めなかった伝票に対して、取消伝票をSAP評価タイプ「PAY」、訂正伝票をSAP評価タイプ「PAID」で作成し、OneSAPへ送信する必要がある認識です。（OneSAP側では訂正伝票のみ取り込まれる想定です）
以下の対応により、上記のように伝票を作成することが可能です。

　①該当の品名マスタのSAP評価タイプ、SAP品目コードを変更前の値（PAY、F00001000）に更新
　②該当の伝票の取消伝票と訂正伝票を作成
　　→取消伝票と訂正伝票は共にSAP評価タイプ「PAY」で作成されます。
　③該当の品名マスタのSAP評価タイプ、SAP品目コードを変更後の値（PAID、F10580000）に更新
　④該当の訂正伝票の再確定を実施
　　→訂正伝票が再作成されることでSAP評価タイプ「PAID」となります。

三鷹環境で上記の手順を実施した結果を以下に格納いたしました。ご参考までにご確認ください。
https://app.box.com/folder/214417678644
　【No674】対応実施時の確認エビデンス.xlsx",オフラス,,,,●,,,,,,,2023/06/26,仕様通り,確認完了,,,,,,,,,,,,,,,,,,,,,,,,,,,,,,,,,,,,,,,
,676,2023/06/26,千葉,高橋洋介 ,高橋洋介 ,OneSAP_潤滑油_試験データ変換マスタの意図しない入力制限,Q1：後続テスト実施不可,L：試験管理,L：試験管理,OneSAP_潤滑油_試験データ変換マスタ,"■発生日：6/26
■対応希望日：できるだけ早く
■事象：OneSAP_潤滑油_試験データ変換マスタの設定において、入力データ「5@>」に対する変換パターンを設定しようとしたところ、【項目(入力データ)に使用できる記号は(_-.@)のみです。(No.30104008)】というエラーが出て設定できない。
■あるべき姿：使用可能な記号に「<,>」を追加する。
■代替手段：手動リカバリによる直接データ送信(但し、連携で上書きされるので有効度が低く作業負荷が高い)
","■原因
　入力データ欄に<>記号を入力可能にできておりませんでした。

■対策
　<>記号を入力可能なよう対応いたします。
　併せて設計書も修正いたします。
",オフラス,●,,,,,,,,2023/07/05,2023/07/07,2023/07/07,設計不備,確認完了,,,,,,,,,,,,,,,,,,,,,,,,,,,,,,,,,,,,,,,
,677,2023/06/29,徳山,YJP大武,山本しのぶ,オフラス-パイプライン出荷伝票について（徳山事業所）,Q2：代替手段により後続テスト実施可能,D：実績管理,D：実績管理,石化取引実績受信,"■発生日：　2023/06/15
■発生拠点：徳山事業所
■対応希望日：2023年９月末
■事象：
　①管理番号32のパイプライン出荷伝票において、同じ明細が２件作成されている。
　 （保税倉庫台帳の在庫が無い日に２重明細となっているような気がします。）
②パイプライン出荷明細表の伝票数量が出荷伝票の数量と一致していない。

■あるべき姿：
①保税倉庫台帳の在庫有無に関わらず、伝票内の明細は１件にしていただけないでしょうか。
②パイプライン出荷明細表の伝票数量と出荷伝票の数量が一致する。

■代替手段
　手修正
","本件、No671から仕様変更部分のみ分離しております。

■原因
原因についてはNo671の対応内容記載の通り
保税倉庫台帳の不足時の挙動に仕様外の要望があり、本票が分離しています。
No671の対応内容②として記載されていた件です。

石化取引実績受信時に保税倉庫台帳からの引き落としを行う流量計Noを設定するシステム定数の意味合いを変更する。
書式は、「引き落とし対象流量計No」:「台帳不足分の読み替え流量計No」とし、カンマ区切りで複数設定できる。
上記の書式とカンマ区切りをシステム定数の使用目的の項目に追記して、書式情報をユーザに提示できるようにする。

保税倉庫台帳からの引き落としに不足分が発生した場合、台帳不足分の読み替え流量計Noの実績として伝票を作成する。
この際、読み替え流量計Noの実績が石化取引実績の伝文上に存在した場合、1伝票2明細になっても構わない。
(運用で、不要な明細を削除する)

■対策
本件は仕様整理中とさせていただきます。",オフラス,●,●,●,●,●,,,,2023/09/20,2023/09/26,2023/11/15,仕様変更,確認完了,,,,,,"石化取引実績受信時に保税倉庫台帳からの引き落としを行う流量計Noを設定するシステム定数の意味合いを変更する。
書式は、「引き落とし対象流量計No」:「台帳不足分の読み替え流量計No」とし、カンマ区切りで複数設定できる。
上記の書式とカンマ区切りをシステム定数の使用目的の項目に追記して、書式情報をユーザに提示できるようにする。

保税倉庫台帳からの引き落としに不足分が発生した場合、台帳不足分の読み替え流量計Noの実績として伝票を作成する。
この際、読み替え流量計Noの実績が石化取引実績の伝文上に存在した場合、1伝票2明細になっても構わない。
(運用で、不要な明細を削除する)
",仕様変更承認済,1.50人日,2.25人日,1.75人日,1.50人日,1.50人日,対応依頼,,2023/7/11 IKC見積依頼,,,,,,,,,,,,,,,,,,,,,,,,
,678,2023/07/03,千葉,YJP大武,伊藤祐希,タンク受払実績の各装置受払JOB(2C払出)で異なる数量が計上されている。,Q2：代替手段により後続テスト実施可能,D：実績管理,D：実績管理,タンク受払,"■発生日：2023/06/30
 
■発生拠点：千葉事業所
 
■対応希望日：締め作業に影響しますので本日中希望(遅くとも2023/07/04)
 
■事象：実績数量修正を担当している方いわく、実績修正前は通常、
装置受払JOB(2C払出)は同じ数量が計上されているとのこと。
 
■あるべき姿：各装置受払JOB(2C払出)で同じ数量が計上されている。
 
■代替手段：仕様通りの数量が計上されているのであれば、通常通り処理します。
(仕様と異なる数量が計上されているのであれば、処置方法を ご教授ください)
","■原因
本件、仕様通りの挙動をしています。

問題とされているのはCR-5の数量と思われますが、装置品名2C‐CR-5のJOBは6/30に2JOB運転されているようです。
片方が09:32まで、もう片方が09:38からとなっているので、タンク切替をされたのかな、と思います。
基本的には2C-CR-X(1～5)の装置JOBは装置流量計の区別がつけられないので、装置流量計から計算した値が同じになり、現実の受払と異なる状態で算出されているかと思いますが、タンク切替等でJOBが跨った場合は、稼働時間が重なっていないのであれば、稼働時間に応じて、1日の装置稼働量を分配するようになっております。
今回の事例では、09:32まで稼働していたJOBNo:410015に6,917KL、09:38から稼働しているJOBNo:410019に22,960KLで分配されており、合算すると他のCR-X(1～4)と同じ値(29,877KL)になっています。

■対策
本件は仕様通りのため、進捗を確認中といたします。
問題が無ければクローズしてください。

2023/07/03YJP
沼田様よりクローズのご連絡を頂いたため、クローズいたします。",オフラス,●,,,,,,,,,,2023/07/03,仕様通り,対応不要,,,,,,,,,,,,,,,,,,,,,,,,,,,,,,,,,,,,,,,
,679,2023/07/03,徳山,YJP大武,栗山明子,海上出荷積置きが発生しているがデータが表示されない,Q2：代替手段により後続テスト実施可能,D：実績管理,D：実績管理,海上出荷積み置き,"■発生日：2023/7/3

■発生拠点：徳山事業所

■対応希望日：できるだけ早めに。7月5日第三営業日までには対応をお願いいたします。

■事象
　　海上出荷積置きが発生しているが、
【VIGC020501海上出荷積置き 】に該当データがない。
　　
■あるべき姿
該当データが表示される。

■代替手段
在庫修正設定から手入力
","■原因
本件は仕様通りの挙動と思われます。

該当の海上出荷はオフラス上、6/30の19:54に終了しております。
そのため、日跨ぎしておらず積み置きも発生しておりません。
※添付いただいた協定書では、2行に渡っているので、一度離桟して再着桟されたのでしょうか。
　オフラス上に、7/1JOBでほだか丸のオーダ数量1KL、実績5000KLのJOBが登録されておりましたが、
　どうもJOBのメンテナンスを誤っているように思われます。
　6/30のほだか丸が3500で7/1が1500なのではないかなと思います。

■対策
本件は仕様通りのため、対応不要の認識です。
ステータスを確認中といたしますので、問題が無ければクローズしてください。",オフラス,,,,●,,,,,,,2023/07/04,仕様通り,対応不要,,,,,,,,,,,,,,,,,,,,,,,,,,,,,,,,,,,,,,,
,680,2023/07/03,徳山,YJP大武,栗山明子,陸上出荷積置きが発生しているがデータが表示されない,Q2：代替手段により後続テスト実施可能,D：実績管理,D：実績管理,陸上出荷積み置き,"■発生日：2023/7/3

■発生拠点：徳山事業所

■対応希望日：できるだけ早めに。7月5日第三営業日までには対応をお願いいたします。

■事象
　　陸上出荷積置きが発生しているが、
【VIGC020502陸上出荷積置き 】に該当データがない。
　　
■あるべき姿
該当データが表示される。

■代替手段
在庫修正設定から手入力
","■原因
本件、7/1未明は陸上出荷JOBがことごとく早朝の時間帯に緊急停止→再開しているようです。
早朝出荷中に緊急停止→同じタンクのまま再開というパターンで、早朝出荷分の計上に問題がある事が判明しました。
車番別実績の出構時刻とタンクの切替時刻を比較してどのタンクから出荷したかを設定しておりますが、緊急停止→再開の場合に同じタンクのCS50が2件検出され、出荷の集計結果をJOBに紐づける際に、CS50が2件に対応できておらず、集計結果が取得出来てこなかったため、早朝量が0になっておりました。

■対策
AP修正を行います。
今月の積み置き分は在庫修正設定画面から登録してくださいますようお願いします。

2023/07/07YJP
修正エビデンスを以下に格納しました。
今月はJETA-1の早朝出荷で出構6時ちょうどのものがありましたので、システム集計上は早朝として計算されています。
https://app.box.com/folder/216123059279
【No680】実績管理_早朝出荷中にタンクが切り替わらない緊急停止が発生すると、早朝集計にトラブル.xlsx",オフラス,●,●,●,●,,,,,2023/07/07,2023/07/18,2023/10/11,AP・コーディング,確認完了,,,,,,,,,,,,,,,,,,,,,,,,,,,,,,,,,,,,,,,
,681,2023/07/04,徳山,EXE鶴岡,栗山明子,IOS20-OFL：港湾統計データをCSV化した際、月末日付表示がおかしい(自営帳票),,,,港湾統計_原本,"■発生日：2023/5/18
■発生拠点：徳山事業所
■対応希望日：7月14日
■事象
港湾統計データをCSV化した際、入港日の項目が「0431」となっている。
■あるべき姿
月末の日付が正しく表示される。「0331」と表示。
■代替手段
手修正で対応。
","■原因
日付の計算に不具合が存在したため
■対策
2023/07/06
リリース依頼",自営帳票,,,,●,,,,,,2023/07/18,2023/07/19,AP・コーディング,確認完了,,,,,,,,,,,,,,,,,,,,,,,,,,,,,,,,,,,,,,,
,682,2023/07/05,千葉,YJP大武,伊藤祐希,FileVolanteに出力される帳票で、エラーメッセージ及びマイナス在庫発生,Q2：代替手段により後続テスト実施可能,G：マスバランス,G：マスバランス,月次処理,"■発生日：2023/07/05
■発生拠点：千葉事業所
■対応希望日：2023/07/05(本日、第3営業日のため)
 
■事象：
①.棚卸在庫自動引き落とし明細で下記のメッセージ
・引き落としマスタ設定なし 1)レギュラーガソリン
・引き落とし品名なし 1)レギュラーガソリン
 
②.製油所受払月報チェックリストで、外貨品受払エラー
 
③.実地棚卸表で、レギュラーガソリン 商品 の内貨在庫マイナス
 
④.精製歩留表の精製損耗が通常では ありえない数値が計上
 
■あるべき姿：上記エラーメッセージ解消、内貨在庫のマイナス解消
 
■代替手段：なし 
","■原因
以下回答いたします。
①引き落としマスタに当該品名が不足した場合の自動引き落とし設定が登録されていないのではないかと思われます。
マスタのメンテナンス後に再実行をお願いします。

②外貨受払エラーは、勘定コードが0の外貨品で、統一品名コードの戦闘が1ないし2の品名について
月次集計の結果、生産数量が発生した場合に表示されています。
通常は外貨品の生産はあり得ないと思いますので、入出荷伝票および外貨在庫のご確認をお願いします。

③実地棚卸表の内貨在庫は、出光在庫から外貨在庫を差し引いて求められています。
内貨在庫がマイナスになっているということは、タンク在庫の計上が足りないか、滞留在庫の計上が足りないか、外貨在庫の計上が多いか
ではないかと思います。数量が正しいかご確認ください。

④精製歩留表では、商品、半製品の生産数量(算出を含む)、勘定転換数量(算出を含む)から精製損耗の数量を算出しております。
上記①～③の状況から、データ状況により算出生産数量が意図しない形で計上されているように思われますので、数量が多く計上されているのではと思われます。


■対策
①のマスタメンテナンス、②の状況確認(必要なら数量メンテナンス)、③の状況確認(必要なら在庫修正設定)を実施いただいた後に再実行していただければと思います。

2023/07/06YJP
バイオETBEの件以外はひとまず解消とのこと。
バイオETBEの件については、本件での問い合わせはないとのことでクローズのご連絡を頂きました。",オフラス,●,,,,,,,,,,2023/07/06,仕様通り,対応不要,,,,,,,,,,,,,,,,,,,,,,,,,,,,,,,,,,,,,,,
,683,2023/07/06,千葉,YJP大武,伊藤祐希,潤滑油タンクに対して機械作成される伝票が作成されていない。,Q3：後続テスト実施可能,G：マスバランス,G：マスバランス,潤滑油タンク在庫の在庫集計,"■発生日：2023/07/06
■発生拠点：千葉事業所
■対応希望日：本日中(月締め作業に関わる作業のため)
■事象：
添付の問い合わせメールにて、S.WAX(ソ・ロウ)のOne SAP入出庫伝票が、
オフラスにて機械作成されると伺いました(添付②)
 
問い合わせメールから、オフラスで機械作成される伝票は、
オフラスのタンク在庫日報を元に作成されるものだと理解しました(添付①)
 
6月末に機械作成された伝票は正しいようですが(添付③)、
5月末在庫の伝票がタンク在庫日報の値(添付⑤)で作成されていないため、
生産量が(月末と月初の在庫の差し引き)、実際のものを はるかに上回る数量となっています(添付④)
※S.WAXで質問させていただきましたが、他の潤滑油一課タンクでも発生しています。
 
■あるべき姿：5月末在庫(6月の月初在庫)が、正しい在庫で計上される。
■代替手段：なし 
","■原因
5月の在庫を正しく計上する方法はオフラスとしては不明と思っております。
問題とされている5月の潤滑油一課在庫ですが、データを調べたところ、データの受信時が6/1 08:20でした。
おそらく、潤滑油一課側で何かトラブルがあって送信が遅れたのだと思われます。
その後、商品タンク在庫の取込を行われているのですが、取込時刻が6/1 14:05であり、
BINAS送信用のタンク在庫累積の集計(10:05)を過ぎておりました。
この状況では、マスバランス画面のメニュー一番下、タンク在庫データ送信画面より、再送信ボタンを押下しておく必要がありますが、
その操作が為されていなかったようです。
その結果、5月の潤滑油一課タンク在庫が0計上されており、5月の製油所受払月報でも生産数量がマイナスで計上され、在庫が0になっている認識です。
上記のため、6月の製油所受払月報の月初在庫(5月末在庫)が0であるとして処理が行われていると認識しております。

本件は、SAPを含めてどのようにするかということになるかと思われます。
(SAPもオフラスも揃って5月末の在庫を修正する必要があると思っております。※製油所受払月報の作成はSAP側で行っているため)

現状をまとめると、5月末で在庫が0計上され、生産数量が大幅にマイナスになって
6月末で在庫が正しく計上され、生産数量が大幅にプラスになっている(生産数量の足し引きを行うと正しい数値にはなっている)と思っております。

■対策
本件、どのように対応すべきか、ご提示いただければと思います。",IKC,●,,,,,,,,,,2023/08/08,その他,確認完了,,,,,,,,,,,,,,,,,,,,,,,,,,,,,,,,,,,,,,,
,684,2023/07/13,千葉,YJP大武,伊藤祐希,水タンクにするための密度設定変更方法について,Q3：後続テスト実施可能,D：実績管理,D：実績管理,在庫計算の密度,"■発生日：　2023/7/12
■対応希望日：2週間以内
■事象
T8009タンク（SLOP-L）をT8010タンク（ET-Ｗ）と同じように水タンクとして運用をしたいが、現状8009はSLOPの密度がロットとして登録されている。水の試験依頼は品管では出せないのでどうやって対応すればいいか現状わかっていません。
8010は更新時にデータベースで入った情報のままです。（ロット情報なし）
添付は現在の8009タンクのロット状況）
■あるべき姿
8009に水の密度を設定したい。
■代替手段
なし
","■原因
本件、密度としては最新の試験結果から取得しております。
最新の試験結果は不合格でも構わないので、試験管理にて密度1(水なので1と思っております。)の試験結果を返してもらえば
オフラスの計算上の密度が1になり、運転制御にもその密度が連携されて上下で整合取れると思っております。
本件については品質管理課様と密度1の試験結果を返していただけるか、ご調整いただけないでしょうか。

■対策
試験結果として密度1を返していただければ解決と考えております。
いったん「確認中」といたしますので、品質管理課様との調整結果をご連絡いただければと思っております。

2023/08/08 IKC
品管との調整にて対応完了連絡受領。クローズ。
",オフラス,●,－,－,－,,,,,,,2023/08/08,仕様通り,確認完了,,,,,,,,,,,,,,,,,,,,,,,,,,,,,,,,,,,,,,,
,685,2023/06/27,北海道,EXE鶴岡,秦野築, [IOS20-OFL]オフラス帳票フォーマット修正,,,帳票,,"■発生日：　2023年6月27日
■発生拠点：　北海道製油所
■対応希望日：　7月末までに
■事象
　オフラス各種帳票のフォーマット修正をお願いします。
修正前と修正後のエクセルファイルを添付いたしますので、詳細はそちらご確認をお願いいたします。　
■あるべき姿
　適切なフォーマットの帳票をオフラスから打ち出せる
■代替手段
　手書き修正。
","■原因

■対策
2023/07/18
修正エビデンス送付
2023/07/25
再修正エビデンス送付
2023/07/27
リリース依頼
2023/08/03
装置受払シートにて再修正を実施しリリース依頼",自営帳票,,●,,,●,,,,2023/07/18,2023/08/09,,仕様変更,確認完了,,,,,,,,,,,,,,,,,,,,,,,,,,,,,,,,,,,,,,,
,686,2023/07/20,千葉,EXE鶴岡,青井圭介,軽油マーカクマリン追加対応,,,,,"詳細は「軽油マーカ添加実績 (変更).xlsx」資料参照​
①不要な項目の削除​
　・不要なBT削除​
　・IDF削除​
②新たに以下の内容を追加​
　・添加剤流量計マテバラ実績の表​
　・新流量計の定義情報の追加および計算式","■原因

■対策
2023/07/20
修正完了→リリースは8月中旬
2023/08/17
リリース依頼",自営帳票,●,,,,●,,,,2023/07/18,"2023/8/22
2023/10/12",,仕様変更,確認完了,,,,,,,,,,,,,,,,,,,,,,,,,,,,,,,,,,,,,,,
,687,2023/07/20,千葉,YJP村上,伊藤祐希,TOP保税作業引落し原油数量の不具合,,F：外航通関,F：外航通関,TOP保税作業記録表入力,"■発生日：2023/07/20
■対応希望日：７月２４日まで
　　　　　　　　　　　今回行った保税作業は仕切り直しでキャンセルしますが今月中もまだ計画が
　　　　　　　　　　　あります。
　　　　　　　　　　　早めの対応でお願いできますでしょうか。
■事象
７月１８日４：００～７月２０日４：００でTOP保税作業を実施しました。
TOP保税作業記録表入力画面の引落数量・使用原油数量が『０.０００』表示になっていた。
台帳を選択しても引落数量は『０.０００』のままで変わらない。
■あるべき姿
引落数量・使用原油数量が正しく表示される
■代替手段
なし
","■原因
TOP保税作業記録表入力の前段にて流量計カウンターの確定を実施されていないため。
■対策
TOP保税作業記録表入力画面の右上の[流量]ボタンからTOP流量計積算値記録表作成画面にてTOP流量計カウンターを確定してください。

2023/07/21
実務担当者様に直接報告、確認していただきました。
対策に記載した機能を実施していただき問題無く業務が遂行できたことからクローズいたします。",オフラス,●,,,,,,,,,,2023/07/21,その他,確認完了,,,,,,,,,,,,,,,,,,,,,,,,,,,,,,,,,,,,,,,
,688,2023/07/25,徳山,YJP村上,山本しのぶ,内航船による内外貨同時受入品のIS処理について,,F：外航通関,F：外航通関,,"■発生日：2023/07/25
■対応希望日：2023年7月末
■事象
内航船による内外貨同時受入で入荷した外貨JETをIS処理（蔵入れ）したところ、
以下事象が発生しました。
①外貨製品在庫日報で当該数量が払出処理されている。
（IS通関後、内貨扱いになっている？）
②保税作業終了届出番号リストから当該届出番号（ICT-307）が消えた。
（外国貨物運送申告書作成において、引落台帳が選択できない）
■あるべき姿
IS通関後も当該貨物は外貨状態で保有するため、オフラスでも外貨として扱えるようにしたいです。
対応方法をご教示願います。
■代替手段
なし
","■原因
内航船入荷された保税品（ICT-307）をIS申告されたことから発生しております。
IS申告した外貨を戻すにはIS申告を取り消すことが可能ですが、取消機能はICTにて保税台帳に登録されたケースは対象外としております。
ICTにて期間を過ぎて輸入申告した場合、残分は内貨で二次申告する運用の認識です。
■対策
データパッチにて対応いたします。
データパッチ後、外貨製品在庫日報を再集計願います。
今後、期間を過ぎても保税作業品として使用したい場合はマニュアルにて輸入申告していただき、
システム（画面）は操作不要としてください。
未使用の外貨は保税として使用していただき残数量0になれば外航入荷オーダ画面から残作業終了として表示されます。

データパッチを実施いたしました。外貨製品在庫日報の再集計をお願いいたします。
進捗ステータスは「確認中」に更新いたしますので、問題無ければクローズ願います。",オフラス,,,,●,,,,,,,2023/07/31,その他,確認完了,,,,,,,,,,,,,,,,,,,,,,,,,,,,,,,,,,,,,,,
,689,2023/07/27,千葉,YJP吉永,伊藤祐希,IOS20-OFL:ブレンダーサーキュレーションJOBNO設定不可,Q1：後続テスト実施不可,B：作業計画管理,Z：OMC,JOBNo設定,"■発生日：　2023/7/27

■発生拠点：　千葉事業所
■対応希望日：7/28 18時
■事象： ブレンダーサーキュレーションJOBをJOBNO設定しようしたが設定できない。
　　　　今までと違う点は基材タンクにパラタンクが含まれている。設備の都合上更新後初めての可能性がある。
従来から実施しているので仕様から漏れたとは正直考えにくい。

■あるべき姿： パラタンクを基材にブレンダーサーキュレーションを実施したい。
■代替手段：なし
","■原因
OMCから計画伝文送信時の応答がかえってきていません。
タイムアウトしたため、JOBNo設定に失敗しています。
まずは、OMC側に調査いただきます。

2023/07/27 YJP追記
OMC側でブレンドシフトのパラタンクの業務運用を考慮していなかったため、計画伝文受信時に異常終了していました。リカバリ方法の検討を行います。

2023/07/28 YJP追記
三鷹環境にてOMC側のバックアップ機能を使用し、
循環タンク（TK-179）,代表タンク（TK-241）,従属タンク（TK-242）
の払出タンク構成で、同様のJOBを作成し、実際に運転できることを確認しました。
■対策
[暫定対応]
　■OMC
　　　①バックアップ機能からブレンダサーキュレーションのJOBを作成し、運転を行う。
　　　　ただし、払出タンクの構成は、
　　　　　　「循環タンク（TK-179）,代表タンク（TK-241）,従属タンク（TK-242）」とする。
　■オフラス
　　　➁①JOB終了後、実績ファイルメンテ画面から実績値を登録する。
　　　　※JOBは、払出タンクの構成を入れ替えてJOBNo設定を行ったJOBを使用する。

[恒久対応]
OMC側にて、ブレンドシフトのパラタンクの業務を考慮していなかったので、考慮するように修正する。
対応依頼は、正規ルートにてOMC側へお願い致します。

＃申し訳ございませんが、OMC側の恒久対応が入るまでは、ブレンダサーキュレーション（パラタンク）のJOBは暫定対応にて、運用をお願いいたします。
何かありましたら即ご連絡いただければと思います。
＃また、恒久対応リリース後のブレンダサーキュレーションのJOB作成についてですが、払出タンクの構成は、「循環タンク、シフトタンク」の順にて作成するように業務担当の方へ周知をお願い致します。

2023/07/28 YJP
千葉伊藤様よりクローズの連絡あり。",運転制御,●,,,,,,,,,,2023/07/28,その他,対応不要,,,,,,,,,,,,,,,,,,,,,,,,,,,,,,,,,,,,,,,
,690,2023/07/31,千葉,YJP村上,伊藤祐希,積戻し実績入力の不具合,,F：外航通関,F：外航通関,,"■発生日：2023/07/30
■対応希望日：7月31日まで
　　　　　　　　　　★月初業務の月末在庫確定に関係するので急ぎでおねがいできますでしょうか。
■事象
７月２８日～７月２９日出荷しました。
積戻し実績入力画面入力して確定をクリックしたらメッセージが表示され確定できない。
※今までは、TOP保税作業のナフサから引落しをしていたので台帳番号はTOP-○○〇〇-(×)を
選択していました。
今回は、製品輸入しIM通関したGASOLINEから引き落としているので該当するIMの申告番号を
選択しています。
■あるべき姿
確定できてステータス完了する。
輸入台帳・製品外貨在庫にデータが反映される。
■代替手段
★外貨在庫引落し後の外貨在庫数量は、外貨製品在庫修正の当日在庫で修正可能かと思います。","■原因
輸出の引落対象が輸入の場合、輸入台帳への引落データの登録処理において同じデータを2重に登録するという不備があり今回のエラーが発生しております。（引落対象の輸入申告が1件であっても同様の不備が発生いたします。）
■対策
輸入台帳の引落データの登録制御を改修いたします。
（申し訳ございませんが、改修内容が複雑なため時間を要します。）
今月の月次処理においては、お手数をお掛けしますが外貨製品在庫日報、台帳詳細については手修正にてお願いしたく。
日報、台帳の対応（リカバリ）は当該改修版を使用して対応する方向でお願いいたします。

2023/09/01 YJP追記
輸入台帳への引落としデータの登録制御を修正したことから輸出業務における画面がエラーになる事象は解決。ただし、肝心の輸入台帳への引落しデータの内容に不備あり。
エビデンス提出予定を9/6に変更いたします。（業務担当者承諾済）
また、日報・台帳の月次処理確認においては、輸入品からの引落しでは無く、保税品からの引落しに変更されることで対処されるとのことから上述の期限延長について問題無しという見解をいただいております。

2023/09/06 YJP追記
検証結果エビデンスを下記BOXに格納いたしました。内容のご確認をお願いいたします。
https://app.box.com/folder/224828723087
・【No690】積戻し実績入力不具合.xlsx",オフラス,●,,,,,,,,2023/09/06,2023/10/12,,AP・コーディング,確認完了,,,,,,,,,,,,,,,,,,,,,,,,,,,,,,,,,,,,,,,
,691,2023/08/01,千葉,YJP村上,伊藤祐希,外貨在庫確定の不具合,,F：外航通関,F：外航通関,,"■発生日：2023/0８/0１
■対応希望日：８月２日まで
　　　　　　　　★月初業務の為、急ぎでおねがいできますでしょうか？
■事象
外貨在庫確定をクリックしたらエラーが表示され、画面遷移しない
■あるべき姿
画面遷移し在庫確定が出来るようになる
■代替手段
なし","■原因
外貨在庫品マスタの表示順が設定されていないためです。
■対策
マスタメンテ機能にて以下の2件の品名について表示順を設定願います。
全社統一品名コード：11520108、11520140
",オフラス,●,－,－,－,,,,,,,2023/08/01,その他,対応不要,,,,,,,,,,,,,,,,,,,,,,,,,,,,,,,,,,,,,,,
,692,2023/08/02,千葉,YJP大武,伊藤祐希,入荷実績計算書確定時、海底配管に不要な入荷＆在庫が計上される。,Q2：代替手段により後続テスト実施可能,G：マスバランス,G：マスバランス,データ取込,"■発生日：2023/08/01
■発生拠点：千葉事業所
■対応希望日：月締め作業に影響するため最短で お願いします。
 
■事象：原油の揚荷が7/28～7/31 の期間でありました(船名：HILLAH)
不具合があったのは、海底配管(2タンク)で、通常、揚荷開始日に払出が計上され→在庫0、
揚荷終了日に受入が計上→在庫：8,650.081KLとなります。
 
しかし今回は、最終日ではない7/29と、最終日の7/31に入荷が計上されてしまい、
7/31の在庫が17,300.162KLとなっています。
 
■やってみたこと
・データ取り込み(7/28～7/31)→入荷実績計算書入力し直し→在庫に変化なし。
・7/29の入荷データを削除(原油タンク受払実績より)→在庫に変化なし。
 
なお、関係あるか分かりませんが、昨日の段階で、入荷実績計算書を30日の画面で入力してしまっています。
※通常は揚荷最終日(今回だと7/31)に入力する運用となっています(すぐ間違えに気付き、データ取り込みし直してはいます)
 
 2023/08/04YJP追記：
沼田様より原因と対策が明確であるためクローズとのご連絡を頂きました。
本件クローズとさせて頂きます。
 
■あるべき姿：
・7月29日～30日の当月在庫が0(空欄)
・7月31日の当月在庫が、8,650.081KL
 
■代替手段：不明
","■原因
本件、仕様通りとなります。
入荷実績計算処理では、入荷の終了を""すべての子JOBが作業終了か削除""になっているか否かで
判定しており、今回のケースですと「7/29 15:25」から「7/30 11:46」まで全子JOBが
作業を行っていない状態となっているように見受けられ、7/30 4:00の締処理にて、全子JOBの終了と
認識し、海底配管#2タンクへの払出を含む、最終タンク処理が実行されたものと考えられます。
本動作は既設から同様であると認識しており、上記のような状況が発生しないよう運用にて
カバーを行い、もし発生した場合は、今回のように原油タンク受払実績画面からメンテナンスにて
対応頂く必要があると考えております。

本件を恒久的に対策する場合は仕様変更が必要となります。
内容としては、子JOBの作業状態判定時に、JOB管理番号から親JOBを特定して
親JOBの作業状態を判定に加える必要がございます。
内容ご確認の上、対策についてご検討頂けますよう、宜しくお願い申し上げます。

■対策
暫定対応として、原油タンク受払実績画面から、問題日(7/29)の海底配管(タンクNo.2)の入荷作業を削除、計測在庫を0にして更新いただければと思います。
その後、在庫計算更新(7/29)を実施ください。
7/30以降はデータ取込からやりなおしにするが、原油タンク受払実績画面から海底配管の在庫を修正し、当日の在庫計算更新処理を行うか、どちらか影響の少ない方法でデータをリカバリして頂ければと思います。
※今回は海底配管の在庫だけが問題になっている認識のため、データ取込から1日分全部やり直さなくとも、原油タンク受払実績画面の修正と、在庫計算更新を7/30以降最新日までやり切れば、正しいデータにリカバリできると考えております。

2023/08/04追記：
原因欄に記載した通り、恒久的な対策には仕様変更が必要となります。



",オフラス,●,,,,,,,,,,,仕様通り,確認完了,,,,,,,,,,,,,,,,,,,,,,,,,,,,,,,,,,,,,,,
,693,2023/08/03,北海道,YJP大武,秦野築,タンク在庫計算時の密度上下限設定について,Q3：後続テスト実施可能,D：実績管理,D：実績管理,在庫計算の密度,"■発生日：　2023年8月3日
 
■発生拠点：　北海道製油所
 
■対応希望日：　8月７日までに
 
■事象
　タンク在庫計算の際、上限/下限密度の設定がされているが、
・上限/下限密度の設定変更をする場合の画面は、添付資料の設定画面からで問題ないでしょうか。
　（システム管理⇒システム定数一覧⇒定数キー「○○_DENS_LOWER/UPPER」⇒「システム定数詳細」の「定数値」の値を変更　＊○○はCRUDE/FUEL/LPG/LUB）

・上記で上限/下限密度を変更した場合、現在在庫の数量も適切に計算されるでしょうか？
　例）「FUEL_DENS_UPPER」の定数値を1.075→1.100に変更した場合、
　　　密度：1.09のタンク在庫が適切に計算され、タンク数量○○⇒□□に変化する

■あるべき姿
　特になし

■代替手段
　なし
","■原因
ご提示いただいたシステム定数画面から修正いただければ上限、下限が変わります。
注意事項ですが、上限下限を広げていくと、JISの企画範囲から外れていくことになりますので、あまり無茶な広げ方はなさらないようお願いします。

■対策
アプリ対応はない想定のため、進捗を確認中とさせていただきます。
問題が無ければクローズしてください。",オフラス,－,●,－,－,,,,,,,2023/08/04,その他,確認完了,,,,,,,,,,,,,,,,,,,,,,,,,,,,,,,,,,,,,,,
,694,2023/08/04,千葉,YJP杉本,高橋洋介 ,オフラス→潤滑油OneSAP連携における仕様確認,Q3：後続テスト実施可能,L：試験管理,L：試験管理,潤滑油OneSAP連携,"■発生日：　2023/7/24

■発生拠点：　千葉事業所

■対応希望日：　1週間以内

■問合せ内容（OneSAP側への問合せも含んでいたため、オフラス向けを一部抜粋）
Lab-Aid側で持っている潤滑油システム連携用試験項目コードを
送信の際にOneSAP側のコードに変換して送信する設定になっているのですが、
Lab-Aidの持っている潤滑油システム連携用試験項目コードは数字4桁であるのに対し、
潤滑油OneSAP側の持っている「試験コード」は数字7桁となっています。
（「旧試験項目コード」や「基地試験項目コード（千葉）」というカラムもあり、そちらは数字6桁のようです）
桁数が合わないので通信規約を確認したところ、変換した数字4桁に「リーディング0を付与して6桁にする」との記述を確認しました。

確認したい事項としては、
Lab-Aid側で一点、
・オフラスからの連携用試験項目コードが数字4桁なのは明らかに現状の運用と合っていないが、6桁に修正可能か
　(現状、潤滑油OneSAP側に00から始まらないコードが複数あり、このままでは連携できないので)

■あるべき姿
ー

■代替手段
ー
","■原因
　変換には「OneSAP_潤滑油_試験項目変換マスタ」を利用しており、
　旧オフラス試験管理の頃から桁数が４桁となっております。

■対策
　マスタメンテナンスでのチェック時のOneSAP側の桁数も４桁になっています。
　そのため、マスタテーブルの桁数を4桁→6桁に拡張した上で、
　マスタメンテナンス、マスタローダ、送信プログラムにて６桁に対応するよう
　プログラム改修が必要となります。
　またマスタ移行をどうするかの検討が必要です。

今後の対応につきまして下記点についてご確認させていただきたいと思います。
　①6桁必要になった背景（OneSAP側が拡張された？元々そうだったが使い方が変わった？）
　②潤滑油試験項目コードは4桁のままで良いか？

2023/08/21 YJP追記
8/9高橋様回答より
①6桁必要になった背景
　→OneSAP側の該当部分定義は以前から6桁なので運用が変わっているよう
②潤滑油試験項目コードは4桁のままで良いか？
　→潤滑油試験コード側は4桁のまま、
　　 変換先のOneSAP試験項目コードを6桁に拡張するだけ

→まずはYJPより対応工数をご提示いたします。
→2023/09/08 YJP追記
　対応工数を記載しましたので、実施要否についてご回答いただきたいと思います。",オフラス,●,－,－,－,●,,,,,,,仕様通り,仕様整理中,,,,,,,IKC確認中,1.00人日,1.50人日,1.00人日,1.00人日,0.80人日,確認中,,,,,,,,,,,,,,,,,,,,,,,,,,
,695,2023/08/07,北海道,YJP大武,秦野築,受払月報確認のお願い,Q2：代替手段により後続テスト実施可能,G：マスバランス,G：マスバランス,製油所受払月報,"月初のお忙しいところ恐縮ですがご対応頂きたいことがございます。
内容といたしましては、7月に四日市製油所より2)P.脱硫軽揮発油という製品を初めて北海道製油所で
入荷し、DLN(脱硫ライトナフサ)タンクに受入を行いました。
本来であれば、この時点で2)P.脱硫軽揮発油は２）脱硫ライトナフサへ品名変更がされると推測しておりましたが
今回はそうならず, 2)P.脱硫軽揮発油というタンク品名がないにもかかわらず月末在庫に残っています。
この状態では正しい在庫形状となっていないため、なぜこの様な計上となったのか調査をお願いします。
正しい数量についてはこちらでも調査します。
なお、この帳票は8/7(月)第五営業日が最終締めとなっているため急いでおります。
連絡が遅くなり申し訳ありませんがご対応よろしくお願いいたします。

","■原因
2)P.脱硫軽揮発油の入荷のOneSAPからの戻り伝票が受信出来ていないようです。
原因は、TIMX612_MB品名マスタ、TIMX615_MB品名変換マスタに当該品名の設定が無いためと思われます。
(おそらく商品系のマスタのメンテナンス漏れと考えられます。)

リカバリ対応としては、以下の流れかと思われます。
TIMX612_MB品名マスタ、TIMX615_MB品名変換マスタを設定いただく
※TIMX102_作業品名マスタの設定も不足しているなら作業品名の追加登録も必要です、品名系マスタの整合を取ってメンテナンスしてください
↓
取り込めていなかったファイルを再取り込み
※問題のデータ以外のものも再取り込みしても上書き更新されるだけなので、問題データを含むファイルをそのまま再取り込みでOKです。
↓
画面から月次処理を再実行

また、一点懸念ですが、田苗様のメールでは、2)P.脱硫軽揮発油は２）脱硫ライトナフサへ品名変更されるとの記述がございましたが、
たぶん２）脱硫ライトナフサではなく、ｿ)ナフサに変更されるのではないかなと思っております。(月次集計の変換テーブル上はそうなるように見受けられます。)

■対策
上記リカバリ対応をご実施ください。

2023/08/08　IKC
マスタ設定後、月次集計にて問題解消。クローズ。
",オフラス,,●,,,,,,,,,2023/08/08,その他,確認完了,,,,,,,,,,,,,,,,,,,,,,,,,,,,,,,,,,,,,,,
,696,2023/08/14,北海道,YJP吉永,秦野築,[IOS20-OFL]OMCの進捗状況がオフラスに反映されない等,Q1：後続テスト実施不可,C：進捗管理,C：進捗管理,運転制御との通信,"■発生日：　　2023年　8月　11日　03：00頃
■対応希望日：　8月　11日　17：00迄（可能な限り早く）
■事象
　①装置受払の実績が反映されない。
（実際の作業は完了しているが、オフラス上“作業中”のままになっている）
　➁進捗管理－作業状況表示－出荷　の表示一覧で終了予定時間の“開始中”と“終了”しか見られない。
　　（どれだけ流量が出ていて、何時に作業が終わるのか、途中結果が見られない）
　③実績管理－タンク定時在庫　を確認すると全タンクの8/11 03:00のデータが欠落している。
■あるべき姿
　OMCの進捗がタイムリーにオフラスにも反映される
■代替手段
　なし","■原因
SFサービスの異常終了したことが原因でOMCとのCSの連携ができない状態となっておりました。
■対策
①削除データパッチ　⇒2023/08/22　ジョブ削除済み（IKC）　
➁OMC画面参照
③リカバリ再送信⇒2023/08/14 済",オフラス,,●,,,,,,,,,2023/08/22,その他,確認完了,,,,,,,,,,,,,,,,,,,,,,,,,,,,,,,,,,,,,,,
,697,2023/08/15,北海道,YJP那須,市川大地,硫黄タンクの密度について,Q3：後続テスト実施可能,D：実績管理,D：実績管理,タンク密度,"■発生日：2023/04/01
■対応希望日：1週間以内（この不具合の影響が掴めておりません。関税や官庁報告に関わる帳票影響がある場合は早急に対応が必要です）　
■事象
実績管理のタンク在庫日報で硫黄タンクである3506及び3507タンクの密度が４月１日の１時より１．８から１．０に変わっている。
■あるべき姿
硫黄の密度は１．８
■代替手段
なし","■原因
下記件ですが、仕様の通りかと思われます。
2023/04/01の0時には密度が1.8で1時には密度が1.0になっていることから、
3506タンクの過去ロットの内、密度を持っていたロットが、2年度経過で削除されたものと思われます。
現在残っている3506タンクのロットは29ロット分ございましたが、密度項目を検査したものはございませんでした。
そのため、タンク密度を取得した際に1.0が設定されているものと考えられます。

本件についての影響範囲ですが、硫黄については、他の油種とは異なる換算係数の求め方をしております。
そのため、在庫計算された換算数量については正しい値になっています。(2023/04/01　01:00以降の在庫数量は正しく計算されています。)
つまり、タンク在庫日報上の密度項目の表示が1.0になっているというところが影響範囲です。
在庫数量に誤りはないので、税関や官庁報告には影響がないのではないかと思っております。

また、本件はPJT問題点管理2241で対応されていたはずの内容と思われます。
No.2241は北海道の初期流動で発生した問題点で、本件同様硫黄タンクの密度に関する問題点です。
対応内容として、硫黄の試験項目として密度を追加することで対応されていた認識ですが、
現状のデータを見ると、密度の試験結果が返されていないようです。

■対策
進捗を確認中といたしますので、問題が無ければクローズしてください。

2023/08/22　IKC
仕変要否は北海道持ち帰り検討。いったんクローズ。",オフラス,,●,,,,,,,,,2023/08/22,仕様通り,確認完了,,,,,,,,,,,,,,,,,,,,,,,,,,,,,,,,,,,,,,,
,698,2023/08/21,愛知,YJP大武,堂垣拓生,伝票を本伝にしたいが出来ない　(代替手段により業務影響なし),Q2：代替手段により後続テスト実施可能,C：進捗管理,D：実績管理,中止オーダ削除,"■発生日：2023/8/21
■対応希望：急がない
■事象：8/17の伊勢湾石油向け8吉丸のBUNK-A,Cのオーダーで、BUNK-Cのみ出荷し、BUNK-Aの出荷が中止となった。
　　　　伝票を本伝にするために進捗管理の中止オーダーからBUNK-Aのオーダーを削除しようとしたが、表示されていなかった。
　　　　BUNK-AのJOB状態を確認しようと、8/17のJOBNo設定画面、実績ファイルメンテ(登録済み)、進捗管理(作業状況表示)を確認したが、
　　　　該当のBUNK-Aが表示されていなかった。
　　　　その為、進捗管理の中止オーダーからオーダーを削除できず、伝票を本伝にできない状態となっている。
","■原因
調査中です。

2023/08/22YJP
本件、データを確認いたしましたところ、どうやら想定された運用操作をされていない模様です。

＞8/17の伊勢湾石油向け8吉丸のBUNK-A,Cのオーダーで、BUNK-Cのみ出荷し、BUNK-Aの出荷が中止となった。
上記のように、オーダー上は出荷する予定だった品名が、実際は出荷されずというケースはままある事と伺っております。
その場合は、進捗管理機能の中止オーダ削除画面より、問題の出荷JOBを削除していただく運用になっていると認識しております。

＞伝票を本伝にするために進捗管理の中止オーダーからBUNK-Aのオーダーを削除しようとしたが、表示されていなかった。
今回、中止オーダ削除画面で操作されるより前に、実績管理のファイルメンテナンス画面より、問題の出荷JOBを削除されているようです。
そのため、中止オーダ削除画面の表示対象ではなくなり、表示されなくなっております。

＞BUNK-AのJOB状態を確認しようと、8/17のJOBNo設定画面、実績ファイルメンテ(登録済み)、進捗管理(作業状況表示)を確認したが、
＞該当のBUNK-Aが表示されていなかった。
上述の通り、すでに削除されているため各種画面の表示対象外になっております。

今回の事象は、中止オーダ削除画面から削除される運用の通りに操作されていないことから発生していると考えられます。
リカバリの方法としては、手動で伝票発行管理の画面から伝票を作成、送信していただくことになるかと思います。
また、仮伝のまま残ってしまっている伝票は、紛らわしいので伝票画面から削除しておいていただければと思っております。


■対策
問題点管理表の進捗を確認中といたしますので、問題が無ければクローズしてくださいますようお願いします。

2023/08/22YJP
堂垣様より確認とクローズのご連絡をいただきました。",オフラス,,,,,,,,,,,2023/08/22,仕様通り,確認完了,,,,,,,,,,,,,,,,,,,,,,,,,,,,,,,,,,,,,,,
,699,2023/08/22,千葉,YJP張替,青井圭介,帳票の品名出力について,Q3：後続テスト実施可能,帳票,帳票,－,"■発生日：2023/8/22
■対応希望日：
■事象:帳票で品名出力している対象をリストアップしていただき、
品名項目が、それぞれどのDB項目を参照しているか調査をお願いいたします。
その際、出力品名の帳票上の最大桁数もあわせてご確認をお願いします。
■あるべき姿
■代替手段
","■原因
調査中です。

YJP作成帳票については、回答期限を9/1とさせて頂き、対応致します。
なお、調査対象はYJP作成帳票のみとなります。

■対策
調査結果を下記に格納いたしました。
<https://app.box.com/folder/224058776554>",オフラス,,,,,,,,,,,2024/02/07,その他,確認完了,,,,,,,,,,,,,,,,,,,,,,,,,,,,,,,,,,,,,,,
,700,2023/08/23,千葉,YJP吉永,伊藤祐希,IOS20-OFL:オーダー確定後　封印が自動で「要」に変更される,Q2：代替手段により後続テスト実施可能,A：オーダ管理,A：オーダ管理,封印要否,"■発生日：　2023/8/23
■対応希望日：  8/25午前中まで
■事象： 翌日出荷分オーダー確定時封印要否「否」で登録できない。
オーダー詳細画面で封印要否「要」から「否」に変更し、オーダー確定をクリック
→「オーダーが更新されました」とメッセージがでるももう一度オーダー画面を開くと封印要否「要」となる。　

[問題点エビデンス]
https://app.box.com/folder/222884677238
■あるべき姿： 封印「否」でオーダー確定ができる
■代替手段：なし ","■原因
オーダ確定時、封印要否「要」の条件に合致する為、強制的に「要」に変更し登録をしています。
封印要否「要」になる条件は、以下の仕様書を参照してください。
：IOS20-OFL-SBM-T2-001_機能仕様書_オーダ管理_v1.7.pdf　P.50 2.6.7.封印要否の登録

2023/09/04　YJP追記
PJT問題点No.3457の対応により、オーダ確定時に封印要否を再設定するように修正していますが、
画面から変更された値に関係なく封印要否の条件に当てはまるものを設定しています。

■対策
オーダ確定時に画面から封印要否の変更があった場合は画面の値を設定し、
変更がない場合は封印要否の条件に当てはまる値を設定するように修正致します。

2023/09/06 YJP
以下に検証エビデンスを格納しました。
https://app.box.com/folder/224841883051
：【No700】オーダ確定時に画面から変更された封印要否で登録する.xlsx",オフラス,●,●,●,●,,,,,2023/09/06,2023/10/12,2024/03/13,AP・コーディング,確認完了,,,,,,,,,,,,,,,,,,,,,,,,,,,,,,,,,,,,,,,
,701,2023/08/24,徳山,YJP大武,青井圭介,徳山オフラスにてタンクの払い出し可能数量がマイナス,Q3：後続テスト実施可能,D：実績管理,D：実績管理,タンク定時在庫,"■発生日：　2023/8/23（問い合わせ日）
■発生拠点：　徳山事業所
■対応希望日：　1週間以内　
■事象
定時タンク状態にてタンク#3002の払い出し可能数量がマイナスとなっている。
■あるべき姿
ー
■代替手段
ー
","■原因
本件、問題点としては、「生払出可能数量がマイナスになっている事」でしょうか。
エビデンスによれば当該タンクは在庫0のように見受けられるので、
払出可能量はマイナスになって然るべきかと思われます。
払出可能量は、現在の在庫量から安全運転下限数量を差し引いて、
安全に運転できる範囲であとどれくらい払い出せるか、という項目の認識です。
そのため、解放中などでレベルが0になっているのであれば、
安全運転下限を下回っていることが考えられるので、マイナスになりうる認識です。

お手数ですが、問題点の経緯を確認させていただきたいと思っております。
(当該タンクが解放中ではないのに、解放されている、というような問い合わせが背景にあったりするでしょうか。)

■対策
問題事象の確認中です。

2023/08/28YJP
当該タンクは解放中のため(徳山事業所回答)システム的な挙動としては仕様通り。
青井様より問い合わせ部署に回答いただき、その後特に問題が無ければクローズされるとのこと。

2023/08/31IKC
問合せ部署より追加質問がないため、クローズ。",オフラス,,,,●,,,,,,,2023/08/31,仕様通り,確認完了,,,,,,,,,,,,,,,,,,,,,,,,,,,,,,,,,,,,,,,
,702,2023/08/24,愛知,YJP張替,堂垣拓生,シフト生産作業指図報告書の数量表示について,Q3：後続テスト実施可能,帳票,帳票,シフト生産作業指図書,"■発生日：2023/8/24
■対応希望日：急がない
■事象：
シフト生産作業指図報告書の受入数量欄にL単位で表示させたいことがある。
通常はKL単位で問題ないが、ミキシング添加剤張込時にL単位となる場合があり
その際にシフト生産作業指図報告書を確認すると受入数量欄に「０」と表示されてしまっている。
■あるべき姿：
払出数量欄のようにL単位でも表示できる。
■代替手段：
シフト生産作業指図報告書を印刷する前に修正

2023/12/04(IKC堂垣)
問題ないため、クローズ","■原因
受入側の数量の表示に添加剤タンクに関する考慮が不足していたためです。
■対策
添加剤タンクの受入の場合は、L形式で表示するよう修正いたします。

検証エビデンスを下記に格納いたしました。
<https://app.box.com/folder/227709861523>",オフラス,,,●,,,,,,2023/09/25,2023/10/05,2023/12/04,設計不備,確認完了,,,,,,,,,,,,,,,,,,,,,,,,,,,,,,,,,,,,,,,
,703,2023/08/24,愛知,YJP村上,古井珠実,輸入申告「貨物」登録不可,,F：外航通関,F：外航通関,搬入確認登録（保税運送貨物）,"■発生日：2023/08/23
■対応希望日：8/28まで
■事象
輸入申告で「貨物」を登録しようとしたところ、エラーになり登録できない
■あるべき姿
「貨物」が登録でき、次のステータスに進める
■代替手段
NACCSに直接入力し、申告を進める","■原因
貨物登録時に必要な情報である密度が取得されないため発生しております。
対象ジョブの試験依頼が「受付中」の状態ですので、試験管理側で試験結果を入力・返却していただければ問題無く貨物の登録および次作業が実施出来ます。
■対策
品管担当者様と調整のうえ試験結果の返却（総合判定）を実施願います。
2023/08/25 YJP追記
通関実務担当者様より、上述の試験管理の対応後、貨物登録が問題無く実施出来たことを報告いただいました。
本件、対応不要にてクローズさせていただきます。（通関担当者様承諾済）
",オフラス,,,●,,,,,,,,2023/08/28,その他,対応不要,,,,,,,,,,,,,,,,,,,,,,,,,,,,,,,,,,,,,,,
,704,2023/8/22,愛知,初期流動,堂垣拓生,内製帳票,Q3：後続テスト実施可能,A：オーダ管理,A：オーダ管理,内製帳票の新規追加,"■発生日：2023/08/22
■対応希望日：2023/09/30
■事象
愛知で構築した内製帳票（自営帳票）について、オフラスで保守管理する目的で、帳票出力から出力できるようにする。
・重災防止管理項目チェックツール（オーダ管理）※PJT問題点No.3721にて開発
・
■あるべき姿
帳票出力から出力できること
■代替手段
なし","■原因

■対策
2023/9/11 YJP追記
下記2点について情報を頂きたくお願い致します。
　・対象帳票（PJT問題点No.3721にて新規追加）をどの画面から出力したいか
　・帳票出力時にパラメータを渡す必要があるか。渡す場合、どのパラメータを渡せばよいか

2023/9/27 YJP追記
　・帳票出力時にパラメータを渡す必要があるか。渡す場合、どのパラメータを渡せばよいか
　　→パラメータは不要とのこと。（9/12 エグゼ様より回答受領）
　・対象帳票（PJT問題点No.3721にて新規追加）をどの画面から出力したいか
　　→IKC百留様より回答待ち

2023/12/20　YJP追記
「重災防止管理項目チェックツール（オーダ管理）」については、「オーダ管理」の帳票出力画面より出力とする旨、ご連絡頂きました。
本件は、保守問題点No.751にて起票されている北海道の内政帳票の追加に伴う画面側の対応（別途起票頂く）とともに改修する

2024/03/25 YJP追記
自営帳票の再納品待ちのため、エビデンス提出予定日を3/15→未定に変更しました。

2024/05/28
自営帳票が再納品されましたので、検証結果と出力された帳票を以下に格納いたしました。
https://app.box.com/folder/266902699068
",オフラス,,,●,,●,,,,2024/5/28,2024/6/13,2025/4/1,仕様変更,確認完了,No.970,,,,,"■愛知において、オーダ管理の帳票出力一覧画面より以下の帳票を出力できるようにする。
　・重災防止管理項目チェックツール
■画面から帳票への受け渡しパラメータ（画面で選択できる項目）はなし",仕様変更承認済,0.50人日,1.00人日,1.00人日,0.50人日,0.00人日,対応依頼,,"PJT問題点No.3721と関連
保守問題点No.751、No.791とも並走",,,"No704+No790+No791
2024/02 17K2D016_153",,,,,,,,,,,,,,,,,,,,,
,705,2023/09/01,徳山,國本優輝,國本優輝,特例規格のロット有効期限,Q3：後続テスト実施可能,L：試験管理,L：試験管理,,"■発生日：2022/12/1
■対応希望日：仕様変更なので対応可能なら修正してほしい
■事象
特例規格を設定すると特例規格が切れた日付でロットが落ちる。旧システムでは90日以内であれば、特例規格が落ちたタイミングで一般規格の有効期限に切替わっていた。　　
■あるべき姿
　特例規格の間は特例規格規格でロットを保証し、特例規格が切れたあとは一般規格でロットを保証し、有効期限を一般規格の期限とする。
■代替手段
　特例規格が切れるタイミングでマスタを修正し、合否判定を行う。
　または規格表に反映される場合は一般規格の値を修正する。","■原因
　仕様通りとなります

■対策
　有効期間決定において最大の有効日数の間で対象となる規格の乗換判定処理を追加し、
　有効期間を決定するよう仕様変更いたします。

　詳細は下記設計書をご参照ください
　https://app.box.com/folder/245639473856
　・カスタマイズ基本設計書_4.1_入力時チェック（関連型以外)_20240124.docx

　動作確認をエビデンスを格納いたしましたのでご確認ください
　https://app.box.com/folder/267973650189
　・動作確認テスト 【0010053】特例規格のロット有効期限.xls
2026/03/23 YJP追記
エビデンス確認にてNG　現在原因調査中

■棚卸
2026/04/27：着手中",オフラス,,,,●,●,,,,2024/06/04,,,仕様変更,調査中,,,,,,"　https://app.box.com/folder/245639473856
　・カスタマイズ基本設計書_4.1_入力時チェック（関連型以外)_20240124.docx",仕様変更承認済,6.00人日,10.00人日,5.00人日,6.00人日,8.00人日,対応依頼,,,,,,,,,,,,,,,,,,,,,,,,,,
,706,2023/08/30,北海道,青井圭介,青井圭介,生産シフト作業報告書修正,Q3：後続テスト実施可能,B：作業計画管理,帳票,生産シフト作業報告書,"■発生日：　2023/8/30
■発生拠点：　北海道製油所
■対応希望日：　2週間以内　
■事象
8月30日の生産シフト作業報告書の帳票において，作業実績がボイラー生産しか表示されていない。
実績管理⇒帳票⇒帳票出力⇒４．生産シフト作業報告書（日単位）で8月30日を指定
■あるべき姿
8月30日の作業実績は帳票に全て載る 
■代替手段
シフト実績は実績画面で確認する。
国税調査が近いうちに来る可能性がある為、帳票はしっかり整えておきたい。
","■原因
比率データがNULLであったため
■対策
NULLの場合０にするよう修正
2023/09/15
データの仕様上０が正しいとのことなので子JOBを出力するよう修正
----
問題のJOBは北海道の特殊なシフトで仮想タンクにシフトしているものですよね。
(自家燃用のシフトと聞いております。)
タンク030は仮想タンクのため、コンポーネント実績が運転制御から上がってきていない(0が設定されている)と思われます。
そのためコンポーネント実績(TIBB003の実績)は0になっていると思われます。

2023/12/20 YJP追記
年明け以降にリリース実施予定",自営帳票,,●,,,,,,,2023/09/04,2024/01/18,2024/02/07,仕様不備,確認完了,,,,,,,,,,,,,,,,,,,,,,,,,,,,,,,,,,,,,,,
,707,2023/09/05,愛知,YJP大武,渡辺一昭,ベビーナフサRFTの在庫の件,Q2：代替手段により後続テスト実施可能,G：マスバランス,G：マスバランス,月次処理,"■発生日：2023/09/05
■対応希望日：2023/09/05
■事象
　ヘビーナフサＲＦＴですが、実地棚卸表と製油所受払月報の在庫数量が合いません。
　タンク在庫が製油所受払月報に反映されていないようです。
　本日(第三営業日)が締め日となっていますので、至急ご確認願います。
■あるべき姿
■代替手段

2023/12/04(IKC 堂垣)
以下恒久対応が完了していることを確認したため、クローズ
・MB品名変換マスタのRFTに紐づく品名を62020021の税区分00から税区分02に変更➡済
・MB品名マスタのﾍﾋﾞｰﾅﾌｻRFTの品名名称がﾍﾋﾞｰﾅﾌｻEXTになっているため、修正➡済","■原因
前月から(というか切替後から)ということであれば、仕様の通りかと思われます。
問題の品名は「統一品名：62020021、税区分：02」ですが、タンク在庫で計上されているのは「統一品名：62020021、税区分：00」です。
「統一品名コード：62020021、税区分：02」→名称としては2)ﾍﾋﾞｰﾅﾌｻRFT
「統一品名コード：62020021、税区分：00」→名称としてはヘビーナフサEXT
となっています。
実地棚卸表は、統一品名コード：62020021でまとめていますが、
製油所受払月報は、統一品名コード：62020021、税区分でまとめている認識です。

お打ち合わせの結果、今月分の暫定対応は以下になりました。
・2)ﾍﾋﾞｰﾅﾌｻRFT　を在庫修正設定で2112832プラス
・ﾍﾋﾞｰﾅﾌｻRFT　を在庫修正設定で2112832マイナス

恒久対応として、9月初の処理がしまった後に以下のマスタメンテナンスを実施
・MB品名変換マスタのRFTに紐づく品名を62020021の税区分00から税区分02に変更
・MB品名マスタのﾍﾋﾞｰﾅﾌｻRFTの品名名称がﾍﾋﾞｰﾅﾌｻEXTになっているため、修正

■対策
今月分の在廷対応(在庫修正設定)で実地棚卸表と製油所受払月報が想定通りになったことはTeams会議にて確認いたしました。
月初締め後の恒久対応(マスタメンテナンス)を完了されたら、本件をクローズいただければと思います。",オフラス,－,－,●,－,,,,,,,2023/12/04,環境設定,確認完了,,,,,,,,,,,,,,,,,,,,,,,,,,,,,,,,,,,,,,,
,708,2023/09/05,千葉,YJP大武,伊藤祐希,石化ナフサ受払表の当月在庫 修正について,Q2：代替手段により後続テスト実施可能,D：実績管理,D：実績管理,石化ナフサ受払表,"■発生日：2023/07(2023/06の締め作業時)
■発生拠点：千葉事業所
■対応希望日：1週間程度(月初の締め作業には影響なし)
 
■事象：PCHN-I → PCHN へ在庫の振り替えを行いたかったが、
石化ナフサ受払表にはPCHNがなかったため、品位転換で対応。
 
品位転換で対応したため、製油所受払月報の当月在庫は正しい状態となったが、
石化ナフサ受払表の当月在庫は、そのまま(振り替えが行われず)となってしまった。
 
なお、以前も似たような事象があり、その際はデータパッチで対応いただきました。
今回もデータパッチ対応になるでしょうか？
 
また、今回の品位転換処理以外の方法(石化ナフサ受払表が正しくなる処理)があれば、
併せて、ご教授いただければと思います。
 
 
 
■あるべき姿：PCHN-Iの当月在庫ゼロ
■代替手段：数量欄(在庫修正設定)にゼロを入力すれば、製油所受払月報上は特に問題なし。
※当月在庫をゼロにしない限り、毎月の締め作業時に在庫修正でゼロを入力する必要あり。

","■原因
本件は画面操作外で処理されているため、データパッチでの対応が必要な認識です。

2023/09/07YJP
本件、保守601との類似件です(原因は異なりますが)
元々、本画面(石化ナフサ受払表)では、PCHN-I等の石化ナフサ品名について、入荷(外貨の入荷)、納税(外貨のマイナス、内貨のプラス)、出荷(内貨の出荷)を経て、当月の残在庫量を算出する画面です。
意図としては、タンク品名ではPCHN等で登録されているので、その中にどれだけのPCHN-Iが含まれているかを算出し、その分の在庫修正設定(PCHNのマイナス、PCHN-Iのプラス)を登録するために使われる想定でした。
今回、2023年06月については、外貨品の繰り越し在庫が25,962,983Lの状態から、全量分納税し(外貨が0、内貨が25,962,983L)、出荷で内貨品を3,012,764L払い出していると認識しております。
上記の場合、PCHN-Iが22,950,219L残っていることになるため、その数量をPCHNのタンク在庫から引き当てるために、PCHNに-22,950,219L、PCHN-Iに+22,950,219Lの在庫修正設定をして、在庫を合わせるものだと思っておりましたが、6月のPCHN-Iの在庫はPCHNに計上して良いとご判断されたため、品転伝票を発行されたと理解しております。
この運用は、本画面の想定された操作、運用とは異なるため、画面上PCHN-Iの在庫が残ったことになり、以降7月、8月と残り続けている認識です。

暫定対応としてはデータパッチで2023年6月以降のPCHN-Iの在庫数量を0にすることです。
※データパッチ適用後は2023年06月の「登録」は実施されない様にお願いします。

恒久対応としては以前(保守601)も提案させていただいておりますが、仕様変更にて、当月在庫数量を入力できるようにするなどが考えられます。
ご検討の程、よろしくお願いします。


■対策
データパッチエビデンスを以下に格納しました。
https://app.box.com/folder/224981159671

2023/09/11YJP
沼田様より確認OKのご連絡を頂いたため、本件クローズいたします。",オフラス,●,－,－,－,,,,,2023/09/07,,2023/09/11,その他,確認完了,,,,,,,,,,,,,,,,,,,,,,,,,,,,,,,,,,,,,,,
,709,2023/09/06,愛知,YJP吉永,堂垣拓生,IOS20-OFL：陸上出荷の進捗画面が表示されない,Q3：後続テスト実施可能,C：進捗管理,C：進捗管理,作業状況表示,"■発生日：　2023/9/6
■対応希望日：　急がない　
■事象
進捗管理の作業状況表示⇒陸上出荷を表示させようとすると、java.lang.IndexOutOfBoundsException: Index: 1, Size: 1
とメッセージが表示され、陸上出荷の進捗画面が表示されない。
9/5に日付を変更して表示させると表示される。
[問題点エビデンス]
https://app.box.com/folder/224772357452
：陸上出荷の進捗管理画面が表示されない.xlsx
■あるべき姿
陸上出荷の進捗画面が表示される。

■代替手段
なし

2023/12/04(IKC堂垣)
問題ないため、クローズ","■原因
タンク切替で使用していないタンクを参照していたため、エラーが発生していました。

■対策
切替があったタンクのみ参照するように修正致します。

2023/10/18 YJP
以下に検証エビデンスを格納しました。
https://app.box.com/folder/231195373407
：【No709】進捗の陸上出荷作業状況表示一覧が表示されない.xlsx",オフラス,●,●,●,●,,,,,2023/10/18,2023/10/26,2023/12/04,AP・コーディング,確認完了,,,,,,,,,,,,,,,,,,,,,,,,,,,,,,,,,,,,,,,
,710,2023/09/07,愛知,YJP那須,安田壮大,運転管理オフラスからの品転試験依頼時にエラーとなり品転できない,Q1：後続テスト実施不可,E：品質管理,E：品質管理,品転試験依頼,"■発生日：2023/9/7
■対応希望日：即日 15時まで　（明日出荷分の対応となりますので、急ぎ対応頂きたいです。）
■事象
運転管理オフラスより、徳山事業所向け LFG 社内転送　品転試験依頼を実施したが、下記エラーにより品転試験依頼が行えない。
LFG T10422ロットは最新ロットが A5-30901-09-T10422 であり、このロットに対して品転試験依頼をかけたいが、存在しない9/8のロットに対して品転試験依頼がたってしまっている。
尚、A5-30901-09-T10422（混合基材ロット）は一部試験項目が不合格でロット無し　の状態になっている。
※（不合格になっているのは混合基材として使用する為の試験項目であり、社内転送する為の規格は合格しているので品転には問題なし。）
https://app.box.com/file/1300496670296

■あるべき姿
9/1ロットで品転試験依頼できる

■代替手段
（可能かわかりませんが）新しい日付で品転なしで徳山向けに試験依頼して規格照合する","■原因
こちらは仕様通りとなります。
無効ロットには品転試験依頼をかけることはできません。
品転試験依頼は、有効ロットもしくは受付待ち状態の試験依頼にのみ可能です。

品転試験依頼をかけてその他エラーとなっている試験依頼のロットNoの日時がが30908-99となっているのは、品転元ロットが無いため試験依頼編集画面で設定していた値がそのままとなっているためです。
存在しない9/8ロットに対して品転試験依頼が行われているわけではありません。
（品転ではなく通常の試験依頼を作成した場合と同じロットNoとなります。）

■対策
徳山事業所向けの社内転送ですと、需要家と試験分類が違うため二重登録エラートにはならずにA5-30901-09-T10422のロットNoで試験依頼可能です。
",オフラス,,,●,,,,,,,,2023/09/07,仕様通り,確認完了,,,,,,,,,,,,,,,,,,,,,,,,,,,,,,,,,,,,,,,
,711,2023/09/08,愛知,YJP杉本,堂垣拓生,ガスクロデータの受信・利用について,Q3：後続テスト実施可能,L：試験管理,L：試験管理,分析計受信,"■発生日：2023/9/5
■対応希望日：2025年6月(関連プロジェクトの完工)
■事象
LPG出荷の増強を目的としたプロジェクト(LPG-A)の一環で、出荷ロットを作成するデータ元となっている
アナライザー(ガスクロ)をDCS/OMCに繋いで、Lab-Aidまで分析結果を送信したい。
現状ガスクロはスタンドアローンとなっているため、以下のように分析結果を取り扱っている。
・ガスクロより分析結果を印刷(自動で印刷される)
・印刷されたものをスキャンし、試験を行う部署に送信
・試験を行う部署は送信されたデータをもとに、試験結果入力
・合否判断を行い、ロットを確立する
※上記をPS、BSの2油種に対して毎日行っている

出荷増強に伴い、今以上に品質管理が重要になってくることから、出荷ロット作成の手順を
以下のように一部自動化し、ロット作成抜けや手入力時のミスによる品質リスクを最小にしたい。
・ガスクロより分析結果を自動送信
・Lab-Aidで結果受信
・試験を行う部署で合否判断を行い、ロットを確立する

[添付資料]
https://app.box.com/folder/224771008542

■あるべき姿
以下の業務フローが成立する。
・ガスクロより分析結果を自動送信
・Lab-Aidで結果受信
・試験を行う部署で合否判断を行い、ロットを確立する

■代替手段
既設通りの出荷ロット作成手順(事象に記載)
","■原因
仕様変更にて対応
■対策
（通信管理）
　L35DMZに配置済みPHX連携アプリの設定ファイル変更

（試験管理）
  ガスクロの測定結果をDCS経由で業務課PHXサーバを介して統括PHXサーバに取り込まれるように
　設定する。統括PHXサーバに取り込まれた測定結果を試験管理の既存機能を用いて取得する仕組み
　とする。取り込む時間を構成マスタで指定できるようなカスタマイズを行う。
　※ただし、統括PHXサーバはUAインタフェースが利用できるようにバージョンアップが行われていることを
　　　前提とする。

2025/2/17　YJP追記
UAインターフェースは利用可能であることを確認した。
統括PHXサーバからのガスクロ測定値の取込については時間指定できるようなカスタマイズを行う必要があることが分かり、カスタマイズ設計書を変更し、承認済み、現在開発中である。
今後は「出光愛知ＬＰＧ増強改造におけるガスクロ関連システム」で管理するものとしてクローズして良いか検討していただきたい。
2025/2/21 YJP追記
現状は3/13、3/14に三鷹にて通信疎通確認を実施
4/中旬にFATを実施予定
先の記載にあるとおり、「出光愛知ＬＰＧ増強改造におけるガスクロ関連システム」にて管理していくことからクローズいたします。",オフラス,,,●,,●,,,,,,2025/03/14,仕様変更,確認完了,,,,,,,,,,,,,,,,,,,,,,,,,,,,,,,,,,,,,,,
,712,2023/09/11,千葉,YJP吉永,伊藤祐希,封印要否の条件について,Q2：代替手段により後続テスト実施可能,A：オーダ管理,A：オーダ管理,封印要否設定,"No.700から派生した問題点です。
■発生日：
■対応希望日：
■事象
封印要否の要の条件について、千葉では揮発油未納税品の封印は廃止しているため、封印要否の以下の条件を削除したい。
・「⑧課税品でない場合、封印必要」

2023/09/08 各所に条件削除の可否を確認
　・北海道：（回答なし）
　・愛知：問題なし
　・徳山：（回答なし）
■あるべき姿
課税品の場合は封印否としたい
■代替手段
画面から手修正","■原因

■対策
",オフラス,●,●,●,●,,,,,,,,仕様変更,仕様整理中,,,,,,2026/05/28 対応不要（千葉_伊藤様）,,,,,,,,,,,,,,,,,,,,,,,,,,,,,,,,,
,713,2023/09/11,愛知,YJP村上,古井珠実,輸出申告　積戻し出荷実績処理が出来ない,,F：外航通関,F：外航通関,輸出（積戻し）申告情報作成,"■発生日：2023/09/06
■対応希望日：9/14
■事象
輸出申告で積戻し出荷実績処理中　台帳を再登録し実績確定を行おうとしたところ
実績画面が表示できない。
※エラー内容は添付資料参照
■あるべき姿
「申告」が青になり、次のステータスに進める。
■代替手段
なし","■原因
輸出（積戻し）申告後に再度、輸出（積戻し）申告にて修正行為をされたことから、「申告」アイコンが作業済（背景色：青）が未作業（背景色：赤）に変更されております。
「申告」アイコンが作業済（背景色：青）になるタイミングは税関（NACCS）からの申告控え伝文を受信したタイミングなので、今回変更された申告にて再度NACCSに送信していただければ問題無いと判断します。
■対策
今回の修正行為はNACCS申告に連携する必要が無いのであれば、前回受信した伝文（申告控え伝文、許可伝文）を再度受信（所定の受信伝文格納フォルダに順番に配置）していただければ「実績」アイコンを押下しての後続処理が可能となります。
一度、三鷹検証環境にて確認させていただければと判断します。
2023/09/11 YJP追記
三鷹検証環境にて動作確認。
既伝文を再度所定のRECVフォルダに格納しましたので、画面にて業務遂行が可能かのご確認をお願いいたします。
",オフラス,,,●,,,,,,,,2023/09/12,その他,確認完了,,,,,,,,,,,,,,,,,,,,,,,,,,,,,,,,,,,,,,,
,714,2023/09/19,愛知,YJP小笠原,安田壮大,運転管理オフラス試験依頼時の受入れ情報入力について,,E：品質管理,E：品質管理,試験依頼の受入情報,"■発生日：2023年9月12日
■対応希望日：9月22日（金）
■事象
運転管理オフラスより、C3外航入荷JOB（オーダーNo.50103）に紐づく試験依頼をたてた。
船ロット(SCRISTAL RIVER)の試験依頼完了後、冷凍タンク(T60861)本登録したが、
在庫数量が誤っていた為修正実施した。
その後試験管理側で参照すると「受入れ情報」に受入れロット情報が登録されておらず（問題点①）、混合計算が実施できなかった。
運転管理の試験依頼画面から受入れ情報を入力しようとしたが、入力箇所がわからず入力できなかった。（問題点②）
再度運転管理から本登録すると、試験管理側で「受入れ情報」登録された。
①本登録実施後、試験依頼情報（在庫量等）を修正すると「受入れ情報」がクリアされてしまうのでしょうか？
②運転管理側から「受入れ情報」を入力する事は可能でしょうか？また、登録されている受入れ情報を参照する事はできないのでしょうか？
https://app.box.com/file/1310682469931
■あるべき姿
①本登録実施後、試験依頼情報（在庫量等）を修正しても「受入れ情報」がクリアされない。
②運転管理側から「受入れ情報」を入力できる。登録されている受入れ情報を参照できる。
■代替手段
・試験管理側で「受入れ情報」を入力
・（こういう仕様であっているなら）再度本登録実施して「受入れ情報」を反映させる。

2023/09/21 IKC安田追記
エビデンス確認し問題ありません。
2024/01/22 IKC安田追記
リリース後の確認し問題ありません。","■原因
②については仕様通りとなります。
試験依頼のJOB区分が内航入荷、外航入荷の場合は揚荷情報が表示されます。基材情報／受入情報への表示切替はできません。（受入情報の入力も参照もできません。）
①については、試験依頼データ編集画面を表示する際、JOB区分が内航入荷、外航入荷の場合に受入データを保持していないため、試験依頼データを修正して登録を行うと受入データが無いものとみなされてしまい、本登録時に紐づけた受入データが削除されてしまっています。

■対策
②については仕様通りです。
①については本登録後に試験依頼データの修正を行っても、受入データが削除されないように修正します。

2023/09/20 YJP追記
検証エビデンスを以下に格納いたしました。
https://app.box.com/file/1311872089980
",オフラス,,,●,,,,,,2023/09/20,2023/09/28,2014/01/22,AP・コーディング,確認完了,,,,,,,,,,,,,,,,,,,,,,,,,,,,,,,,,,,,,,,
,715,2023/09/19,北海道,YJP小笠原,秦野築,ラボエイド-オフラス間の不整合、試験結果確認不可,,E：品質管理,Y：通信管理,試験結果(C51)伝文,"■発生日：2023年9月16日
■対応希望日：9月29日迄
■事象
9/16の「30Cフェリートマ」の試験依頼にてラボエイド側では試験完了となっているが、
オフラスの品質管理I/F上では試験中の状態であり試験結果を確認することができない。
■あるべき姿
ラボエイドとオフラスでの整合性が取れた状態となり試験結果を確認できる。
■代替手段
ラボエイド側から結果閲覧、試験課へ問い合わせ。
","■原因
試験結果(C51)伝文のレコード区分＝サンプル(C511)のNo34コメントは、128byteで定義されているが、Lab-Aidではコメントは256byteで定義されており、伝文で定義されている128byteを超える値が設定されたため、試験結果の受信に失敗しています。

■対策
試験結果(C51)のコメントについては、256byteを受信できるように通信定義およびAP修正を行います。
合わせて運転管理の通信の機能仕様書を修正します。
対応が完了するまでの間は、コメントには128byte(全角で64文字)以下の入力での運用をお願いします。

2023/09/21 YJP追記
検証エビデンスを以下に格納いたしました。
https://app.box.com/file/1312794535164
",オフラス,,●,,,,,,,2023/09/21,2023/10/05,,設計不備,確認完了,No.965,,,,,,,,,,,,,,,,,,,,,,,,,,,,,,,,,,,,,,
,716,2023/09/19,徳山,YJP村上,山本しのぶ,削除したボンド出荷データの復旧,,F：外航通関,F：外航通関,ボンド出荷オーダ一覧,"■発生日：2023/09/19
■対応希望日：09/28
■事象
徳山オフラスの[VIFX040101]ボンド出荷オーダ一覧において、
出荷実績を確定する際、[作業]ボタンを押下すべきところ、間違って[削除]ボタンを押下し、下記オーダを削除しました。
　・出荷日：2023/9/18
　・オーダ管理№：2309080023
　・オーダ№：92437
　・出荷数量：341,973Ｌ
誠に申し訳ございませんが、削除前の状態に戻していただけないでしょうか。
■あるべき姿
削除データの復活
■代替手段
","■原因
仕様通り（オペミス）
■対策
データパッチにて復元を図ります。（多少のお時間はいただきます。）
ただし、「申告」「承認」までのデータ作成は無理と判断いたします。
「申告」から再操作していただきます。

削除すると復元作業に時間がかかります。
「削除」ボタンを押下した際、「削除します。よろしいですか？」の注意勧告メッセージを出力しています。
じっくり確認した後で「はい」を押下願います。
また、「削除」ボタンはシステム権限にてログインした際に押下可能としております。従来の業務を実施する際には一般権限にてログインして作業願います。

2023/09/22 YJP追記
データパッチを実施いたしました。後続業務の実施、お手数をお掛けいたしますがよろしくお願い致します。",オフラス,,,,●,,,,,,,2023/09/22,その他,確認完了,,,,,,,,,,,,,,,,,,,,,,,,,,,,,,,,,,,,,,,
,717,2023/09/19,愛知,YJP杉本,安田壮大,試験管理エラーメッセージについて,,L：試験管理,L：試験管理,試験項目一覧,"■発生日：2023/09/13 15:30頃
■対応希望日：09/22
■事象
RH-V4B ニッケル　（恐らくこのサンプル）試験結果入力中に添付のエラーメッセージ（オブジェクト参照がオブジェクトインスタンスに設定されていません）が連続的に発生した。
エラーメッセージを×で消せず、ラボエイドも閉じられず操作不能になった。（メッセージの連続的にでる様子と操作できない状態からウイルス感染かと焦ったようです）
タスクマネージャーを起動してラボエイドを終了し、再起動後は問題なく操作できた。

エラーの原因と対処方法についてご教示ください。

添付ファイル
https://idemitsu.ent.box.com/folder/226494464767

■あるべき姿
エラーが発生しない。

■代替手段
タスクマネージャー起動してラボエイドを終了させる。
","■原因
同様の操作にて現象が再現するかを確認中ですが、今のところ再現出来ておりません。

■対策
2023/11/14 追記
9/13に発生以降、同様の事象が起きていないため、一度再現待ちとさせて頂きたく。

2023/11/21 追記
同様の事象は発生していないため、エラーメッセージの詳細についてご連絡したうえでクローズとさせて頂きます。

2023/12/20 追記
試験結果入力の際に入力候補の参照がされますが、その際にネットワーク等の影響により一時的にエラーになったと思われますが、原因は不明です。
エラー発生のタイミングからデータに影響のある問題ではないため、その後再現が無ければクローズとさせていただきたいと思います。
",オフラス,,,●,,,,,,,,2023/12/20,その他,確認完了,,,,,,,,,,,,,,,,,,,,,,,,,,,,,,,,,,,,,,,
,718,2023/09/20,愛知,青井圭介,堂垣拓生,IOS20-OFL：灯油海上出荷クマリン照合の帳票について,,B：作業計画管理,帳票,IOS20-OFL：灯油海上出荷クマリン照合,"■発生日：　2023/09/01
■対応希望日：　1か月以内(9月中)を希望　
 ■事象
PJT問題点管理表No3403で追加した灯油海上出荷クマリン照合の帳票にて、
テストランを行ったところ数値の単位や合否判定で運用に合わないことが分かった。
 ■あるべき姿
・適切な単位が表示されている。
・添加濃度の合否を予め計算されている数値で判定する。
※詳しくは添付資料に記載しました。
■代替手段
従来の確認方法で確認する。
","■原因
仕様変更
■対策
2023/09/20
修正エビデンス送付",自営帳票,,,●,,●,,,,2023/09/20,2023/09/28,2023/10/18,仕様変更,確認完了,,,,,,,,,,,,,,,,,,,,,,,,,,,,,,,,,,,,,,,
,719,2023/09/20,愛知,YJP大武,中山　修美,水在庫受払表の計測在庫について,Q2：代替手段により後続テスト実施可能,G：マスバランス,G：マスバランス,水在庫受払表,"■発生日：　2023/9/13、2023/9/14

■発生拠点：　愛知事業所

■対応希望日：　9/29まで　

■事象
水在庫受払表の9/13及び9/14の計測在庫が0になっている。
原油タンク受払実績には計測在庫が表示されている。
在庫計算・更新処理を実施しても改善されない。

■あるべき姿
水在庫受払表の9/13及び9/14の計測在庫に正しい数値が表示される。

■代替手段
　なし

2023/09/21 IKC中山追記
「取込」で再処理すれば、計測在庫が表示された。
計測在庫が0の時は上記操作を行うことする。","■原因
#80208の計測在庫が0のタイミングでデータ取込を行ったためと思われます。
操作履歴を確認いたしましたが、原因が特定できませんでした。
原油タンク受払実績で誤って0に更新した後にデータ取込を行った、というような操作はされていないでしょうか。

■対策
9/13、14のデータ取込を実行いただければ水在庫の再作成が行われるため、計測在庫が表示されます。
進捗を確認中とさせていただきます。",オフラス,,,●,,,,,,,,2023/10/19,その他,確認完了,,,,,,,,,,,,,,,,,,,,,,,,,,,,,,,,,,,,,,,
,720,2023/09/20,千葉,青井圭介,青井圭介,パイプライン明細表,,B：作業計画管理,帳票,パイプライン明細表,"■発生日：　2023/9/14

■発生拠点：　千葉事業所

■対応希望日：  9/15中　※取引先から早急な原因追究を求められているため

■事象： 8月分パイプライン明細表について、不具合が発生している
（出光流量計数量）：「差引数量」と「補正数量」は一致するはずだか、
23日分　「差引数量」1,500,223に対し「補正数量」1,500,224になっている
（取引先補正数量）：①「差引数量」下3桁は000になるはずだが、14日分の「差引数量」が1,003,099になっている
②18日分「前メーター」「後メーター」「差引数量」が2重加算されている
　　　　　　　　　　①②の影響で差引数量合計が実際の数量と異なっている

■あるべき姿：　（出光流量計数量）「差引数量」と「補正数量」は一致する
　　　　　　　 （取引先補正数量）「差引数量」の下3桁は000になる
　　　　　　　　　　　　　　　　　18日分「前メーター」「後メーター」「差引数量」が2重加算しない
　　　　　　　　急な依頼で恐れ入りますが、帳票不具合の原因についてもご確認の程お願いいたします。　

■代替手段：なし 
","■原因
考慮していないパターンのデータの為
■対策
複数ある場合は一つ目のみ表示するよう修正",自営帳票,●,,,,,,,,,2023/10/12,,設計不備,確認完了,,,,,,,,,,,,,,,,,,,,,,,,,,,,,,,,,,,,,,,
,721,2023/09/20,北海道,青井圭介,青井圭介,ブレンドシミュレータ結果のエクセルへの取り込み不良,,帳票,帳票,,"■発生日：2023年9月13日

■発生拠点：　北海道製油所

■対応希望日：9月22日迄

■事象
　REG、NPRGのブレンドシミュレータ結果をエクセルに出力する際に一部数値が取り込めない。
　取り込みのフォーマットが異なる。
　※状況及びエクセルに出力するためのファイルを添付しますのでご確認お願いします。
■あるべき姿
　シミュレータ結果を表示通りにエクセルに出力できる。
■代替手段
　シミュレータ結果をオフラスの画面から直接コピー&ペーストできるようシステム改造する。
","■原因
現地管理帳票
■対策
仕様通り出力するよう修正",自営帳票,,●,,,,,,,,2023/10/05,,仕様変更,確認完了,,,,,,,,,,,,,,,,,,,,,,,,,,,,,,,,,,,,,,,
,722,2023/09/26,愛知,YJP村上,古井珠実,輸入申告　AL　SHAHEEN　積戻し出荷実績処理が出来ない件について,,F：外航通関,F：外航通関,搬入貨物登録（BIB）,"■発生日：2023/09/22
■対応希望日：10/15まで
■事象
自社輸入申告中　SHAの貨物搬入登録時　品名欄に　SHAの輸入申告名が表示されない。
■あるべき姿
品名欄に輸入申告品名が表示される。
■代替手段
なし

2023/12/04(IKC堂垣)
対策が完了しているためクローズ","■原因
品名にて入力された「AL SHAHEEN　CRUDE OIL」ですが、
空白が半角（1桁）と全角（2桁）が混在しており、
当該品名項目のMAX70桁を超過し71桁にて作成していることが原因です。
SHAHEEN　CRUDEの間の空白を半角（1桁）にすれば、netNACCSの画面に表示されることを確認
2023/09/28 YJP追記
検証の際、桁数だけでなく空白（全角）の入力が不可であることが判明
原因として、NACCS仕様から下記の2点となります。
①項目のMAX値を超過しないこと。
②入力対象は半角英数字記号。
■対策
項目長のレングスチェックを桁数で実施し、余分な余白を送信しないように修正いたします。

対処が終わるまでに同様の品名にて申告する場合は、お手数ですが全角空白を半角空白か半角空白2個に修正していただければ、netNACCSの画面に正しく表示されます。
2023/09/28 YJP追記
下記対策とします。
①当初（上述）のレングスチェックを改修いたします。
②運用にて対応願います。
マスタ（品名マスタ）の通関申告品名を取得、画面表示していることから、マスタに登録されている品名の空白（全角）を空白（半角）にマスタメンテ機能にて修正していただく。
または、システム外搬入確認（輸入貨物）画面に表示された内容を修正していただく。
各所の対象品名を下記に示します。（詳細は検証結果エビデンスを参照願います。）
　愛知　簡略品名コード：53062、通関申告品名：AL SHAHEEN　CRUDE OIL
　　　　　簡略品名コード：55277、通関申告品名：KIKEH　CRUDE OIL
　千葉　簡略品名コード：09174、通関申告品名：DAS　CRUDE OIL
　北海道　対象データ無し
　徳山　簡略品名コード：60571、通関申告品名：DEODORIZED　FIELD　CONDENSATE

検証結果エビデンスを下記BOXに格納いたしました。内容のご確認をお願いします。
https://app.box.com/folder/228188791158
・【No722】SHA品名のnetNACCS画面連携対応.xlsx
",オフラス,●,●,●,●,,,,,2023/09/28,2023/10/05,2023/12/04,設計不備,確認完了,,,,,,,,,,,,,,,,,,,,,,,,,,,,,,,,,,,,,,,
,723,2023/09/26,千葉,YJP柳田,青井圭介,潤滑油のFTP連携フォルダにファイルが残存,,Y：通信管理,Y：通信管理,,"■発生日：2023/09/26
■対応希望日：
■事象
潤滑油のFTP連携フォルダに連携開始当初からのファイルが残存しています。
（9/26時点でファイル数が3,807）
■あるべき姿
ファイル残留しないこと
■代替手段
手作業でファイル削除","■原因
潤滑油のFTP連携フォルダがハウスクリーニング処理の対象フォルダとなっておりませんでした。
■対策
潤滑油のFTP連携フォルダもハウスクリーニング処理の対象とし、
他のEAI関連のログファイル等と同様にファイル更新日時が60日経過したファイルを削除します。
⇒60日ではなく7日経過したファイルを削除します。",オフラス,●,,,,,,,,2023/09/29,2023/10/12,2023/10/18,環境設定,確認完了,,,,,,,,,,,,,,,,,,,,,,,,,,,,,,,,,,,,,,,
,724,2023/09/26,愛知,YJP杉本,安田壮大,愛知PJT問題点No3727再発,,L：試験管理,L：試験管理,他システム送信機能,"■発生日：2023年8月25日 以降
■対応希望日：9月29日（金）
■事象
ラボエイドエラーメッセージで「他システム送信処理：実行したコマンドがタイムアウトしました」が頻発している。
エラーの内容から、SEND_MNG_F.bat という　試験状態を試験管理⇒運転管理に連携する送信処理でタイムアウト発生している模様。
試験管理/DMZサーバー再起動(7/19)後エラー発生は一時なくなり、再起動後約1カ月たった頃から徐々に発生件数が増加し、9/19 で110件/日　の発生となっている。
 
現状業務影響は認められていないが、原因と影響有無、対応方法について調査願います。
 
■あるべき姿
エラーが発生しない。
■代替手段
－","■原因
10/5に愛知リリースのためAPサービスを再起動し、状況を確認しましたが
APサービス再起動では改善しないことが分かりました。
今回はDB,EAI,DMZの再起動は行っておりません。

本エラーは試験結果送信処理が10秒以内に終わらないため発生しております。
エラー後もEAI側の処理は続行しているため送信自体は行われているようです。

時間が掛かっている原因箇所の特定が困難なため、一時的に処理単位にログを出力することで
時間が掛かっている処理を特定することができないかを検討中です。

■対策
2023/11/14 追記
11/15にEAI連携に関連するバッチにログ出力を追加し現象発生状況を調査いたします。
その状況に応じてexeへのログ追加を検討し追加調査を予定いたします。
11/20のサーバ再起動にて現象はいったん落ち着くことが予想されます。

※No.744、754と関連

2023/12/20 追記
12/15にログ出力を追加したバッチを設置させていただきましたので
この状態で現象が再現するまで様子を見させていただきたいと思います。

2023/12/20 IKC
ホワイトリストの可能性を疑い一時的にMPを解除。

2024/04/01 YJP追記
現象再発のご報告はいただいておりませんが、愛知のアクセス数が他所と比べて多いためCPU使用率が高い状況と判明しました。本件との関連性は不明ですが、アクセス数が多い原因については調査中です。

2024/04/15 YJP追記
CPU負荷についてアクセス数が高い端末を専用ユーザにして端末利用状況を確認予定。

2024/04/30 YJP追記
　4/16～26のシステムログを確認し、
　　・端末「C18NOFL00078」についてSURVEYユーザのみログインされていることを確認
　　・端末「C18NOFL00103」についてはSURVEYユーザのほか、SIKEN3,C,Qユーザにも
　　　利用されていることを確認
　再度IISログからアクセス量を調査いたします。

2024/06/19 YJP追記
　お打合せを実施し、下記方針で引き続き調査を継続します。
　①Webリクエストのログ出力対応について検討する（YJP）
　②Webリクエスト多の端末を別端末で役割交代して
　　端末による影響があるかを確認する（IKC様/YJP）
2024/10/16
端末入替は完了している。今後、ログの取得を行う。

2024/12/16　YJP追記
取得したログ等の情報から継続調査中です。　現在の状況について、一度、愛知 安田様とお打合せにてご報告させて頂きます。

2025/5/26 YJP追記
5/26 8:46に本エラーメッセージが出力されたとのこと。

■棚卸
2026/04/27：着手中",オフラス,,,●,,,,,,,,,調査中,調査中,,,,,,,,,,,,,,,,,,,,,,,,,,,,,,,,,,,,,,,
,725,2023/09/27,千葉,YJP杉本,芥川健司,マスターローダの動作について,,L：試験管理,L：試験管理,マスタローダ,"■発生日：
■対応希望日：
■事象
最近弊社においてもパソコンやMs-Officeの更新が進んでおります。
弊社検証環境におけるマスターローダについてMs-Officeをoffice365にバージョンアップした際、
添付（リンク）にようなエラーメッセージが発生することを確認しています。

https://idemitsu.ent.box.com/folder/227273694994

■あるべき姿
検証環境でマスターローダがエラー無く使用できること
■代替手段
ー","■原因
64bit Office環境でのご利用にマスタローダが対応していないことが原因と推定されます。

■対策
64bit版マスタローダの用意が可能か確認をさせていただきます。

2023/11/14 追記
　芥川様に工数連絡しご検討いただいている状況です。

■棚卸
2026/01/29：確認中、次回ステータス変更なき場合は強制クローズとする",IKC,,,,,,,,,,,2026/02/25,仕様通り,確認完了,,,,,,,,,,,,,,,,,,,,,,,,,,,,,,,,,,,,,,,
,726,2023/10/02,千葉,YJP大武,伊藤祐希,オフラスのタンク在庫日報に、潤滑油一課タンクが反映されていない,,G：マスバランス,G：マスバランス,,"■発生日：2023/10/02
■発生拠点：千葉事業所
■対応希望日：本日中希望
■事象：オフラスのタンク在庫日報に、潤滑油一課タンクが反映されていないのを発見。
(月末のみ反映されておらず。9/29までは正常に反映されていた)
 
油量実績1日データ作成の再作成を行ったが変化なし。
 
潤滑油一課へタンク在庫の送信状況を確認したが、
ログを見る限り、通常の送信時間に正常終了しているとのこと。
 
■あるべき姿：オフラスのタンク在庫日報に、潤滑油一課タンクが反映されている。
■代替手段：なし。
","■原因
新IRISより受信しています「潤滑油一課タンク在庫(206)」の伝文が
9/30と10/01とで全く同じもの(9/29実績)を受信しているように見受けられ、
その影響で9/30の他課タンク在庫(潤滑油一課)が欠落していることが原因であると考えられます。

■対策
10/01に受信するはずであった9/30分の潤滑油一課タンク在庫データを改めて受信し、
油量実績1日データ作成⇒タンク在庫更新を実施することで「タンク在庫日報」に反映されます。
※月報データへの反映のため、「タンク在庫データ送信」にて当該日データの送信までご実施下さい。

再受信⇒データ作成を三鷹検証環境で確認しました。
エビデンスは以下URLよりご確認下さい。
https://app.box.com/folder/228892182720

2023/10/03IKC追記
潤滑油一課タンク在庫送信側のオペミス。
9/30に送るべきデータを再送し、ご提示のリカバリ手順にて取り込み済み。
",オフラス,●,,,,,,,,2023/10/03,,2023/10/03,データ不備,確認完了,,,,,,,,,,,,,,,,,,,,,,,,,,,,,,,,,,,,,,,
,727,2023/10/02,千葉,YJP村上,伊藤祐希,外貨在庫引き落とし実績　修正依頼,,F：外航通関,F：外航通関,,,"■原因
①データパッチにて対応いたします。
　データパッチ後、外貨製品在庫日報の再集計をお願いいたします
②仕様とおりとなりますことから、対応するにあたり事務局を含めてのご相談をさせていただきたく。
　新たに仕様変更として問題点管理表No731に起票いたします。
■対策
①三鷹検証環境にてデータパッチを実施した結果の検証エビデンスを下記BOXに格納いたしました。
内容のご確認をお願いいたします。
https://app.box.com/folder/229139030279
・【No727】外貨在庫引落実績修正対応.xlsx
エビデンス内容に問題が無ければデータパッチへと進めさせていただきます。

2023/10/05 YJP追記
データパッチを実施いたしました。内容のご確認をお願いいたします。
外貨製品在庫日報に関しましては再集計のほどよろしくお願いいたします。",オフラス,●,,,,,,,,,,2023/10/05,その他,確認完了,,,,,,,,,,,,,,,,,,,,,,,,,,,,,,,,,,,,,,,
,728,2023/10/03,北海道,YJP小笠原,秦野築,ラボエイド-オフラス間の計算値,,E：品質管理,L：試験管理,ブレンダ試験依頼の計算値,"■発生日：2023年10月2日
■対応希望日：10月3日迄
■事象
10/2の「G-2ニイガタ」の試験依頼にて試験項目「流動点」の計算値がオフラスとラボエイドで異なった値となっている。
※オフラス：-20.0、ラボエイド：-17.5
試験成績表上流動点は計算値を採用するため誤報告となってしまう。
https://app.box.com/file/1323842156971
■あるべき姿
ラボエイドとオフラスでの値が一致している。
■代替手段
なし","■原因
試験依頼時は計算値「-20.0」で受信されていましたが
恐らくLabaid側の混合計算で「-17.5」になっております。（10/02 11:46）
この動き自体は仕様通りとなります。
【確認結果】
https://app.box.com/file/1324880041262

■対策
ブレンドシミュレータと混合計算の運用について
ご確認、ご検討をいただきたいと思います。

■棚卸
2026/01/29：確認中、次回ステータス変更なき場合は強制クローズとする",IKC,,●,,,,,,,,,2026/02/25,仕様通り,確認完了,,,,,,,,,,,,,,,,,,,,,,,,,,,,,,,,,,,,,,,
,729,2023/10/03,千葉,YJP張替,伊藤祐希,関税消費税納付申告書の不具合,,F：外航通関,帳票,関税消費税納付明細書,"■発生日：　2023/10/2
■発生拠点：　千葉事業所
■対応希望日： １０月２７日まで
■事象： 納付書書類作成機能で“関税消費税納付申告書” のExcelが正しく表示されない。
　　　　　※今回は件数が多く２枚になっています。
　　　　　　　　　製品もあります。４件あり　IC2件　IMW２件
　　　　　　　　　ナフサも表示するようにしています。
■あるべき姿：該当するデータを正しく表示する
■代替手段：９月分はExcelで手修正しています。


2023/10/23 追記
合計部分は最終ページに表示。","■原因
改ページ処理についてはPJTNo.3531にて対応いたしました。
改ページ部分以外で関税額部分について二次申告の中の関税額で取得できていないデータがございました。
■対策
二次申告情報から関税額の取得について修正いたします。
改ページの対応と上記の対応を含めエビデンスを出させていただきます。

検証エビデンスを下記に格納いたしました。
<https://app.box.com/folder/231446601023>

2023/10/23 追記
合計部分を最終ページに表示するよう修正します。

2023/10/24 追記
追加対応版の検証エビデンスを同フォルダに格納いたしました。",オフラス,●,,,,,,,,2023/10/24,2023/11/21,2024/03/13,AP・コーディング,確認完了,,,,,,,,,,,,,,,,,,,,,,,,,,,,,,,,,,,,,,,
,730,2023/10/04,愛知,YJP小笠原,堂垣拓生,出荷密度一覧表でブレンダロット無しとなる,Q2：代替手段により後続テスト実施可能,帳票,帳票,出荷密度一覧表,"■発生日：2023/10/04
■対応希望日：できるだけ早く
■事象
ブレンダロットが確立されているが、出荷密度一覧表には「ブレンダロットナシ」と表示され密度などが記載されていない。
https://app.box.com/file/1324951981317
■あるべき姿
ブレンダロットが確立されており、ブレンド出荷がある場合は出荷密度一覧表に試験結果(密度など)が表示される。
■代替手段
出荷密度一覧表に手書きする。

2023/12/04(IKC堂垣)
リリース後再発などはないため、クローズ","■原因
ブレンド出荷情報とブレンダロット情報を紐づける際に、紐づけできない条件の項目が存在していたため、出荷情報と紐づけず、ブレンダロットが存在していてもブレンダロットなしと表示されておりました。
■対策
不要な紐づけの条件を削除し、ブレンダロット情報が表示できるよう修正いたします。

2023/10/10
検証エビデンスを下記に格納いたしました。
<https://app.box.com/folder/229924478211>",オフラス,●,●,●,●,,,,,2023/10/10,2023/10/19,2023/12/04,AP・コーディング,確認完了,,,,,,,,,,,,,,,,,,,,,,,,,,,,,,,,,,,,,,,
,731,2023/10/04,千葉,YJP村上,伊藤祐希,外貨在庫引き落とし実績　修正依頼,,F：外航通関,F：外航通関,外貨搬出実績数量確定,"■発生日：2023/10/02　（問題点管理表No.727から派生）
■対応希望日：
■事象
システム面でも外貨在庫がマイナスになる場合はワーニングを出す等して処理が進まないようなシステム歯止めをお願いしたい。
■あるべき姿
同上
■代替手段

2023/10/10 追記
運用にて注意喚起し、全て引落しが完了するまで「確定」行為は実施しない。
","■原因
仕様とおりとなります。
■対策
",オフラス,●,,,,,,,,,,2023/10/10,仕様通り,対応不要,,,,,,,,,,,,,,,,,,,,,,,,,,,,,,,,,,,,,,,
,732,2023/10/05,北海道,YJP村上,秦野築,試験依頼ロット性状データが表示されない,Q1：後続テスト実施不可,E：品質管理,Y：通信管理,,"■発生日：2023年10月5日
■対応希望日：即日対応
■事象
ボエイドからオフラスへ送信された試験依頼ロット性状データの試験結果数値が空欄となっている。
＊代表としてオフラス＃１３１７タンク最新ロット画面を添付します。
なお、数値以外の合否等の情報は反映されている。
■あるべき姿
適切な試験結果の数値が表示される。
■代替手段
なし","■原因
No715の対応でリリースしたEAI定義ファイル（C51.ini）に不備がありました。
最新ではないファイルに対して修正を入れておりました。

■対策
EAI定義ファイル（C51.ini）の最新ファイルに対して修正を入れました。

Lab-Aidから試験結果の再送をお願いいたします。
",オフラス,,●,,,,,,,,2023/10/05,2023/10/18,AP・コーディング,確認完了,,,,,,,,,,,,,,,,,,,,,,,,,,,,,,,,,,,,,,,
,733,2023/10/05,愛知,YJP杉本,安田壮大,品転品のヒストリ表示エラーメッセージ,,L：試験管理,L：試験管理,ヒストリ表示,"■発生日：2023/10/05
■対応希望日：
■事象
品転品のヒストリ表示について、構成マスタ設定により表示はできており、特に不具合は顕在化してないのですが、エラーメッセージ画面に添付の通り表示がありました。
ユーザーに聞いたのですが、特にエラーメッセージは認知していない様です。
問題ないか確認して貰えるでしょうか。
■あるべき姿
エラーメッセージが表示されない。
■代替手段
－

2024/02/14 IKC安田
バージョンの問題である旨承知しました。クローズとします。","■原因
　リリース後にバージョン更新しないままヒストリ表示を行うと同エラーが発生することを確認いたしました。
　そのため、念のためエラーが出ている端末のエラーをご確認いただきたいと思います。

　またヒストリ表示の設定値を変更後にクライアントを再ログインしないまま使用した場合に
　同エラーが発生する可能性がありますため、10/10の設定変更をこちらでも実施してみて
　再現するかどうかを確認いたします。

→YJP2023/10/18
　リリース後にログインしたままとなっていたユーザの可能性が高いと思われます。
　こちらでも上記ケース以外での再現が確認できませんでした。

　本事象は、品転画面表示時にクライアントからサーバに構成マスタ値を取りにいきますが
　その際にサーバ側は今回バージョンとなっているため今回追加の構成マスタ値を含めて
　クライアントに返しますが、クライアント側が古くその構成値をメモリ上に格納できないため
　エラーが発生しております。
　結果、構成マスタ値を取得できない、というだけの問題であるため
　このエラーによりデータを損失したりなどという不具合は特にありません。



■対策
　このエラーが確認された場合の対応としては、
　クライアントを再起動してバージョンを上げていただければ
　その他特に問題はありません。

　上記対応で問題無さそうであれば、クローズとさせていただきたいと思います。　
",オフラス,,,●,,,,,,,,2024/02/14,その他,確認完了,,,,,,,,,,,,,,,,,,,,,,,,,,,,,,,,,,,,,,,
,734,2023/10/05,愛知,芥川健司,芥川健司, 愛知ブレンドシミュレータ（A重油）で目的関数に「コスト」を設定するとエラーが発生する,,K：ブレンドシミュレーション,計算エンジン,計算エンジン,"■発生日：9/29
■対応希望日：可及的すみやかに
■事象： 愛知ブレンドシミュレータ（A重油）で目的関数に「コスト」を設定するとエラーが発生する。
■あるべき姿　通常通り計算できる
■代替手段：目的関数を他のものとすることで実行可
","■原因：ブレンドシミュレータエンジンの不具合
■対策
　　現状、運用上このエラーは起こっていないとみられるが、予防措置として対応する。
　　ブレンドシミュレータエンジンのバグであり、修正を実施。
　　 他の油種や他所では同様の不具合はないことを確認済。(2023/11/13IKC芥川記)

■棚卸
2026/01/29：確認中、次回ステータス変更なき場合は強制クローズとする",IKC,,,●,,,,,,,2023/11/29,2026/02/25,AP・コーディング,確認完了,,,,,,,,,,,,,,,,,,,,,,,,,,,,,,,,,,,,,,,
,735,2023/10/10,愛知,青井圭介,青井圭介,灯油海上出荷クマリン照合の帳票について,,帳票,帳票,,"■発生日：　2023/10/10
■発生拠点：　愛知事業所
■対応希望日：　10月中　
■事象
灯油海上出荷クマリン照合の帳票について、前メーターの値が出力日付の前日のデータとなっている。
例）帳票の出力日時を2023年10月10日とした場合、10月9日のデータが表示されている。
■あるべき姿
前メーターは指定した帳票出力日の00:00の値が表示され、計算で使用される。
(帳票の出力日時を2023年10月10日とした場合、10月10日00:00のデータが採用される)
■代替手段
帳票の運用がまだ始まっていない為、代替え不要。","■原因
仕様により流量計実績を表示している為
■対策
2023/10/17
修正エビデンス送付
2023/10/19
リリース依頼",自営帳票,,,,,,,,,2023/10/17,2023/10/26,,仕様変更,確認完了,,,,,,,,,,,,,,,,,,,,,,,,,,,,,,,,,,,,,,,
,736,2023/10/10,徳山,青井圭介,青井圭介,石連週報・緊急時運用報告調査表(自営帳票)の製品備蓄数量変更とHSC追記,,帳票,帳票,,"■発生日：2023/10/11
■発生拠点：徳山事業所
■対応希望日：10月31日
■事象
石連週報の製品備蓄数量について、数量変更が発生しました。
灯油　3610⇒600へ変更願います。
C重油分割シートのHSCへ「DSRC」「RC」「VC」「CLO」を追記願います。
緊急時運用報告調査表についても、同様に修正をお願いします。
■あるべき姿
灯油　600となっている。
HSC「DSRC」「RC」「VC」「CLO」が追記されている。
■代替手段
Excel手修正。
","■原因
設定シート変更依頼
■対策
2023/10/18
修正エビデンス送付
2023/10/20
リリース依頼",自営帳票,,,,,,,,,2023/10/18,2023/11/01,2023/11/15,環境設定,確認完了,,,,,,,,,,,,,,,,,,,,,,,,,,,,,,,,,,,,,,,
,737,2023/10/13,愛知,YJP小笠原,堂垣拓生,【急ぎ調査依頼】　出荷ロット確認一覧画面でブレンダロットなしと表示される,,E：品質管理,B：作業計画管理,出荷ロット確認一覧画面,"■発生日：2023年10月12日
■対応希望日：10月13日 15時まで(明日出荷分の対応も必要となりますので、急ぎ対応頂きたいです。)
■事象
運転管理オフラスより、石原産業向け1.0-CLOのブレンダー製品出荷ロットと衣浦ユーティリティ向け1.6C-CLOブレンダー製品出荷ロット試験依頼を立て、試験を実施後合格で送信したが、合否判定は合格になるもののロット有無が表示されません。このため、運管理の出荷JOBに紐つかないため、オンラインでは出荷ができない状態となっています。
■あるべき姿
ロット有り状態となっている
■代替手段
オフラインで出荷する

2023/12/04(IKC堂垣)
リリース後再発などはないため、クローズ","■原因
ブレンダロットの状態につきまして、行った操作に対して正しいロット状態となっております。
（1.0C-CLOと1.6C-CLOはロットNoが同じため、一方の総合判定取消を行うと両方がロット無効となり、
一方の総合判定を行うと一方のみロット有効となります。）
出荷ロット確認一覧画面でブレンダロットなしとなる件につきましては引き続き調査中です。

2023/10/16 YJP追記
ブレンダロットについて、ロット品名毎ではなく同一ロットNoの一方のロット状態のみ参照していました。
そのため、1.6C-CLOはロット有効にもかかわらず、ロット無効となっている1.0C-CLOのロット状態を参照して「＊ブレンダロットなし＊」と表示されています。

■対策
ロット品名毎にロット状態を参照するように修正致します。

2023/10/23 YJP追記
以下に検証エビデンスを格納しました。
https://app.box.com/folder/231939020456
【No737】出荷ロット確認一覧画面でブレンダロットなしと表示される",オフラス,,,●,,,,,,2023/10/23,2023/11/09,2023/12/04,AP・コーディング,確認完了,,,,,,,,,,,,,,,,,,,,,,,,,,,,,,,,,,,,,,,
,738,2023/10/13,千葉,YJP村上,伊藤祐希,JETA-1　外貨在庫引き落としが日報に反映されない,,F：外航通関,F：外航通関,外貨製造搬出確定,"■発生日：2023/10/13
■対応希望日： 10月16日まで
　　　　　　        　※希望日までの対応が難しい場合は別途ご相談ください。
■事象
10月12日のJET外貨出荷の内、成田向けオーダーの「3000.052KL」が外貨製品在庫日報の引き落とし数量として反映されません。
外国貨物製造搬出明細表には反映されておりますが、日報では塩釜分の600KLしか引き落とされておりません。
■あるべき姿
10月12日のJET外貨オーダー実績である「3600.052KL」が日報で引き落とされている
■代替手段
なし","■原因
PJT_問題点管理表No.3735（愛知）にて表示順の並びを変更したことから派生した不具合となります。
承認日付がひとつの船用品、乃至、保税運送品の中で複数発生した場合、引落金額を複数発生した明細単位に対応する台帳明細への紐付けが正しく行えず今回の事象が発生しております。
■対策
ひとつの品名内で複数発生した明細に対し各々対応する台帳明細から引落しされるように修正いたします。

今回の10/12分のデータに関しましては暫定でデータパッチにて対応させていただきます。（10/17予定）
恒久対応に関しては、10/20エビデンス提出、10/23週以降のターゲットリリースにて進めさせていただきたく
ご了承のほどお願いいたします。

2023/10/17 YJP追記
10/12分データについて暫定対応（データパッチ）を実施いたしました。
内容のご確認をお願いいたします。また、外貨製品在庫日報の再集計のほうお願いいたします。
2023/10/18 YJP追記
10/14分データにおいても同事象が発生したことからデータパッチにて対応いたします。
2023/10/23 YJP追記
検証結果エビデンスを下記BOXに格納いたしました。内容のご確認をお願いいたします。
https://app.box.com/folder/231811545386
・【No738】外貨在庫引き落としが日報に反映されない.xlsx",オフラス,●,,,,,,,,2023/10/23,2023/10/25,,AP・コーディング,確認完了,,,,,,,,,,,,,,,,,,,,,,,,,,,,,,,,,,,,,,,
,739,2023/10/13,千葉,YJP村上,伊藤祐希,ジェット出荷証明書確定操作不可,,B：作業計画管理,B：作業計画管理,ジェット出荷（海上）証明書一覧,"■発生日：2023/10/12
■対応希望日：10/13
■事象
豊顕丸という船の出荷が現場の問題でうまくいかずJOBを中断終了し、新たにJOB作り直すことになった。
上記JOBは実績０なので実績ファイルメンテ、およびボンド出荷オーダーからは削除。
同日の別の船（３栄正丸）の出荷証明書を出そうとしたところJOBExceptionのエラーで確定ボタンが押しても進まないことが判明した。
■あるべき姿
出荷証明書確定操作が可能になる。
■代替手段
手動での証明書出力で対応。
","■原因
PJT_問題点管理表No.3388（愛知）を千葉ターゲット環境にリリースする前に、
保守_問題点管理表No.638（千葉）を千葉ターゲット環境にリリースしたことからプログラムの改修内容に矛盾が生じエラーが発生しております。
■対策
保守_問題点管理表No.638（千葉）を切り戻します。

切り戻し後の動作は問題無いことを確認していただき、一旦、本件はクローズとさせていただきます。
別途、PJT_問題点管理表No.3388（愛知）をリリース後に保守_問題点管理表No.638（千葉）をリリースいたします。リリーススケジュール等相談させてください。",オフラス,●,,,,,,,,,2023/10/13,2023/10/13,その他,確認完了,,,,,,,,,,,,,,,,,,,,,,,,,,,,,,,,,,,,,,,
,740,2023/10/13,千葉,YJP和須津,伊藤祐希,外航入荷オーダーの上書き修正ができない,,A：オーダ管理,A：オーダ管理,外航入荷オーダ入力,"■発生日：2023/10/13
■対応希望日：10月中
■事象
10月16日に輸入予定の原油オーダーを一度オフラスで登録⇒確定させたのだが、内容の修正が必要になった為、再度確定させてオーダーを開いて編集を行った。
編集完了後、確定ボタンを押したのだが添付ファイルのようなエラーメッセージが表示され、上書きでの修正をすることが出来なかった。
■あるべき姿
過去日付の修正は実施したことがあるのですがその際は問題なく変更できました。
今回は数量やコードの変更であった為、システムエラーではなく仕様上そういう仕組みになっている、ということでしたら正しい修正手順をご教授頂きたい。
■代替手段
オーダーを削除し新規でオーダーを作成する","■原因
外航入荷オーダの更新時、千葉事業所固有の機能として該当オーダに対して着桟日時、離桟日時、バース順位がすでに登録されている場合はこの情報を引き継ぐ処理を行っています。
この処理中におけるオーダ船情報を参照するロジックに誤りがあったためExceptionが発生していました。

■対策
外航入荷オーダの更新時、着桟日時、離桟日時、バース順位を引き継ぐ処理でオーダ船情報を正しく参照するように修正致します。

2023/10/31 YJP追記
以下に検証エビデンスを格納しました。
https://app.box.com/folder/233163647961
【No740】外航入荷オーダ確定時にエラー.xlsx",オフラス,●,,,,,,,,2023/10/31,2023/11/21,2024/02/14,AP・コーディング,確認完了,,,,,,,,,,,,,,,,,,,,,,,,,,,,,,,,,,,,,,,
,741,2023/10/16,千葉,YJP村上,伊藤祐希,積戻し台帳引落し不具合,,F：外航通関,F：外航通関,積戻し実績入力（業者申告）,"■発生日：2023/10/16
■対応希望日：10月25日まで
■事象
積戻し実績入力(業者申告)画面でデータを入力し確定をクリックしたが、エラーメッセージが表示され確定できない。
★別途、保税作業２ＤＨ－２３３１－（Ｋ）のデータを取り消してもらっています。
※KEROSENE保税台帳(TOP-2329-(K))が誤っていた為
この取り消してもらったKEROSENE保税台帳(TOP-2329-(K))を台帳選択して確定しました。
■あるべき姿
 データ確定でき、台帳引落しが完了する。
■代替手段
なし
","■原因
申告番号が重複（過去に申告した番号を使用）していることから、一意制約違反にてシステムエラーが発生しております。
また、システムエラー発生時、入力された情報はクリアされます。
■対策
重複しない申告番号を使用して登録願います。
お手数ですが他の画面入力項目に関してもクリアされていることから再度入力願います。

本件、実務担当者さまに三鷹検証環境を用いて説明し、ご承諾をいただいたことから対応不要にてクローズいたします。",オフラス,●,,,,,,,,,,,その他,対応不要,,,,,,,,,,,,,,,,,,,,,,,,,,,,,,,,,,,,,,,
,742,2023/10/17,愛知,YJP大武,堂垣拓生,タンク増減実績作成について,Q3：後続テスト実施可能,D：実績管理,D：実績管理,タンク増減実績,"■発生日：　2023/10/17

■発生拠点：　愛知事業所

■対応希望日：　10月中　

■事象
タンク増減実績作成機能について、仕様書「IOS20-OFL-SBM-T2-001_機能仕様書_実績管理」
の「表3.4.4.-4 日次タンク増減実績の調整内容」が機能していないと思われる。
「表3.4.4.-4 日次タンク増減実績の調整内容」が機能していれば、増減が出ない認識であるが
130101タンクの作業は装置払出のみで、増減が出ている。

■あるべき姿
仕様通りの動きとなっていない場合は仕様通りに機能が働く
(改修が発生する場合は愛知内で「する」か「しない」か協議したい)

■代替手段
現状、装置受入or払出を調整して増減を０にしている。

","■原因
本件調査した結果、仕様通りの動作であると考えられます。
ただし仕様書の記載が不明確であることも確かなので、是正する必要が
あると考えております。

「表3.4.4.-4 日次タンク増減実績の調整内容」の2と3について、
愛知事業所の場合、5と6の条件と重複するため適用されておりません。
※2と3が有効である場合、5と6の条件が不要となってしまいます。
　2と5、3と6は条件は異なれど、調整内容は同様です。

愛知事業所の場合、シフト「作業中」及び装置受or払「作業中」の条件で
装置受or払の調整を実施するというのが意図となっておりますが、
2と3の条件が有効になると、装置受or払が「作業中」のみでも同様の調整が働いてしまいます。

そのため、今回ご連絡頂いた10/15の実績では2の条件に合致しましたが、
シフト作業中ではなかったため、調整が働いていないものと考えられます。
-----------------
※仕様書転記：
「表3.4.4.-4 日次タンク増減実績の調整内容」
2 「装置払出」が作業中の場合
5 「シフト作業」と「装置払出」が作業中の場合(※愛知事業所の場合)
（調整内容）
⇒「装置払出」の作業数量を、タンク補正数量から「装置払出」の作業数量を
除く受払合計数量を差し引いた値とする。
---
3 「装置受入」が作業中の場合
6 「シフト作業」と「装置受入」が作業中の場合(※愛知事業所の場合)
（調整内容）
　⇒「装置受入」の作業数量を、タンク補正数量から「装置受入」の作業数量を
除く受払合計数量を差し引いた値とする。
-----------------

■対策
現状動作（運用）にて問題が無い場合、
仕様書の修正（2と3に”愛知事業所以外の場合”を加えます）を
行う必要があるかと思います。

2と3の適用が必要である場合、
ソフトウェアの改修及び「表3.4.4.-4」の5と6の条件を削除する必要が
あると考えております。

あるべき仕様につきまして、ご検討頂けますよう、宜しくお願い申し上げます。
",IKC,,,●,,,,,,,,,仕様通り,仕様整理中,,,,,,2026/06/09 対応要否判定待ち,,,,,,,,,,,,,,,,,,,,,,,,,,,,,,,,,
,743,2023/10/23,千葉,YJP大武,伊藤祐希,石化ナフサ受払表の当月在庫 修正について,Q3：後続テスト実施可能,G：マスバランス,G：マスバランス,石化ナフサ受払表,"■発生日：2023/10/03
■発生拠点：千葉事業所
■対応希望日：今月中に対応いただければ幸いです。
■事象：添付メールと同様の理由で、石化ナフサ受払表の当月在庫を修正したく、
データパッチでの対応を お願いします。
 
■あるべき姿：当月在庫が添付図のようになっている
■代替手段：数量欄(在庫修正設定)を手動で修正すれば、製油所受払月報上は問題なし。
","■原因
本件保守No601、708と類似件と思われます。
(品位転換による当月在庫のずれが原因であると認識しております。)

■対策
データパッチ対応が必要です。
(パッチ適用確認URL:https://app.box.com/folder/232091156956)

類似件が多く発生している背景には、導入時に決定した画面仕様と、現在の運用の乖離があるのではないかと考えております。
集計する伝票情報の種類を現在の実情に合わせて増やすか、画面から修正できるようにするような仕様変更をご検討いただければと思っております。

2023/10/27YJP
データパッチ適用後、沼田様より確認OK,クローズのご連絡を頂きました。",オフラス,●,,,,,,,,,,,その他,確認完了,,,,,,,,,,,,,,,,,,,,,,,,,,,,,,,,,,,,,,,
,744,2023/10/23,愛知,YJP杉本,安田壮大,新IRIS燃料油試験結果送信エラー 10/23以降燃料油データ送信されない,Q2：代替手段により後続テスト実施可能,L：試験管理,L：試験管理,新IRIS試験結果送信,"■発生日：2023年10月20日 11:00以降
■対応希望日：10月25日（水）
■事象
10/20 11:00から下記エラーメッセージ発生しており、以降全ての燃料油試験結果が
新IRIS送信されていないようです。
サーバーの　\\10.177.147.12\Lab-Aid\IF\a.新IRIS操業品質システム\SEND_IRIS_FORESULT　フォルダにエラーメッセージ通りファイル（D101）が留まっているのを確認済（当該ファイル添付します。）
（\\10.177.147.12\Lab-Aid\IF\a.新IRIS　のD101を削除する等で対応できたでしょうか。）

また、関連あるかわかりませんが 10/20 10:29　に運転管理から実施した試験依頼が「登録中」のまま状態が更新されない事象を本日認知しました。
当該試験依頼は削除し、以降は発生してません。

エラーメッセージ発生した 10/20（金） 11:00 は機能リリース等も実施してない為、他に原因として思い当たるようなものはありません。
原因と処置方法についてご教示願います。

10/30 9:00以降から同エラーが再発。
D101に情報として記載されているロットは下記２件です。
　A5-31030-00-T4877 BS　⇒新IRISのデータあり
　A5-31029-10-T20524 RC-HS 　⇒新IRISにデータなし

■あるべき姿
新IRISへ燃料油試験結果が送信され、新ＩＲＩＳ燃料油結果が参照できる

■代替手段
オフラスモニタから燃料油試験データ参照
","
■原因
　EAIによる送信がされずに滞留していると推測されますが原因不明です。

■対策
　滞留してしまっているD101のファイル名にタイムスタンプ付与しリカバリをお願いいたします。

　滞留したファイル内容にある以下については新IRISに結果が入っているか確認し
　結果が入っていなければ再送または手入力での対応が必要となります。
　　3A5-31020-09-T20401
　　2A5-31017-08-T20409（一般需要家）
　　2A5-31017-08-T20409（北海道製油所向け）


2023/10/24　IKC
9:32頃リカバリ処置済

2023/11/14 追記
11/15にEAI連携に関連するバッチにログ出力を追加し現象発生状況を調査いたします。
その状況に応じてexeへのログ追加を検討し追加調査を予定いたします。
11/20のサーバ再起動にて現象はいったん落ち着くことが予想されます。

※No.724,754と関連

2023/12/20 追記
12/15にログ出力を追加したバッチを設置させていただきましたので
この状態で現象が再現するまで様子を見させていただきたいと思います。

2024/04/01 YJP追記
現象再発のご報告はいただいておりませんが、愛知のアクセス数が他所と比べて多いためCPU使用率が高い状況と判明しました。本件との関連性は不明ですが、アクセス数が多い原因については調査中です。

2024/04/15 YJP追記
CPU負荷についてアクセス数が高い端末を専用ユーザにして端末利用状況を確認予定。

2024/04/30 YJP追記
　4/16～26のシステムログを確認し、
　　・端末「C18NOFL00078」についてSURVEYユーザのみログインされていることを確認
　　・端末「C18NOFL00103」についてはSURVEYユーザのほか、SIKEN3,C,Qユーザにも
　　　利用されていることを確認
　再度IISログからアクセス量を調査いたします。

2024/06/19 YJP追記
　お打合せを実施し、下記方針で引き続き調査を継続します。
　①Webリクエストのログ出力対応について検討する（YJP）
　②Webリクエスト多の端末を別端末で役割交代して
　　端末による影響があるかを確認する（IKC様/YJP）

2024/12/16　YJP追記
取得したログ等の情報から継続調査中です。　現在の状況について、一度、愛知 安田様とお打合せにてご報告させて頂きます。

■棚卸
2026/04/27：着手中",オフラス,,,●,,,,,,,,,調査中,調査中,,,,,,,,,,,,,,,,,,,,,,,,,,,,,,,,,,,,,,,
,745,2023/10/23,愛知,YJP杉本,安田壮大,システムエラー（Oracleリソース待機デッドロック）,Q3：後続テスト実施可能,L：試験管理,L：試験管理,不明,"■発生日：2023年10月23日 16:48
■対応希望日：10月25日（水）
■事象
本日 16:48にメッセージ下記エラーメッセージが発生しています。（メッセージクラス：重大エラー）
特に不具合は認知していませんが、要対応事項、エラーの意味等調査頂けるでしょうか。
操作者が帰宅してしまったため、どの操作をした時のメッセージ表示かはわかっていません。分かり次第連絡します。

システムエラーが発生しました。[ESSR0071]SQLで例外が発生しました。理由はOracle.ManagedDataAccess.Client.OracleException (0x80004005): ORA-00060: リソース待機の間にデッドロックが検出されました。　
場所 OracleInternal.ServiceObjects.OracleConnectionImpl.VerifyExecution(Int32& cursorId, Boolean bThrowArrayBindRe

また、見た事のないエラーメッセージを認知した場合は、影響度が分からない為問い合わせしてしまっている状況です。エラーメッセージ意味一覧の様なものがあればこちらでも緊急度が分かる為、共有頂けると幸いです。

■あるべき姿
エラー発生しない

■代替手段
―

2024/02/27 IKC安田記載
エビデンス確認し問題ありません。","■原因
　Labaid以外の他のツールやプログラムとDB処理がぶつかっている場合しか起こらないもので
　通常は発生しないはずのエラーです。
　帳票機能から集計などの用途で多量のデータ参照をした場合に
　データをロックする可能性がありますため、その処理がLabaid側操作とぶつかると
　発生するかも知れません。
　
■対策
　本エラーが発生したユーザー様にて目的の操作の完了が確認できていて、
　また本エラーが継続的に発生していない状況であれば
　本件への直接的な対応は特にございません。

　当時の操作で本エラーが再現するかどうか
　ご確認をいただきたいと思います。

2023/11/14 追記
　その後同事象の再現が確認できておりません。
　本事象によるデータ破損等の発生はないものということは確認できております。

2023/11/21 追記
11/17の保守定例会にて、本事象は継続して発生しているとのこと。
ただし、業務への影響はないため、優先度を下げての対応とさせて頂きます。

2023/12/20 追記
OracleのログによりデッドロックとなったSQLが特定できましたので、
対象処理と対応方法について調査を継続しております。

2024/02/02 追記
品転試験依頼への報告値識別・試験頻度設定(PJT問題点3679)の対応が影響しており、
成績表発行依頼で内部的に受付処理が行われる際に報告値識別と試験頻度（燃）複写を行うが
複写元が何らかの操作で同時に更新される場合にサンプル情報とシリアル番号マスタ（連番発行用のシステムマスタ）をお互いがロックしようとしてデッドロックになっておりました。

報告値識別と試験頻度（燃）複写時に複写元をロックする必要性は無かったため
ロックを行わないよう修正を進めます。

2024/02/22追記
No.745、797の件の対応が完了しましたので
動作確認結果を下記に格納しております。
https://app.box.com/folder/250307288922

成績表発行依頼（報告値識別と試験頻度の複写による参照）と
その依頼元を新IRIS送信させサンプル更新を同時に行わせて再現確認を行っており
エビデンスにはありませんが、タイミングがシビアなため複数回試行を繰り返し
デッドロックが発生しないことを確認しております。

2024/04/16追記
3/18のリリース以降、デッドロックエラーは発生していない事確認いただきましたので、
クローズとさせていただきます。
",IKC,,,●,,,,,,2024/02/26,2024/03/18,2024/04/16,AP・コーディング,確認完了,,,,,,,,,,,,,,,,,,,,,,,,,,,,,,,,,,,,,,,
,746,2023/10/24,千葉,EXE鶴岡,伊藤祐希,軽油マーカ7日の値が大きい,Q3：後続テスト実施可能,帳票,帳票,軽油マーカ添加実績,"■発生日：2023/10/24
■対応希望日：
■事象
マーカーの7日分の累積値がとても大きく判定できない状態です。
■あるべき姿
正しく計算されていること
■代替手段
","■原因
新流量計の値が他データと違う為
■対策
2023/11/01
リリース依頼実施
※チェックリスト作成済み
2023/10/26
下記に詳細な計算方法及び対応案を記載いたしましたのでお手数ですがご確認の程宜しくお願い致します。
https://idemitsu.box.com/s/hqkruf3nrga1yc48lgut28ozmc7qiipd
2023/10/26
新流量計は計算から除外する旨の連絡あり→対応中
→１１月にデータ修正が入るため再度修正する可能性あり。",自営帳票,●,,,,,,,,2023/10/26,2023/11/21,,仕様不備,確認完了,,,,,,,,,,,,,,,,,,,,,,,,,,,,,,,,,,,,,,,
,747,2023/11/01,北海道,YJP村上,菊池聖子,BF380 出荷後の引き落とし不可の件,,F：外航通関,F：外航通関,外貨製造搬出確定,"■発生日：2023/11/01
■対応希望日：11月6日（月）
■事象
10/31にBF380の出荷があり、本日(11/1)に在庫を引き落とそうとしたところ、
外貨製造搬出明細画面に数量が計上されていないため、台帳から在庫引き落としが
できなかった。
※2022年時点での出荷時には正しく引き落としができていた。
(BF380の出荷は1年ほど発生していなかった)

■あるべき姿

■代替手段
","■原因
ボンド出荷ブレンド基材マスタにて引落対象の品名（簡略品名コード）を取得しておりますが、引落対象が複数あった際の取得順序を担保していなかったことから、対象の品名すべを画面に表示出来ていなかったためです。
■対策
抽出時にユニーク性が担保出来るシーケンスNOをキーに追加いたします。

今回の10/31分に関しては修正機能を使用して運用にて対応していただき、
保税台帳に関してはデータパッチにてリカバリ（整合性を保証）致します。

2023/11/06 YJP追記
保税台帳のリカバリパッチを実施いたしましたので結果内容の確認をお願いいたします。

2023/11/09 YJP追記
検証結果エビデンスを下記のBOXに格納いたしました。内容のご確認をお願いいたします。
https://app.box.com/folder/234495551209
・【No747】BF380出荷後引き落とし不可.xlsx
",オフラス,●,●,●,●,,,,,2023/11/09,2023/11/15,,AP・コーディング,確認完了,,,,,,,,,,,,,,,,,,,,,,,,,,,,,,,,,,,,,,,
,748,2023/11/01,千葉,YJP大武,伊藤祐希,【見積依頼】石化ナフサ受払表の当月在庫 修正について,Q3：後続テスト実施可能,G：マスバランス,G：マスバランス,石化ナフサ受払表,"■発生日：2023/10/30
■対応希望日：
■事象
No.743に関連
石化ナフサ受払表の現在の運用を鑑みると、画面の仕様がマッチしていない。
(品転分の計上が出来ず、計算された在庫と現実との乖離が発生する)
そのため、石化ナフサ受払表の当月在庫の修正を可能とするように仕様変更したい。

■あるべき姿
石化ナフサ受払用の当月在庫の修正を可能とする

■代替手段
データパッチ","No743に関連
■原因
見積依頼をいただきましたので、工数見積中です。

■対策
2023年度の実施は見送りのため一旦クローズ。
2024年度実施の場合は、改めて起票し再開予定。（2024/02/15 IKC）
",オフラス,●,,,,,,,,,,2024/02/15,仕様通り,対応不要,,,,,,"下記資料の案①,② の2パターンの対応について見積をします。  
https://app.box.com/folder/233991460601
・【IOS20-OFL】保守No748(743)_仕様変更提案資料.xlsx
案①：「当月在庫」の修正後も、計算値をプレビュー表示する既存動作のままとする。
案②：「当月在庫」の登録、修正後は、更新後の値を表示できるようにする。
　",IKC確認中,"①1.5人日
②2.5人日","①2.5人日
②3.0人日","①1.0人日
②1.5人日","①1.0人日
②1.5人日","①1.0人日
②1.5人日",確認中,,,,,,,,,,,,,,,,,,,,,,,,,,
,749,2023/11/02,千葉,YJP村上,伊藤祐希,JETの転換伝票が起票されない,,F：外航通関,F：外航通関,,"■発生日：2023/11/01
■対応希望日：11月中
■事象
11月1日のJETボンド出荷実績が8000.098KLだったので、JET A-1(２DH)から3572.271KL、JET A-1(ヤード)から4427.827KL在庫の引き落としを行なった。
本来ならば装置由来のJET A-1(２DH)から引き落とした3572.271KL分は、転換伝票が自動で起票されるべきだが、今回起票されなかった。
（心当たりとしては装置由来と輸入品がまたがって引き落とされる際に不具合が発生する？）
■あるべき姿
転換伝票が自動で生成される。今回２DH由来の台帳と
■代替手段
手入力で転換伝票を起票する。
","■原因
単品出荷とブレンド出荷が混在した場合、ブレンド出荷、単品出荷の順序で処理されれば問題無く転換伝票は作成されるが、単品出荷、ブレンド出荷の順序の場合は単品出荷に関する転換伝票作成処理をスキップしていたためです。
■対策
単品出荷、ブレンド出荷の順序性に関係無く転換伝票を作成するように修正いたします。

2023/11/09 YJP追記
検証結果エビデンスを下記のBOXに格納いたしました。内容のご確認をお願いいたします。
https://app.box.com/folder/234494874548
・【No749】JETの転換伝票が作成されない.xlsx",オフラス,●,●,●,●,,,,,2023/11/09,2023/11/21,2024/02/14,AP・コーディング,確認完了,,,,,,,,,,,,,,,,,,,,,,,,,,,,,,,,,,,,,,,
,750,2023/11/02,北海道,EXE鶴岡,秦野築, [IOS20-OFL]海上単品出荷作業シートの修正,,帳票,帳票,海上単品出荷作業シート,"■発生日：　2023年11月2日
■発生拠点：　北海道製油所
■対応希望日：　11月20日
■事象
　作業手順の変更に伴い、海上単品出荷作業シートにおいて出荷品名「S-M」時の特記事項欄の記載内容修正をお願いいたします。
　変更前：□T-P503ターニング　□電源復旧　□窒素使用連絡　□電源カット
　変更後：□T-P503クエンチSTM排出　□メカ漏れ　□ケーシング,メカ,クエンチ二重管トラップ　□窒素使用連絡
　資料添付いたします。
■あるべき姿
　出荷品名「S-M」時、特記事項欄に適切な内容が記載される。
■代替手段
　手修正

","■原因
文言修正依頼
■対策
2023/11/10
リリース依頼実施
リリースチェックシート作成済み
2023/11/02
内容確認中
2023/11/08
帳票の修正を実施し下記にエビデンスを格納しておりますが
頂いた修正内容ではAA6のみ特記事項覧を更新してるよう見受けられます。
AA列すべての特記事項ではなくAA6のみが正しいでしょうか。
※修正エビデンスには両方の修正パターンを記載しております。
https://idemitsu.box.com/s/vp58nbdtozviod2o5k20r6yyyepcoxtu
",自営帳票,,●,,,,,,,2023/11/08,2023/11/15,,機能改善,確認完了,,,,,,,,,,,,,,,,,,,,,,,,,,,,,,,,,,,,,,,
,751,2023/11/06,北海道,百留哲平,秦野築,内製帳票の実装（ブレンドシミュデータ取得）,Q3：後続テスト実施可能,B：作業計画管理,帳票,内製帳票,"※保守問題点No.791と関連
■発生日：2023/11/06
■対応希望日：2023/11/30
■事象
北海道の内製帳票について機能化し、保守管理できるようにする
・A重油
・C重油
・G-2
・NPRG
・REG
■あるべき姿
内製帳票が管理可能な状態となっている。
■代替手段
なし","■原因

■対策
2023/12/12
修正完了→リリース待ち

2023/12/20　YJP追記
本件は、画面側の対応も必要となります。（別途起票頂く）
出力元の画面については、百留様にて確認中です。
保守問題点No.704の対応と合わせて、本件に伴う画面側の改修を実施します。
また、内製帳票のYJPへのリリース依頼は、画面の確認完了後とのことです。",自営帳票,,,,,,,,,,2024/06/06,,仕様変更,確認完了,,,,,,,,,,,,,,,"保守問題点No.791と関連
保守問題点No.704とも並走",,,,,,,,,,,,,,,,,,,,,,,,
,752,2023/11/07,愛知,YJP小笠原,堂垣拓生,試験依頼が登録中のまま状態変化しない,Q2：代替手段により後続テスト実施可能,E：品質管理,Y：通信管理,試験依頼,"■発生日：2023/11/7
■対応希望日：できるだけ早く
■事象
試験依頼を作成する際に試験依頼一覧画面[VIEX020801]の状態が「登録中」となり「受付待」とならない場合がある。
「編集」や「本登録」のボタンもグレーアウトしているため、依頼を削除することもできない。
試験依頼一覧画面[VIEX020801]の新規から作成、試験依頼設定画面[VIBA020111]からの作成で上記の状態になる場合があることを確認しています。
また、試験依頼設定画面[VIBA020111]から「船」アイコンを再度押下して試験依頼を削除しようとしたが削除できない試験依頼とメッセージが出て削除できなかった。
さらに、メッセージ一覧を確認すると、規格や需要家区分取得でタイムアウトが発生している。
※関係ないと思いますが、13:00～13:30の間で不具合修正後のリリースのため、OMC(運転制御)を再起動しています。
https://app.box.com/file/1355480559699

■あるべき姿
試験依頼作成後は「受付待」となる。

■代替手段
再度試験依頼を行う。
船の試験依頼の場合は予約から作り直して再度試験依頼を行う(←この方法で「受付待」となりました)
","■原因
ターゲット環境を調査したところ、L3.5とLab-AidのEAI通信においてエラーが発生してします。
何らかの原因で通信経路が不安定な状態にあったと思われます。

■対策
「登録中」の試験依頼は画面から削除することはできませんのでデータパッチにて削除させていただきます。
以下の3件の試験依頼を削除します。
・A5-31107-99-T100123
・A5-31108-99-SKYOKUTO
・A5-31108-00-T4877

2023/11/08 YJP追記
データパッチ適用の検証エビデンスを以下に格納いたしました。
https://app.box.com/file/1356249918222

2023/11/08 YJP追記
11/09(木)のターゲットリリースと合わせてデータパッチを適用させていただきます。
",オフラス,,,●,,,,,,2023/11/08,2023/11/09,2023/11/09,その他,確認完了,,,,,,,,,,,,,,,,,,,,,,,,,,,,,,,,,,,,,,,
,753,2023/11/14,愛知,YJP小笠原,堂垣拓生,【大至急】試験中の試験依頼削除について,Q3：後続テスト実施可能,E：品質管理,Y：通信管理,試験依頼削除,"■発生日：　2023/11/14
■対応希望日：　本日中(11/14中)　
■事象
試験管理とDMZの通信不良の影響と思われるが、試験管理より削除した試験依頼が試験中の状態で残ってしまった。
同じ試験依頼を本日中に立てる必要があるため、試験中となっているA5-31108-08-T5548(下図赤丸)の削除をお願いします。
※同じ試験依頼を立てようとすると二重登録となって登録できない。
(こちらで実施できるのであれば実施方法を教えてください)
■あるべき姿
試験管理側で削除した試験依頼が運転管理側でも削除される。
■代替手段
なし
","■原因
No.752と同件です。
■対策
画面からは削除できないため、データパッチで運転管理側の対象の試験依頼を削除しました。
同じ試験依頼を作成可能かご確認をお願いします。
",オフラス,,,●,,,,,,,,2023/11/14,その他,確認完了,,,,,,,,,,,,,,,,,,,,,,,,,,,,,,,,,,,,,,,
,754,2023/11/15,愛知,YJP杉本,安田壮大,運転管理から試験依頼時に規格取得不可,Q1：後続テスト実施不可,L：試験管理,L：試験管理,他システム連携,"■発生日：2023年11月15日 12:30以降
■対応希望日：11月15日（水）１５：００
■事象
　運転管理からの試験依頼時の規格取得、ブレンドシミュレーション時の規格取得で
　タイムアウト発生により　規格取得が行えません。
　バッチ適用の影響なのか調査の上対応お願いします。
■あるべき姿
　規格取得が行える
■代替手段
　不可　
　試験依頼ができない
","■原因
　No724, 744 原因調査のためのバッチ適用が原因です。
■対策
　バッチを元に戻すことで復旧をご確認いただきました。
　詳細な原因につきましては調査し別途ご報告いたします。

2023/12/20 追記
システム環境変数の参照が原因であったことが分かりましたため、
改めて12/15にログ出力を追加したバッチを設置させていただきました。
この状態で現象が再現するまで様子を見させていただきたいと思います。
→以降、No.724、744で対応を継続し、本件はクローズさせていただきます",オフラス,,,●,,,,,,,,2023/12/20,環境設定,確認完了,,,,,,,,,,,,,,,,,,,,,,,,,,,,,,,,,,,,,,,
,755,2023/11/16,愛知,YJP小笠原,安田壮大,運転管理の成績表出力一覧画面で発行依頼ボタンが表示されない,Q2：代替手段により後続テスト実施可能,E：品質管理,E：品質管理,VIEX021201 ‐ 試験成績書出力一覧画面,"■発生日：2023年11月15日(水)
■対応希望日：11月23日(水)
■事象
運転管理画面の成績表出力一覧画面で、特定オーダー(四日市製油所、東亜石油京浜製油所向けのPXGZ(パージ用ALG含む))の成績表出力依頼ボタンが表示されない。
ロットNoも表示されていない。タンクNoには「分割」と表示されている。
■あるべき姿
成績表出力依頼ボタンが表示されて依頼が行える。
■代替手段
試験管理から発行依頼を行う。

2023/11/21 IKC安田追記
出荷品分割マスタに登録してある作業品名コードでオーダがついた場合、自動でパージ用の油種(ALG等)オーダがつくように設定されており、これによりパージ油種の手動入力を回避しているとの事でした。
運転管理側の作業効率化の為に必要な設定であることは分かったのですが、「分割」の場合も成績表出力一覧から発行依頼出来るようにしたいと考えています。（出荷品分割マスタの設定状況を見ると、G-3海上出荷が着いた場合に頻発しそうなため）
まずは上記実現可能か確認頂いてもよろしいでしょうか？

2024/03/19 IKC安田追記
リリース後の確認問題ありませんでした。
https://idemitsu.ent.box.com/file/1475147891344?s=rh53rzkynkksxyw4opyzfx789mv3may7
","■原因
仕様通りとなります。
出荷品分割出荷の場合はタンクNoには「分割」と表示され、ロットNoと依頼ボタンは表示されません。
■対策

2023/11/22 YJP追記
出荷品分割出荷の場合も出荷タンク情報を取得できそうなのでロットNoと依頼ボタンの表示は実現可能と思われます。

2023/12/07 IKC
仕様変更にて各所確認中。

2023/12/13 YJP
見積依頼を受領。

2024/02/19 YJP
検証エビデンスをBOXに格納しました。
https://app.box.com/file/1448545451933
",オフラス,●,●,●,●,,,,,2024/02/19,2024/03/14,2024/03/19,仕様通り,確認完了,No.968,,,,,"・全所共通仕様とする
・出荷品分割の場合にもタンクNo・ロットNo・依頼ボタンを表示する
・オーダ品名には分割された各々の出荷品名を表示する。
",仕様変更承認済,1.00人日,2.00人日,1.00人日,1.00人日,0.00人日,対応依頼,,,2023/12/13 IKC様より見積依頼を受領 ,,,,,,,,,,,,,,,,,,,,,,,
,756,2023/11/17,千葉,YJP和須津,植木秀幸,オフラス４所のスケジューリングされたIF処理の一部について,,A：オーダ管理,A：オーダ管理,スケジューラ（Spiral Scheduler）へのオーダ情報送信,"■発生日：2019年5月20日
■対応希望日：2023年11月30日（改修ではなく調査回答希望日です）
■事象
スポークID「SBM_SVC-00001432_S」メッセージID「OrderInfo」の「船名（15番目のカラム）」が空白のまま連携されている
前段として、SpiralSchedulerへの連携が千葉はオフラスから直接、愛知・北海道・（徳山）が需給調整システムからの連携となっており、統一化を図りたい。こちらにて調査する限り「船名」のみが千葉と他所で違っているように見受けられるため。
統一化後は千葉以外、EAI送信先設定変更も必要になりますが、SpiralScheduler側とタイミング合わせてとなりますので、こちらについては別途ご相談させていただきたいと思います。
■あるべき姿
「船名」をデータ内に入れて連携してもらいたい
■代替手段
現状連携で問題は発生しておりません。

2023/11/17 IKC福山追記
まずは、メッセージID「OrderInfo」の抽出条件や通信電文の編集仕様について、ご提示願います。
需給調整からの連携仕様については、
https://idemitsu.ent.box.com/folder/235702345536
に設計資料を格納しています。こちらの仕様と合せていく想定です。
2023/11/21 IKC福山追記
「船名」の編集誤りについては、千葉だけでなく、各所展開願います。
2023/11/30 IKC福山追記
修正結果確認済。ステータスはリリース待ちとします。
リリースタイミングについては対向側（スケジューラチーム：生技セ藤原/鎌田）と調整の上、決定します。（12月～1月）

","■原因
「船名（15番目のカラム）」について、設定時の処理に誤りがありました。
■対策
内航入荷オーダに紐づく船名を正しく設定するように処理を修正致します。

2023/11/20 YJP追記
スポークID「SBM_SVC-00001432_S」、メッセージID「OrderInfo」の送信伝文の設定値、抽出条件についてまとめたファイルを以下に格納致しました。
https://app.box.com/folder/236021234118
・SpiralSchedule(SVC-00001432)_オーダー情報(OrderInfo)伝文設定値.xlsx

2023/11/30 YJP追記
以下に船名設定についての検証エビデンスを格納しました。
https://app.box.com/folder/236021234118
【No756】SpiralSchedulerへの伝文に船名が入っていない.xlsx

2023/12/20 YJP追記
現状、千葉以外にリリース済みです。
　・北海道：2023/12/14
　・愛知：2023/12/14
　・徳山：2023/12/19
仕様変更が発生する見込みのため、本機能を利用している千葉へのリリースは仕様変更対応後に実施予定となります。",オフラス,●,●,●,●,,,,,,"千葉：2024/02/20
北海道：2023/12/14
愛知：2023/12/14
徳山：2023/12/19

※注意
千葉は保守No790と同時",2024/04/12,AP・コーディング,確認完了,,,,,,,,,,,,,,,,,,,,,,,,,,,,,,,,,,,,,,,
,757,2023/11/20,愛知,YJP小笠原,堂垣拓生,[仕様の確認]品転ロットについて,Q3：後続テスト実施可能,E：品質管理,E：品質管理,タンク受入開始時のロット無効化,"■発生日：2023/11/18
■対応希望日：11月中
■事象
品転ロット(保留ロットとしていた)について、以下のような動きをしましたが、仕様通りでしょうか。
11/16にA5-31116-08-T20524 作業品名：RC-HSの試験依頼を実施(これが品転元のロット)。
同日、A5-31116-08-T20524 作業品名：RC-HS合格(有効)として試験依頼が返ってきた。
11/17、20524タンク 作業品名：3.6Cの試験依頼を品転(上記のロットに品転)で実施。
同日、A5-31116-08-T20524 作業品名：3.6C不合格(保留)として、試験結果が返ってきた。
その後、20524は受入れ作業が発生し、A5-31116-08-T20524 作業品名：RC-HS(品転元ロット)が不合格(無効)となった。
11/18 品転ロットで保留ロットとしていたA5-31116-08-T20524 作業品名：3.6Cが合格(有効)となった。
利用者より、品転元のロットが不合格となっているのに、品転ロットが合格になっても問題ないのか
と問い合わせを受けましたので、仕様通りの動きなのか、意図しない動きなのか確認です。
https://app.box.com/file/1367127373355
■あるべき姿
■代替手段

2023/12/04(堂垣)
同状況が発生することがなかなかないため、次回発生時に確認するとして本件はクローズ","■原因
意図しない動きとなっております。
タンクに受入作業が発生した場合、有効な通常ロットと品転ロットは無効になりますが、保留の品転ロットに対する考慮が漏れておりました。
■対策
タンク受入作業開始時に保留の品転ロットも無効となるように修正します。

2023/11/22 YJP追記
検証エビデンスを格納しました。
https://app.box.com/file/1368836610519
",,,,●,,,,,,2023/11/22,2023/11/29,2023/12/04,設計不備,確認完了,,,,,,,,,,,,,,,,,,,,,,,,,,,,,,,,,,,,,,,
,758,2023/11/22,愛知,EXE鶴岡,堂垣拓生,IOS20-OFL：設定を変更した帳票のリリース依頼,,帳票,帳票,海上出荷流量計積算票,"■発生日：　2023/11/22
■発生拠点：　愛知事業所
■対応希望日：　最短でリリースできる日
■事象
海上出荷流量計積算記録表(月報)、海上出荷流量計積算記録表にて、データを取得している流量計の
設定不備がありましたので、添付のように「表示設定」シートの内容を変更しました。
変更箇所はFQC-905-3AとなっているものをFQC-905-30A、
FQC-905-4AとなっているものをFQC-905-40Aとしております。
(設定を変更した状態で再度同じファイルを開いて、想定した数値が取得できることは確認済みです)
設定を変更した帳票のリリースをお願いします。
■あるべき姿
■代替手段

2023/12/19(IKC堂垣)
リリース後、問題ないことを確認しましたのでクローズします。","■原因
設定変更
■対策
2023/11/30
リリース依頼実施
2023/11/22
内容確認中
2023/11/28
エビデンス送付",自営帳票,,,●,,,,,,2023/11/28,2023/12/07,2023/12/19,機能改善,確認完了,,,,,,,,,,,,,,,,,,,,,,,,,,,,,,,,,,,,,,,
,759,2023/11/27,愛知,EXE鶴岡,堂垣拓生,IOS20-OFL：【即日対応願います】11/28のバース繰り表が作成されない,,帳票,帳票,バース繰り表,"■発生日：　2023/11/27
■発生拠点：　愛知事業所
■対応希望日：　即日
■事象
バース繰り表について、11/28を指定して出力しても帳票が作成されない。
ダウンロードされた帳票を開くとマクロが実行されるが、コーションのメッセージボックスだけ出力され
帳票自体は何も表示されない。
■あるべき姿
11/28のバース繰り表が作成できる。 
■代替手段
なし
","■原因
オーダ区分がNULLになっており外航船を内航船として扱ったため
■対策
内航船で値が取得できない場合外航船でもデータを取得するよう修正",自営帳票,,,●,,,,,,2023/11/27,2023/11/28,2023/11/28,仕様不備,確認完了,,,,,,,,,,,,,,,,,,,,,,,,,,,,,,,,,,,,,,,
,760,2023/11/28,千葉,YJP田中,伊藤祐希,ISW輸入申告情報作成不具合,,F：外航通関,F：外航通関,IMW･ISW輸入申告情報作成,"■発生日：2023/10/27
■対応希望日：１２月中旬頃まで
■事象
ISW情報を入力しようとしたら“対象レコードがありません”と表示され入力できない
■あるべき姿
入力できるようになり、申告完了済になる
■代替手段
あり（外貨製品在庫修正で対応しています）","■原因
価格入力時：分割申告なし（価格入力情報に分割データ無し）
通関申告時：分割申告あり（価格入力情報に分割データ有り）
の場合でも無条件に価格入力時の分割データを取得していたことからデータが存在せず、エラー（データあるべき前提で実装しているが実際データが存在しない）が発生しています。
■対策
通関申告時の分割データを参照するように修正いたします。

今回（事象発生時）データに関してはデータパッチにて台帳の整合性を図ります。

2023/12/07 YJP追記
検証エビデンスを格納しました。
https://app.box.com/file/1382026897804
改修版のリリース後運用にてデータ反映にて確定(データパッチは適用しません)",オフラス,●,●,●,●,,,,,2023/12/07,2023/12/13,2024/02/14,設計不備,確認完了,,,,,,,,,,,,,,,,,,,,,,,,,,,,,,,,,,,,,,,
,761,2023/11/28,北海道,YJP大武,秦野築,オフラスモニター　陸上出荷品名別実績一覧について,Q3：後続テスト実施可能,D：実績管理,D：実績管理,陸上出荷品名別一覧,"■発生日：　2023/11/27

■発生拠点：　北海道製油所

■対応希望日：　２週間以内

■事象（問合せ）
モニタサーバーの陸上出荷品名別実績一覧画面のデーター取得元情報（テーブル）を教えてほしい。
また、画面表示の際に計算等を行っている場合は、その内容も教えて頂きたい。

■あるべき姿
ー

■代替手段
ー
","■原因
本件お問合せのため、原因はございません。

■対策
本件、モニタサーバでもL3オフラスでも挙動は同一です。
TIDC052_陸上出荷予定実績明細の情報を表示しております。
具体的には、対象日付(出構日)のデータをTIDC051_陸上出荷予定実績より絞り込み、
対象日のTIDC052_陸上出荷予定実績明細のUNITY_CD(統一品名コード)で集計したRESULT_QTY(実績数量)を表示しております。

画面では、対象日に出荷していない品名が表示されている(数量は空白)場合がありますが、
画面上での設定期間中に出荷している品名がすべて表示されているためです。
その挙動については、画面仕様書をご確認ください。

ステータスを確認中といたしますので、問題が無ければクローズください。

2023/11/30 IKC
北海道へ回答済み、クローズ",オフラス,－,●,－,－,,,,,,,2023/11/30,その他,確認完了,,,,,,,,,,,,,,,,,,,,,,,,,,,,,,,,,,,,,,,
,762,2023/11/30,千葉,YJP田中,伊藤祐希,寄託タンク在庫明細表データ不具合,,F：外航通関,F：外航通関,寄託タンク在庫（払出）明細表データ参照,"■発生日：2023/11/29
■対応希望日：12月1日
■事象
＃６０００７開放中は、＃６０００８で運用。今月から＃６０００７運用に変更になったが、
＃６０００７の総在庫・払出のデータが反映されない。
■あるべき姿
総在庫・払出データが取り込まれ、作業ができるようになる。
■代替手段
なし","■原因
マスタ(タンク用途期限管理マスタ)の設定不備です。
■対策
当該マスタに、タンク番号(#60008)の有効終了日を変更して頂き、
タンク番号(#60007)を新規追加すると、データが反映されます。
（#60008を削除して頂いてもかまいませんが、過去にさかのぼって再編集する際には、必要となるデータとなりますので、有効終了日の変更がよいと考えます。）
詳細は、エビデンス参照下さい。
https://app.box.com/file/1376430838925",オフラス,●,－,－,－,,,,,,,,仕様通り,確認完了,,,,,,,,,,,,,,,,,,,,,,,,,,,,,,,,,,,,,,,
,763,2023/12/05,北海道,YJP大武,秦野築,[北海道製油所]帳票が正しく出力できない,Q3：後続テスト実施可能,D：実績管理,D：実績管理,一般シフト作業実績ファイルメンテ画面,"■発生日：
■対応希望日：
■事象
一般シフト生産作業実績ファイルメンテナンス画面の仕様を確認させてください。
通常、TIBB003の実績数量が更新されるべき所、TIBB002の実績数量が更新されたため下記確認させていただきたく存じます
尚事象発生したJOBNOは327387となります。

①下記条件データに対し一般シフト生産作業実績ファイルメンテナンス画面の実績数量（下記スクリーンショット赤枠内）を手修正した場合
更新されるテーブルはTIBB002、TIBB003どちらになりますでしょうか。
②上記がTIBB002の実績数量である場合何を変更すればTIBB003が更新されますでしょうか。
③または、TIBB２とTIBB3はメンテ画面がそれぞれ異なるでしょうか？
　この場合、それぞれどの画面を触ればメンテ可能でしょうか？

■あるべき姿
なし

■代替手段
なし","■原因
本件問い合わせ内容の調査結果です。

①本件データ(北海道の2023/08/30　JOBNo:327387)のエビデンス赤枠箇所(払出コンポーネントの実績数量)を更新された場合に修正される項目は以下です。
TIBB002.RESULT_QTY　※払出コンポーネントの実績数量の合計になるように更新されます。
TIBB003.RESULT_QTY　※それぞれのコンポーネントが画面入力値で更新されます。
TIBB004.TANK_RESULT_QTY　※TIBB003と同様にコンポーネントに紐づくタンク実績が更新されます。
このほか、更新日、更新ユーザ、更新端末、更新プログラムが更新されますが、割愛します。

②、③千葉の計量シフトの場合は項目が異なりますが、北海道の場合は、払出コンポーネント(TIBB003)の実績合計が子JOB(TIBB002)の実績になります。

■対策
進捗を確認中といたしますので、問題が無ければクローズください。",オフラス,－,●,－,－,,,,,,,,その他,確認完了,,,,,,,,,,,,,,,,,,,,,,,,,,,,,,,,,,,,,,,
,764,2023/12/05,愛知,YJP小笠原,安田壮大,（質問）基材ロット不合格でブレンダーロットを確立した場合のロット有効化可否について,Q3：後続テスト実施可能,E：品質管理,E：品質管理,ブレンダロット,"■発生日：－
　（今後発生する可能性あるので、危険予知の為の質問です）
■対応希望日：12月8日（金）
■事象
（質問）
不合格（ロット無効）状態の基材ロットを使用してブレンダーロット（合格）を確立した場合、確立したブレンダーロットはロット有効になるでしょうか。
（例）CLO(試験分類：混合基材　不合格、ロット無効)、DSRC0.3(試験分類：混合基材　合格、ロット有効)　を基材とするブレンダーロット　1.0C-CLO(試験分類：製造　合格　ロット？？？)
運転管理の機能仕様書_品質管理 3.3.3.1 ロット無効化　の項には、　「基材ロットが無効になった場合、当該タンクを基材とするブレンダロットを無効にする」とあります。
順序は逆になりますが、不合格（ロット無効）の基材ロットを使用してブレンダーロット（合格）確立した場合、下記処理に準じてブレンダロット不合格になるでしょうか？
■あるべき姿
なし
■代替手段
ブレンダーロット無効になる場合、基材ロットを強制合格させた後にブレンダーロットを作成する。
","■原因

■対策

ブレンダロットの基材情報に無効なタンクロットが指定されている場合でも、受信した試験結果が合格であればブレンダロットは有効となります。
（Lab-Aidでの受付の際に、基材ロットが有効でない旨の警告メッセージは出ます。）

2023/12/05 IKC安田
基材ロットが不合格であっても、ブレンダーロットは合格であればロット有効になる旨了解しました。
弊課内でも相談しましたが、この仕様で問題ないと考えます。
（理由：他基材と混ぜた後のブレンダーロットで規格はチェックされていること、実運用として単品として不合格の為他基材を混ぜて出荷するケースは多くあり、縛り過ぎると運用が成り立たなくなること等）
",オフラス,,,●,,,,,,,,2023/12/05,その他,対応不要,,,,,,,,,,,,,,,,,,,,,,,,,,,,,,,,,,,,,,,
,765,2023/12/05,北海道,YJP那須,秦野築,ロール定義の一部変更,Q3：後続テスト実施可能,X：共通,A：オーダ管理,代理店メニュー,"■発生日：2023年12月5日
■対応希望日：2023年12月12日
■事象
オフラスユーザーロール：代理店担当者の場合、VIAA020402（内航出荷オーダー入力-編集）の画面を閲覧することができない。

■あるべき姿
該当画面を閲覧可能としたい

■代替手段
なし","■原因
仕様通りとなります。
代理店担当者（代理店メニューから画面遷移した場合）は該当画面に遷移するためのボタンやリンクを非表示とする処理が入っており、その処理は権限の設定で変更することは出来ません。

■対策
代理店担当者が該当画面を閲覧するためには、上記の処理に対する仕様変更(※)が必要となります。
※オーダ詳細一覧画面に詳細ボタンを表示する、日別情報画面のオーダ管理Noのリンクを活性にする対応が必要との認識です。
また、権限についても変更が必要ですが、こちらについてはIKC様側で対応頂くことが可能です。変更方法（権限を追加する画面とコンポーネント）については対応する際に別途ご連絡いたします。

まずは上記の仕様変更の対応要否についてご検討いただき、対応が必要ということであれば対応工数を別途お見積りいたします。

2023/12/11 YJP追記
本件以外にも同様画面がないか確認後、ご連絡頂けるとのことです。

2024/06/13 YJP追記
秦野様より仕様変更は行わない旨、ご連絡をいただいたためクローズします。",オフラス,,●,,,,,,,,,,仕様通り,対応不要,,,,,,,,,,,,,,,,,,,,,,,,,,,,,,,,,,,,,,,
,766,2023/12/06,千葉,YJP大武,伊藤祐希,自家使用明細の油脂代が製油所受払月報に反映されない,Q3：後続テスト実施可能,G：マスバランス,G：マスバランス,自家燃使用量,"■発生日：2023/12/06
■発生拠点：千葉事業所
■対応希望日：最短(不具合であれば早期の対応が必要なため)
 
■事象：自家使用明細の油脂代で計上されている、
1.0A重油と1.5C重油が製油所受払月報に反映されていません。
 
同じ油脂代でも、潤滑油二課(プラント=LA01)から出荷されているものは、
製油所受払月報に反映されているようです。
 
<< File: 自家使用明細_202311.pdf >> 
■質問
・これは仕様通りの(問題のない)動きでしょうか？
 
■あるべき姿：質問のためなし
■代替手段：質問のためなし
","■原因
自家燃使用量については、新IRIS→OneSAPの経路で流れるデータのため、オフラス側からのコメントは差し控えさせていただければと思います。

自家燃使用分が製油所受払月報に反映されていない件については、そもそも伝票の発行はどこから行われるのかということになると思っております。
伝票がオフラスから発行されるものであるのであれば、発行した伝票の種別、数量などを再確認ください。
伝票がオフラス以外から発行されるものであれば、OneSAP側に適切に伝票が存在しているかご確認いただき、OneSAPに存在するのであれば、OneSAPからの受信時刻付近で、OneSAPの戻り伝票がオフラス側で受信出来ていないところが無いか、メッセージ一覧をご確認いただければと思います。
(MB品名マスタと付き合わなくて受信出来ていない等があり得ると考えておりますが、1.0Aや1.5Cであればマスタ登録不備とも思いにくい状況です。)

■対策
進捗を確認中とさせていただきますので、問題なければクローズしていただければと思います。
",オフラス,●,－,－,－,,,,,,,2023/12/07,調査中,確認完了,,,,,,,,,,,,,,,,,,,,,,,,,,,,,,,,,,,,,,,
,767,2023/12/07,千葉,YJP田中,伊藤祐希,ボンド出荷　外貨製造搬出日一覧/ボンド出荷オーダ一覧データ修正の件,,F：外航通関,F：外航通関,"ボンド出荷オーダ一覧
外貨製造搬出日一覧","■発生日：2023/12/４
■対応希望日：１２月１３日
■事象
ボンド出荷オーダで、艀が２隻⇒１隻に変更や同一本船に２艀で同日出荷する予定が艀が２日に跨って出荷する事になった。
オーダ変更のタイミングでオーダ管理から変更していない、２日に跨った艀の新規オーダーを出荷でオーダ入力・確定・作業をしている。
その為、外航通関側でオーダが正しく連携されていない
■あるべき姿
外貨製造搬出日一覧１２月３日の未確定表示を削除し実績確定できる。
ボンド出荷オーダ一覧の藤和丸　ＢＦＬＳＦのオーダを保税⇒船用品のデータにしてステータスを完了し４日分を実績確定できる。
■代替手段
なし","■原因
仕様通りとなります。
事象として書かれている通り、オーダ変更のタイミングでオーダ管理から変更していないことが、
外貨製造搬出日一覧の「未確定」の表示の原因です。
■対策
外貨製造搬出日一覧の「未確定」表示削除に関しては、対象データを削除する必要があります。
外国貨物製造搬出明細表は、現在の表示のままで実績確定して頂いて問題ありません。
ボンド出荷オーダ一覧の藤和丸 BFLSFのオーダの表示を保税⇒船用品にするには、
ステータス変更で対応できます。

上記2点、データパッチにて対応いたします。

2023/12/12 YJP追記
検証結果エビデンスを格納しました
https://app.box.com/file/1386130458790

2023/12/13 YJP追記
データパッチ実施いたしました。
ご確認をお願いいたします。",オフラス,●,,,,,,,,,,,その他,確認完了,,,,,,,,,,,,,,,,,,,,,,,,,,,,,,,,,,,,,,,
,768,2023/12/11,愛知,YJP田中,安田壮大,PDF出力ファイルのバックアップ失敗,Q2：代替手段により後続テスト実施可能,L：試験管理,L：試験管理,PDFファイル送信,"■発生日：　2023/12/10
■対応希望日： 2023/12/11
■事象
ラボエイドエラーメッセージが2分おきに表示される。
「PDF出力ファイル送信処理：PDF出力ファイルのバックアップに失敗しました。」
該当フォルダを確認した所、エラーメッセージ通り、フォルダ「\\10.177.147.12\pdf\燃料油報告書\」に既に依頼番号のファイルが作成されて、ファイルが残っている状態である。
別フォルダ「\\10.177.147.12\Lab-Aid\IF\PDF」でも同様の事象が発生している。
■あるべき姿
フォルダにバックアップ作成後、所定フォルダからファイル削除され、エラーメッセージが発生しない。
■代替手段
フォルダ「\\10.177.147.12\pdf\燃料油報告書\」から当該ファイルを手動削除する。","■原因
　同名の0byteのファイルが既に作成されていたことが直接の原因ですが、
　そうなった原因については調査中です。

■対策
　同名の0byteを削除いただき、ファイル送信処理はリカバリいたしました。

2024/04/01 YJP追記
PDF出力と送信が同時に起こるなどで再現しないか確認しましたが、今のところ再現確認出来ておりません。その後再現報告がないため、EAI送信障害（No724,744）の影響の可能性も考慮して様子をみたいと考えております。

2024/04/30 YJP追記
　4/16～26のシステムログを確認し、
　　・端末「C18NOFL00078」についてSURVEYユーザのみログインされていることを確認
　　・端末「C18NOFL00103」についてはSURVEYユーザのほか、SIKEN3,C,Qユーザにも
　　　利用されていることを確認
　再度IISログからアクセス量を調査いたします。

2024/06/19 YJP追記
　お打合せを実施し、下記方針で引き続き調査を継続します。
　①Webリクエストのログ出力対応について検討する（YJP）
　②Webリクエスト多の端末を別端末で役割交代して
　　端末による影響があるかを確認する（IKC様/YJP）

2024/10/16 YJP追記
端末の交換は対応済みの状態。

2024/12/16　YJP追記
取得したログ等の情報から継続調査中です。　現在の状況について、一度、愛知 安田様とお打合せにてご報告させて頂きます。

■棚卸
2026/04/27：着手中
",オフラス,,,●,,,,,,,,,調査中,調査中,,,,,,,,,,,,,,,,,,,,,,,,,,,,,,,,,,,,,,,
,769,2023/12/14,愛知,YJP田中,安田壮大,特定の定期試験が毎月1日に依頼されない,Q3：後続テスト実施可能,L：試験管理,L：試験管理,工程試験依頼,"■発生日：　2023/12/1
■対応希望日：　2023/12/27
■事象
定期試験マスタにて、B-W1A、BB/P-COALを毎月1日に自動試験依頼されるように設定していますが、月によって依頼される月とされない月があります。
マスタの設定不備なのか、自動試験依頼機能に不備があるのか、調査をお願い致します。

■あるべき姿
毎月1日に自動試験依頼される。
■代替手段
毎月1日に手動で試験依頼する。

2024/02/09 IKC安田
調査資料で説明頂き、マスタ設定不備であることを確認しました。現状は正しくマスタ設定され、正常に毎月1日自動試験依頼が行えています。","■原因
　調査中です。
　優先度としては他の問題点を優先して対応、と安田様と会話しております。

2024/02/02 追記
・K1BB_B_W1A_00000_099は23年9月にマスタ修正されており、
　そこからは正常に自動試験依頼できている模様。
　23年12月は自動試験依頼できていたが動力課にて手動で再依頼されておりました。
・K4BB_BB_P_P_COAL_00000_09は23年12月にマスタ修正されており、
　そこからは正常に自動試験依頼できている模様。

　【資料】
　https://app.box.com/folder/244045974575

■対策
　調査資料を確認いただき、問題無ければクローズとさせていただきたいと思います。
",IKC,,,●,,,,,,,,2024/02/09,仕様通り,確認完了,,,,,,,,,,,,,,,,,,,,,,,,,,,,,,,,,,,,,,,
,770,2023/12/18,愛知,EXE鶴岡,堂垣拓生,海上出荷帳票仕様について,,,,,"■発生日：　2023/12/18
■発生拠点：　愛知事業所
■対応希望日：　12/22(金)
■事象
海上出荷流量計積算記録表に表示されるFQC-905-40の伝票数量が実態と合いません(初日にまとまっており、さらに関連作業の総計と合わない)。
伝票数量はどのように取得しているのでしょうか？
※詳しくはエビデンスをご覧ください。
↓帳票の伝票数量が合わない流量計を使用した作業(オーダー件数は2日合わせて8件登録)
9/4　オーダー数量：１３５００KL(ダミーオーダーも含めると１３６００KL)　実績数量：１３５００１０８L
9/5　オーダー数量：３６５３３KL(ダミーオーダーも含めると３６８３３KL)　実績数量：２９５６７３１８L(3つ目のオーダーは日跨ぎ)
↓帳票の表示
9/4　伝票数量：４９８００.６１７KL　実績数量：１３５００１０８L
9/5　伝票数量：空白　　　　　　　　 実績数量：２９５６７３１８L
■あるべき姿
■代替手段
","■原因

■対策
伝票数量は作業終了日が検索日（９月４日）の伝票実績明細の伝票数量を表示しております。
伝票数量の取得方法を下記にまとめましたのでお手数ですがご確認の程宜しくお願い致します。
https://idemitsu.box.com/s/nvna54fip4ow6fpclotgapy8rnkudwwx

2023/12/19
仕様について承知した旨の連絡あり",自営帳票,,,●,,,,,,,,2023/12/19,その他,対応不要,,,,,,,,,,,,,,,,,,,,,,,,,,,,,,,,,,,,,,,
,771,2023/12/18,千葉,YJP張替,伊藤祐希,オフラス帳票(インボイス按分計算書）増減率表示,,F：外航通関,帳票,インボイス按分計算書,"■発生日：2023/10/25
■対応希望日：特にありません。
　　　　　　　　　　 ★表示だけの問題で運用上急ぎではないです。
■事象：インボイス按分計算書Excel上で、1か所のみ増減率％が小数点以下が3桁表示になっている。当初は２桁だったが、いつかのタイミングで３桁表示になってしまったと思います。
■あるべき姿：インボイス按分計算書のTOTAL％・搬入計算書は小数点以下２桁表示なので統一する。
■代替手段：増減率は正しく表示だけなので、Excel上で修正若しくはそのままでも対応可能です。
","■原因
該当箇所の書式設定が小数第3位までの設定となっていました。
■対策
インボイス按分計算書（燃料油）
　小数第2位までの表示とし、小数点以下第3位を四捨五入
インボイス按分計算書（LPG）設定となるよう修正いたします。
　小数第3位までの表示とし、小数点以下第4位を四捨五入

2024/02/27 YJP追記
お打合せをさせていただき、インボイス按分計算書（燃料油）のトータルにて行っている処理を
インボイス按分計算書（燃料油）・インボイス按分計算書（LPG）ともに使用となりました。
上記処理を行った場合小数点以下表示は、小数点第3位4位ともに表示の可能性があります。
(端数処理した際に後ろに０の付与等はなし)

2024/03/05 YJP追記
検証結果エビデンスを下記BOXに格納いたしました。内容のご確認をお願いいたします。
https://app.box.com/folder/251992288082",オフラス,●,●,●,●,,,,,2024/03/05,2024/04/17,2024/07/11,AP・コーディング,確認完了,,,,,,,,,,,,,,,,,,,,,,,,,,,,,,,,,,,,,,,
,772,2023/12/18,北海道,YJP田中,石井真紀,継続保税作業を取り消したが、KERO台帳が取り消しされていない,,F：外航通関,F：外航通関,継続保税作業,"■発生日：2023/12/18
■対応希望日：急ぎでお願いします。（できれば明日12/19中）
■事象
継続保税作業（JET）の作成に失敗し、オフラス権限者にて取り消ししたが、2件目のKERO台帳が取り消しされていない。
終了届番号もDH-2317-(M)であるべきだが、DH-2318-(M)で表示されている。
在庫日報にも残っている。
■あるべき姿
2件目の台帳も削除される。終了届番号もDH-2317-(M)となる。
■代替手段
なし","■原因
継続保税作業の取消時、引き落とし対象が複数存在した場合の制御が漏れていたことから2件目以降の台帳データのリカバリが実施出来ておらず左記の事象となっております。
■対策
引き落とし対象が複数時の制御を追加するよう修正いたします。

左記のデータのリカバリに関しては、データパッチにて対応させていただきますので、
お手数ですが、データパッチ後、下記の作業をお願いします。
・終了届番号：DH-2317-(M)にて再度、継続保税作業の実施
・外貨在庫日報の再集計

2023/12/19 YJP追記
データパッチを実施いたしました。後続作業（継続保税作業再実施、外貨在庫日報再集計）をお願いいたします。

2023/12/26 YJP追記
検証結果エビデンスを下記BOXに格納いたしました。内容のご確認をお願いいたします。
https://app.box.com/file/1392560284614",オフラス,●,●,●,●,,,,,2023/12/26,"北海道：2024/1/18
千葉：2024/1/24",,AP・コーディング,確認完了,,,,,,,,,,,,,,,,,,,,,,,,,,,,,,,,,,,,,,,
,773,2023/12/19,千葉,YJP大武,伊藤祐希,実地棚卸表の預かり在庫に計上されている数量について質問です,Q3：後続テスト実施可能,G：マスバランス,G：マスバランス,実地棚卸表,"■発生日：2023年12月18日
■発生拠点： 千葉事業所
■対応希望日：1週間程度
 
■事象：実地棚卸表の項目にある、『預かり在庫』に計上されている在庫は、
①.オフラスで伝票を作成しているのでしょうか？(自動作成でしょうか？)
 
②.オフラスで伝票を作成しているのであれば、どのような仕組みで作成しているのでしょうか？
(マスタ設定や、どこの数量を元に伝票を作成しているのか等)
 
③.②の処理に例外はあるでしょうか？
(例えば、製品・半製品で処理に違いがあったりするのでしょうか？)
 
※もし、One SAPで伝票を作成しているようであれば、
One SAPに置き換えて回答いただければと思います。
 
■あるべき姿：質問のためなし
■代替手段：質問のためなし
","■原因
実地棚卸表は、オフラスからOneSAPに送信される在庫内訳データをもとに作成されている認識です。
在庫内訳データ上の預かり在庫は、OneSAPから受信する基地別在庫をもとに計上されております。
実地棚卸表の作成は、OneSAP側の処理のため、オフラス送信後の挙動は不明です。

また、上述の内容であるため、オフラスの機械作成伝票として預り用の伝票が発行されていない認識です。
添付のファイルが無かったため、具体的に示されているものは不明ですが、
①について、実地棚卸表について、伝票を発行しておりません。
　(オフラスが自動生成する伝票は製油所受払月報の算出数量に依る内容で作成されております。
　実地棚卸表の問題であれば、製油所受払月報にも同様に問題が出ているのではないかと思われます。)
②、③回答は不要と思われます。

■対策
進捗を確認中といたしますので、問題が無ければクローズください。",オフラス,●,,,,,,,,,,2023/12/19,その他,確認完了,,,,,,,,,,,,,,,,,,,,,,,,,,,,,,,,,,,,,,,
,774,2023/12/19,千葉,EXE鶴岡,伊藤祐希,ジェット出荷証明書エラーがでて印刷できない,,B：作業計画管理,帳票,ジェット出荷証明書,"■発生日：　2023/12/14

■発生拠点：　千葉事業所

■対応希望日：本日中

■事象： ジェット出荷証明書の印刷ができません。下記のようなポップアップがでてOKを押すとEXCELが閉じてしまいます。
　　　　昨日の11時頃は出力できていたのですが、本日はだめなので帳票が悪いというよりは帳票を起こすためのデータ周りと推測します。
　　　　出荷に影響ありますので申し訳ありませんが急ぎでお願いします。
","■原因
DBに変更があったため（PJ問題点管理No3405の千葉展開が影響）
■対策
2023/12/21
リリース依頼実施
2023/12/19
レイアウト変更の依頼あり、他所にも変更する必要があるため確認中
2023/12/14
統一版をリリースすることで対応
2024/01/29 YJP追記
1/24のリリースにて最新VRの帳票では無く、ひとつ前のVRをリリースしたため、本日(1/29)に再リリースを
実施いたしました。
リリース後、千葉の伊藤様に確認していただき、問題無い旨の回答をいただきましたことから、本件クローズさせていただきます。
",自営帳票,●,,●,,,,,,2023/12/14,"2023/12/14
2024/01/18
2024/01/24
2024/01/29",2024/01/09,データ不備,確認完了,,,,,,,,,,,,,,,,,,,,,,,,,,,,,,,,,,,,,,,
,775,2023/12/20,千葉,YJP小見山,伊藤祐希,TOP保税作業(常圧蒸留保税作業国内引取品原油明細)が正しく表示されない。,,帳票,帳票,常圧蒸留保税作業国内引取品原油明細,"■発生日：　2023/12/19
■対応希望日：1月中
■事象：　TOP保税作業(常圧蒸留保税作業国内引取品原油明細)が正しく表示されない。
　　　　IMを複数使用した場合、１本目は正しく計算され表示されるが、２本目以降正しく計算・表示されない
■あるべき姿： IMを複数使用した場合、２本目以降も正しく計算・表示される
■代替手段：Excel手修正で対応しています。
2024/02/06
エビデンス確認NG
","■原因
引き落とし対象データが複数存在しているにも関わらず1行目のデータのみ処理していたため
■対策
複数行存在した場合、正常に2行目以降の処理を実施するように修正いたします。
2024/02/07 YJP追記（確認NG）
画面側の検証と並行していたことからデータの不整合が原因
業務APの改修内容に不備は無いことから画面側とタイミングを見計らって再検証いたします。
2024/02/09 YJP追記
検証エビデンスを下記に格納いたしました。内容の確認をお願いいたします。
<https://app.box.com/folder/244693545140>",オフラス,●,,,,,,,,2024/02/09,2024/04/17,2024/07/11,AP・コーディング,確認完了,,,,,,,,,,,,,,,,,,,,,,,,,,,,,,,,,,,,,,,
,776,2023/12/21,愛知,EXE鶴岡,堂垣拓生,IOS20-OFL：海上出荷流量計積算記録表の前メーターについて,,帳票,帳票,海上出荷積算記録表,"■発生日：　2023/12/21
■発生拠点：　愛知事業所
■対応希望日：　2024年1月中旬頃
■事象
海上出荷流量計積算記録表(日報)の前メーターについて、100000000と表示されている個所があります。
これは流量計のカウントがカンストしたときの対応でしょうか？
・カンストしたときの対応の場合
　運転制御から送信される流量計データが000000000の時に前メーターに100000000と表示させると
　監査などの場合に指摘事項になる可能性があります。そのため、前メーターも後メーターも000000000
　と表示させたいです。このような対応は可能でしょうか？
　ただし、カンストしたときの処理は必要です。
　(この流量計は設置後使用実績がないものと思われますが、他の流量計は使用しており、カンストする可能性がある為です)
・カンストとしたときの対応ではない場合
　なぜこのような表示となるのでしょうか？
　また、このような表示とならないようにするには、どのような対応が必要でしょうか？","■原因
旧オフラスからの不具合かと思われます。
対象データの流量計実績.流量計積算値より連続生産前メータ値が小さい場合
連続生産前メータ値に流量計マスタのカウンター桁数分0を追加する仕様となっていた為
（値が０の場合を含む）
■対策
2024/01/12
リリース依頼実施
2024/01/09
対象データの流量計実績.流量計積算値より連続生産前メータ値が小さい場合
連続生産前メータ値に流量計マスタのカウンター桁数分0を追加する仕様となっております。
今回の場合生産前メータが0、カウンター桁数が8桁の為00000000になり先頭に1を足すため
100000000となっております。

先頭1をつける分岐の際に>=だったものを>に変更し同値の場合は先頭１処理を行わないよう修正いたします。
尚、類似した帳票が複数存在している為他に問題がないかの確認も併せて実施しております。
※千葉以外の三所統一版のリリースを行います。",自営帳票,,●,●,●,,,,,2024/01/09,"北海道：2024/2/8
愛知：2024/1/25
徳山：2024/1/23",2025/01/31,仕様不備,確認完了,,,,,,,,,,,,,,,,,,,,,,,,,,,,,,,,,,,,,,,
,777,2023/12/22,千葉,YJP村上,伊藤祐希,継続保税　保税作業終了届の不具合,,F：外航通関,帳票,継続保税作業終了届,"■発生日：2023/12/19、2023/12/21
■対応希望日：12月22日まで
　　　　　　　 　　　19日申告分は手計算しExcelで修正し申告済。
　　　　　　　　 　　今後、２１日・２２日・２５日と申告予定がある為。
■事象
継続保税　保税作業終了届の原料課税により上記の製造に使用した外国貨物移入承認番号/価格明細が正しく表示されない
１９日申告済分のデータと２１日申告予定分のデータを添付します。
■あるべき姿
移入承認番号/価格明細が表示される
■代替手段
Excelで修正可能ですが、手計算をしないといけない。※手計算に時間がかかる","■原因
PJT_問題点管理表No.3604にて愛知固有機能であるプロピレン対応にて継続保税作業の一部（上位の引落しデータの取得方式）に誤った制御を埋め込んだことが原因です。
当該問題(No.3604)改修版前の帳票にて印刷すると未出力部分は問題無く印字されております。
■対策
・恒久対応
上位の引落し対象データの取得制御を修正いたします。
・暫定対応
お急ぎということから、恒久対応をすぐに実施することが困難なことからPJT_問題点管理表No.3604以前の帳票を一旦12/25に緊急リリース致します。（近藤様、伊藤様とは調整済）

2023/12/25 YJP追記
暫定対応として、PJT_問題点管理表No.3604以前の帳票のリリース、データパッチを適用致しました。

2024/02/26　YJP追記
検証エビデンスを下記に格納いたしました。内容の確認をお願いいたします。
< https://app.box.com/folder/250271418376>
",オフラス,●,,,,,,,,2024/02/26,"愛知：2024/03/14
千葉:2024/04/17",2024/07/11,AP・コーディング,確認完了,,,,,,,,,,,,,,,,,,,,,,,,,,,,,,,,,,,,,,,
,778,2023/12/22,千葉,YJP張替,伊藤祐希,入出荷作業計画一覧表何も出力されない,,B：作業計画管理,帳票,入出荷作業計画一覧表,"■発生日：2023/12/22(いつからか不明)
■対応希望日：1か月以内
■事象
入出荷作業計画一覧表が印刷を開始しても何も出力されません。いつからこの状態かは不明です。
19日からは出てない旨の連絡は受けています。もしかしたら13日の件があるかもしれません。
ご確認お願いします。
■あるべき姿
入出荷作業計画一覧表が出力可能になる。
■代替手段
なし。（なんらかの手段で対応）","■原因
調査中（仮JOB状態のデータを対象に印刷する仕様変更の対応不備？）
引き続き調査中
JOBNo未設定時の改造における不備で、データ取得後の貼り付け先に誤りがあり、データ表示なしの帳票が作成されております。

■対策
データ取得後の貼り付け先を正しい形に修正いたします。

検証エビデンスを下記に格納いたしました。
<https://app.box.com/folder/243721293509>",オフラス,●,●,●,●,,,,,2024/01/12,,,AP・コーディング,確認完了,,,,,,,,,,,,,,,,,,,,,,,,,,,,,,,,,,,,,,,
,779,2023/12/22,千葉,YJP田中,伊藤祐希,LUB保税台帳　残数量反映不具合,,F：外航通関,F：外航通関,"画面：保税台帳詳細
帳票：保税台帳","■発生日：2023/12/21
■対応希望日：12月27日まで
■事象
LUBの保税台帳の搬出数量に対する残数量表示が一致していない。
(下段の残数量のほうが数字が大きくなっておりまた横の差し引きも合っていない）
■あるべき姿
台帳に正しい情報が反映される
■代替手段
一時的な対応として台帳自体は手修正可能ですが、データとして正しい情報を残す必要があります。
(下流データへ紐づきがある場合はそちらにも影響がでる可能性あり）
","■原因
表示データのソート順不備が原因です。
※画面、帳票の両方の対応が必要です。
■対策
ソート順を修正いたします。

2023/12/25 YJP追記
登録されているデータ内容に問題が無いことを確認いたしました。
改修・リリース迄はお手数をお掛けいたしますが手修正にてご対応願います。

2023/12/27 YJP追記
検証結果エビデンスを下記BOXに格納いたしました。内容のご確認をお願いいたします。
https://app.box.com/file/1399836899854",オフラス,●,●,●,●,,,,,2023/12/27,2024/02/20,2024/02/20,AP・コーディング,確認完了,,,,,,,,,,,,,,,,,,,,,,,,,,,,,,,,,,,,,,,
,780,2023/12/22,千葉,YJP張替,伊藤祐希,VAC保税作業　帳票内容の誤り,,F：外航通関,帳票,VAC保税作業終了届,"■発生日：2023/12/19
■対応希望日：2024年３月末まで
■事象
VAC保税作業時に作成される帳票内容に誤りがある。詳細については以下の通り。
　　　　【減圧蒸留保税作業記録表】
              ・移入承認番号年月日が正しく反映されない
              ・最下段の（３）Asphaltの数量が0.100KLずれている（誤：5997.300KL　正：5997.200KL）
⇒おそらく（１）～（３）の四捨五入の兼ね合い。作業終了届のAsphalt数量は5997.200KLで正しい数値が反映されている。
【減圧蒸留保税作業原油使用明細】
・最左段の項目に不要な項目が複数表示されている。
・国内引き取り明細の数値が正しく計算されない
・換算レートが通関時のレートになっていない。
【減圧蒸留保税作業終了届】
・原油価格（CIF）が正しく計算されていない
⇒おそらく国内引き取り明細の値をそのまま参照している影響と思われる。
■あるべき姿
すべての帳票に正しい情報が反映される
■代替手段
","■原因
【減圧蒸留保税作業記録表】
・帳票内の表示方法の誤りが原因です。
・帳票計算の不備が原因です。
【減圧蒸留保税作業原油使用明細】
・帳票内に不要データが残留していた事が原因です。
・不要データが存在し、誤った換算レートで計算していた事が原因です。
・誤った換算レートを取得していた事が原因です。
【減圧蒸留保税作業終了届】
・誤ったデータが登録されていた事が原因です。

■対策
【減圧蒸留保税作業記録表】
・正しい表記に変更いたします。
・正しい計算値の取得を行います。
【減圧蒸留保税作業原油使用明細】
・不要データ削除を行います。
・不要データ削除を行い、正しい換算レートを使用します。
・正しい換算レートを取得します。
【減圧蒸留保税作業終了届】
・正しいデータを取得します。

2024/03/14 YJP追記
検証結果エビデンスをBOXに格納いたしました。
<https://app.box.com/folder/253659488625>
・【No780】VAC保税作業終了届 帳票内容の誤り.xlsx",オフラス,●,,,,,,,,2024/03/14,2024/04/17,2024/07/11,AP・コーディング,確認完了,,,,,,,,,,,,,,,,,,,,,,,,,,,,,,,,,,,,,,,
,781,2023/12/26,愛知,YJP和須津,堂垣拓生,試験依頼設定画面[VIBA020111]表示不可,,B：作業計画管理,B：作業計画管理,試験依頼設定,"■発生日：2023/12/26
■対応希望日：即日
■事象
2023年12月27日の試験依頼設定画面[VIBA020111]が表示されず、以下のメッセージが出力される。
oflsbm.common.exception.JOBException: java.lang.NullPointerException

■あるべき姿
2023年12月27日の試験依頼設定画面[VIBA020111]が表示される

■代替手段


2024/08/09 堂垣追記
リリース後、問題ないことを確認しましたので、クローズします。","■原因
保守問題点No.737の一部対応にて試験依頼受付後のブレンダロットを参照する前提の処理を追加していますが、参照する対象データ群には試験依頼受付前のものも存在するため、正常に値が取得できずにNullPointerExceptionが発生しています。
※保守No.737は2023/11/9にリリースしておりますが、試験依頼受付前のブレンダロットが存在するタイミングで試験依頼設定画面を操作、表示しなかったため現在まで問題点として挙げられなかったものと思われます。
■対策
以下、暫定対応と恒久対応を行います。
暫定対応：下記運用にて対応をお願い致します。
・試験依頼一覧画面にて対象ブレンダロットの状態を「受付待」から本登録→LABにて試験を完了させてください。
・上記操作後に作業計画の試験依頼設定画面を表示してください。

恒久対応：試験依頼受付前のデータも参照対象に含めるように修正致します。

2024/01/11 YJP追記
検証結果エビデンスを下記に格納致しました。
https://app.box.com/folder/243562458012
・【No781】試験依頼設定画面[VIBA020111]表示不可.xlsx",オフラス,●,●,●,●,,,,,2024/01/11,2024/01/18,2024/08/09,AP・コーディング,確認完了,,,,,,,,,,,,,,,,,,,,,,,,,,,,,,,,,,,,,,,
,782,2024/01/04,愛知,YJP杉本,安田壮大,LPG輸入時の受入れタンクロットの計算値に前回ロット報告値が入ってくる,Q2：代替手段により後続テスト実施可能,L：試験管理,E：品質管理,計算値設定,"■発生日：2023年12月26日 17:43 (依頼された時間)
■対応希望日：2024年1月12日（金）
■事象
12/29輸入予定のBS、1/2輸入予定のPSのタンク受入れ後の試験依頼において、混合計算を実施していない＆混合計算対象項目ではないにも関わらず計算値T欄に値が入っている。
入っている値は前回ロットの報告値が入っている模様です。
10月に実施して頂いた仕様変更により、サンプルマスタの「運転管理混合計算値不要フラグ」を不要とする事で運転管理から値を取得しない様に制御可能となっており、
フラグは「不要」に設定してある為、運転管理側から計算値を取得する事もない認識です。
ちなみに、前回の受入れ時も同様の事象が発生し、本登録時に計算値T　が消える様な動きをしている様です。（添付の操作ログ参照）
既に処置として該当ロットの計算値Tを削除する暫定処置をとっております。
原因について確認よろしくお願いいたします。
■あるべき姿
試験依頼時点で計算値Tに値が入っていない。
■代替手段
計算値Tの値を削除する。

2024/9/3 IKC安田
リリース後の確認問題なし。
https://idemitsu.box.com/s/wj32kedm8suabkwvy8chxfxirg7pkc09","■原因
本件問合せのBS「A5-31229-14-T30883」ですが、
　・特殊依頼区分＝「1:通常依頼」
　・運転管理試験管理番号＝「2312260028」、元依頼番号「1019535」
　・受付情報無し
　・基材情報無し
　・ブレンドシミュレータ計算値設定無し
という試験依頼内容のため元依頼番号「1019535」に該当の
BS「A5-31127-13-T30883」の報告値が計算値として設定されていました。

■対策
線払いは千葉で必要な機能のため実装しているが、現状線払いの依頼では
前回の依頼番号は渡せておらず千葉で運用できているか不明。
・千葉で計算値に一括設定する運用がどうなっているか確認
・外航（内航）入荷で依頼番号設定する処理は不要なため削除し、
　シフト生産には依頼番号を設定するということで良いか確認
以上２点について、（千葉）高橋様へも交えて出光様にてご確認をお願いいたします。

2024/03/13 YJP追記
外航(内航)入荷のタンク試験依頼時に前回ロットの依頼番号を設定する処理は不要のため削除します。
千葉では線払いの試験依頼は、JOBに紐づく形ではなく手動試験依頼で行っており、シフト生産の試験依頼時に前回ロットの依頼番号を設定する必要がないため、処理の追加は行いません。
＜千葉の線払い試験依頼の運用＞
・シフト生産画面からJOBに紐づく形で試験依頼を行っていない。
・手動試験依頼で試験分類＝「スポット」、採取場所＝「X」として試験依頼を行っている。
・手動試験依頼時に基材情報に1基材100％で前回値を設定すれば計算値が設定されるため、運用上不都合はない。

2024/03/14 
検証エビデンスをBOXに格納しました。
https://app.box.com/file/1470615191390",オフラス,,,●,,,,,,2024/03/14,2024/04/18,2024/09/03,AP・コーディング,確認完了,,,,,,,,,,,,,,,,,,,,,,,,,,,,,,,,,,,,,,,
,783,2024/01/09,千葉,YJP那須,伊藤祐希,MB品名マスタが開けない,Q1：後続テスト実施不可,M：マスタ管理,M：マスタ管理,MB品名マスタ,"■発生日：2023/12/27(いつからか不明)
■対応希望日：可能であれば年明け早々に（2週間以内）
■事象
MB品名マスタを開こうとするとJOBExceptionのエラーで開くことができません。

■あるべき姿
MB品名マスタが展開可能になる。

■代替手段
なし","■原因
マスタメンテナンス画面用の定義データが誤っておりました。
12月のリリース（PJT問題点No.2112の対応）にて古いスクリプト(※)が適用されたことにより、MB品名マスタの定義データ（テーブルIDとカラムの紐づけ）に不整合が生じ、結果、MB品名マスタの一覧画面を開くことが出来なくなっています。
※その後の問題点対応による他のマスタテーブルの追加および変更に伴い、スクリプトの修正が必要となっておりました。

■対策
マスタメンテナンス画面用の定義データを修正するスクリプトを適用いたします。
また、以下のマスタテーブルについても同様の状況が発生しているため、合わせて対応いたします。
　・MB留分分類マスタ
　・MB石連留分分類マスタ
　・MB石連留分マスタ
　・MB製品備蓄在庫マスタ
　・MB数量換算マスタ

2024/01/10
検証結果エビデンスを以下に格納いたしました。
https://app.box.com/folder/243336702370",オフラス,●,－,－,－,,,,,2024/01/10,2024/01/11,,データ不備,確認完了,,,,,,,,,,,,,,,,,,,,,,,,,,,,,,,,,,,,,,,
,784,2024/01/09,愛知,YJP大武,青井圭介,品名マスタ、MB品名マスタの特殊単価区分について仕様の確認,Q3：後続テスト実施可能,G：マスバランス,G：マスバランス,品名関連,"■発生日：　2024/1/9

■発生拠点：　愛知事業所

■対応希望日：　1月16日　

■事象
カーボンクレジット付きの燃料販売に伴い、品名を追加することになりました。
SAP品目コードについては分れますが、品名コードは分けず、特殊単価区分で分けるようにしたいようですが
テーブル設計書を確認すると、品名マスタ、MB品名マスタの特殊単価区分の備考に以下のような記載がありました。

0：一般　1：輸入石化ナフサ　2：LPG残ガス　3：純正油Bルート　4：国産出化ナフサ　5：輸入出化ナフサ　6：産業用灯油　7：石化用特ブタン

レギュラーを例とすると以下のような登録になるのですが、影響はないでしょうか？
また、問題なく運用はできるでしょうか？

SAP品目コード	品名コード	特殊単価区分	名称
F00003000	11110201	0	レギュラーガソリン
F70003000	11110201	1	ＩＣＯＦ１０：レギュラーガソリン　
F80003000	11110201	4	ＩＣＯＦ５０：レギュラーガソリン
F90003000	11110201	5	ＩＣＯＦ１００：レギュラーガソリン

■あるべき姿

■代替手段

2024/12/03追記
現状問題なく運用できている為、問題が発生すれば再度問い合わせするということで本件はクローズします。(堂垣)","■原因
確認中です。

2024/01/11
荷繰り領域、伝票領域については、正しくマスタ登録されているのであれば問題なさそうです。
(伝票については、今回利用されようとしている「1」「4」「5」であれば問題はないものの、「2」「6」であると別のチェック機構で触れているところがあるようなので、今回例に挙げていただいた特殊単価区分であれば、という条件付きです。)
※実績管理、商品管理領域については、いくつか疑問があります。
・タンク品名がカーボンクレジット付きの品名になることはない認識ですが、相違ないでしょうか。
　タンク品名は統一品名略号で登録するため、カーボンクレジット付きの「REG」の簡略品名コードに
　よっては今までと同じ挙動をしない可能性があります。(もともとのレギュラーの簡略品名コードを一切
  変更せず、新しく追加するということであれば問題ないと思います。)
・カーボンクレジット付きの品名で入荷、出荷されることが想定されますが、
  通常のカーボンクレジット無しの品名への転換伝票も同時に発行されるものと考えてよいでしょうか。
　(月次の機械作成伝票でカーボンクレジット付き→無しに転換するような挙動はしないのですが、
  問題ないでしょうか。)

■対策
ステータスを確認中といたしますので、問題が無ければクローズください。

2024/04/22 YJP
テスト用に想定されるカーボンクレジット品名の登録とデータ加工を行い、検証の計画を立てます。

2024/06/07 YJP
カーボンクレジット品名について実績の取り込みと商品管理での月次処理について検証しました。
結果をもとにして打ち合わせの必要があるかと思いますので、別途打ち合わせのお時間を頂きたく考えております。(検証結果資料URL:https://app.box.com/folder/268632004171)
※詳細はメール連絡内容及び検証結果資料をご参照ください。

2024/06/17 YJP
打ち合わせ内でお話したとおり、現状では月次処理にて「増減払出算出数量」及び「エラーコードに Z」というデータが作成されております。こちらについて「灯油（産業）」のように特殊単価区分にて判断して、月次集計方法に手を加える必要があるか否か、SAP側にご確認頂き、オフラス側に仕様変更の必要があれば、別途要求仕様について確認させて頂ければと考えております。
",オフラス,,,●,,,,,,,,2024/12/03,その他,確認完了,,,,,,,,,,,,,,,,,,,,,,,,,,,,,,,,,,,,,,,
,785,2024/01/10,北海道,YJP那須,青井圭介,取消伝票について,Q3：後続テスト実施可能,I：伝票発行管理,I：伝票発行管理,取消伝票,"■発生日：2024/1/9
■対応希望日：
■事象
取消伝票について、仕様認識に少し自信がないため確認させてください。
以下状況にあった場合、元伝票が相殺されずマイナス伝票が計上されてしまう理解であってますでしょうか？
 
＜元伝票＞
　伝票日付：12/27
　伝票番号：10001
 
＜取消伝票＞
　伝票日付：1/7（元伝票を取り消したかったが誤った、本来は12/27）
　伝票番号：10002
　被訂正日付：12/27
　被訂正伝票番号：10001
 
正しい状態にするには、1/7の取消伝票自体を取消し、元伝票と同じ伝票日付で取消伝票を新たに起票する。

■あるべき姿

■代替手段
","■原因

■対策
青井様および北海道のご担当者様と状況についてお打合せさせて頂き、結論として以下の状況のため追加の対応は不要ということになりました。

①元伝票：取引先Ａ（誤）
　OneSAPに取り込まれている認識だったが、取引先が誤っていたためOneSAPには取り込まれていない。
②取消伝票：取引先A（誤）
　OneSAPに取り込まれていない。（仮に取引先が正しくても月跨ぎのため取り込まれなかったはず）
③本来の伝票：取引先B（正）
　OneSAPに取り込まれている。

当初は①と②でOneSAPの取り込み状況が異なるためオフラスとOneSAPで不整合が生じている（OneSAP側でプラス伝票が残ってしまっている）という想定でした。
しかし、両伝票ともにOneSAPに取り込まれていないのであれば結果としてオフラスとOneSAPで数量の辻褄は合っているため、③の伝票起票のみの対応で問題なしという結論になりました。",オフラス,,●,,,,,,,,,,仕様通り,対応不要,,,,,,,,,,,,,,,,,,,,,,,,,,,,,,,,,,,,,,,
,786,2024/01/11,愛知,YJP田中,中山　修美,保税作業終了届について,,F：外航通関,F：外航通関,"画面：TOP保税作業終了届作成

帳票：継続保税終了届","■発生日：　2023/12/28
■対応希望日：　出力したExcelの手修正にて対応可能な為、別途相談
■事象
「保税作業終了届」の包括INS\の係数は本来、
一次保税作業の「常圧蒸留保税作業使用原料明細」の他油種合計（最下段）のINS\の係数を使用しなければならないと思いますが、
No.1とNo.2は一段目の単独油種のINS\の係数を使用しており、
No.3はどこから引用しているか確認できませんでした。
修正前、手修正後、一次保税作業の「常圧蒸留保税作業使用原料明細」を参考資料として添付します。
（横河殿には事前相談済）
■あるべき姿
「保税作業終了届」の包括INS\の係数は、
一次保税作業の「常圧蒸留保税作業使用原料明細」の他油種合計（最下段）のINS\の係数を使用する。
■代替手段
現状は出力したExcelの手修正にて対応中。

2024/08/14堂垣追記
リリース後問題ない為、クローズします。","■原因
①一次申告情報が1件だった場合のINS\の係数計算処理に不備がありました。
②本来画面側での計算結果表示箇所を、帳票側でも計算して表示していたため、誤りが発生しています。

・No.1とNo.2は①の不備にて発生しています。
・No.3に関しては、②での画面と帳票の端数処理の不一致よるものです。
画面の計算結果：切り捨て
帳票の計算結果(「常圧蒸留保税作業使用原料明細」のINS\の係数)：四捨五入
----
金額関連：端数は切り捨て
数量関連：端数は四捨五入
----
の認識です。
No.3については上記認識であっているようでしたら、
画面での計算結果(【修正前】Excel)のINS\の係数(0.000040954908)が正の計算結果となります。
(修正後は「常圧蒸留保税作業使用原料明細」の他油種合計でも表示)
■対策
①1次申告情報が1件だった場合のINS\の係数計算処理を修正いたします。
②画面での計算結果を帳票側でも使用いたします。

2024/02/27 YJP追記
打合せ実施。金額の端数制御が混在しているが、現状仕様書通りに処理する。

2024/03/21 YJP追記
検証エビデンスを格納しました。
https://app.box.com/folder/254702850488",オフラス,●,●,●,●,,,,,3月21日,2024/5/16,2024/8/14,AP・コーディング,確認完了,,,,,,,,,,,,,,,,,,,,,,,,,,,,,,,,,,,,,,,
,787,2024/01/11,愛知,YJP田中,中山　修美,保税運転変更について,,F：外航通関,F：外航通関,マスタ関連,"■発生日：　問題点ではなく、名古屋税関からの質問対応です。
■対応希望日：　別途相談
■事象
BOTTOM OIL周りの保税運転の変更について名古屋税関からの質問がありました。
どのような変更になるか、御教示をお願いいたします。
（改造依頼ではなく、改造の影響についての確認です）
【変更のイメージ】（朱書きは変更になる箇所）
IM原油（一次保税作業）⇒ BOTTOM OIL（二次保税作業）
⇒ DS BOTTOM OIL※1（三次保税作業）⇒ CYCLE OIL
⇒ DS BOTTOM OIL（三次保税作業）⇒ CLARIFIED OIL※2
※1 種類は燃料油にする。
※2 CLARIFIED OILはプロピレンのような重量補正不要。種類は燃料油にする。
GAS OIL＋BOTTOM OIL + DS BOTTOM OIL + CYCLE OIL ＋ CLARIFIED OIL（外国貨物加工製造）⇒FUEL OIL
（横河殿には事前相談済）
■あるべき姿
詳細は今後、名古屋税関と折衝後に確定します。
上記は一例のため、今後、大きく変わる可能性や、変更なしの可能性があります。
■代替手段
なし
2024/06/11 追記
６月末までに変更内容を決める予定です。
従いまして7月上旬に改めて、税関と合意した改造内容を相談させていただきたいと思います。
","■原因
大まかな確認結果ですが、
保税作業に関する下記マスタに影響（画面メンテ機能にて登録or更新）があると思います。
プログラム改修は発生しないと思いますが、引き続き詳細確認いたします。
・システム定数　・・・　現状のままで問題無し
・保税作業マスタ　・・・　追加or変更？
・保税作業品マスタ　・・・　追加or変更？
・ボンド出荷品名マスタ　・・・　ボンド出荷時に必要なことから追加or変更？
・ボンド出荷ブレンド基材マスタ　・・・　同上
・内外貨在庫品名マスタ　　　　　・・・　追加or変更？
・外貨加工製造等報告書品名マスタ　・・・　追加or変更？
・外貨在庫品名マスタ　　　　　　　・・・　追加or変更？
・一次保税表示作業品名マスタ　　　・・・　追加or変更？
・転換伝票用品名コード変換マスタ　・・・　転換伝票扱い時に使用するマスタ　追加or変更？
2024/10/18 YJP追記
マスタのみでの対応は不可能なことが判明、画面に当該油種を制御する処理を追加する方向で仕様変更対応といたします。

■対策
2024/01/12 YJP追記
内容確認の打合せ実施
変更にあたって調査のため必要内容の共有をお願いしました。
2024/07/12 YJP追記
電話での確認：８月以降の対応になりそうとのことでした。
2024/10/18 YJP追記
愛知税関との調整事項を連携していただき、画面での対応が必要であることが判明
画面で対応した場合のレイアウトを提示し愛知事業所様にて了承済
最終調整を愛知税関と調整中の認識

■棚卸
2026/04/27：４月エビデンス確認、５月21日リリース
2026/06/09：確認中、次回ステータス変更なき場合は強制クローズとする",オフラス,,,●,,●,,,,2026/4/27,2026/5/21,2026/6/24,仕様変更,確認完了,,,,,,"※愛知固有機能
下記の改修を施工
・TOP保税作業終了届作成（画面）
　CLO利用フラグの追加
　上述のフラグをONにした際、品名の切替えを行う
　愛知固有機能の制御
・外貨製品在庫日報作成（画面）
　画面レイアウトの変更（マスタをベースに切替え）
・内外貨在庫日報作成（画面）
　画面レイアウトの変更（マスタをベースに切替え）
　BOTTOM OIL、CLO用BOTTOM OILの合計値算出＆出力
・使用内訳表（新規帳票）
　税関仕様の帳票を新規作成",仕様変更承認済,5.00人日,8.00人日,3.50人日,2.00人日,0.00人日,対応依頼,,,2025/12/25 正式見積作成依頼を受領,,,,,,,,,,,,,,,,,,,,,,,
,788,2024/01/11,北海道,YJP小笠原,秦野築,換算係数のマスタ化3.6C-2000対応,,K：ブレンドシミュレーション,K：ブレンドシミュレーション,換算係数,"■発生日：2024/01/11
■対応希望日：
■事象
No.513で換算係数のマスタ化を行ったが、換算係数マスタは油種毎の設定であり、作業品名毎に換算係数を設定できない。
■あるべき姿
C重油の場合にLpp/Hppの選択肢に応じてVIS(50℃)の換算係数の設定値を変更したい。
「36C」の場合(3.6C-2000)：764.0000
「Lpp」または「Hpp」の場合(その他のC重油)：1.8000
https://app.box.com/file/1411878222145
■代替手段
なし","■原因
仕様変更要望。
■対策
仕様変更で対応します。

2024/05/27
BOXにエビデンスを格納いたしました。
https://app.box.com/file/1542336105448
",オフラス,,●,,,●,,,,2024/05/27,2024/06/06,,仕様変更,確認完了,,,,,,"※北海道固有機能
・ブレンドシミュレータ条件入力画面の初回表示時に、Lpp/Hppの選択が「36C」の場合、換算係数「VIS(50℃)」の値を換算係数マスタからではなくシステム定数から取得する。
・ブレンドシミュレータ条件入力画面でLpp/Hppの選択が変更されたときに、選択肢に合わせて換算件数「VIS(50℃)」の値を再取得して表示する。
",仕様変更承認済,1.00人日,2.00人日,0.50人日,1.00人日,0.00人日,対応依頼,,,2024/1/16 IKC様より見積依頼を受領 ,,,,,,,,,,,,,,,,,,,,,,,
,789,2024/01/16,千葉,YJP和須津,伊藤祐希,不明な未来の日付の装置JOBがある為に装置切替に失敗,,B：作業計画管理,B：作業計画管理,装置受払,"■発生日：2023/12/31
■対応希望日：今月中
■事象
12月31日　装置切替JOBのLNR-LN切替時、メッセージはHSP-HHNと別の品名だったためおかしいと思い確認した所
運転制御システムに2024/09/21の同じJOBNOのJOBが存在した。
しかし中身を見ると2023年の12月に終了しておりJOB日付が2024/09/21と未来の日付だった。
オフラスにも同様のJOBがあり、他にいくつか存在している。
事の発端がわかりませんが、オフラス側もなんらかの原因がある可能性があるので調査お願いします。
調査後、未来の日付のJOBは正しい状態にするか消してほしいです。
■あるべき姿
なし
■代替手段
なし","■原因
JOBNoにつきまして、JOBNoの採番時に以下の条件に当てはまる場合を除き、同一のJOBNoが採番可能です。
・作業日付に関わらず、作業状態が「作業中」または「停止中」のJOBのJOBNoと合致する場合
・作業日付とJOB Noが同一で、且つ、作業状態が「終了」または「削除」以外のものが存在する場合

また、JOB日付が未来日付で終了しているJOBは「装置受払一括切替登録」画面にて作成されたJOBです。
「装置受払一括切替登録」画面の日付表示の所作としましては、
・[開始日時]：切替前JOBの[終了日時]を表示
・[終了日時]：システム日時（画面操作日）を表示
・JOB日付は[開始日時]を使用
となります。
切替前JOBは[開始日時]が2024/08/29、[終了日時]が2024/09/21となっていることから、
今回の該当JOBは[開始日時]・JOB日付ともに切替前JOBの[終了日時]2024/09/21が設定されています。
その後、該当JOBは2023/08/01に作業開始、2023/12/04に作業終了しています。

■対策
仕様通りの挙動となるためオフラス業務APの改修は発生しません。
データのリカバリに関しては、実績上問題なく計上されていることとリカバリ発生時に当該データが必要になることから、現状のままとします。
恒久対応を行う場合、運転制御側の改修にて対応致します。",オフラス,●,,,,,,,,,,2024/01/30,その他,対応不要,,,,,,,,,,,,,,,,,,,,,,,,,,,,,,,,,,,,,,,
,790,2024/01/16,千葉,福山真人,植木秀幸,SpiralScheduler連携（OrderInfo）の編集仕様変更,,A：オーダ管理,A：オーダ管理,スケジューラ（Spiral Scheduler）へのオーダ情報送信,"■発生日：2024/1/16
■対応希望日：2024/1/31希望　最遅2024/2月中旬　※保守問題点No.756と関連性有
■事象
スポークID「SBM_SVC-00001432_S」メッセージID「OrderInfo」の「バース略称（14番目のカラム）」の編集仕様を変更したい。
現状のSpiralSchedulerへの連携は、千葉はオフラスから直接、愛知/北海道（徳山は不要）は需給調整システムからの連携となっている。2024/2～3月実施予定のSpiralSchedulerのVerUPに併せて、連携ルートと連携データ編集仕様の統一化を図りたい。
千葉・愛知・北海道に連携しているデータの調査結果を踏まえ、Spiral側（生産技術センター）と協議した結果、「バース略称」の編集仕様を変更することとなった。

尚、統一化後は千葉以外、EAI送信先設定変更も必要になるが、こちらについては出光側で対応する予定。（横河殿の支援が必要になった場合には、別途ご相談させていただく。）

■あるべき姿
現編集仕様：TIAA002、JETTY_ABBR　※オフラスデータを編集
変更後仕様：「VJT」　英大文字３字の固定文言　　※VJT：virtual jetty
https://idemitsu.ent.box.com/file/1415439153241

■代替手段
千葉は現状仕様で運用可能（今回の仕様変更リリースに併せて現地で切り替え対応）
愛知/北海道は、需給調整システムから「VJT」で連携中　※オフラスからは未連携
徳山は、Spiralシステム未導入のため影響なし　※オフラスからは未連携

","■原因
仕様変更要望
■対策
仕様変更で対応します。

2024/01/19 YJP追記
検証エビデンスを以下に格納しました。
https://app.box.com/folder/244878899710",オフラス,●,●,●,●,,,,,,"徳山：2024/1/30
北海道：2024/2/1
愛知：2024/2/1
千葉：2024/02/20

※注意
千葉は保守No756と同時",2024/04/12,仕様変更,確認完了,,,,,,スポークID「SBM_SVC-00001432_S」メッセージID「OrderInfo」の「バース略称（14番目のカラム）」の伝文設定値について、TIAA002(オーダ明細テーブル)のJETTY_ABBR(バース略称)から「VJT」英大文字３字の固定文言に変更します。,仕様変更承認済,0.20人日,0.30人日,0.20人日,0.30人日,0.00人日,対応依頼,,保守問題点No.756と関連,2024/1/16 IKC様より見積依頼を受領 ,,"No704+No790+No791
2024/02 17K2D016_153",,,,,,,,,,,,,,,,,,,,,
,791,2024/01/17,北海道,百留哲平,秦野築,北海道内製帳票の印刷機能追加,Q3：後続テスト実施可能,K：ブレンドシミュレーション,K：ブレンドシミュレーション,ブレンドシミュレーション帳票出力,"※保守問題点No.751と関連
■発生日：2024/01/17
対応希望日：2024/02/28
■事象
No751と関連して画面側も改修するため起票
・A重油
・C重油
・G-2
・NPRG
・REG
■あるべき姿
画面から帳票が印刷できるようにする。
■代替手段
なし","■原因
仕様変更要望
■対策
仕様変更で対応します。

2024/03/13 YJP追記
No.751の自営帳票の再納品が未定のためエビデンス提出予定日を未定としました。
2024/05/13 YJP追記 
自営帳票の再納品をいただきましたがパラメータ認識齟齬により再々納品待ちとなります。

2024/05/21
BOXにエビデンスを格納いたしました。
https://app.box.com/file/1536923065414

■棚卸
2026/01/29：確認中、次回ステータス変更なき場合は強制クローズとする
",オフラス,,●,,,●,,,,2024/05/21,2024/06/06,2026/02/25,仕様変更,確認完了,No.969,,,,,"※北海道固有機能
・帳票出力用に印刷ボタンを追加する。
・北海道以外は印刷ボタンは非表示とする。
・帳票に渡すパラメータはBS計算履歴管理コードとする。
・油種を判別して起動する帳票を判断する。
・印刷ボタンを追加する画面は以下の案1と案2のいずれかとする。
　案1）[VIKA020101]ブレンドシミュレータ実行結果画面の上部
　案2）[VIKA020401]計算履歴一覧画面の各行
　　　　（管理コードと実行日付の間）
2024/2/7追記
案１）にて対応とのこと",仕様変更承認済,"①1.5人日
②1.5人日","①3.5人日
②4.5人日","①1.5人日
②1.5人日","①1.5人日
②1.5人日","①0.0人日
②0.0人日",対応依頼,,"保守問題点No.751と関連
保守問題点No.704とも並走

案①にて対応依頼（2/7 IKC百留）",2024/1/16 IKC様より見積依頼を受領 ,,"No704+No790+No791
2024/02 17K2D016_153",,,,,,,,,,,,,,,,,,,,,
,792,2024/01/17,千葉,YJP村上,伊藤祐希,ボンド出荷オーダーが確定できない,Q1：後続テスト実施不可,A：オーダ管理,A：オーダ管理,ボンド出荷オーダ,"■発生日：2024/1/17
■対応希望日：本日中（可能な限り早く）
■事象
 BF-LSのボンド出荷（6芝浦丸）を作業開始したが現場バルブが開かずやむなく他のバースで出荷することとなった。
オーダーは開始してしまっているので作り直しとなり、オーダーを登録しようとしたが確定操作ができず出荷できない状態です。（受付まではできた）
船を待たせている状況なので出来るだけ早い対応をお願いしたいです。
■あるべき姿
なし
■代替手段
なし
","■原因
保守No.700にて対応した内容により、[VIAA020802]ボンド出荷オーダ入力 - 新規画面から新規オーダ作成時に封印要否がnullで設定されていたため、封印要否の情報を参照したタイミングでエラーとなっています。
新規画面以外は問題なく動作しております。
■対策
ボンド出荷オーダの新規作成時、封印要否を正しく設定します。
また、nullが設定された場合にもnull参照を回避するように修正致します。",オフラス,●,●,●,●,,,,,2024/01/17,2024/01/17,2024/01/18,AP・コーディング,確認完了,,,,,,,,,,,,,,,,,,,,,,,,,,,,,,,,,,,,,,,
,793,2024/01/22,愛知,YJP田中,古井珠実,BN作成画面　作成ナンバーカウントの不具合,,F：外航通関,F：外航通関,,"■発生日：　2024/1/19
■対応希望日：　1/24　
■事象
LPG（保税地域：HW）の揚荷処理時オフラスのBNでボートノートを作成中、1月より作成№のカウントが１から始まるところ
昨年からの引き続きの作成№が表示される。
原油（保税地域:HMW）は作成№のカウントは1月からは１で表示されていた。
※エラー内容は添付資料参照
■あるべき姿
保税地域　H.W,　の作成№カウントが1月からは1から始まる。
■代替手段
　なし
1月中に輸入通関をする必要があるため、通関業者へ1/26中には資料を送付します。
急ぎの依頼になりますがご対応をよろしくお願い致します。

2024/01/23(IKC堂垣)
以下の操作が起因して発生したようです。問題ありませんのでクローズします。
2023年12月の終わりごろに実施した荷役の処理を2024年1月に実施する際に
作成Noを１から34(2023年中に行った荷役の為)に手動で変更していたようです。
","■原因
操作日を基準にして作成No.を作成、登録しています。
荷役終了日を去年(2023年)に変更して登録した場合でも、
操作日を起因として採番を登録するので、
今年(2024年)は34番から始まる採番と認識します。
その結果、今回の事象が発生しています。
■対策
お手数ですが、ボートノート作成画面にて作成No.を「１」に手修正し、[確定]をお願いいたします。",オフラス,,,●,,,,,,,,2024/01/23,仕様通り,確認完了,,,,,,,,,,,,,,,,,,,,,,,,,,,,,,,,,,,,,,,
,794,2024/01/22,北海道,YJP小笠原,秦野築,ブレンドシミュレーター計算結果に再現性なし,,K：ブレンドシミュレーション,計算エンジン,計算エンジン,"■発生日：2024年1月22日
■対応希望日：北海道製油所
■事象
生産品名：11HPパワーのブレンドシミュレーションを1月20日と22日にそれぞれ実施したところ、同一比率・同一ロットのタンクを使用しているにも関わらず計算結果が一致しない。
https://app.box.com/file/1421341578985
■あるべき姿
同一比率・同一タンクロット条件で計算した場合、適切な計算結果が再現性をもって表示される。
■代替手段
なし
","■原因
2024/1/24 IKC芥川
計算エンジン不具合。
ある特定の条件のもとで計算を行うと（100合わせ処理動いたとき）不具合が再現することが再現することが確認できた。
■対策
不具合プログラムを修正する。
対象範囲は愛知を除く、北海道、千葉、徳山のすべての油種

2024/1/26 IKC芥川追記
エンジンプログラムの修正とテストを完了しました。
成果物(EXE)とエビデンスを格納しています。
https://app.box.com/folder/245995886162

■棚卸
2026/01/29：確認中、次回ステータス変更なき場合は強制クローズとする
",IKC,●,●,,●,,,,,,2024/02/08,2026/02/25,AP・コーディング,確認完了,,,,,,,,,,,,,,,,,,,,,,,,,,,,,,,,,,,,,,,
,795,2024/01/31,千葉,YJP大武,伊藤祐希,ボンドバンカー伝票　本伝になっていない,Q2：代替手段により後続テスト実施可能,D：実績管理,C：進捗管理,伝票更新,"■発生日：　2024/1/31

■発生拠点：　千葉事業所

■対応希望日：  本日中　※明日中に１月分すべての伝票をSAP反映させるため

■事象： 1/29「まこと丸」、1/30「藤和丸」の出荷伝票状態が「仮伝」となっている。
　　　　　作業ファイルメンテではどちらも作業終了状態となっており、出荷は実施している。
　　　　　※オフラス画面を添付しております

■あるべき姿： 出荷が終了した伝票は「本伝」状態になる。

■代替手段：本日中に原因特定及び対応が難しい場合、明日仮伝状態の伝票２件を「新規」で伝票作成確定し、SAPへ送信致します。 
　　　　　　その場合も、仮伝となった原因については引き続き調査をお願いいたします。　
","■原因
2024/01/31　YJP
原因は調査中ですが、先に対応方法をお伝えします。

当該2出荷について、それぞれ、出荷実績ファイルメンテナンス画面より、なにも変更せずに「登録」ボタンを押下してください。
無事に実績更新処理が走り、JOB一覧に戻ると思いますが、実績更新処理の中で伝票が本伝化されております。
三鷹環境でのエビデンスは以下に格納いたしましたので、ご確認ください。
https://app.box.com/folder/246776538867

JOB実績の受信時に本伝化されなかった原因については、引き続き調査いたします。

2024/02/16 YJP
本件、複数艀のボンド出荷にて、1つ以上のJOBが終了している状態で、未作業のJOBのバースバッチ量変更を行うことで発生したと思われます。
艀ごとに出荷JOBが実施され、実績受信時に仮伝→本伝化されておりましたが、バースバッチ量の変更を行った際に、対象のオーダ情報(対象本船毎)の更新が行われ、すでに作業終了している艀の伝票や協定書も同一オーダに含まれているため、オーダ情報の更新に伴う伝票、協定書の再作成が行われていました。
そのため、本伝化されていた伝票が、仮伝に戻ったものと思われます。
本件の対応方針についてですが、オーダ情報が更新された際に紐づく伝票、協定書が再作成されることは仕様上必要なため、更新対象の伝票が仮伝ではなかった場合、および協定書が協定済みだった場合は伝票および協定書の再作成対象外とするような修正になるかと思いますが、そうした場合、他の業務に影響はでないでしょうか。
(バースバッチ量変更やパイプラインバッチ量変更、船名変更といった画面をどういうタイミングで利用されているのかを教えていただき、他に差し障りがないかを確認させていただきたいと思っております。)
以下に今回調査したエビデンスを格納しております。
https://app.box.com/folder/246776538867
【No795】実績管理_ボンドバンカー実績の伝票更新_調査結果

■対策
進捗画面のバース・バッチ量変更、出荷船名変更時に更新対象のJOBに紐づく伝票、協定書情報のみ
再作成を行うように修正します。

2024/04/05 YJP追記
検証結果エビデンスを下記に格納致しました。
https://app.box.com/folder/246776538867
・【No795】ボンドバンカー伝票本伝になっていない.xlsx",オフラス,●,,,,,,,,2024/04/05,2024/04/17,2024/07/11,AP・コーディング,確認完了,,,,,,,,,,,,,,,,,,,,,,,,,,,,,,,,,,,,,,,
,796,2024/02/02,徳山,YJP大武,栗山明子,製油所受払月報の不具合と帳簿出力の不具合,,G：マスバランス,G：マスバランス,,"■発生日：2024/2/2

■発生拠点：徳山事業所

■対応希望日：即日

■事象
〇製油所受払月報にて、以下の項目に数字が出ている。
・レギュラーガソリン　払出増減　→　払出増減が出ないように、黄色枠の数字になるようにしたい。
通常月と異なった処理として、オフラス上では、在庫が余剰だったので、出荷量に見合う生産はしていない。
納税転換の処理が、レギュラーガソリン出荷量とイコールとなっていない。(納税転換伝票は自動処理。)

〇上記の事が影響してか、製油所受払月報、実地棚卸表、滞留油在庫表以外の帳簿が出力されていない。

■あるべき姿
〇製油所受払月報にて、以下の項目に数字が出ている。
・レギュラーガソリン　払出増減　→　払出増減が出ないように、黄色枠の数字になるようにしたい。

〇製油所受払月報、実地棚卸表、滞留油在庫表以外の帳簿が出力される。

■代替手段
なし。","■原因
調査中です。
2024/02/02 YJP
本件挙動は仕様通りの認識です。
詳細は以下エビデンスに記載いたしましたのでご確認ください。
https://app.box.com/folder/247182371872

概要としては、以下の通りです。
・月次処理の機械作成伝票作成処理には、納税伝票を作成する仕様はございません。
　納税伝票数量が想定より不足している場合、OneSAPに登録されていない伝票が存在することになると思われます。
　レギュラーガソリンの払出増減伝票の発行と数量については、仕様通りの挙動をしている認識です。
　不足していた納税伝票が正しくOneSAPに登録され、月次処理用のデータとしてオフラスに連携されれた後の月次処理であれば、払出増減伝票は0になると思われるため、製油所受払月報から表示が消えると思われます。
　詳しくは詳細エビデンスをご確認ください。

・帳票基盤にデータが送信されていないのは、徳山での新オフラス切替後に発生していた問題の再発です。
　陸上出荷積み置きで登録されるクマリン(統一品名コード99999906)のMB品名マスタ上の名称が未設定になっておりました。
　当時の問題に対応するため、MB品名マスタ上でクマリンの名称を登録していただいていた認識です。
　改めてメンテナンスをお願いします。
　また、すでに作成してしまった在庫修正データの問題データ(クマリンのデータ)については、画面より削除をお願いします。
　こちらも詳しくは詳細エビデンスをご確認ください。

■対策
本件仕様通りの認識です。
ステータスを確認中といたしますので、対応操作を実施後問題なければクローズにしていただければと思います。
",オフラス,－,－,－,●,,,,,,,2024/02/07,仕様通り,確認完了,,,,,,,,,,,,,,,,,,,,,,,,,,,,,,,,,,,,,,,
,797,2024/02/02,愛知,YJP杉本,安田壮大,燃料油試験結果新IRIS送信処理(IrisFuelOilT)デッドロック発生により新IRIS連携滞留,Q2：代替手段により後続テスト実施可能,L：試験管理,L：試験管理,新IRIS送信,"■発生日：2024年2月2日(金) 14:30
■対応希望日：2月9日（金）
■事象
下記ラボエイドエラーメッセージが発生
2024/02/02 14:30:58 745070 $SYSTEM  IrisFuelOilT システムエラーが発生しました。[ESSR0071]SQLで例外が発生しました。理由はOracle.ManagedDataAccess.Client.OracleException (0x80004005): ORA-00060: リソース待機の間にデッドロックが検出されました。
   場所 OracleInternal.ServiceObjects.OracleConnectionImpl.VerifyExecution(Int32& cursorId, Boolean bThrowArrayBindRe

D:\Lab-Aid\IF\a.新IRIS操業品質システム\SEND_IRIS_FORESULT　を確認したところ、D101ファイルが滞留していました。
D101ファイルに退避と該当燃料油試験結果をラボエイドサーバーよりリカバリ送信実施済。
15:00の新IRIS連携は問題なく実施できました。

従来発生していたデッドロック（2/2 9:18分）はユーザーの操作タイミング（成績表発行等）で発生していましたが、今回のデッドロックは新IRIS連携時に発生しているので原因が異なる可能性があります。
影響度と対応方法についてご教示ください。

■あるべき姿
デッドロックが発生せず、新IRIS連携できる

■代替手段
都度滞留ファイルの退避、リカバリ送信

2024/02/27 IKC安田記載
エビデンス確認し問題ありません。","■原因
　保守問題点No745と原因が同じ可能性があり、調査いたします。

2024/02/09追記
　やはり、保守問題点No745と同じ原因による現象でした。

■対策
　保守問題点No745の対応と併せて改善確認を行います。

2024/02/22追記
No.745、797の件の対応が完了しましたので
動作確認結果を下記に格納しております。
https://app.box.com/folder/250307288922

成績表発行依頼（報告値識別と試験頻度の複写による参照）と
その依頼元を新IRIS送信させサンプル更新を同時に行わせて再現確認を行っており
エビデンスにはありませんが、タイミングがシビアなため複数回試行を繰り返し
デッドロックが発生しないことを確認しております。

2024/04/16追記
3/18のリリース以降、デッドロックエラーは発生していない事確認いただきましたので、
クローズとさせていただきます。
",IKC,,,●,,,,,,2024/02/26,2024/03/18,2024/04/16,AP・コーディング,確認完了,,,,,,,,,,,,,,,,,,,,,,,,,,,,,,,,,,,,,,,
,798,2024/02/07,愛知,YJP杉本,安田壮大,"採取場所コードT,B以外での品転依頼可否について",Q2：代替手段により後続テスト実施可能,L：試験管理,L：試験管理,品転試験依頼,"■発生日：2024年2月6日
■対応希望日：2024年2月14日（水）
■事象
愛知で採取場所コードC(空港からの外部試験依頼)の品転依頼を行う運用があり、ラボエイド稼働以降初めて業務が発生したので実施したところ、
品転依頼条件に合わなかったので実施できませんでした。

仕様書確認したところ、品転依頼条件として「規格有効開始年月日」「規格有効終了年月日」がnullでない　という条件があります。
更に、「規格有効開始年月日」「規格有効終了年月日」が設定されるのは採取場所コードT(タンク)、B(ブレンダー)に限定されている為、
T(タンク)、B(ブレンダー)以外は品転依頼が行えない条件になっています。

マスタ設定等の方法で、採取場所コードCで品転試験依頼を立てる方法はあるでしょうか。ご教示お願い致します。

■あるべき姿
採取場所コードCで品転依頼が行える

■代替手段
品転依頼ではなく、同じロット番号で依頼をたてて複写操作を行う
（需要家が異なる為二重登録エラーとならず依頼可能）

2024/02/09 IKC安田追記
タンク、ブレンダー以外の品転依頼を行う頻度は少ないので、代替手段にて対応します。仕様変更は不要です。ありがとうございました。",　,IKC,,,●,,,,,,,,2024/02/09,仕様通り,確認完了,,,,,,,,,,,,,,,,,,,,,,,,,,,,,,,,,,,,,,,
,799,2024/02/09,愛知,YJP杉本,安田壮大,前回値を試験項目値複写操作でコピーする際に文字データ含むと複写不可,Q2：代替手段により後続テスト実施可能,L：試験管理,L：試験管理,試験項目別値複写,"■発生日：2024年2月9日
■対応希望日：2024年2月29日（木）
■事象
試験項目値別複写操作にて前回値の複写を行う際、前回値が「良好」「○○以下」「○○未満」等文字データを含む場合、入力エラーとなり複写操作が行えない。（積み地性状値は実施可能）
前回値は複写する元データが　「入力値」（1@L等）ではなく、「1以下」を取得して入力値欄に複写する動きをしている為、文字データを含む前回値を複写できない事象が発生していると思われる。

■あるべき姿
前回値が「良好」「○○以下」「○○未満」等文字データを含む場合でも複写操作が行える

■代替手段
前回値を参照しながら手動で入力する

2024/3/15 IKC安田
4所とも特に問題なしの為修正お願いします。","■原因
　試験項目別値複写（出光様カスタマイズ）と前回値設定（Lab-Aid標準機能）との
　仕様齟齬が原因です。
　試験項目別値複写の前回値は試験項目トランの「前回値１」を参照していますが、
　こちらは前回の「報告値」をセットしているため、文字データを含む内容が複写されてしまいます。

■対策
　試験項目別値複写機能の前回値参照を下記のとおり変更
　　現動作）複写対象サンプルの試験項目トランの
　　　　　　　　「前回値１」を複写元として参照する
　　修正案）サンプルコードが一致し状態が終了であることを条件として
　　　　　　　　サンプル採取時刻（降順）、依頼番号（降順）の順番で
　　　　　　　　複写対象サンプルの前回に当たるサンプルトランの試験項目を取得し、
　　　　　　　　ホルダコード、試験項目コード、単位コードが一致する試験項目トランの
　　　　　　　　「入力値」を複写元として参照する
　　　　　　　※複写しようとした際に前回値を再取得する仕様となるため、
　　　　　　　　　受付時に設定される「前回値１」と取得対象が異なる可能性がある。

　上記対応で４所とも問題無ければ、修正を進めたいと思います。

2024/02/19追記
　修正版の設計書を下記に格納いたしました。
　https://app.box.com/folder/249639640000
　・カスタマイズ基本設計書_4.5_試験項目別値複写_V1.8_20240216.docx

2024/04/14追記
　検証結果エビデンスを下記に格納いたしました。
　https://app.box.com/folder/258632735674

■棚卸
2026/01/29：確認中、次回ステータス変更なき場合は強制クローズとする",IKC,,,●,,,,,,2024/04/14,2024/05/16,2026/02/25,設計不備,確認完了,,,,,,,,,,,,,,,,,,,,,,,,,,,,,,,,,,,,,,,
,800,2024/02/13,千葉,YJP和須津,伊藤祐希,試験依頼の画面が展開できない,,B：作業計画管理,B：作業計画管理,試験依頼設定,"■発生日：2024/02/13
■対応希望日：今月中
■事象
作業計画の出荷→試験依頼の画面がJOBexceptionエラーで展開できません。毎日発生しているわけではないので
どこかの出荷オーダーに関係していると考えられますがつかめていません。例外メッセージ添付しますのでご対応お願いします。

■あるべき姿
試験依頼画面が展開できる

■代替手段
手動で試験依頼を実施
","■原因
問題点管理表No.781（愛知）と同件です。
他所発生問題点として検証結果エビデンスのご確認をお願いいたします。
https://app.box.com/folder/243562458012
・【No781】試験依頼設定画面[VIBA020111]表示不可.xlsx
（問題点管理表No.781抜粋）

■対策
問題点管理表No.781（愛知）で改修済の業務APをリリース致します。
",オフラス,●,,,,,,,,2024/02/14,2024/02/20,2024/02/20,AP・コーディング,確認完了,,,,,,,,,,,,,,,,,,,,,,,,,,,,,,,,,,,,,,,
,801,2024/02/14,愛知,YJP小見山,古井珠実,原油IMW消費税金額と包括納期限延長税額納付明細一覧表の金額の相違,,F：外航通関,F：外航通関,IMW･ISW輸入申告情報作成,"■発生日：2024/2/2
■対応希望日：２月末日
■事象
月初に関税消費税納付明細書（包括納期限延長税額納付明細）と輸入申告書の消費税額を確認中、
原油IMW申告書の消費税金額と納付明細書の消費税金額が違っていた。
※エラー内容は添付資料参照
■あるべき姿
申告書消費税金額と納付明細書の金額は同じ金額でなければならない。
■代替手段
　なし

2024/08/14堂垣追記
リリース後問題ない為、クローズします。","■原因
金額計算時の換算レートが異なっておりました。
■対策
1次申告時(IM等)の換算レートを計算時に使用しておりましたが、
IMW時の換算レートを使用しての計算に修正いたします。

2024/03/14 YJP追記
検証結果エビデンスを下記BOXに格納いたしました。内容のご確認をお願いいたします。
https://app.box.com/folder/253607363511
対象データはリリース時データパッチにてリカバリいたします。

2024/03/21 YJP追記
データパッチを実施しました。ご確認をお願いします。",オフラス,●,●,●,●,,,,,2024/03/14,2024/03/25,2024/08/14,AP・コーディング,確認完了,,,,,,,,,,,,,,,,,,,,,,,,,,,,,,,,,,,,,,,
,802,2024/02/14,千葉,青井圭介,青井圭介,PEAIサービス異常終了,Q3：後続テスト実施可能,Y：通信管理,Y：通信管理,,"■発生日：2024/02/13　13:19頃
■対応希望日：ー
■事象
ETS-R APサーバーのPEAIServerサービスが異常終了。
自動復旧機能が動作し復旧。
連携データにロストは見受けられず。
根本原因調査継続のため起票。

■あるべき姿
PEAIServerサービスが異常終了しない。
■代替手段
自動復旧により後続業務影響なし
","■原因
2024/02/13 13:19発生のメモリDMPをYJP柳田様へ連携済。（2024/02/14 IKC）
2024/02/17 14:46頃、北海道L35EAIサーバーにてPEAIServerサービスが異常終了（2024/02/19　IKC）

■対策
メモリDMP解析を行いましたところ、異常発生した箇所の関数名を得ることができました。
現在、発生箇所の実装内容に不備が無いか確認中です。
ただし、メモリDMPの解析結果はズレがあったりすることで、100%信用できるものではないようです。

2024/12/18YJP
実装内容の不備は確認できませんでした。
メモリDMP解析には、「.exe」ファイルとともに作成される「.pdb」ファイルが必要となりますが、現在ターゲット環境にて稼動中の「.exe」ファイルと対となる「.pdb」ファイルは存在しておらず、弊社環境で持っている「.pdb」ファイルは、メモリDMP解析のために作り直したもので、「.exe」ファイルの中身（ソース）は同じですが、厳密に言うと異なる（メタ情報が異なる）exeファイルとなりますので、メモリDMP解析結果の信憑性に欠ける可能性があります。
次の手立てとして、弊社環境で持っている「.pdb」ファイルと対となる「.exe」ファイルのターゲットリリースか、デバッグログ出力版モジュールのターゲットリリースと考えますが、EAIはシステムの根幹部分となる認識ですので、モジュール変わったことによる運用への影響（リスク）を鑑みて三鷹環境での十分な動作確認が必要と考えており、更に後者はデバッグログをファイルへ出力することになると思いますので、ファイルが溜まらないような仕組みの検討が必要と考えられ、ターゲットリリースまでに相当の日数を要することになると思われます。
また、モジュール不具合の疑いとは異なる観点で、事象発生時のメモリ使用状況や、他プロセスの活動状況等の環境面での確認もお願いしたく存じます。",オフラス,●,,,,,,,,,,2026/04/22,調査中,対応不要,,,,,,,,,,,,,,,,,,,,,,,,,,,,,,,,,,,,,,,
,803,2024/02/14,愛知,YJP田中,古井珠実,製品IMW不具合　及び　台帳引き落としの不具合,,F：外航通関,F：外航通関,"画面：保税作業品IMW輸入申告情報作成

帳票：TOP消費税計算書","■発生日：2024/1/18
■対応希望日：２月末日
■事象
製品IMW（ナフサ）を内貨引取申告をオフラスで操作中、オフラス画面の申告品名が原油名で表示される。
また、申告⇒登録後　本来ナフサ用の消費税計算書が作成されなければならないが製品IMW用の消費税計算書と
違うものが表示される。
許可後の台帳引き落とし時に搬出日順にならないので台帳の引き落としが出来ない。
※エラー内容は添付資料参照
■あるべき姿
・製品IMW申告画面では品名・申告品名は製品名で表示されなければならない
・旧オフラスではTOP保税品IMW時はIMWする製品の消費税計算書が作成されていたので
同じように製品IMW用の消費税計算書が作成される。
・台帳は搬出日順に数量が引き落としが出来最後は残量が０になる。
■代替手段
　なし

2024/08/14堂垣追記
リリース後問題ない為、クローズします。","■原因
①申告品名(製品名)を表示させるべき箇所に原油名を表示しておりました。
②帳票のデータ取得に不備がありました。
③台帳詳細の残数量の登録に不備がありました。
■対策
①申告品名(製品名)を表示いたします。
②帳票にてデータ取得を修正いたします。
③残数量の登録に関して正となる数量の引落ができるように修正します。
　また、該当データに関してはデータパッチにて対応いたします。

本件の改修が終了するまでに再発した場合はデータパッチにて対応いたします。

2024/03/15　YJP追記
検証エビデンスを格納しました。
https://app.box.com/folder/253811519795
対象データはリリース時データパッチにてリカバリいたします。

2024/03/21 YJP追記
データパッチを実施しました。ご確認をお願いします。",オフラス,●,●,●,●,,,,,2024/03/15,2024/03/25,2024/08/14,AP・コーディング,確認完了,,,,,,,,,,,,,,,,,,,,,,,,,,,,,,,,,,,,,,,
,804,2024/02/19,愛知,YJP田中,古井珠実,製品IMW 社内整理番号Wカウントの不具合,,F：外航通関,F：外航通関,,"■発生日：2024/2/16
■対応希望日：２月27日
■事象
オフラスでTOP-2403-A（KEROSENE）13,000KL　IMW申告業務中、登録後、
テキスト出力を忘れNACCSを利用し申告をしてしまった。
2日前にTOP-2401-A（KEROSENE）13,000KLの申告をしており、
間違ってsendからこちらのテキストを呼び出し今回の申告手続きを行っていた。
社内整理番号がWカウントされオフラス：保税作業品IMW輸入申告一覧のTOP-2401-Aが許可済
から申告保留状態に変更されてしまった。
※エラー内容は添付資料参照
■あるべき姿
TOP-2401-A　KEROSENE（13,000KL）、TOP-2403-A　KEROSENE（13,000KL）ともに
NACCSで輸入許可となっているのでTOP-2401-Aは許可ボタンが青色になり、許可処理済となる。
また、TOP-2403-Aは許可処理が出来る状態となる。
■代替手段
なし","■原因
事象でも述べられているように運用ミス（同じ整理番号を使用しての申告）と判断いたします。
■対策
TOP-2401-A（KEROSENE）に対するデータパッチと、
TOP-2403-A（KEROSENE）に対しては後続伝文（社内整理番号の修正版）の取込後、
許可処理を実施していただく運用による対応となります。

2024/02/26 YJP追記
データパッチの検証結果エビデンスを下記BOXに格納いたしました。内容のご確認をお願いいたします。
https://app.box.com/folder/250721192496
・【No804】IMW伝文二重受信対応.xlsx

2024/02/27 YJP追記
データパッチを実施しました。",オフラス,,,●,,,,,,2024/02/26,,2024/02/27,その他,確認完了,,,,,,,,,,,,,,,,,,,,,,,,,,,,,,,,,,,,,,,
,805,2024/02/19,北海道,YJP和須津,秦野築,LI受入時の濃度自動入力,,B：作業計画管理,B：作業計画管理,添加剤受入作業予定入力,"■発生日：2024/02/16
■対応希望日：2週間以内
■事象
添加剤：LIは受け入れ時にJOB一覧画面（添加剤受入）にて濃度の値を担当者が手入力している。
添加剤LIは夏・冬で異なる添加剤を使っており、それぞれ有効成分の濃度が異なる。
2種類の添加剤を新規追加し それぞれに濃度を紐づかせ、品名により自動で濃度が入力されるようにしたい。
＊手入力値の間違いによる品質トラブルの未然防止が目的です。
詳細は添付資料を参照願います。
■あるべき姿
品名に紐づいた濃度が自動入力される。
■代替手段
手入力","■原因
マスタ変更のみでの対応は不可能です。
仕様変更として対応いたします。
■対策
仕様・実装方法について製油所内で再度検討されるとのこと。
後、ご説明いただきお見積りする方向で対応いたします。

2026/04/22 YJP追記
担当者様へ再度確認し、現時点では対応不要とのご連絡をいただきました。
LI濃度自動入力につきましては別途検討いただいたうえで別起票いただくことで合意いただいています。
本件はクローズいたします。",オフラス,,●,,,,,,,,,2026/04/22,仕様通り,対応不要,,,,,,,,,,,,,,,,,,,,,,,,,,,,,,,,,,,,,,,
,806,2024/02/26,千葉,YJP田中,伊藤祐希,外貨製造搬出日一覧/外貨搬出実績数量確定の修正お願い,,F：外航通関,F：外航通関,,"■発生日：2024/２/２０
■対応希望日：２月2９日まで（今月中に対応していただけると助かります）
※２０日分をデータパッチ対応お願いしたいです。
■事象
通常は流量計数量で協定数量としているが、今回、流量計と船側の数量差異があり、
原因は設備側にあったため船腹数量を採用し協定数量とした。
外貨搬出実績数量確定は、流量計数量を取り込んでいるので協定数量(出荷数量)と一致していない。
■あるべき姿：協定数量(出荷数量)と同じ数量にする 
■代替手段：なし

★ご相談★
今後、船腹協定をした場合、今回の様な事が起こってしまいます。
都度、データ修正の依頼で対応するのではなく、
運用や仕様変更等で対応可能な事がありましたらご教示いただけますでしょうか。
宜しくお願いいたします。
","■原因
仕様とおり
データパッチで対応するか、運用で対応可能かを内部で検討いたします。
■対策
下記根拠から、「実績ファイルメンテナンス」から「実績数量」を船腹数量に更新する運用にて対応可能と判断いたします。
・当出荷に関しては協定書も伝票も外航通関も船腹数量で実績値を確定している。
・受払上も伝票と数量が合っていないと実績(計量)ベースの受払増減と伝票ベースでの受払増減が合わなくなるので計量した実績の値と実際の運用で扱う値は合わせておいた方が良いと判断いたします。
・また、実績数量をメンテナンスにて変更するとタンク受払に影響が出ることから
変更した日から「JOB締め」、「タンク受払締め」、「タンク増減締め」を順々にやり直す必要がございます。
ただ、今回問題の品名は原油でもないので、商品管理的にはあんまり日々の実績が重要な品名ではない認識です。
2028/02/28 YJP追記
実務担当者様から運用で対応出来たことからクローズの旨の連絡を受領",オフラス,●,,,,,,,,,,2024/02/28,その他,対応不要,,,,,,,,,,,,,,,,,,,,,,,,,,,,,,,,,,,,,,,
,807,2024/03/05,北海道,YJP大武,菊池聖子,ボンドJa-1持ち戻り処理の件,Q3：後続テスト実施可能,G：マスバランス,G：マスバランス,製油所受払月報,"■発生日：2024年3月5日
 
■発生拠点：　北海道製油所
 
■対応希望日：3月5日迄 (厳しい場合3/6)
 
■事象
  添付メールのとおり2/8にボンドJA-1を出荷後、水分混入が発覚したため、
　スロップ処理するために北海道製油所へ持ち戻りました。
　(なお、ボンドJA-1は新たにローリーに積みなおし、予定数量を同日千歳に納入済)
  ボンドJA-1を持ち戻したので流通業務部が対応されたとおり、本社直送基地へは
　ボンドJA-1で起票する事が正しいと思われるのですが、本事例は初めてのケースで
あり、製油所の受払月報が正しく処理されているのか判断に苦慮しております。

【伝票処理方法】
　①ボンドJA-1　本社直送基地から入荷伝票起票
　②ボンドJA-1 →　粗灯油　勘定転換伝票起票

【受払月報結果】
　 
■あるべき姿
　上記処理で問題ないか。
　※ボンド(外貨)品を持ち戻ったものの、この分は新たに積みなおして出荷しており、
持ち戻った26KLは出荷しなかった貨物となります。
社内整理上、スロップ処理したものは「内貨」と考えるべきだとは思っております。
↓↓↓
内部処理がどのように行われているかを確認したい。
　　
■代替手段
　なし
","■原因
お問い合わせの件ですが、いくつか確認させていただきたいと思っております。
【伝票処理方法】
　①ボンドJA-1　本社直送基地から入荷伝票起票
　②ボンドJA-1 →　粗灯油　勘定転換伝票起票
上記の対応をされたとのことで、受払月報上の数値について意図通りではないと理解いたしましたが、
まず、①ボンドJA-1の入荷伝票は、何の品名で入荷伝票を発行されているでしょうか。
(簡略品名コードが何になっていたでしょうか。)
添付されたエビデンスを見る限り1)(ボンド)JET A-1ではないかなと思われます。

次に②ボンドJA-1 →粗灯油の勘定転換伝票は、何の品名をどの品名に変換する伝票として発行されているでしょうか。
添付されたエビデンスを見る限りJET A-1を粗灯油に転換されているのではないかと思われます。

上記の類推通りであれば、1)(ボンド)JET A-1に入荷が計上されて、JET A-1から勘定転換分マイナスになるのが
挙動として正しい認識です。※粗灯油は上記の勘定転換分プラスになるはずですが、粗灯油の勘定転換は別で発生している場合もあるため
一概に同じ数量が上がっているとは言い切れないと思っております。

2024/03/06 YJP
OneSAPからの伝票データ(月次集計に用いるデータ)を確認いたしました。
転換伝票としては以下3つがOneSAPから送られてきております。
１)　2/22　13:35頃　11310103→48400106の転換伝票受信
２）3/04　17:20頃　11310103→11310006の転換伝票受信
３）3/04　17:20頃　11310006→48400106の転換伝票受信
４）3/04　18:50頃　11310103→11310006の転換伝票(取消)受信
５）3/04　20:40頃　11310006→48400106の転換伝票(取消)受信

４）で２）を取り消して、５）で３）を取り消しているようです。
結果残ったのは１）のみとなり11310103→48400106の転換伝票が適用されている状況で、
仕様通りの挙動をしております。

なお、内部処理の内容については機能仕様書に記載されておりますので、ご確認ください。

2024/03/06YJP
OneSAPからの受信内容は上記の通りですが、OneSAPへの送信内容は、菊池様の仰る通りでした。
OneSAP側の受信状況の確認をお願いします。

■対策
進捗は確認中とさせていただきます。

2024/03/07YJP
本件、伝票起票内容の問題のためクローズで良いとご連絡いただきました。",オフラス,,●,,,,,,,,,2024/03/07,仕様通り,確認完了,,,,,,,,,,,,,,,,,,,,,,,,,,,,,,,,,,,,,,,
,808,2024/03/05,愛知,YJP小見山,青井圭介,製品備蓄 付け替え戻し伝票の計上誤りについて,,帳票,帳票,,"■発生日：2024年3月5日
■対応希望日：本日中
■事象　
添付①のとおり、製品備蓄の付け替え戻しの伝票を起票しました。（2024年2月29日付）
その後オフラスでバイオガソリン出荷　課税区分毎内訳表を出力したところ、
「外国公館免税」欄に上記伝票の数量が計上されました。（添付②）
オフラス更新前は「その他未納税移出」欄に数量が計上されていたため、（添付③）
計上欄を修正いたしたく、修正方法をご教示ください。
本日計上締日のため、本日3/5(火)中にご確認いただけましたら幸いです。
問い合わせメールでお送りした添付②のEXCEL版を確認したところ、
「その他未納税移出」欄（セルC17）に自家使用の数量を参照する数式が自動入力されていました。
こちらも併せてご確認いただけたら幸いです。
＜出荷伝票（2024/02/29）＞
取引先No1コード：7508500105
取引先No2コード：7508500105
統一品名コード：1111007
オーダNo：93753
＜バイオガソリン出荷 課税区分毎内訳表（2024年02月）＞
移出状況：外国公館免税 ※ETBE数量
未納税移出：-1,100,000
＜バイオガソリン出荷 課税区分毎内訳表（2024年01月）＞
移出状況：その他未納税移出 ※ETBE数量
未納税移出：1,600,000

2024/03/05 YJP追記
青井様にて、2月度は手修正にて対応、対策は3月末までとすることにて調整済

■あるべき姿
数量が正しく計上される

■代替手段
　手修正

2024/08/14堂垣追記
リリース後問題ない為、クローズします。","■原因
今回の事象に対する原因ですが、下記の2件となります。
・「品名」を抽出する際のKEYとしていないことから、バイオガソリンのみを抽出すべきところ以外の油種も対象としております。
・バイオガソリンの数量は「その他未納税移出」に出力すべきところ、どの項目にも出力されておりません。
（ワークシート上には存在していることからデータの抽出は出来ていますが帳票項目への出力が出来おりません。）

■対策
・「品名」を抽出条件に追加いたします。
・導出した数量を「その他未納税移出」へ出力するように修正いたします。

2024/04/09 YJP追記
検証結果エビデンスをBOXに格納いたしました。内容の確認をお願いいたします。
<https://app.box.com/folder/257839864192>
・【No808】製品備蓄 付け替え戻し伝票の計上誤りについて.xlsx",オフラス,,,●,,内,,,,2024/04/09,愛知：2024/04/18,2024/08/14,AP・コーディング,確認完了,No.971,,,,,,,,,,,,,,,,,,,,,,,,,,,,,,,,,,,,,,
,809,2024/03/11,徳山,YJP小見山,山本しのぶ,no.809,,帳票,帳票,,"■発生日：　2024/3/11
■発生拠点：徳山事業所
■対応希望日：急ぎません
■事象：2/29付でガソリン製品備蓄量が変わったため、
「石連週報-備蓄在庫量編集」のガソリン製品備蓄量を
2,900KL→1,700KLへ変更願います

■代替手段
　手修正
","■原因
製品備蓄量が帳票に予め保持されており、帳票の値の修正を行っていないことが原因
■対策
帳票保有の製品備蓄量の値を変更します

2024/03/29 YJP追記
検証結果エビデンスをBOXに格納いたしました。
<https://app.box.com/folder/256054275900>
・No809,No815_石連週報_備蓄在庫量について.xlsx
⇒
拠点個別に対応すべきところ、統一化にて対応したことにより
変更不要な項目にも修正結果が反映される事象が発生することが判明いたしました。
一旦、検証結果エビデンス確認は保留とさせていただき、
帳票プログラムの改修が終了次第、検証結果エビデンスの確認依頼をさせていただきたく。
ご迷惑をお掛け致しますがよろしくお願いいたします。

2024/04/23 YJP追記
再検証結果エビデンスをBOXに格納いたしました。
<https://app.box.com/folder/256054275900>
・No809,No815_石連週報_備蓄在庫量について_修正.xlsx",オフラス,,,,●,内,,,,2024/4/23,2024/05/14,2024/05/15,その他,確認完了,No.972,,,,,,,,,,,,,,,,,,,,,,,,,,,,,,,,,,,,,,
,810,2024/03/12,千葉,YJP田中,伊藤祐希,外貨運送オーダー　出荷実績の修正依頼,,F：外航通関,F：外航通関,,"■発生日：２０２４年３月９日
■対応希望日： ３月１４日まで
■事象： 3月9日の徳山向け36C外貨運送オーダー（旭英丸）において、外貨：4850.000KL　内貨：50.000KLで計画されていたが、
荒天により1263.073KL積み込んだ時点で船を切り離し、JOBも終了させた。
積み残し分は３月１１日に再度同船を着桟させ荷役することになった為、
改めて３月１１日に９日と同じオーダー入れなおして
作業を実施した。その結果オフラス上の実績が以下のような数値となってしまった。
【３月９日　オフラス実績】
【３月１１日　オフラス実績】
※メール参照
■あるべき姿：実績が３月１１日１つに集約された形になっている。
外貨：4,850.000KL　内貨：50.230KL（協定書を添付致しますのでご参照ください）
■代替手段：オフラスが修正されるまでの間は手作業で台帳管理を行う。","■原因
仕様とおりの認識です。
■対策
実績数量、オーダ数量を使用していることから、実績数量、オーダ数量をデータパッチにて補正する対応となりますが、実績数量、オーダ数量のデータパッチによる変更はかなりの影響が予想されます。
したがって、通関内にて下記のように運用と台帳のデータパッチにて対応させていただきます。
① ボンド出荷オーダ一覧から3/9分のデータを削除
　システム管理者権限にてログインしていただくと「削除」出来ます。
② 外貨製造搬出日一覧から3/9～3/11分を確定
　①を実施することで3/9分データの「搬出」アイコンが押下可能になります。
　3/9分、3/10分、3/11分と確定操作を進めていただきます。
③ 3/11確定後、
　保税台帳には3,587.000KLの数量が計上さますが、データパッチにて4,850.000KLに変更いたします。

2024/03/15 YJP追記
データパッチ実施の結果検証エビデンスを下記BOXに格納いたしました。
内容のご確認をお願いいたします。
https://app.box.com/folder/253866095168
・オーダー出荷実績の修正依頼_データパッチエビデンス.xlsx

2024/03/18 YJP追記
データパッチを実施いたしました。後続の業務をお願いいたします。",オフラス,●,,,,,,,,,,2024/04/09,その他,確認完了,,,,,,,,,,,,,,,,,,,,,,,,,,,,,,,,,,,,,,,
,811,2024/03/14,北海道,YJP村上,石井真紀,オフラスにNACCSからのBIAデータを受信できない,,F：外航通関,F：外航通関,搬入確認登録,"■発生日：2024/03/04
■対応希望日： 来週中（3/18～3/22）
■事象
外航入荷オーダ一覧にて搬入確認登録（保税運送貨物）BIAを行ったところ、
オフラスとNACCSの連携がうまくいかず、NACCSのデータをオフラスで受信できなくなってしまった。
■あるべき姿
正しくNACCSからオフラスへデータ受信する
■代替手段
なし","■原因
BIAの場合はNACCS受信伝文として、処理結果伝文とBIA申告の受信データの2件を連携しております。
処理結果伝文のオプション設定が誤っていることが原因で発生しております。
■対策
netNACCSから再度受信伝文のダウンロードは不可能なため、
いただいた伝文にて三鷹検証環境にて一度検証させていただきます。
結果を後日連絡いたしますので、受信伝文を所定フォルダに手で格納していただく対応を考えています。
2024/03/18 YJP追記
データとNACCS伝文を調査いたしました結果、バックアップフォルダーの伝文が使用可能であることが判明いたしました。バックアップフォルダーの伝文の名称を変更して所定フォルダー（NACCS_RECV）に格納いたしました。動作可能かの確認をお願いいたします。
",オフラス,,●,,,,,,,,,2024/03/29,その他,確認完了,,,,,,,,,,,,,,,,,,,,,,,,,,,,,,,,,,,,,,,
,812,2024/03/15,千葉,YJP大武,伊藤祐希,協定書実績画面がJOBexceptionエラーで画面展開できない,,D：実績管理,D：実績管理,"協定書実績
（VIDC050101）","■発生日：　2024/3/11
■発生拠点：　千葉事業所
■対応希望日： 今月中
■事象：実績管理の協定書実績画面がJOBexceptionエラーで展開できません。(3月11日のみ）
例外メッセージ添付しますのでご対応お願いします。
■あるべき姿：協定書実績画面が展開できる
■代替手段：なし
","■原因
協定実績画面の仕様にて、同一船かつ同一オーダ、どんぶり出荷などをまとめ、
「協定済み」「協定ボタン」を最初のレコードのみ表示する処理がございます。
そちらの判定時に「JOB管理番号」を確認しておりますが、今回問題となったレコード、
3/11の「オーダ管理番号: 2403040078」「光正丸」(0.5A、0.5C-Mの2品名)にて
JOB管理番号が未設定の項目があったため、表示処理が正常に動作出来ておりませんでした。

3/25YJP追記：
1オーダに2品名設定されておりますが、0.5AのみJOBNoが設定されていることから、
今回の件では0.5C-MにはJOBNoが設定されていなかった可能性があります。
※操作履歴等を追っても、05C-MはJOBNo設定したか不明でした。
　また、千葉事業所伊藤様に確認頂いたところ、05C-Mは出荷されていないとのことでした。

しかし、混合比率指定画面(VIBA020104)にてJOB情報が登録済みの場合は
JOB管理Noの情報を削除するケースもあり、1オーダ2明細(2作業品名)の片方のみが
JOB管理番号未設定というケースは、発生し得るパターンであることが分かりました。
そのため、恒久対策としては、協定実績画面の表示処理内で1オーダに複数品名がある場合、
JOB管理番号がNullの明細があったケースでも表示が可能となるよう、修正対応を行います。

■対策
3月中に協定実績画面の確認を行う必要があることから、
暫定的な対応として、データパッチにてJOB管理番号Nullのレコードを削除します。
→2024/03/28パッチ適用済み

3/25YJP追記(恒久対応について)：
協定実績画面の表示処理内で1オーダに複数品名がある場合、
JOB管理番号がNullの明細があったケースでも表示可能となるよう、修正対応を行います。
→エビデンス確認依頼済み:2024/03/29
<https://app.box.com/folder/256019567480>",オフラス,●,,,,－,,,,2024/03/29,2024/04/17,2024/07/11,AP・コーディング,確認完了,,,,,,,,,,,,,,,,,,,,,,,,,,,,,,,,,,,,,,,
,813,2024/03/18,徳山,YJP和須津,石津英明,オフラスモニター　進捗管理　作業状況表示不具合,,C：進捗管理,C：進捗管理,作業状況表示,"■発生日：2024/0３/13頃から
■対応希望日：指定し（急ぎません。）
■事象
オフラスモニターにて、進捗管理-作業状況表示が閲覧可能であすが、
昨日頃より閲覧できないと連絡がありました。
添付画面のエラー状況にあるため、ご確認宜しくお願いします。
■あるべき姿
進捗画面表示される。
■代替手段
オフラス実機を参照","■原因
調査中です。
■対策
製油所モニタにのみ未リリースのモジュールがあったために本事象が発生しております。
不足しているモジュールのリリースさせて頂きます。",オフラス,,,,●,,,,,2024/03/26,,,その他,確認完了,,,,,,,,,,,,,,,,,,,,,,,,,,,,,,,,,,,,,,,
,814,2024/03/21,徳山,YJP杉本,國本優輝,Lab-Aid混合計算時のエラーについて,Q2：代替手段により後続テスト実施可能,L：試験管理,L：試験管理,混合計算,"■発生日：2023/03/21
■対応希望日：3/26
■事象
ロット番号：A1-40320-23-T10014で混合計算を行ったとき、混合計算できずエラーメッセージが表示される。
 エラーログを添付しています。
他のロットでは出来たので、設定抜け等があるのでは思っています。

■あるべき姿
混合計算がを行われ、計算値にデータが格納される。

■代替手段
手動で計算する。
","■原因
　実行試験項目略号：PMでSG性状値の取得エラー（200905）となっていた。

　混合計算エラーの件、混合計算依頼ファイル（req）とDMPにて状況を確認いたしました。
　「MIXCALC_20240321115658303.req」よりP.LCOW（依頼番号1022990）の性状値が
　取得できておりませんでした。

　サンプル別試験項目マスタを確認したところ、
　P.LCOWの試験項目で混合計算引数フラグ(TSTINF131)が「1:混合計算引数」に
　なっていないことが原因と思われます。

■対策
　P.LCOWの試験項目で混合計算引数フラグ(TSTINF131)が「1:混合計算引数」を
　設定していただく。
",IKC,,,,●,,,,,,,2024/03/26,データ不備,確認完了,,,,,,,,,,,,,,,,,,,,,,,,,,,,,,,,,,,,,,,
,815,2024/03/27,北海道,YJP小見山,田苗直樹,石連週報　国家備蓄数量の契約数量変更願い,,帳票,帳票,,"■発生日：2024年3月27日
 
■発生拠点：　北海道製油所
 
■対応希望日：4月末日迄(代替手段にも記載されている通り、北海道製油所でも毎回手入力で変更すれば問題なく石連週報を作成できるため対応希望日まで対応完了とならなくても構いません)
 
■事象：
・石連週報での北海道製油所の国家備蓄数量が実態と差異がある(添付ファイル参照)

■あるべき姿　
・石連週報での北海道製油所の国家備蓄数量が実態と一致している(添付ファイル参照)

■代替手段　石連週報出力毎に担当者が手入力で国家備蓄数量を実態に即したものへ変更する
","■原因
国家備蓄数量が帳票に予め保有されており、帳票の値の修正を行っていないことが原因
■対策
帳票保有の国家備蓄数量の値を変更します

2024/03/29 YJP追記
検証結果エビデンスをBOXに格納いたしました。
<https://app.box.com/folder/256054275900>
・No809,No815_石連週報_備蓄在庫量について.xlsx
⇒
拠点個別に対応すべきところ、統一化にて対応したことにより
変更不要な項目にも修正結果が反映される事象が発生することが判明いたしました。
一旦、検証結果エビデンス確認は保留とさせていただき、
帳票プログラムの改修が終了次第、検証結果エビデンスの確認依頼をさせていただきたく。
ご迷惑をお掛け致しますがよろしくお願いいたします。

2024/04/23 YJP追記
再検証結果エビデンスをBOXに格納いたしました。
<https://app.box.com/folder/256054275900>
・No809,No815_石連週報_備蓄在庫量について_修正.xlsx

■棚卸
2026/01/29：確認中、次回ステータス変更なき場合は強制クローズとする",オフラス,,●,,,内,,,,2024/4/23,2024/06/06,2026/02/25,その他,確認完了,No.972,,,,,,,,,,,,,,,,,,,,,,,,,,,,,,,,,,,,,,
,816,2024/03/29,徳山,YJP小見山,山本しのぶ,オフラス-外航通関-輸入実績明細書（徳山事業所）,,F：外航通関,帳票,,"■発生日：　2024/3/29
■発生拠点：徳山事業所
■対応希望日：急ぎません。
■事象：
　 [VIFX050501] - 輸入実績明細書作成において、下記輸入データが
帳票に取り込まれません。原因をご教示願います。

・荷役終了日時：2024年3月1日　8時36分　（3月入荷）
・品名：1）石化用輸入FRN
・数量：118,424.023KL
・船名　：TONG LIN WAN

■あるべき姿：
   3月入荷として帳票に取り込まれる。
  
■代替手段
　手修正
","■原因
搬入開始日時が前月の月跨ぎとなっているデータを取得していない事が原因です。
■対策
搬入終了日時が指定月のデータを取得するよう変更します。

2024/04/08 YJP追記
検証結果エビデンスをBOXに格納いたしました。内容の確認をお願いいたします。
<https://app.box.com/folder/257637755778>
・【No816】外航通関 輸入実績明細書.xlsx",オフラス,,,,●,,,,,2024/04/08,2024/04/16,2024/04/16,AP・コーディング,確認完了,,,,,,,,,,,,,,,,,,,,,,,,,,,,,,,,,,,,,,,
,817,2024/04/01,愛知,YJP田中,古井珠実,外航通関  TOWADA -58 貨物登録の不具合,,F：外航通関,F：外航通関,,"■発生日：2024年4月1日
■対応希望日：本日中（４月１日）
■事象
今回TOWADAを２回に分けて揚荷を行う
１回目　2/28～29　　貨物登録　→　申告　→　許可処理　（完了）
２回目　3/14～3/15　貨物登録（不具合）
１回目・２回目の申告業務を3/29に行うためオフラスの処理を進めたが２回目の貨物登録にエラーが
表示され２回目揚げのオフラス申告業務が出来なかった。
申告はNACCSでも行えるため　NACCSで先に申告を行った。（3/29申告・許可済）
現在、２回目の許可処理が出来ず、外貨在庫から内貨在庫への振替が出来きません。
貨物登録のエラーを解消をお願いします。
許可処理が出来ないと納税伝票が起票出来ず　外貨→内貨への振替が出来ない。（在庫誤りになる）
また、２回目の外貨原油を使い４/２に保税作業を行う予定にしておりますので早急のご対応をよろしくお願いします。
■あるべき姿
貨物登録が出来、輸入申告許可処理が出来るようになる。
■代替手段
なし","■原因
容量、重量の自動計算として密度は必須項目として取り扱っております。
密度に関しては試験結果にて返却されることを前提にした機能構成としております。
本件、2回目の運用時に試験依頼を実施されておりますが試験結果を実施されていないことから、密度が取得出来ずにエラーとなっております。
■対策
2回目の試験依頼に対する試験結果を実施していただくことで貨物登録の処理は可能となります。

今回のケースのように1回目の試験にて結果値が正常であった場合、2回目の試験依頼に対する結果を返却しないケースを考慮した恒久対応を実施すべきかに関しては、運用にて2回目の試験に関しても結果を返却していただく運用にて対処することにて恒久対応は不要の旨、実務担当者様間で調整していただきました。",オフラス,,,●,,,,,,,,2024/04/01,その他,対応不要,,,,,,,,,,,,,,,,,,,,,,,,,,,,,,,,,,,,,,,
,818,2024/04/02,北海道,YJP大武,田苗直樹,DM原油製油所受払月報において記載不具合,,G：マスバランス,G：マスバランス,製油所受払月報,"■発生日：2024年4月1日
■発生拠点：　北海道製油所 
■対応希望日：2024年4月2日 14時迄
■事象：オフラスにて出力できる「原油タンク別品名別日報月報(品名別)」と「製油所受払月報」の原油項目について通常は内容一致するはずだが
　　　　今回マスタ登録後製油所受払月報初出力となる国産原油[DM原油]において以下の事象が発生している
①	DM通油が製油所受払月報で0となっている(本来は3062.600KL)
②	DM原油の月末在庫が存在しているのに0となっている(本来は2097.569KL)
③	入荷量=増減となっている

■あるべき姿　
「原油タンク別品名別日報月報(品名別)」と「製油所受払月報」の整合性が取れる状態になる。
(今回の場合「原油タンク別品名別日報月報(品名別)」が正しい内容なので「製油所受払月報」の数値が「原油タンク別品名別日報月報(品名別)」の数値と等しくなるのが理想)

■代替手段　
　なし

今回DM原油についてマスタ登録後初の「製油所受払月報」出力となり、マスタ設定に不具合・不足等あったかもしれません。今回北海道製油所にてどんなマスタ設定をしたのかパワーポイントの資料を添付いたしますのでご確認お願い致します。
また、原油ではありませんが「PGZ-2」の品名追加時も北海道製油所でマスタ設定をしましたが、こちらは問題なく動作しております。参考までにPGZ-2を追加した際の北海道製油所でのマスタ設定を添付いたしますのでご確認お願い致します。
","■原因
TIMX615(MB品名変換マスタ)にDM原油の設定がされていないことに起因しております。

原油棚卸の処理でDM原油の通油と在庫がマスタ不備により集計から落ちたことにより、
製油所受払月報に通油(生産)と月末在庫が計上されず、入荷があったものの月末在庫0として、
入荷量がそのまま払出増減数量に設定されていると考えられます。

■対策
TIMX615(MB品名変換マスタ)に対象のDM原油をご登録ください。
そのうえで原油棚卸を再実行し、製油所受払月報作成を改めて実行頂ければと思います。

上記で、通油量と在庫量は御想定の数量で計上されると思われますが、
払出増減数量については、「-155,159」になるのではと思われます。
※「あるべき姿.pdf」でご連絡頂いた手書き朱記の払出増減と値が異なりますので、
　対応後に改めて数値についてご確認頂ければと考えております。


2024/04/02　IKC
マスタ設定後、月報再作成にて問題解消。",オフラス,,●,,,,,,,,,2024/04/02,データ不備,確認完了,,,,,,,,,,,,,,,,,,,,,,,,,,,,,,,,,,,,,,,
,819,2024/04/02,愛知,YJP大武,堂垣拓生,MRS（原油）按分エラーについて,,G：マスバランス,G：マスバランス,製油所受払月報,"■発生日：2024/4/2

■発生拠点：愛知事業所

■対応希望日：4/2中（決算締めに影響するため）

■事象
製油所受払月報チェックリストの帳票において，MRS（原油）の按分エラーが発生しています（添付ご参照ください）。
エラー解消策をご教示いただきたいです。

■あるべき姿
按分エラーが発生しない

■代替手段
なし

","■原因
MRS原油の総在庫よりも多い外貨在庫数量が設定されている(在庫修正設定の外貨在庫)のが
原因のようです。
3月末の総在庫　　73,987,378
3月末の外貨在庫　115,446,641

■対策
外貨在庫数量の設定が正しいかどうか、ご確認頂けますでしょうか。",オフラス,,,●,,,,,,,,2024/04/03,その他,確認完了,,,,,,,,,,,,,,,,,,,,,,,,,,,,,,,,,,,,,,,
,820,2024/04/02,千葉,YJP大武,伊藤祐希,製油所受払月報で、(製)分解ガソリンがマイナス在庫となる,,G：マスバランス,G：マスバランス,製油所受払月報,"■発生日：2024/04/02
■発生拠点： 千葉事業所
■対応希望日：最速で お願いします(月締めに影響するため)

■事象：
現状、下記の通りになっており、原因が不明のため調査のほど よろしく お願いします。
・(製)改質ガソリン蒸留油Zは、出荷に対して生産が計上されており、
　在庫が0となっている(マイナスになっていない)・・想定通り
・(製)分解ガソリンは、出荷に対して生産が計上されず、
　在庫がマイナスになっている。・・想定していない動き

■あるべき姿：
(製)分解ガソリンの生産が出荷量と同じ数量で計上され、在庫が0となる。
※各種伝票を確認したところ、(製)分解ガソリンの製造指図入庫が登録されていないようなので、
オフラスのマスタが原因でしょうか？

■代替手段：
なし
","■原因
原因は、TIMX612_MB品名マスタに当該品名の設定がないためであると考えられます。
※必要であればTIMX615_MB品名変換マスタ、TIMX102_作業品名マスタについても
　あわせてご確認、ご登録頂ければと思います。


■対策
リカバリ対応としましては、
上記MB品名マスタへのご登録(マスタメンテナンス)を実施頂いた後、
取り込めていなかったファイルを再取り込みして頂く必要がございます。
そのうえで、画面から月次処理を再実行して頂き、内容をご確認頂ければと思います。",オフラス,●,,,,,,,,,,2024/04/03,データ不備,確認完了,,,,,,,,,,,,,,,,,,,,,,,,,,,,,,,,,,,,,,,
,821,2024/04/03,北海道,YJP小見山,石井真紀,保税作業終了届が出力されない,,F：外航通関,帳票,,"■発生日：　2024/3/29
■発生拠点：　北海道製油所
■対応希望日： 来週中（4/8～4/12）
■事象
保税作業にて継続保税作業「P-2406-(C)」を実施し、印刷しようとしたとこと、保税作業終了届が
出力されない状態。（テンプレートのまま）

■あるべき姿
保税作業終了届が出力される

■代替手段
なし

3月10日にも作成したが、その時は出力されていた。
どうぞ宜しくお願い致します。
","■原因
PJT_問題点管理表No.3604（他所発生問題点）がリリースされていなかったことから発生しております。
リリース調整結果のリリース一覧への反映が漏れていたことが原因です。（申し訳ございません）
■対策
他所発生問題点のリリース対象問題を実務担当者様と再調整したうえで、ターゲットへのリリースを実施させていただきます。",オフラス,,●,,,,,,,,2024/04/18,2024/04/23,その他,確認完了,,,,,,,,,,,,,,,,,,,,,,,,,,,,,,,,,,,,,,,
,822,2024/04/04,愛知,YJP大武,古井珠実,製油所受払月報内に半製品スロップ（外貨）が反映されない,,G：マスバランス,G：マスバランス,製油所受払月報（半製品）,"■発生日：2024/4/3
■発生拠点：愛知事業所
■対応希望日：2024/4/4中　急なご依頼で申し訳ございません。
■事象
製油所受払月報（半製品）の帳票において，下記の半製品スロップの外貨在庫が反映されません。
※実地棚卸表においては外貨在庫が計上されています。
　・１）スロップナフサ
　・１）スロップ灯油
■あるべき姿
実地棚卸表に計上されている上記半製品スロップの外貨在庫が、製油所受払月報（半製品）に反映される。
■代替手段
特になし","■原因
打ち合わせにて確認頂きました通り、
オフラスで作成している受払月次データ上はPAID、BONDともに送信していました。
その後、SAP側にも電文にて上がっていることをご確認頂き、SAP側マスタ設定にて
受け取れていなかったことが分かりました。
※原因としては保守No819,822,823は同様のものとなります。

■対策
「1)スロップ品(外貨)」についても、あり得るパターンとしてSAP側マスタにご登録頂くことで、
参照可能になることをご確認頂きました。

※その後の調整等で、本対応は不要となった認識です。",オフラス,,,●,,,,,,,,2024/05/30,データ不備,確認完了,,,,,,,,,,,,,,,,,,,,,,,,,,,,,,,,,,,,,,,
,823,2024/04/04,愛知,YJP大武,古井珠実,原油受払月報　正しい在庫が取り込めていない,,G：マスバランス,G：マスバランス,製油所受払月報（原油）,"■発生日：2024/4/4
■発生拠点：愛知事業所
■対応希望日：2024/4/4中　急なご依頼で申し訳ございません。
■事象
原油受払月報の帳票において，オフラス在庫が正しく取り込めていない
※添付資料参照
■あるべき姿
オフラス在庫が原油受払月報と一致している
■代替手段
特になし","■原因
保守No819にてご連絡した通り、MRS原油に総在庫よりも多い外貨在庫数量が
設定されている(在庫修正設定の外貨在庫)ため、月次処理の在庫計算にて振替が実施され
原油の月次受払データに影響があったものと考えられます。（打ち合わせにてご確認頂いている通りです）
※原因としては保守No819,822,823は同様のものとなります。

その後の調査(4/5 16:00時点の愛知事業所DMP)にて、
デオドライズドCSの在庫量分だけ内貨品として残っており、引落がされていないことが分かりました。
在庫引落マスタを確認しましたところ、今回数量の不足した「マーズ」「オーマン」「マーバン」などに対し、
引落先として「デオドライズドCS」が設定されておりませんでした。
そのため原油総量と修正在庫数量が合っているにも関わらず、数量(引落可能数量)が不足し、
意図した在庫数量にならなかったと考えられます。

■対策
在庫引落マスタをメンテナンス頂く。引落にて「在庫なし」が発生した場合にはデータを確認頂く。
2024/04/24YJP追記：
月末在庫をSAP側と合わせるため、また納税転換によるマイナスを相殺するため増減払出伝票を発行する検討を実施致しました。その結果、問題ないと判断されたため、本日4/24に3月末データへのデータパッチを実施致しました。
2024/05/10追記：
5月月初対応として入出荷明細への伝票投入のためのテキスト伝文検討及び対応等を実施し、5月の月次データとして問題ないことまでを確認出来た認識です。その過程で、機械作成にて増減払出伝票が切られていた件について、現状問題はございませんが、今後への理解として増減払出伝票が機械作成される条件についてを引き続き調査致します。（その調査結果までをもって、本Noについてはクローズとさせて頂きたく考えております）※今後の対策については保守No836に移行
2024/05/20YJP追記：
増減払出の機械作成伝票が作成された条件を調査し、仕様書の記載通りであることが分かりました。
※調査結果をboxにアップしましたのでご確認の程、宜しくお願い申し上げます。
",オフラス,,,●,,,,,,,,2024/05/30,その他,確認完了,,,,,,,,,,,,,,,,,,,,,,,,,,,,,,,,,,,,,,,
,824,2024/04/05,愛知,YJP大武,堂垣拓生,14時のタンク定時在庫が表示されない。,,D：実績管理,D：実績管理,定時タンク在庫,"■発生日：　2024/4/4
■発生拠点：　愛知事業所
■対応希望日：　急がない　
■事象
2024年4月4日の14時のタンク定時在庫が表示されない。
OMC側の「全タンク実績」は送信されているようなので、オフラス側で受取れなかったのでしょうか？
(メッセージID：1651)
※15、16時のタンク定時在庫は確認できます。
■あるべき姿
2024年4月4日の14時定時在庫が表示される
■代替手段
無し。

2024/07/10追記(IKC堂垣)
次回発生時に再度問い合わせますので、本件は対応不要でクローズとしました。","■原因
愛知事業所よりDBダンプ受領して確認しました結果、
取り込まれなかった4/4 14:00の全タンク実績自体は受け取れていることが分かりました。
(メッセージを追って確認すると、取り込み処理がどこかで中断したものと考えられます)

実際に4/4にOMC側から送られた「全タンク実績」データを青井様からご提供頂き、
YJP三鷹検証環境で取り込みを実施しましたところ、本事象は再現せず、
正常に14:00データが取り込まれました。
4/4 14:00以降、愛知事業所でも再発していないようですので、
本件は一度「再現待ち」とさせて頂きたいと考えております。

■対策
再発生時、エラーログ等の収集等含めて、改めて調査させて頂きたいと考えております。
4/4 14:00データのリカバリ自体は、再度4/4 14:00タンク在庫データを取り込んで頂くことで
可能となる認識です。

2024/07/10 YJP:
発生後３カ月程度が経過しておりますが、再発はしていない認識です。
本番号での対応としては一度クローズさせて頂ければと考えております。
",オフラス,,,●,,,,,,,,,再現待ち,対応不要,,,,,,,,,,,,,,,,,,,,,,,,,,,,,,,,,,,,,,,
,825,2024/04/08,徳山,YJP小笠原,石津英明,住金東予向け1.5CブレンドSIM結果について,,K：ブレンドシミュレーション,K：ブレンドシミュレーション,混合比率合計100％チェック,"■発生日：2024/4/6
■対応希望日：
■事象
1.5CのSIMの際に混合比率の合計が100%であるにも関わらず「混合比率合計が100%ではありません　処理を続けますか？」というポップアップ画面が出てきます。そのまま「はい」を押して処理すると、きちんと混合結果が出て合格の結果となるものの何か気持ち悪いです。
こちらについては何かご存じでしょうか？知見があればご教示いただけますと幸いです。
ちなみに、比率　初期値、最大値、最小値を全て同じ固定値で入力しても「混合比率合計が100%ではありません　処理を続けますか？」のポップアップ画面は同じように出てきます。
https://app.box.com/folder/257641902666
■あるべき姿
■代替手段
","■原因
計算結果(OUTPUT2ファイル)の混合比率の合計が100になるかチェックしていますが、計算時に誤差が発生し、実際の計算結果が100にも関わらず「混合比率合計が100％ではありません。」のメッセージが表示されています。
■対策
誤差なく正しく計算するように修正します。

2024/04/10 YJP追記
検証結果エビデンスをBOXに格納しました。
https://app.box.com/file/1497190170060",オフラス,,,,●,,,,,2024/04/10,2024/04/16,2024/05/16,AP・コーディング,確認完了,,,,,,,,,,,,,,,,,,,,,,,,,,,,,,,,,,,,,,,
,826,2024/04/10,千葉,YJP大武,伊藤祐希,原油タンク受払表の作業区分『通油』について質問,,G：マスバランス,G：マスバランス,原油タンク受払表,"■発生日：2024/04/09
■発生拠点： 千葉事業所
■対応希望日：1週間程度(不具合が発生している訳ではないので そこまで急ぎません)
 
■事象：現状、原油タンク受払表で作業区分が『通油』になっているものは、
いったん削除して、作業区分を『入荷』で入力し直しています。
 
作業区分が『通油』になってしまうのは、『MB原油処理装置マスタ』へ
装置名と作業品名コードが登録されていないからという認識で良いでしょうか？
 
また、他のマスタ登録も必要であれば、併せて ご回答いただければと思います。
","■原因
なし（ご質問のため）

■対策
ご質問への回答：
> 作業区分が『通油』になってしまうのは、『MB原油処理装置マスタ』へ
> 装置名と作業品名コードが登録されていないからという認識で良いでしょうか？

上記につきまして、沼田様ご認識の通りとなります。
(他マスタへの登録は必要ない認識です)",オフラス,●,,,,,,,,,,2024/04/10,その他,確認完了,,,,,,,,,,,,,,,,,,,,,,,,,,,,,,,,,,,,,,,
,827,2024/04/12,千葉,YJP大武,伊藤祐希,原油処理実績表の原油受払実績表の欄が全て0になる,Q3：後続テスト実施可能,G：マスバランス,G：マスバランス,原油処理実績表,"■発生日：2024/04/11
■発生拠点： 千葉事業所
■対応希望日：緊急ではありあませんが、なるべく早く対応いただけると助かります。
※原油処理実績表の不具合の影響範囲が不明なので なんとも言えないところもありますが、
 
■事象：
・4/11の朝の段階：4/6までの原油タンク受払表の実績修正は完了しており、チェックは0になっていた。
・4/11 13～14時頃：原油タンク受払表の作業区分『通油』について質問(保守No826)の通りマスタ登録実施。
・4/11 14～15時頃：通常通り、原油タンク受払表の実績修正を実施(4/7分、4/8分)→在庫計算・更新処理を実施。
・原油タンク受払表の実績修正が完了したので正しく処理できたかを確認するため、
原油処理実績表を確認したところ、添付図のような状態になっていた。
 
■あるべき姿：原油受払実績表の欄に正しい数値が計上される(チェックが0になっている)
■代替手段：なし
","■原因
調査中です。
■対策
2024/04/15 YJP
千葉沼田様より以下メールを頂きましたので、クローズといたします。
-----
調査いただいている件、
>>原油タンク受払表の作業区分『通油』について質問(保守No826)の通りマスタ登録実施。
が原因でした。

マスタに、2Cを登録したことが原因で、原油タンク受払表(通油タンク)に、
本来、通油で登録されるべきデータが、入荷に置き換わっていました。

そのため、マスタから2Cを削除実施。→原油処理実績表は正しい状態になりました。

原因が判明しましたので、問題なければ本件クローズで お願いします。
-----",オフラス,●,,,,,,,,,,2024/04/15,その他,対応不要,,,,,,,,,,,,,,,,,,,,,,,,,,,,,,,,,,,,,,,
,828,2024/04/22,千葉,YJP和須津,伊藤祐希,オーダー日延べしたのに「仮伝」になっている,,I：伝票発行管理,A：オーダ管理,伝票更新,"■発生日：2024/4/22
■対応希望日：今月中　※4月実績締めまでに対応をお願いします
■事象
「5開平丸」・「愛栄丸」の出荷伝票が4/19で「仮伝」状態となっている。
元々4/19日出荷予定でしたが、4/19当日が荒天だったため4/20にオーダー変更しているため、4/19は伝票が自体無いのが正しい
■あるべき姿
4/19「仮伝」が無い状態
元々4/19日出荷予定だったが、4/19当日が荒天により4/20にオーダー変更している。
オーダーと一緒に伝票も4/19→4/20に変更されるのが正しい。
変更された4/20の伝票は「本伝」になっていたため、4/19に「仮伝」が残った原因についてご確認をお願いいたします。
■代替手段
4/19「仮伝」を手動で削除することは可能。なぜ「仮伝」で残っているのか確認をお願いします。","■原因
保守問題点管理表No.795にて対応すべき制御が漏れていたため、ボンド出荷オーダの船名変更時に船名変更前のオーダ情報に紐づく伝票情報が正しく削除されていませんでした。
■対策
ボンド出荷オーダの更新時、変更前のオーダに関連する伝票、協定書情報は削除し、更新後のオーダ情報で各情報を再作成するように修正します。",オフラス,●,,,,,,,,2024/04/25,千葉：2024/4/26,2024/04/26,AP・コーディング,確認完了,,,,,,,,,,,,,,,,,,,,,,,,,,,,,,,,,,,,,,,
,829,2024/04/22,徳山,YJP小見山,石津英明,係留施設使用届　帳票氏名変更依頼,,A：オーダ管理,帳票,係留施設使用届,"■発生日：　2024/04～

■発生拠点：　徳山事業所

■対応希望日：　2024年5月31日（金）まで　※急ぎません。

■事象
　係留施設使用届の帳票について、人事異動に伴い担当者氏名が変更となりましたので
　フォーマット変更宜しくお願いします。

■あるべき姿
  変更前担当者　檜　智子
　変更後担当者　内田　英雄
　　※住所・社名・役職名は変更ありません。

■代替手段
　帳票仕様時、入力修正。
","■原因

■対策
帳票内記載の担当者名を変更する

2024/05/09 YJP追記
検証結果エビデンスをBOXに格納いたしました。
<https://app.box.com/folder/262942583525>
・【No829】係留施設使用届 帳票指名変更依頼.xlsx",オフラス,,,,●,内,,,,2024/05/09,2024/05/14,2024/05/16,その他,確認完了,,,,,,,,,,,,,,,,,,,,,,,,,,,,,,,,,,,,,,,
,830,2024/04/22,北海道,YJP杉本,青井圭介,北海道Lab-Aidの工程試験結果連携の件,Q2：代替手段により後続テスト実施可能,L：試験管理,L：試験管理,工程試験,"■発生日：2024年4月17日？
■対応希望日：2024年4月23日
■事象
　同じ試料、採取時間で頻度違いの試験依頼が登録できてしまったため、
　工程試験結果連携で重複エラーが発生しため、同じ試験依頼が登録されてしまった
　原因について確認してもらいたい。
■あるべき姿
　同じ試験依頼が登録できないこと。
■代替手段
　採取時間をズラして登録。","■原因
　4/17 3:37 頻度W1を手動試験依頼され、同5:29に頻度SPが手動試験依頼されております。
　工程試験は頻度違いの依頼をマージする機能があるため、「受付待ち」状態以前の試験依頼が
　あってもエラーとはしない仕様となっております。
　今回はSPが試験依頼された時点ではW1は「受付待ち」状態であったため、試験依頼が可能です。
　しかしSPは工程頻度マスタの指定によりマージ不可の頻度のためマージはされませんでした。

■対策
　本動作は仕様通りのため、下記いずれかにてご対応いただきたいと思います。
　①採取時間をズラして登録いただく
　②W1にSPの試験項目を追加し、SPの試験依頼を削除いただく
　③SPの頻度通番を29以下にしマージ可能とする（運用上問題無いかご確認ください）
",IKC,,,,,,,,,,,2024/05/14,仕様通り,確認完了,,,,,,,,,,,,,,,,,,,,,,,,,,,,,,,,,,,,,,,
,831,2024/04/23,千葉,YJP和須津,伊藤祐希,BF380出荷船名変更の不具合について,,I：伝票発行管理,A：オーダ管理,伝票更新,"■発生日：2024/4/23
■対応希望日：今月中、可能であればGW前
※休日中は、出荷船名変更・バースバッチ変更の実施頻度が高くなるため
休日に入る前までに解消をお願いしたいです。
■事象
①4/22 BF380出荷において、「5開平丸」を「11日勝丸」へ“進捗管理”→“出荷船名変更”で変更し出荷を実施した
②出荷後伝票画面で「5開平丸」の仮伝が作成されている
※出荷オーダー画面では「11日勝丸」になっており、「5開平丸」はオーダー自体無い
■あるべき姿
出荷オーダーの無い伝票は作成されない
■代替手段
「仮伝」を手動で削除することは可能。なぜ「仮伝」で残っているのか確認をお願いします。
流量計積算記録表へ影響が無いかについても確認をお願いいたします。","■原因
保守問題点管理表No.795にて対応すべき制御が漏れていたため、船名変更前の内容に紐づく伝票が削除されていませんでした。
■対策
本件はNo.828と同じ原因となるため、保守問題点管理No.828にて管理致します。
",オフラス,●,,,,,,,,2024/04/25,2024/04/26,2024/04/26,AP・コーディング,確認完了,,,,,,,,,,,,,,,,,,,,,,,,,,,,,,,,,,,,,,,
,832,2024/04/23,千葉,YJP和須津,伊藤祐希,BF-LSバース変更後の不具合について,,I：伝票発行管理,A：オーダ管理,伝票更新、オーダ更新、協定書実績更新,"■発生日：2024/4/23
■対応希望日：今月中、可能であればGW前
※休日中は、出荷船名変更・バースバッチ変更の実施頻度が高くなるため
休日に入る前までに解消をお願いしたいです。
■事象
①4/22 BF-LS出荷において、「2若島丸」を6BT→7BTへ“進捗管理”→“バース・バッチ量変更”で変更し出荷を実施した
■あるべき姿
バース・バッチ量変更時はオーダー・協定書・伝票も変更が反映される
■代替手段
なし
※伝票においては手動でバースを変更することは可能だが、オーダー・協定書実績が実際の出荷バースと異なると今後実績確認の際に集計を誤るため
","■原因
保守問題点管理表No.795にて対応すべき制御が漏れていたため、バース変更前の内容に紐づくオーダ情報、伝票情報、協定書情報が更新されていませんでした。
■対策
本件はNo.828と同じ原因となるため、保守問題点管理No.828にて管理致します。
",オフラス,●,,,,,,,,2024/04/25,2024/04/26,2024/04/26,AP・コーディング,確認完了,,,,,,,,,,,,,,,,,,,,,,,,,,,,,,,,,,,,,,,
,833,2024/05/07,千葉,YJP村上,伊藤祐希," 外貨製品在庫日報
ステータスが実績未確定のまま進まない",,F：外航通関,A：オーダ管理,ボンド出荷オーダ_削除,"■発生日：2024/05/02
■対応希望日：５月１０日まで
■事象
5月1日分の外貨明細を確定させた後、5月２日4時時点の外貨製品在庫日報の集計処理を実施したところ、ボンド出荷のステータスが実績未確定から変わらない。
■あるべき姿
５月２日4時時点のボンド出荷のステータスが実績確定済みになっている。
（数値の集計自体は実施されているようです）
■代替手段
オフラスが修正されるまでの間は手作業で台帳管理を行う。
（補足）
心当たりとしては1日のJET内外貨同時運送の通常の挙動と異なっているように見えますので、そこが影響している可能性がございます（詳細については添付ファイルをご参照ください）
","■原因
オーダ管理側にてボンド出荷オーダ(オーダ管理NO：2404260005)を削除した結果、外航通関側のオーダ情報は正しく連携され削除されておりますが、インボイス(明細)情報の連携に不備があり削除されず残存しております。
当該残存データ(実績未確定)を外貨製品在庫日報が参照しているため左記事象が発生しております。
■対策
オーダ管理側にてボンド出荷オーダを削除した場合、外航通関側のオーダ情報とインボイス(明細)情報を削除するように修正いたします。
また、ボンド出荷ステータスを「実績未確定」から「実績確定済」に変更するためにデータパッチ（残存データの削除）にて対応いたします。

補足に記載していただいた内外貨同時の挙動は問題ございません。上記原因に記載いたしました不要なデータが残存していることが原因でございます。尚、当該事象は画面表示上の問題であり、不要なデータにて数量の集計および台帳への計上は実施しておりませんのでご安心願います。
2024/05/08 YJP追記
データパッチを実施。結果、問題無しとの回答受領

2024/05/22 YJP追記
検証結果エビデンスを下記に格納致しました。
https://app.box.com/folder/265519070203
・【No833】外貨在庫日報 未確定エラー.xlsx",オフラス,●,,,,,,,,2024/5/22,2024/05/29,2024/07/11,AP・コーディング,確認完了,,,,,,,,,,,,,,,,,,,,,,,,,,,,,,,,,,,,,,,
,834,2024/05/07,愛知,YJP柳田,佐々木基至,新IRIS向けタンク在庫日報連携データについて,,Y：通信管理,Y：通信管理,タンク在庫日報,"■発生日：2024/04/30
■対応希望日：5/7週中
■事象
愛知の新IRIS向けタンク在庫日報連携において、
2024/04/17、2024/04/19、2024/04/20、2024/04/25連携分について、
下記(*1)のように、「0-0.01」という値が連携データに存在している事が原因で新IRIS側で取込みができなかった。
 
仕様書には、下記(*2)のような記載があるが、「0-0.01」という値は連携データとして正しい値（仕様）なのかを確認させて頂きたい。
 
(*1)
｛実データ｝
｛抜粋｝
2024/04/190000003873PS        131102093000030010000000015.700000000000.99790000000000000000000000.50600014392920000-60146                                                                                                    0-0.01
 
（*2）
D:\Box\IOS20-PJ\00_全体共有\01_プロジェクト管理\90_納品関連\20230915_完成図書一式\01.運転管理\01.機能仕様書\15.通信管理\通信伝文フォーマット定義_v2.4
　●IOS20-OFL-SBM-T3-001_機能仕様書_通信_新IRIS(A0126)_タンク在庫日報_V2.0.xlsx
　　・FileType : ” Fixed”
　　・項目名: タンク気相部圧力
　　　┗総桁数：　　　　""6""
　　　┗Padding文字：　""0""　←(★Excelｺﾒﾝﾄ) 規定の長さに満たないデータのPadding文字を定義します。規定の長さに満たないデータは、「開始位置」で定義された向きへ寄せ、「Padding文字」で定義された文字で桁埋めします。
　　　┗備考：　　　　　""マイナス（-）符号が付く場合あり""
～～～～～～～～～～～～～～～～～～～～～～～～～～～～～～～～～～～～～～～～～～～～～～～～～～～～～～～～～～～～～～
上記仕様から、当該値 「0-0.01」は、「-0.01」に対して先頭0埋めされたものと思われますが、
上記(★Excelｺﾒﾝﾄ)に記載の文言について、Padding文字0が 前埋めor後埋め（""0-0.01"" or ""-0.010""）のどちらが仕様として正解なのか
がこちらでは読み解けなかったため、確認させて頂きたいです。
～～～～～～～～～～～～～～～～～～～～～～～～～～～～～～～～～～～～～～～～～～～～～～～～～～～～～～～～～～～～～～

■あるべき姿
－
■代替手段
以下の通り2024/05/02に暫定対応を実施済み。
＜2024/05/02暫定対応＞
先方（愛知：渡辺様）合意のもと、
取り込みエラーとなっていた全対象日分（2024/04/17、2024/04/19、2024/04/20、2024/04/25連携分）において、
「0-0.01」⇒「-0.010」に手動修正した連携ファイルの再連携（リカバリ）を実施し、
新IRIS側での取込みが正常に完了したことを確認済み。
","■原因

■対策
仕様書の「Padding文字」列の左隣に「Padding」列があり、「LPAD」または「RPAD」を定義します。
「LPAD」は文字列の左側に「Padding文字」を埋め、「RPAD」は文字列の右側に「Padding文字」を埋める指示定義となります。
「タンク気相部圧力」項目の場合は、「LPAD」と定義しているので、
「-0.01」に対して、左側に0を埋める仕様となります。

2024/05/17IKC
「タンク温度」（No.7）についてはマイナス(-)の左側に０Paddingしたデータであっても
エラー無く取り込めていることを確認しました。
「タンク気相部圧力」（No.25）で当該値を取り込めなかった理由は、
各項目毎に取り込み方法を指定するような設定パラメータがあり、
「タンク温度」と「タンク気相部圧力」とでその指定に相違があった事が判明しました。
よって、当対応としては「タンク気相部圧力」の当該設定を「タンク温度」と同設定に合わせる事で
対応する方向で進めてます。
「-.0000」や「.00399」（整数部省略）は実際にはあり得ない値とのことであれば、
仕様書の当該箇所をその旨修正頂けますでしょうか。

2024/05/20YJP追記
仕様書の当該箇所を修正いたします。
",オフラス,,,●,,,,,,,,2024/05/20,その他,確認完了,974,,,,,,,,,,,,,,,,,,,,,,,,,,,,,,,,,,,,,,
,835,2024/05/10,千葉,YJP和須津,伊藤祐希,JET内外貨同時運送　紐づけ不具合,,A：オーダ管理,A：オーダ管理,ボンド出荷オーダー一覧,"■発生日：２０２４年５月９日
■対応希望日：５月中まで
■事象
5月１０日出荷分のJET内外貨同時運送オーダー（朝日丸）において、オフラスを介して通関書類を
作成するため、通常通りボンド出荷オーダーと内貨出荷オーダーの紐づけを行った。
通常であればボンド出荷オーダー一覧に「内貨」の欄が表示されるのですが、今回は紐づけを行ったのにも関わらず、ボンド出荷オーダーの欄しか表示されなかった。
■あるべき姿
紐づけを行ったらボンド出荷オーダー一覧に「ボンド出荷オーダー」と「内貨出荷オーダー」の両方が
欄が表示される。
■代替手段
オフラスが修正されるまでの間は手作業で通関書類の作成を行う。","■原因
内航出荷オーダを更新しJET内外貨オーダとした場合に、インボイス(明細)情報の作成に不備がありました。
■対策
内航出荷オーダの更新時にインボイス(明細)情報を正しく作成するように修正いたします。

2024/05/22 YJP追記
検証結果エビデンスを下記に格納致しました。
https://app.box.com/folder/265516550219
・【No835】JET内外貨で不具合.xlsx",オフラス,●,,,,,,,,2024/5/22,2024/05/29,2024/07/11,AP・コーディング,確認完了,,,,,,,,,,,,,,,,,,,,,,,,,,,,,,,,,,,,,,,
,836,2024/05/10,愛知,YJP大武,青井圭介,【検討依頼】愛知3月締め原因調査及び対策について,,G：マスバランス,G：マスバランス,マスバラ、メッセージ一覧,"■発生日：2024/05/10
■対応希望日：
■事象
■あるべき姿
■代替手段

※保守No823の3月月次処理問題点からの派生
＜検討依頼＞
愛知3月締めの対策としてあがっていたメッセージ一覧の「在庫なし」メッセージについて、
現在の情報からエラーレベルへの変更についてご検討いただけますと幸いです。
","■原因
仕様変更

■対策
メッセージ一覧の「在庫なし」メッセージについて、現在の[情報]から[エラー]レベルへの変更

保守No836(「在庫なし」メッセージのエラー化)につきまして、
問題点管理表の進捗を「仕様整理中」とさせて頂きました。
検討結果、対応内容(ご要望仕様)について明確となっておりますので、
本件実施する場合、お見積り依頼を頂きたく考えております。

2024/05/30:
青井様よりお見積り依頼を頂きましたので工数検討実施",オフラス,,,●,,,,,,,,,その他,仕様整理中,,,,,,"メッセージ一覧の「在庫なし」メッセージについて、現在の[情報]から[エラー]レベルへ変更致します。
",IKC確認中,0.50人日,0.25人日,0.25人日,0.50人日,0.00人日,確認中,,,,,,,,,,,,,,,,,,,,,,,,,,
,837,2024/05/13,千葉,YJP小見山,近藤広美,三井寄託タンク在庫明細表　国産ナフサ(売上)が表示されない,,D：実績管理,F：外航通関,,"■発生日：２０２４年５月7日
■対応希望日： ５月24日まで
■事象：4月２５日２６日に三井向けにナフサを販売しました。
以前はタンクを変更した時の対応。今回は、販売しているのです。(新オフラスになって初めての取引かと思います)
　　　　今回、最初は伝票種別…その他　物流無関係で起票して在庫明細に反映したのですが、
　　　　輸型をパイプラインで行う事になったので、輸型を“５”にして起票したら、
　　　　一度取り込まれたデータが消えてしまい(※背景だけ色が残っていた)、
　再取り込みしたら、全て消えてしまった。
　現時点は、下記の様に伝票計上しています。
■あるべき姿：４月２５日２６日の伝票数量を寄託タンク明細表に反映する 
　　　　　　　　※保存しているExcelを添付します。
■代替手段：あり。
４月のタンク在庫明細は、 最初の伝票種別…その他　物流無関係で起票して在庫明細に反映したExcelを使用・保存済
■補足：５月１５～１７日に国産ナフサ(売上)で払出をする様になっています。
　　　　国産ナフサ(売上)から台帳引き落としができるようにして欲しいです。
","■原因
輸型：0（物流無関係）の伝票情報を抽出対象としていることから、輸型：5（パイプライン）に変更起票されたことから抽出出来ず、伝票が起票されていないと判断してクリアした状況となっております。
■対策
現状、伝票種別：12（その他）、輸型：0（物流無関係）の抽出条件に、伝票種別：03（パイプライン）、輸型：5（パイプライン）を追加いたします。

現在発生している事象の暫定対応として、伝票種別：12（その他）、輸型：0（物流無関係）に変更致しますので、寄託タンク在庫_シフト出荷明細設定(台帳作成)機能を使用いただき、国産ナフサ(売上)に計上願います。

2024/05/03 YJP追記
検証結果エビデンスを下記BOXに格納致しました。内容のご確認をお願い致します。
https://app.box.com/folder/265762943771
・【No837】三井寄託タンク在庫明細表_国産ナフサ（売上）が表示されない.xlsx",オフラス,●,,,,,,,,2024/05/23,2024/05/29,2024/07/11,設計不備,確認完了,,,,,,,,,,,,,,,,,,,,,,,,,,,,,,,,,,,,,,,
,838,2024/05/13,愛知,YJP小見山,堂垣拓生,RIBP010004_ブレンド出荷タンク在庫チェック表について,,B：作業計画管理,B：作業計画管理,ブレンド出荷タンク在庫チェック表,"■発生日：　2024/5/10
■対応希望日：急がない　
■事象
RIBP010004_ブレンド出荷タンク在庫チェック表において、有効在庫はどのように取得しているでしょうか？
仕様書には「タンクNoに対応するタンク在庫予想情報の数量」となっていますが、装置流出量、生産シフトでの使用量
を加味しても、添付資料のような数値にはならないと思われます。
■あるべき姿
不具合がある場合は正しく取得できるようにする
■代替手段
タンク定時在庫で有効在庫を確認

2024/12/03追記
2024/10/31に頂いたご回答で計算ロジックにつていは理解できました。
ただ、実運用上今回のように終了予定日を大幅に超えることは多々あります。何か回避策のようなものは無いでしょうか？※2024/11/5返信のメールに上記を記載。(堂垣)

2024/12/23追記
回避策承知しました。
本件、不具合ではない為クローズとします。(堂垣)","■原因
「ブレンド出荷タンク在庫チェック表」の有効在庫量はタンク在庫予想の払出可能数量から取得していますが、この値の算出が正しいかを調査中

2024/08/23 YJP追記
本件仕様通りの算出内容です。
5/10 19:30時点で作業中のJOBが1件、また5/10 19:30時点で作業前のJOBが1件存在し、実績値と予定数量を差し引いて算出しているため有効在庫の値をオーバーしマイナス値で表示されています。

■対策
作業中の実績値は更新されていくため、同値での確認が難しくおおよその値で算出しての確認となります。
類似の現象が発生した場合はできるだけ同タイミングでのDMP取得を依頼させて頂きます。

2024/12/20 YJP追記
対象の作業中の装置受払JOBの終了予定日について、装置受払作業予定 - 修正・削除画面より終了予定日に未来日を入力、登録して頂くと回避が可能です。※もともと終了予定日時は切替条件と流量をもとに計算を行っています。",オフラス,,,●,,,,,,,,,仕様通り,確認完了,,,,,,,,,,,,,,,,,,,,,,,,,,,,,,,,,,,,,,,
,839,2024/05/14,愛知,YJP大武,堂垣拓生,「ボンド品受払表」が検索できない件について,,G：マスバランス,G：マスバランス,[VIGC020201] - ボンド品受払表,"■発生日：2024/05/13
■発生拠点：愛知事業所
■対応希望日：５月３１日まで

■事象
マスバランス 商品管理の「ボンド品受払表」が検索できない。

■あるべき姿
「ボンド品受払表」が検索できる。

■代替手段
なし。","■原因
本件、仕様通りの動作となります。
TIMX656（ボンド品受払表設定マスタ）に設定されている品名のうち、
指定月の受払月次データ、伝票データ内のボンド品を検索する機能となりますので、
ご連絡頂きました2024年04月にはマスタに設定された品名（外貨）が存在しないため、
検索結果が「該当データがありません。」（画面左上のメッセージ）となっていると考えられます。

■対策
仕様通りのため、対策はございません。
(もし表示期待値があった場合は改めてご連絡をお願いいたします)",オフラス,,,●,,,,,,,,"2024/05/20
",仕様通り,対応不要,,,,,,,,,,,,,,,,,,,,,,,,,,,,,,,,,,,,,,,
,840,2024/05/14,愛知,YJP大武,青井圭介,新IRIS操業品質へのデータ連携,,G：マスバランス,G：マスバランス,「原油品名別受払累計表」「払出―通油量」,"■発生日：
■対応希望日：
■事象
■あるべき姿
■代替手段

北海道製油所からオフラス⇒新IRIS操業品質へのデータ連携について
問合せを頂いているので、ご回答頂けますでしょうか。
 
＜問合せ内容＞
オフラス画面の「原油品名別受払累計表」に表示される、「払出―通油量」は新IRIS操業品質へ連携されているか。
連携している場合、どの連携で実施されるでしょうか？
","■原因
■対策

＜回答内容＞
オフラスの商品管理の帳票「原油タンク別品名別日報月報」の品名別での払出－通油量については
新IRISへの連携項目ではありません。(「原油タンク別品名別日報月報」にはタンク別の表示もありますが、どちらにしても連携対象ではありません。)

※お電話及び5/13にメールで回答した内容と同様になります。

上記回答にて他に確認事項等なければ、クローズ頂けますようお願い致します。",オフラス,,●,,,,,,,,,2024/05/14,その他,確認完了,,,,,,,,,,,,,,,,,,,,,,,,,,,,,,,,,,,,,,,
,841,2024/05/15,千葉,YJP那須,佐々木基至,バイオガソリン出荷明細（差分確認表）帳票内容の誤り,,I：伝票発行管理,I：伝票発行管理,バイオガソリン出荷明細,"■発生日：2023年10/1以前より
■対応希望日：2024年5月末まで
■事象
オフラス帳票バイオガソリン出荷明細（差分確認表）のETBE数量について総合計とロット毎の数量との間に差分が生じている。
（ロット毎の数量を小数点第3位以下で四捨五入する為、総合計との間に差分が発生）

■あるべき姿
全ての帳票に正しい情報が反映されている。（総合計とロット毎の数量の差異が見られないこと）

■代替手段
毎回手作業による修正を実施しております。作業頻度は毎月（月初）1回程度ではありますが、非常に手間がかかっていることから、作業効率と精度向上の観点から対応をお願いしたい。
","■原因
事象に記載いただいた通り、総合計（品名情報）のETBE数量、ロットごと（タンク情報）のETBE数量それぞれ小数点以下第3位で四捨五入して求めているためとなります。

■対策
吉田様へのご確認の結果、バイオガソリン出荷明細の品名情報のETBE数量の計算方法を「タンク情報のETBE数量の合計値」となる（ロットごと（タンク情報）のETBE数量（四捨五入後）の合計に合わせる）ように修正いたします。

＜2024/09/18：IKC追記＞
06/06：依頼元ユーザに改修費用（概算金額）提示
06/10：仕様変更について千葉検討
09/10：一定期間経過後も実施要否のご連絡が無いため、
       　　　本件をクローズさせて頂く旨、依頼元ユーザに連絡
本件クローズ",オフラス,●,,,,●,,,,,,2024/09/18,仕様通り,対応不要,,,,,,バイオガソリン出荷明細の品名情報のETBE数量の計算方法を「タンク情報のETBE数量の合計値」となる（ロットごと（タンク情報）のETBE数量（四捨五入後）の合計に合わせる）ように修正いたします。,IKC確認中,0.50人日,1.00人日,1.00人日,0.75人日,0.00人日,確認中,,,,,,,,,,,,,,,,,,,,,,,,,,
,842,2024/05/16,徳山,YJP和須津,石津英明,オフラス-作業計画-出荷分割品マスタを使用してのJOBNo.設定不可について,,B：作業計画管理,B：作業計画管理,JOBNo設定,"■発生日：2024/5/16
■対応希望日：急ぎません
■事象
出荷分割品マスタを登録し、その内容のJOBNo.設定がエラーによりできない。
　　　　※分割自体は機能してるので、マスタ内容としては問題ないと考えてます。

■あるべき姿

■代替手段
単品での対応","■原因
規格取得用統一品名略号マスタの補正にて対応可能かを調査中

2024/08/05 YJP追記
出荷品分割時は規格取得用統一品名略号マスタ、作業品名条件変換マスタ、作業品名マスタの順に参照して統一品名略号を取得しています。
今回は規格取得用統一品名略号マスタより作業品名：SLOP-N、統一品名略号：SLP-Nを取得しJOBNo設定時の伝文に設定していますが制御側にこの組み合わせがなくJOBNo設定時にエラーとなっています。
■対策
規格取得用統一品名略号マスタの作業品名：SLOP-N、統一品名略号：SLP-Nの組み合わせの削除対応をお願いいたしします。
削除後、作業品名：SLOP-N、統一品名略号：SLOP-Nの組み合わせでJOBNo設定可能です。
また、出荷品分割のもう一方の作業品名：VCに関しても作業品名条件変換マスタに作業品名：VC、統一品名略号：3.6C-300の組み合わせが存在しますが、規格情報が存在しないためJOBNo設定時にエラーが出ています。こちらも削除対応することで作業品名：VC、統一品名略号：VCの組み合わせでJOBNo設定可能です。

2024/08/06　YJP追記
以下に検証エビデンスを格納致しました。
https://app.box.com/folder/278619776835",オフラス,,,,●,,,,,2024/08/06,,2024/08/16,データ不備,確認完了,,,,,,,,,,,,,,,,,,,,,,,,,,,,,,,,,,,,,,,
,843,2024/05/20,愛知,YJP田中,古井珠実,外航通関　1）JETA-1　実績数量変更依頼・ボンド出荷オーダー一覧不要オーダ削除の依頼,,F：外航通関,F：外航通関,,"■発生日：5/17
■対応希望日：5/24（金）
■事象
5/16出荷分　JET出荷の外貨・内貨の端数処理が外貨のオーダー1本に集約され流量計で確定された数量と協定数量が一致せず外貨台帳の引き落としが出来ない。
また、オーダが途中で変更になり不要なオーダがボンド出荷一覧表に残っている。（他不要なオーダあり）　　　　　　　　　　　
■あるべき姿
協定数量で台帳が引き落とし出来る。
不要なオーダは間違え防止のためオーダ画面から消える。
■代替手段
なし

2024/05/22追記
右記対策を実施し、問題なく次の作業へ進めることを確認しました。堂垣","■原因
外貨製造搬出一覧から台帳引き落としが出来ないのは不要なボンド出荷オーダが「実績」未確定の状況のためです。
流量数値が合わないのは協定書を手書きで作成されていることが原因と判断します。
■対策
不要なボンド出荷オーダを削除することで外航通関にて台帳引落は可能となります。
システム管理者権限にてログインしていただき、削除機能を使用して削除願います。
流量数値に関しては業務運用上問題が無ければ、実績管理のファイルメンテ機能を使用して修正願います。当該機能で修正された内容は外航通関側にも連携されます。",オフラス,,,●,,,,,,,,2024/05/22,その他,確認完了,,,,,,,,,,,,,,,,,,,,,,,,,,,,,,,,,,,,,,,
,844,2024/05/22,千葉,YJP小見山,沼田知樹,ベンゼン発生量調査票に出力される品名について,,G：マスバランス,帳票,ベンゼン発生量調査票,"■発生日：2024/05/21
■対応希望日：最短で お願いします
(5/22中に回答いただけると助かります。遅くとも5/23中には回答いただきたいです)
■事象：ベンゼン発生量調査票にて、出力されるタンクは、
どのシステム定数(もしくは、マスタ？)で制御しているのでしょうか？
※仕様書を見ると、システム定数と記載されています。
数年前には出力されていたタンクが、今年度分で出力されなくなったため、
ご教授いただきたく思います。
■あるべき姿：必要なタンクが出力される。不要なタンクは出力されない。
■代替手段：なし 

(2024/05/23 YJP追記)
以下の表のタンクについて、「ベンゼン発生量調査票」へ出力できるよう、ご対応お願いします。
タンクNO	品名
10227	LGO-LS
10228	LGO-LS
10233	LGO-HS
10234	LGO-HS
1317		LSIHA
1319		0.5A
20159	0.5A
20162	0.5A
20263	LGO-HS
","■原因
データは、3つのテーブルを参照して取得しています。
・タンクマスタ(TIMX201)
・MB品名変換マスタ(TIMX615)
・商品タンク受払(TIGX002)

下記条件を満たしたデータが存在する場合、「ベンゼン発生量調査票」に出力されます。
・【タンクマスタ】の「タンクタグNo」と【商品タンク受払】の「設備コード」が一致するデータ
・【商品タンク受払】の「設備区分」が[ '2'(タンクタグNo)]のデータ
・【商品タンク受払】の「商品在庫日付」が指定した年月日内のデータ
・【商品タンク受払】の「全社統一品名コード」と【MB品名変換マスタ」の「全社統一品名コード」が一致するデータ
・【商品タンク受払】の「全社統一品名コード」が下記範囲内の数値のデータ
　(全社統一品名コード)
              ・40000000　～　49999999
              ・11100000　～　11199999                       ・11200000　～　11299999
              ・11300000　～　11399999                       ・11400000　～　11499999
              ・11310405　～　11310405                       ・61000000　～　61099999
              ・64000000　～　64099999                       ・88800000　～　88899999
              ・63000000　～　63099999                       ・99900000　～　99999999
              ・62100000　～　62199999                       ・26220301　～　26220301
              ・26220300　～　26220300                       ・11220007　～　11220007
              ・12120200　～　12120200                       ・65120205　～　65120205
              ・12110507　～　12110507                       ・62000000　～　62099999
加えてドームルーフタンク(受入量)の場合は
・【タンクマスタ】の「タンク種別区分」が　['4']のデータ
フローティングタンク(払出量)の場合は
・【タンクマスタ】の「タンク種別区分」が　['1','2','3','4']のデータ
が判別条件に追加されます。

■対策
・条件を満たせているかマスタデータを確認していただき必要であれば修正いただく。
・条件の変更を行い出力したいデータが正しく出力できるよう帳票を修正する

(2024/05/27 YJP追記)
追加希望タンクの油種が全社統一品名コード取得対象外の為、取得対象に変更する。

(2024/05/29 YJP追記)

検証結果エビデンスをBOXに格納いたしました。内容の確認をお願いいたします。
<https://app.box.com/folder/267097016843>
・【No844】ベンゼン発生量調査票に出力される品名について.xlsx
",オフラス,●,,,,内,,,,2024/05/29,2024/06/25,2024/07/11,その他,確認完了,,,,,,,,,,,,,,,,,,,,,,,,,,,,,,,,,,,,,,,
,845,2024/05/23,千葉,YJP和須津,伊藤祐希,ボンドバンカー本船情報　総トン数入力桁増やしのご依頼,,A：オーダ管理,A：オーダ管理,本船情報入力,"■発生日：2024/5/22
■対応希望日： 6月中　税関書類の修正対応を実施しているためできれば6月中のご対応をお願いしたいです
■事象
5/23出荷、本船「MSC BELLISSIMA」向けのBF380オーダー確定時において、
総トン数171598.00を登録しようとしたところ、“入力値のフォーマット/入力文字数が正しくありません”のメッセージが表示され登録できなかった。
そのため、仮で総トン数を99999.00で登録し、生産管理課での書類作成時手修正で正しいトン数を入力していただいた。
■あるべき姿
“MSC BELLISSIMA”以外にもトン数６桁の大型客船向けオーダーが月２回以上ある状況のため、
ボンドバンカーオーダー本船情報入力欄の、総屯数は整数6桁小数点以下２桁登録できるようにして頂きたい、また、入力欄は税関書類に合わせて「純屯数または総屯数」へ変更いただきたいです。
■代替手段
なし","■原因
仕様変更として対応致します。
■対策
仕様変更として対応致します。
対象機能
画面
・VIAA020805（オーダ管理）
・VIFX040102（外航通関）
・VIXH000017（入力補助）
帳票
・RIAP020001（オーダ管理）
・RIFP040001（外航通関）
・RIGP000023（マスバラ）
改修内容
・タイトル名を「総屯数」⇒「純屯数または総屯数」
・数量表示を99,999.99⇒9,999,999.99（データ登録可能最大桁数に合わせます）

＜2024/09/18：IKC追記＞
06/06：依頼元ユーザに改修費用（概算金額）提示
06/11：仕様変更について千葉保留
09/10：一定期間経過後も実施要否のご連絡が無いため、
            本件をクローズさせて頂く旨、依頼元ユーザに連絡
本件クローズ


",オフラス,●,,,,,,,,,,2024/09/18,仕様変更,対応不要,,,,,,"下記機能に関して、改修(改修内容)いたします。
画面
・VIAA020805（オーダ管理）
・VIFX040102（外航通関）
・VIXH000017（入力補助）
帳票
・RIAP020001（オーダ管理）
・RIFP040001（外航通関）
・RIGP000023（マスバラ）
改修内容
・タイトル名を「総屯数」⇒「純屯数または総屯数」
・数量表示をZZ,ZZ9.99⇒Z,ZZZ,ZZ9.99（データ登録可能最大桁数に合わせます）

",IKC確認中,1.00人日,1.00人日,1.00人日,1.00人日,0.00人日,確認中,,,,,,,,,,,,,,,,,,,,,,,,,,
,846,2024/05/28,千葉,YJP小見山,近藤広美,輸入実績明細書表示（全油種表示されない）,,F：外航通関,帳票,RIFP050012_輸入実績明細書,"■発生日：２０２４年５月２８日
■対応希望日： 特になし
■事象： 原油は表示されるがその他の油種は表示されない。
■あるべき姿：輸入した貨物　全油種表示する 
　　　　　　　　※保存しているExcelを添付します。
■代替手段：なし。 
■補足： この様な機能があるのは知っていましたが、
千葉は使用頻度が少ないので対応希望日は特にありません。
以前、徳山不具合【保守_問題点管理表No.816(徳山)】で対応していただいているかと思います。　　　　この対応と同じ内容で良いかと思っております。
　　　　その時、確認したメールを添付致します。
","■原因
PJT問題点No3206対応の際に、原油が存在する場合の出力内容が原油のみとなっていたことが原因です。
■対策
原油が存在する場合に、ナフサ、LPG、その他を正しく出力できるよう修正します。

2024/06/17 YJP追記
検証結果エビデンスをBOXに格納いたしました。内容のご確認をお願いいたします。
<https://app.box.com/file/1562856832650>
・【No846(千葉)】【No850(徳山)】輸入実績明細書.xlsx

2024/06/19 YJP追記
徳山より帳票が正しく表示されておらず、「その他」欄の数量がKL単位でない為　確認NG

2024/06/21 YJP追記
再検証結果エビデンスをBOXに格納いたしました。内容のご確認をお願いいたします。
<https://app.box.com/file/1567409905644>
・【No846(千葉)】【No850(徳山)】輸入実績明細書_NG対応.xlsx
",オフラス,●,,,,,,,,2024/06/21,2024/10/23,2024/11/15,AP・コーディング,確認完了,,,,,,,,,,,,,,,,,,,,,,,,,,,,,,,,,,,,,,,
,847,2024/05/29,北海道,YJP杉本,青井圭介,工程試験依頼画面操作不可,Q2：代替手段により後続テスト実施可能,L：試験管理,L：試験管理,工程試験依頼,"■発生日：2024/05/29から１週間以内
■対応希望日：
■事象
　警防課YO装置で工程試験依頼をしようと、サンプル一覧画面から依頼→工程試験依頼の
　ボタンを押すと先へ進まない（操作不可となる）
　その際、タスクバーのラボエイドのアイコンにマウスを合わせると
　工程試験依頼指定の画面が真っ白な状態で表示される（クリックしても画面には出てこない）
　一度ラボエイド画面閉じたりしても再現し、状況変わらず。

■あるべき姿

■代替手段
","■原因
　提供DMPにて確認しましたが再現せず、マスタ・データの問題でないと推測されます。

■対策
　PC再起動にて改善され、再発やその他の問題も発生ないことを確認いただきました。
　根本的な原因は不明ですが様子見として、本件はクローズさせていただきます。
",オフラス,,●,,,,,,,,,2024/05/30,再現待ち,確認完了,,,,,,,,,,,,,,,,,,,,,,,,,,,,,,,,,,,,,,,
,848,2024/05/29,徳山,YJP大武,石津英明,フラス-入荷作業がJOB終了したが伝票が仮伝のままについて（徳山事業所）,,A：オーダ管理,A：オーダ管理,内航船内外貨同時入荷時の仮伝作成,"■発生日：　2024/05/28
■発生拠点：徳山事業所
■対応希望日：1週間程度
■事象：入荷作業を実施後JOB終了・実績登録まで完了しているが伝票ステータスが本伝にならず仮伝のまま。
■代替手段
対象伝票については、手動作成し対応
","■原因
2024/05/31YJP:
本件、更なる調査が必要であり、修正も必要となる可能性がございます。
「対応希望日：1週間程度」となっておりましたので、まずはご一報にて
状況連絡をさせて頂きましたが、改めて調査・改修時間を頂きたいと考えております。
(ここまでで判明している内容)
　「内航船の外貨品入荷（内外貨同時）」と判定された場合、
　オーダ確定の仮伝票情報作成時に、本来であれば内貨用と外貨用で二つの
　仮伝票情報が作成されますが、今回外貨の一件のみが作成された状態となっておりました。
　そのため、更新する際にデータの整合が取れずに、更新されないまま仮伝の状態となったと考えられます。
　引き続き調査を継続させて頂きます。

2024/06/12 YJP追記
PJT問題点No.3601対応にて、入荷オーダはインボイスごとに伝票作成する修正をしていますが
内外貨の内航入荷オーダの場合が考慮されておらず、インボイスのデータが外貨分しか作成されないため
内貨分の伝票が作成、更新されていませんでした。

■対策
内外貨の内航入荷オーダ更新時には内貨用と外貨用の伝票を作成、更新するように修正致します。

2024/07/11　YJP追記
以下に検証結果エビデンスを格納しました。
https://app.box.com/folder/274395575362",オフラス,,,,●,,,,,2024/07/11,2024/07/23,2024/08/01,AP・コーディング,確認完了,,,,,,,,,,,,,,,,,,,,,,,,,,,,,,,,,,,,,,,
,849,2024/06/03,愛知,YJP村上,堂垣拓生,タンク在庫日報に「0.4C」が表示されない件について,,D：実績管理,D：実績管理,タンク在庫日報,"■発生日：2024/06/03
■対応希望日：6/3中希望
■事象
2024/6/1時点のタンク在庫日報において，「0.4C」の情報が表示されない。
※5/31時点で出力すると、「0.4C」がタンクNo3204に9,914.013KLの在庫で表示されます。
■あるべき姿
2024/6/1付のタンク在庫日報で「0.4C」の情報が表示される。
■代替手段
なし","■原因
標記の保守問題点No849について調査いたしました。
ご提供いただいたDBを確認したところ、商品タンク在庫(TIGX001)に、
「0.4C」(タンク3204/ 3207)の6/1以降のデータが存在しておりませんでした。
そのためタンク在庫日報に表示されていないものと考えられます。
※タンク在庫1日データ(TIDC022)についても確認しましたが、
　6/1以降は当該タンクの実績データがございませんでした。

> ■あるべき姿
> 2024/6/1付のタンク在庫日報で「0.4C」の情報が表示される。

上記回答内容について改めてご確認頂いたうえで、
表示されるべきデータがございましたら、お手数ですが期待値についてご教示ください。

■対策

2024/06/04 IKC
・北浜SDMによりタンク在庫のデータが連携されなかったことが原因。
・暫定処置（5/31タンク在庫）にて本社報告することで問題解消
",オフラス,,,●,,,,,,,,2024/06/04,仕様通り,対応不要,,,,,,,,,,,,,,,,,,,,,,,,,,,,,,,,,,,,,,,
,850,2024/06/04,徳山,YJP小見山,山本しのぶ,外航通関-輸入実績明細書（徳山事業所）,,F：外航通関,帳票,RIFP050012_輸入実績明細書,"■発生日：　2024/6/4
■対応希望日：急ぎません。
■事象：
　 [VIFX050501] - 輸入実績明細書作成において、
下記輸入データが帳票に取り込まれません。
原因をご教示願います。

・荷役終了日時：2024年6月1日　01時15分　（徳山は5月入荷）
・品名：1）軽油　
・数量：5,638.260KL
・船名　：NEW HARMONY
・積出港：YOSU(韓国)
■あるべき姿：
帳票の[その他]に取り込まれる。
■代替手段
　手修正
","■原因
対象データは取得出来ていますが、取得したデータを正しく出力できていないことが原因です。
■対策
原油、ナフサ、LPG、その他　のデータが存在する場合に正しく出力できるよう修正します。

2024/06/17 YJP追記
検証結果エビデンスをBOXに格納いたしました。内容のご確認をお願いいたします。
<https://app.box.com/file/1562856832650>
・【No846(千葉)】【No850(徳山)】輸入実績明細書.xlsx

2024/06/19 YJP追記
帳票が正しく表示されておらず、「その他」欄の数量がKL単位でない為　確認NG

2024/06/21 YJP追記
再検証結果エビデンスをBOXに格納いたしました。内容のご確認をお願いいたします。
<https://app.box.com/file/1567409905644>
・【No846(千葉)】【No850(徳山)】輸入実績明細書_NG対応.xlsx
",オフラス,,,,●,,,,,2024/06/21,2024/06/25,2024/06/26,AP・コーディング,確認完了,,,,,,,,,,,,,,,,,,,,,,,,,,,,,,,,,,,,,,,
,851,2024/06/05,千葉,YJP大武,伊藤祐希,棚卸在庫自動引落明細に反映されない,,G：マスバランス,G：マスバランス,棚卸在庫自動引落明細,"■発生日：2023年06月05日
■発生拠点： 千葉事業所
■対応希望日：本日中(月締めの処理であるため)
 
■事象：新規の預かり在庫(0.5A重油)が発生したため、品名関連マスタ、MB品名マスタを登録。
その後、製油所受払月報処理を実施したが、棚卸在庫自動引落明細へ反映されません。
 
品名関連マスタ、MB品名マスタ、在庫引き落としマスタを再確認しましたが、
特に問題ないように見えるので、本事象の原因調査を お願いします。
 
■あるべき姿：棚卸在庫自動引落明細が添付のようになる。

2024/06/06 追記
試しに、マスタの設定を変更せず再度 月報処理をしたところ、症状が改善されました。
お手数を おかけしましたが、本件クローズで大丈夫です。

","■原因


■対策
",オフラス,●,,,,,,,,,,2024/06/06,その他,対応不要,,,,,,,,,,,,,,,,,,,,,,,,,,,,,,,,,,,,,,,
,852,2024/06/06,北海道,YJP村上,秦野築,オフラス品名関連マスタ変更について,,M：マスタ管理,その他,,"■発生日：2024/06/06
■対応希望日：6月10日まで
■事象
本件問い合わせとなります。
オフラスの品名関連マスタにおいて既に登録されている品名の「簡略品名コード」を変更することは可能でしょうか？
＊カーボンクレジット燃料油販売に伴う品名追加作業を実施しておりましたが、陸上出荷システムにおいて簡略品名コードを下4桁までしか認識することができませんでした。
・正常な簡略品名コード登録例
　オフラス：00001　→　陸上出荷システム：0001　下4桁のみ登録
・困っている例
　オフラス：10001　→　陸上出荷システム：0001　 
既に登録されているコードと区別がつかない状況になっている。
■あるべき姿
なし
■代替手段
オフラス品名マスタを適切な簡略品名コードを設定し、再登録する。","■原因
仕様通り
■対策（回答）
品名関連マスタに既に登録された「簡略品名コード」の[変更]は不可能でございます。
一旦[削除]していただいてから、あらためて[登録]していただくことになります。
カーボンクレジット燃料油販売に伴う品名追加作業においては、予め陸上出荷システムを考慮し、品名関連マスタに既に登録されていない「簡略品名コード」にて登録していただければと判断いたします。
（以下補足です）
仮に品名関連マスタに既に登録された「簡略品名コード」を変更（削除して登録）する場合は、変更前の「簡略品名コード」を使用されていないか過去データの調査および、使用されている場合は変更（データパッチ）作業が発生いたします。
また、「簡略品名コード」は各サブシステムにおけるマスタにおいても保有していることから、カーボンクレジット対応品名を使用する業務のマスタにも登録が必要となります。
たとえば、カーボンクレジット対応の品名（簡略品名コード）を外航通関業務にて使用するのであれば、追加された品名（簡略品名コード）を内外貨在庫品名マスタ、等に追加していただく必要がございます。",オフラス,,●,,,,,,,,,2024/06/07,その他,対応不要,,,,,,,,,,,,,,,,,,,,,,,,,,,,,,,,,,,,,,,
,853,2024/06/10,愛知,EXE吉田,堂垣拓生,重災防止管理項目チェックツールの不具合について,,A：オーダ管理,帳票,RIAP010008_重災防止管理項目チェックツール,"■発生日：2024/06/5
■対応希望日：
■事象
チェックシートに値が出力されない。
■あるべき姿
チェックシートに値が出力される。
■代替手段
なし","■原因
帳票起動時にチェックシートに対する書き込み処理の記載漏れ
■対策
帳票起動時の処理にチェックシートに書き込む処理を追加する

2024/06/11 EXE追記
修正エビデンス確認依頼を実施。

2024/06/24　EXE追記
確認結果問題なしと回答受領。
リリース依頼準備中

2026/05/29　YJP大塚追記
改めてエビデンス確認依頼を実施

■棚卸
2026/04/27：あらためて不具合対応状況（統一版、個別版）を確認する事から再開する
2026/06/24：現地確認待ち（連絡ない場合は次回クローズ）",オフラス,,,●,,,,,,"2024/6/11
2026/5/29",2026/06/18,,AP・コーディング,確認中,,,,,,,,,,,,,,,,,,,,,,,,,,,,,,,,,,,,,,,
,854,2024/06/14,千葉,YJP村上,近藤広美,保税台帳詳細　残数量が正しく表示されない,,F：外航通関,F：外航通関,"保税台帳詳細
継続保税作業","■発生日：2024/06/14
■対応希望日：2024/06/21
■事象
保税台帳詳細の残数量が正しく表示されない
■あるべき姿
前日残数量から数量を差し引いた数量 
■代替手段：なし
■補足
５月１４日の保税作業実施時に保税作業計画画面で一度削除し再登録しています。
 外貨在庫日報は正しい残数量になっています。
６月１１日積戻し分を引き落としています。こちらの残数量も修正お願いします。


","■原因
継続保税作業画面での取消処理の際、残数量の計算に不備がありました。
■対策
残数量の計算時に誤差が起きないよう修正いたします。

暫定対応としてデータパッチにて残数量を修正いたします。

2024/06/18 YJP追記
データパッチを実施しました。ご確認をお願いいたします。

2024/06/19　YJP追記
検証結果エビデンスを格納しました
https://app.box.com/folder/270822004192",オフラス,●,,,,,,,,2024/06/19,2024/09/26,2024/11/15,AP・コーディング,確認完了,,,,,,,,,,,,,,,,,,,,,,,,,,,,,,,,,,,,,,,
,855,2024/06/17,愛知,YJP小見山,堂垣拓生,バース繰り表に表示されないオーダーがある,,A：オーダ管理,帳票,RIAP010002_バース繰り表,"■発生日：　2024/6/17
■対応希望日：　急がない　
■事象
バース繰り表において、出力されないオーダーがある。
■あるべき姿
全てのオーダーが表示される。
■代替手段
手動で帳票を作成する。

YJP追記(2024/07/16)
印刷時2枚目以降の印鑑欄を表示させないようにしてほしい","■原因
データ表示上限の際の新規ページ作成処理にて、エラーが発生しているため
その後のデータが出力されませんでした。
■対策
仕様変更として対応いたします。

2024/12/04 YJP追記
検証結果エビデンスをBOXに格納いたしました。内容のご確認をお願いいたします。
< https://app.box.com/file/1716383968062 >
・【No855】バース繰り表に表示されないオーダーがある.xlsx
",オフラス,,,●,,内,,,,2024/12/04,2025/01/23,2025/01/31,仕様変更,確認完了,,,,,,"「RIAP010002_バース繰り表」のページ追加時のエラーを解消し、
愛知・北海道・徳山の追加ページは印鑑欄を表示しないよう改修いたします。",,,,,,,見積中,,,,,,,,,,,,,,,,,,,,,,,,,,
,856,2024/06/26,千葉,YJP杉本,高橋洋介 ,BBF　ロット№　A4060706の検査データ送信について,Q2：代替手段により後続テスト実施可能,L：試験管理,L：試験管理,OneSAP（化学品）連携,"■発生日：2024/6/18
■対応希望日：2024/6/26
■事象
千葉で試験管理からOneSAPへセットで連携している以下3連携について、
うち1連携が送られないためSAP側でエラーになっています。
 
化学品品質検査ロットデータ
化学品使用決定データ
工場試験結果(試験データ)
 
原因は千葉 高橋さんが記載している通りなのですが、この動きは仕様通りの理解でよろしいでしょうか？
また、SAPへの連携が不要な場合、試験管理から送信しないようにする仕組みはありますでしょうか？
仕組みが無い場合、3セット揃わない場合に送信しない仕組みを組み込むことは可能でしょうか。

■あるべき姿

■代替手段
","■原因
　送信対象となる試験結果が存在しない場合は「試験項目トランの取得に失敗しました。」が
　メッセージ一覧に表示され工場試験結果（L2RKK）は作成されませんが、
　化学品品質検査ロットデータ（L2RLS）、化学品使用決定データ（L2RSK）は
　作成される仕様です。

■対策
　送信しないようにする方法としては以下の２通りがあります。
　①「OneSAP_化学品_工場操業システム品名変換マスタ」の該当品名の
　　　「OneSAP送信可否フラグ」を""0:送信しない""に設定します。
　②「送信先マスタ」で「OneSAP（化学品）」を送信先に含まない送信先コードを
　　　新たに登録し、該当サンプルの送信先コードに設定します。

　３セット揃わない場合に送信しない仕組みに関しては、現状は仕組みがないため
　仕様変更による対応が必要となります。

■棚卸
2026/01/29：確認中、次回ステータス変更なき場合は強制クローズとする
",IKC,●,,,,,,,,,,2026/02/25,仕様通り,確認完了,,,,,,,,,,,,,,,,,,,,,,,,,,,,,,,,,,,,,,,
,857,2024/06/26,千葉,YJP杉本,青井圭介,千葉潤滑油連携（Z001：潤滑油試験結果）関する問合せ,Q2：代替手段により後続テスト実施可能,L：試験管理,L：試験管理,潤滑油運転管理連携,"■発生日：2024/6/25?
■対応希望日：2024/7/2
■事象
＜お伺いしたいこと＞
千葉の潤滑油運転管理とオフラス試験管理間でやり取りしているインターフェース（連携IDZ001：ロット合否データ）の連携仕様（とくに制約面）をお伺いしたいです。
 
＜きっかけとなった事象＞
千葉の運転管理システムの上記インターフェースに
ロット番号に「＠5127-4617」といった全角の「＠」付きの番号が入ったデータが連携されており、
本来登録がスキップされるはずのデータでしたが、（全角は仕様想定外のため）登録処理に進み、ロット合否取込エラーが発生しました。
運転管理側では、全角文字が入っていても正しくスキップできるよう改修を加えることを検討しており、前提や仕様の整理をしています。
 
＜確認したい点＞
①今回のロット番号「＠5127-4617」のように、頭に「＠」のつくロット番号は、”他社製品のもの”という認識で合っているか。　
②運転管理側では試験依頼されたもののみが連携される認識/仕様ですが、今回事象は、試験依頼していないロット合否が送られていました。
　オフラス側も、当該インタフェースで送っているのは「試験依頼したロット合否のみ」という認識で合っているか、
　試験依頼していないロット合否が送られてくることが、今後もありそうか？／あるとするとどのような場合か。
③運転管理側は、当該インタフェースで受け取るロット番号は半角のみの認識だったが、オフラス側も認識は同じか、
　想定される類似事象として、他の他社製品等で、オフラスから他の全角文字が連携されてくる可能性はあるか。

■あるべき姿

■代替手段
","■原因
　「確認したい点」の３につきまして、下記にご回答いたします。

■対策
　①「@」から始まるロット番号が""他社製品のもの""という認識はなかったのですが、
　　半角「@」の入力自体は特に問題ございません。
　　「@」に関して仕様上考慮している点も特になく、半角英数と同様の扱いになります。

　②オフラス運転管理、潤滑油運転管理ともに、運転管理から試験依頼されたかに依らず
　　サンプルマスタの送信先コードの指定に依ってロット合否（試験結果）が送られます。
　　そのためマスタが送信対象のものであれば、手動による試験依頼であっても
　　送信の対象となります。

　③オフラス側も含めロット番号はすべて半角のみで、全角で連携されることはない認識です。

2024/07/18　IKC
潤滑油側に回答を連携済み、一旦クローズ。",IKC,●,,,,,,,,,,2024/07/18,仕様通り,確認完了,,,,,,,,,,,,,,,,,,,,,,,,,,,,,,,,,,,,,,,
,858,2024/07/01,千葉,YJP村上,伊藤祐希,装置切り替えJOBを作成できない,,B：作業計画管理,B：作業計画管理,VIBA021001_装置受払作業予定-修正・削除,"■発生日：2024/07/01
■対応希望日：7/5まで
■事象
装置JOB「522379」が切り替え時想定外のエラーで切り替えJOB作成できません。
今動いているJOB日付を見ると2024/08/31になっているためこれが原因の可能性が高いです。
（年末年始で発生したものに同じのように感じます。）
根本原因の調査も必要ですが、タンク在庫の関係で7/5には切り替えがMUSTとのことでした。
そのため、まずJOBをどうやって切り替えできるようにするかをご検討いただきたいです。
■あるべき姿
装置切り替えが可能になる。正しいJOBが作成できる。
■代替手段
なし","■原因
本件は仕様通りの挙動です。
該当の装置切替JOBの前JOBの作業終了予定日が2024/8/31で設定されていました。
装置切替後JOBは前JOBの作業終了予定日をJOB日付に設定するためJOB日付が2024/8/31で設定されています。
装置受払作業予定 - 修正・削除画面から切替JOBを設定する際に該当JOBの終了日時を変更していますが、この時設定した終了予定日時がJOB日付より前であるためエラーが発生しています。
■対策
該当の装置切替JOBの終了予定日時を変更する場合はデータパッチ適用で対応致します。
その後、装置受払作業予定 - 修正・削除画面にて装置切替JOBの作成をお願い致します。

2024/07/03 YJP追記
画面より切替JOB作成をいただき問題無い旨のご連絡をいただきました。
本件クローズ致します。",オフラス,●,,,,,,,,,,2024/07/04,仕様通り,確認完了,,,,,,,,,,,,,,,,,,,,,,,,,,,,,,,,,,,,,,,
,859,2024/07/02,愛知,YJP大武,堂垣拓生,製油所受払月報で前月在庫が引き継がれない件について（課税レギュラー）,,G：マスバランス,G：マスバランス,月次処理,"■発生日：2024/7/2
■発生拠点：愛知事業所
■対応希望日：本日中　※月初業務のため。ご迷惑おかけします。
■事象
２０２４年６月分の製油所受払月報において、
課税レギュラーの前日（月）在庫に、５月末在庫の2000Lが表示されません。
※５月に受け入れたコンタミ品2000Lを在庫修正で計上したところ、
　前日（月）在庫が０のため払出増減が発生しています。

追加情報(青井様)：
こちらの件、6月の月次締め処理で出力した月報において6/6まではレギュラーの
在庫2000KLあったものが、6/7の月報で2000KLがなくなっておりました。
最終日の締め処理でオフラスから勘定転換伝票がSAPへ連携されたことで相殺されたようです。
7月締めとしてレギュラーの2000KL在庫を計上したいとのことで、
対応方法をご教示頂けないでしょうか。7月の最終締めでも同じことが想定されるため、
勘定転換がSAPへ連携されたことの原因も確認しておき、
必要なら処置を講じる必要があると考えております。

■あるべき姿
２０２４年６月分の製油所受払月報において、
課税レギュラーの前日（月）在庫に2000Lが表示される。

■代替手段
なし
","■原因
本件、仕様通りの挙動となりますが、恒久対策としては仕様を検討、変更する必要がございます。
6/6月次処理までは「２）レギュラーガソリン預り」の振替には全量「２）レギュラーガソリン」が引き当たっておりましたが、6/7月次処理のみ、先に「レギュラーガソリン（課税）」2000Lが引き当たった後、「２）レギュラーガソリン」が引き当たっておりました。
そのため、在庫修正にて設定したはずの「レギュラーガソリン（課税）」の2000Lが「２）レギュラーガソリン預り」の在庫にとられてしまったため、「レギュラーガソリン（課税）」の在庫が存在しなくなったものと考えられます。現状仕様としてはレギュラーガソリンの振替には課税・非課税等の区別なく、引き当たったものから振替が発生します。こちらはOracleデータベースのデータコンディションに左右されるものと考えられ、どこから引き当たるかは明確には予測ができません。
6月のように最終締日に発生してしまうと、今回と同じような事象が発生する可能性がございます。
恒久対策としては、仕様追加にて条件を付与することを検討する必要があると考えております。

■対策
現在までの調査状況を報告させて頂くと、三鷹検証環境では再現しておりません。
再度6月締処理を実施した結果、11110201(レギュラーガソリン)には、
月末在庫2000KLが計上されておりました。
日時を疑似的に問題の2024/6/7 22:05として月次処理を行った結果も同様で、
11110201(レギュラーガソリン)には月末在庫2000KLが計上されておりました。
上記の状況から、調査にはまだ時間を要す見込みとなっております。
暫定対応としましては、5月時と同様に修正在庫設定にて2000KLを設定頂く必要があるかと
考えております。根本解決に向けては、引き続き、調査を進めさせて頂きます。

2024/07/05 YJP追記（打ち合わせ内容を反映いたしました）
※暫定対策となります。
・「レギュラーガソリン（課税）」の在庫を0にして頂くこと。(数値的に引き当たらない)
・月初対応にて月次データが整った段階で、在庫集計の実行を抑制して頂くこと。
　→処理実行を判定するテーブル内をメンテナンス頂き、在庫集計のみ当該日のフラグを落として頂く。
　→2024/7/4に三鷹検証環境で、在庫集計を止めた場合の月次処理と送信データの整合を確認。
　　 愛知製油所殿でも2024/7/4、7/5に在庫集計処理を止めることにてご対応頂くことになった。 

2024/07/05　IKC　7/4夜間処理の月報は問題なし
2024/07/08　IKC　7/5夜間処理の月報は問題なし",オフラス,,,●,,,,,,,,2024/07/08,その他,確認完了,,,,,,,,,,,,,,,,,,,,,,,,,,,,,,,,,,,,,,,
,860,2024/07/03,愛知,YJP那須,佐々木基至,オフラスとSAPのガソリン課税出荷量の不一致について,Q1：後続テスト実施不可,I：伝票発行管理,I：伝票発行管理,バイオガソリン出荷明細,"■発生日：2024/7/3
■対応希望日：7/3中
■事象
オフラス内の「バイオガソリン出荷明細確定・送信」画面について、
６月分の出荷明細を一部修正し、本日の朝再送信しました。

その結果オフラスとSAPでハイオク・レギュラーの課税出荷数量が
添付のとおり一致せず、揮発油税額を確定することができません。

■あるべき姿
オフラス内で出力する「バイオガソリン出荷　課税区分毎内訳表」と
SAPで出力する「品目別数量実績」の課税出荷数量が一致する。

■代替手段
なし","【前提】
7月に送信された3件のバイオガソリン出荷明細の伝文をそれぞれ以下のように記載します。
　7月2日17時に送信された伝文・・・①と記載
　7月2日19時に送信された伝文・・・②と記載
　7月3日8時に送信された伝文・・・③と記載

■原因
現状について、数量から推測すると②と③の2件の伝文ファイルがSAP側に重複して取り込まれていた結果、2重計上されたような値となっていると思われます。
※それがSAPとして正しい挙動なのかどうかはこちらでは判断ができませんので、お手数ですがご確認ください。

■対策
SAP側を正しい値とする方法についてですが、現状のオフラスの値は正しいという状況からするとオフラス側は操作（変更）せずに、SAP側で伝文の再取り込みなどでご対応いただく方針がさらに数字がずれてしまう等のリスクが低いと考えております。

その前提でそれぞれ送信伝文の内容を確認させていただいたところ、③が正しい値に最も近しい状況でした。
ただ、③には6/9と6/19の海上出荷分のデータが含まれていない(※)ため、③と6/9と6/19の海上出荷分のデータを合わせることで正しい値になることが確認できています。
※出荷明細メンテナンスを行った後に送信済となっている場合、揮発油税算定基礎データ作成時に再作成対象とならない（＝そのままでは再送信されない）ためとなります。

また、6/9と6/19の海上出荷分のデータは①に含まれていることも確認できています。

つきましては以下の方法でご対応が可能かどうか、SAP側へご確認いただけますでしょうか。
　・SAP側に取り込まれている6月分のバイオガソリン出荷明細データを削除いただく（オフラスから未送信の状態に戻す）
　・③の伝文ファイルを再取り込みしていただく
　・①の内、6/9と6/19の海上出荷分のデータ2件のみ切り出して再取り込みしていただく

本件に関する調査資料（伝文を確認したもの）について以下に格納しております。
　https://app.box.com/folder/273171112052
　・バイオガソリン出荷明細_送信伝文.xlsx
　　⇒上記の数量の確認結果などをまとめています。

2024/07/05　IKC
SAP側の取込み処理異常、オフラスからの再送によりリカバリ完了

",オフラス,,,●,,,,,,,,2024/07/05,仕様通り,確認完了,,,,,,,,,,,,,,,,,,,,,,,,,,,,,,,,,,,,,,,
,861,2024/07/04,千葉,YJP大武,沼田知樹,JOB締めのリカバリーが出来ない,,D：実績管理,D：実績管理,タンク実績リカバリ(JOB締め),"■発生日：2024年07月04日
■発生拠点： 千葉事業所
■対応希望日：今週中(遅くとも8日のAM)
※来週 火曜日AMの本社報告に現在 欠落している実績が必要なため。
 
■事象：7月1日のNOZOMIアラート発報対応によるリカバリー処理を試みたところ(添付①)、
エラーにより正常終了しませんでした(添付②)
 
状況の確認と対処方法について ご教授ください。

■あるべき姿：JOB締めのリカバリーが行える。
■代替手段：なし
","■原因
JOB締め失敗のご連絡がありました7/1の流量計実績データを前日データと比較した結果、
流量計タグNo「CFP56SD」と「DFP507SD」をはじめとして、異常とみられる値が存在していることが
分かりました。そのため、リカバリ処理が正常に完了していなかったものと考えられます。

検証として、三鷹環境にて前日比で差分の大きかった流量計タグ上記二点に暫定的に
前日同等の値を設定したところ、リカバリ処理が正常に終了し、装置受払データが作成可能で
あることを確認しました。
※詳細は「調査結果エビデンス」をご参照下さい。
※7/1と6/30のデータ比較は「流量計実績データ確認資料」シートをご参照ください。
　(7/1は前日比で実績データ件数も1件不足しているようです）

調査結果エビデンス：
https://app.box.com/folder/273507628339

■対策
流量計タグNo「CFP56SD」と「DFP507SD」をはじめとした、7/1の正常データをご確認頂き、
再受信した上で、リカバリ処理を再実行頂けますようお願い致します。
※上記二点のタグが正常値となれば、JOB締め自体は正常終了することを確認出来ております。
",オフラス,●,,,,,,,,,,2024/07/10,データ不備,確認完了,,,,,,,,,,,,,,,,,,,,,,,,,,,,,,,,,,,,,,,
,862,2024/07/05,千葉,佐々木基至,注連圭佑,オフラス-オーダー集計表をExcel出力したい,,A：オーダ管理,A：オーダ管理,オーダ集計表,"■発生日：2024/07/02
■対応希望日：7月中
■事象

＜問い合わせ内容＞
　以下のシステム改修をする際の費用を知りたい。

＜改修要件＞
　・「オーダ集計表」の画面表示内容をEXCEL出力する機能を追加する。
　・また、検索条件を指定して検索⇒画面表示された内容についても同様にEXCEL出力する。

■あるべき姿
－
■代替手段
－
","■原因

■対策
ご提供資料：https://idemitsu.ent.box.com/folder/273181395833



＜2024/12/09：IKC追記＞
概算金額提示後、千葉より当改修は実施しない旨のご連絡あり。（他改善策を検討する為）
本件クローズ。",オフラス,,,,,,,,,,,2024/12/09,仕様変更,対応不要,,,,,,"対象製油所：千葉

「オーダ集計表(VIAA090101)」画面改修
・画面内フッター部分に新規帳票出力を行える「印刷」ボタンを作成します。
・帳票出力の為の処理を作成します。

新規帳票作成
・「オーダ集計表(VIAA090101)」画面表示内容と等しくなるよう帳票を作成します。",,3.00人日,5.00人日,2.00人日,1.50人日,,対応不要,,,,,,,,,,,,,,,,,,,,,,,,,,
,863,2024/07/05,千葉,YJP田中,近藤広美,外国貨物製造等報告書集計できない,,F：外航通関,F：外航通関,,"■発生日：２０２４年７月５日
■対応希望日： ２０２４年７月９日 午前中まで
■事象： ２０２４年６月分の外国貨物角製造等報告書集計できない
■あるべき姿：集計してエクセルが作成できるようにする
 ■代替手段：過去のExcelﾌｫｰﾏｯﾄを利用して手入力作成可能
 ■補足： できれば手入力ではなく、集計したデータを利用して作成したいです。","■原因
再現しません。
原因不明としてクローズ
■対策
再発時には再度問題点として挙げていただきたく",オフラス,●,,,,,,,,,,2024/07/17,再現待ち,対応不要,,,,,,,,,,,,,,,,,,,,,,,,,,,,,,,,,,,,,,,
,864,2024/07/08,愛知,YJP大武,青井圭介,"月次在庫引落処理の見直し（在庫振替）
※No859で発生した課税レギュラー品の在庫なし問題の改善策検討",,G：マスバランス,G：マスバランス,月次在庫集計,"下記問題点対応のための仕様追加対応となります。

※保守No859内容
■発生日：2024/7/2
■発生拠点：愛知事業所
■対応希望日：本日中　※月初業務のため。ご迷惑おかけします。
■事象
２０２４年６月分の製油所受払月報において、
課税レギュラーの前日（月）在庫に、５月末在庫の2000Lが表示されません。
※５月に受け入れたコンタミ品2000Lを在庫修正で計上したところ、
　前日（月）在庫が０のため払出増減が発生しています。

追加情報(青井様)：
こちらの件、6月の月次締め処理で出力した月報において6/6まではレギュラーの
在庫2000KLあったものが、6/7の月報で2000KLがなくなっておりました。
最終日の締め処理でオフラスから勘定転換伝票がSAPへ連携されたことで相殺されたようです。
7月締めとしてレギュラーの2000KL在庫を計上したいとのことで、
対応方法をご教示頂けないでしょうか。7月の最終締めでも同じことが想定されるため、
勘定転換がSAPへ連携されたことの原因も確認しておき、
必要なら処置を講じる必要があると考えております。","■原因
本件、仕様通りの挙動となりますが、恒久対策としては仕様を検討、変更する必要がございます。
6/6月次処理までは「２）レギュラーガソリン預り」の振替には全量「２）レギュラーガソリン」が引き当たっておりましたが、6/7月次処理のみ、先に「レギュラーガソリン（課税）」2000Lが引き当たった後、「２）レギュラーガソリン」が引き当たっておりました。
そのため、在庫修正にて設定したはずの「レギュラーガソリン（課税）」の2000Lが「２）レギュラーガソリン預り」の在庫にとられてしまったため、「レギュラーガソリン（課税）」の在庫が存在しなくなったものと考えられます。現状仕様としてはレギュラーガソリンの振替には課税・非課税等の区別なく、引き当たったものから振替が発生します。こちらはOracleデータベースのデータコンディションに左右されるものと考えられ、どこから引き当たるかは明確には予測ができません。

■対策
追加仕様について検討の上、打ち合わせの設定をお願いする予定です。
2025/01/22　YJP追記：
2月中旬までに仕様についての資料を展開予定です。
（No911と類似点があるので同時に対応予定です）
2025/03/17　YJP追記：
3月中に仕様についての資料を展開予定です。
※2025/03/17にNo911については調査結果報告済みです。
2025/03/21　YJP追記：
仕様変更の検討結果について資料を作成しました。
下記Boxをご確認の上、別途打ち合わせなど必要であればご調整願います。
https://app.box.com/folder/312768258961
2025/09/02　YJP追記
本件、保守工数にて仕様変更対応を実施します。

■棚卸
2026/01/29：未着手（担当者CR油案件優先対応）
2026/04/27：機能担当者に状況確認する
2026/06/12：検証エビデンス提出",オフラス,,,●,,－,,,,2026/06/12,2026/06/18,2026/06/24,その他,確認完了,,,,,,"2025/09/02　YJP追記
本件、保守工数にて仕様変更対応を実施します。",仕様変更承認済,1.5人日,1.0人日,1.0人日,1.5人日,1.0人日,対応依頼,,,,,,,,,,,,,,,,,,,,,,,,,,
,865,2024/07/10,北海道,YJP大武,佐々木基至,【ご確認】OneSAPから連携される入出荷伝票のオフラス側での取り込み仕様について,,G：マスバランス,G：マスバランス,入出荷伝票取り込み,"■発生日：2024/07/10
■対応希望日：
■事象
OneSAPから連携される入出荷伝票のオフラス側での取り込み仕様について確認させてください。

【確認】
以下の状況にて、OneSAPから受け取った出荷伝票を、オフラス側では入荷伝票として取り込んでいるのですが、
テーブルへのデータ書き込み処理の仕様としては問題ないものでしょうか。

（１）OneSAPから受け取った伝票データは、出荷伝票だった。
＜OneSAPから受け取った伝票データ＞
伝票区分         伝票日付             伝票ＮＯ             伝票ＮＯ補助      品名コード
20                    20240610            00430                  1                          11310103

（２）L3.5EAI⇒L3.0EAI転送伝票データは、上記（１）と同一の出荷伝票だった。
＜L3.5EAI⇒L3.0EAI転送伝票データ＞
{L35eai}
""Z34"",""L"",""20240610"",""00430"",""1"",""0010000003"",""0010000003"",""0"","""","""",""Z030"",""F00030000"",""PAID"",""0"",""-26000.000"",""FB01""
（※実データ：メール添付 ->  SBInputNyushukkaHokkaidoETSRBS.csv20240610154501）

{L30eai }
""Z34"",""L"",""20240610"",""00430"",""1"",""0010000003"",""0010000003"",""0"","""","""",""Z030"",""F00030000"",""PAID"",""0"",""-26000.000"",""FB01""
（※実データ：メール添付 ->  GFS00380_10154521_Standard_L3.5）

（３）OneSAP受信データの書き込みテーブルは、入荷伝票になっていた。
＜テーブル内容＞
SLIP_L_CLASS            SLIP_YMD         SLIP_NO             SLIP_AUX_NO                 UNITY_CD
10                                  20240610            00430                  1                                        11310103
　（※抽出結果：メール添付 -> 北海道オフラス受信データ.xlsx）

■あるべき姿
■代替手段
","■原因
■対策
（ご確認内容への回答を以下記載いたします）

本件、仕様通りの挙動となります。
オフラス側では受信電文をSAP伝票の変換マスタを用いて取り込みますが、
変換マスタを確認したところ、
ご連絡頂きました伝文に記載されているSAP移動タイプ:「Z34」は、
SLIP_L_CLASS(伝票区分)：「10：入荷伝票」に紐づく内容となっております。
そのため、取り込み結果が入荷伝票になっているものと考えられます。
ご確認の程、宜しくお願い申し上げます。

補足：
SAP移動タイプ:「Z34」
SAP移動タイプ名称:「曳荷（陸上）（受入） 取消」
伝票区分：「10：入荷伝票」

2024/07/11 YJP高山:
（追加のご確認→物理テーブル名についての回答を追記します）
TIXX021～TIXX024が該当のテーブルになります。
今回の場合は「TIXX022: SAP移動タイプ変換マスタ」の設定を調査し、
「SAP移動タイプ:Z34」の「伝票区分」を確認いたしました。
",オフラス,,●,,,,,,,,,2024/07/22,仕様通り,確認完了,,,,,,,,,,,,,,,,,,,,,,,,,,,,,,,,,,,,,,,
,866,2024/07/11,徳山,YJP田中,山本しのぶ,オフラス-外航通関-外貨在庫確定,,F：外航通関,F：外航通関,外貨在庫確定,"■発生日：　2024/7/1
■対応希望日：急ぎません。
■事象：
[VIFX060106] - 外貨在庫確定において、下記外貨在庫が取り込まれません。原因をご教示願います。
・品名コード：11520108
・品名：1）軽油　
・数量：5,430.654KL
2024/07/12 追記
外貨在庫確定画面から数量を手入力して対応したことから、現在は問題無く表示されております。
手入力前の状況での調査をお願いします。
■あるべき姿：
当月末の外貨在庫として取り込まれる。  
■代替手段
手修正","■原因
再現しません。
もう一度、画面のご確認をお願いいたします。（7/11）
2024/07/17 YJP追記
外貨在庫品名マスタの「在庫品名シーケンスNo」が未入力のため、該当品名の数量が取得できず左記事象となっております。
■対策
マスタメンテ機能にて外貨在庫品名マスタの全社統一品名コード：11520108のデータの「在庫品名シーケンスNo」に’5’（内外貨在庫品名マスタの「在庫品名シーケンスNo」に登録された値）を入力願います。

ご参考までに下記BOXに簡単ですが原因対策を図示したものを格納いたしました。
https://app.box.com/folder/275356686523
・【No866】外貨在庫確定非表示の原因と対策.xlsx",オフラス,,,,●,,,,,,,2024/08/01,その他,確認完了,,,,,,,,,,,,,,,,,,,,,,,,,,,,,,,,,,,,,,,
,867,2024/07/11,愛知,YJP和須津,堂垣拓生,海上出荷JOB設定時の流量取得について,,B：作業計画管理,B：作業計画管理,JOBNo設定,"■発生日：2024/7/11
■対応希望日：急がない
■事象
海上出荷JOBのJOBNo設定時に、想定外のエラーとしてJOBNo設定ができなかった。
OMC側でオフラスからの電文を確認すると、目標流量が60KL/H、初速流量が180KL/Hとなっていた。
おそらくここが逆転している影響で、OMCから設定NGをオフラスに返しているのだろうと思い、オフラス側の設定を見直した。
見直した設定としては、ローディングアーム関連のマスタで、以下の2点を削除することでJOBNo設定(オーダーNo：42204　JOBNo：217338)ができるようになった。
・ローディングアームマスタ
・品名毎ローディングアーム流量マスタ
※削除したものは添付エビデンス参照

オフラス側のローディングアーム関連のマスタで削除したものはLA-919C関連のもので、今回のJOBではLA-919Aを使う(Cは使わない)。

OMC側では以下のラインナップ(FROM/TO)が選択される。
・T-527→LN-950C-BH
・LN-950C-BH→LA-919A
上記の2つが組み合わされてT-527→LN-950C-BH→LA-919Aのようになります。

確認したいこととしては、オフラス側はアームタグNoを関知しておらず、設定されたバースに紐づいたローディングアーム関連のマスタと船名マスタの内
流量設定値が低い方を採用してOMC側に送るのでしょうか？
(今回の場合でいうと、2.0Cが19バースで出荷となっている為、そのバースに紐づく2.0C関連のLA-919A、919B、919Cの流量と12青峰山丸の最大流量
を比較して、一番数値が低いものを取得するということでしょうか？)　

■あるべき姿

■代替手段
","■原因
記載いただいた通り、オフラス側ではアームタグNoは関知せず、船マスタの流量と品名毎ローディングアーム流量マスタのうち小さい値を流量に設定しています。
■対策
船マスタとローディングアーム関連のマスタは出荷オーダのバース、品名情報、船情報をもとに値を取得していますが、今回対応して頂いたローディングアームマスタ、品名毎ローディングアームマスタからLA-919Cを削除して頂くことで正しい流量が設定できます。

2024/07/25 YJP追記
上記内容で確認頂き、問題ない旨をご連絡頂きました。",オフラス,,,●,,,,,,,,2024/07/25,その他,確認完了,,,,,,,,,,,,,,,,,,,,,,,,,,,,,,,,,,,,,,,
,868,2024/07/16,千葉,YJP大武,沼田知樹,動力課のタンク在庫日報(7/1日付)が表示されず,,G：マスバランス,G：マスバランス,タンク在庫日報,"■発生日：2024年7月16日
■発生拠点： 千葉事業所
■対応希望日：緊急ではありません(1週間程度で対応可能でしょうか？)
 
■事象：先日、発生した、NOZOMI（マルウェア検知ツール）の誤発報の対応で、
7/1日付、各課の日報の送信が定時に行われませんでした。
 
後日、各課に日報を再送信していただき、オフラスで再取込(油量実績1日データ作成)を行ったところ、
業務課、潤滑油一課、潤滑油二課は正常に取り込まれ、オフラスのタンク在庫日報は表示されました
 
しかし、動力課のみ、上記と同様の操作を行ったのですが、添付画像のように、タンク在庫日報が表示されません。
 
再取込できない原因や状況について、調査を お願いします。

■あるべき姿：動力課のタンク在庫日報(7/1日付)が表示される
■代替手段：なし

2024/07/17 IKC追記
業務課 伊藤さんより、新IRIS側のリカバリー処理をしてみては？
と ご意見をいただき、対応したところ無事にタンク在庫日報が表示されました。
お手数を おかけしましたが、本件クローズで大丈夫です。","■原因
調査中です。

■対策

2024/07/17 IKC追記
対応不要でクローズ",オフラス,●,,,,,,,,,,2024/07/17,その他,対応不要,,,,,,,,,,,,,,,,,,,,,,,,,,,,,,,,,,,,,,,
,869,2024/07/16,徳山,YJP小見山,栗山明子,オフラス-商品管理-ボンド品受払表について（excel）,,G：マスバランス,帳票,RIGP000017_ボンド品受払表,"■発生日：　2024/7/16
■対応希望日：急ぎません。8/5頃までにお願いいたします。
■事象：オフラス画面ーボンド品受払表に表示される品名と
　　　　印刷ボタン投下で作成されるExcel表について品名が同様に表示されるよう対応願います。
削除 ６件
MGO，MDO，BF120，BF280，BF450，1)G-2

■代替手段
　手修正
","■原因
帳票にて出力する品名を保持しているため、画面と異なる品名が表示されています。
■対策
仕様変更として対応いたします。

2024/9/17 YJP追記
検証結果エビデンスをBOXに格納いたしました。内容のご確認をお願いいたします。
https://app.box.com/file/1648939262162
・【No869(徳山)】ボンド品受払表について(excel).xlsx
",オフラス,,,,●,内,,,,2024/09/17,2024/09/24,2024/09/24,仕様変更,確認完了,,,,,,"対象帳票:「RIGP000017_ボンド品受払表」
改修内容
・帳票内徳山設定シート内出力品名を画面と同じになるよう改修します。
・正常に参照できるよう修正します。
・画面と同様の品名順で出力するよう改修します。",,,,,,,見積中,,,,,,,,,,,,,,,,,,,,,,,,,,
,870,2024/07/17,愛知,YJP田中,古井珠実,積戻し実績確定画面に展開不可,,F：外航通関,F：外航通関,,"■発生日：2024年7月16日
■対応希望日：2024年7月19日
■事象
【自社申告】積戻申請許可後　DH保税作業が急遽入り申告時に指定したKERO引落台帳の在庫数量が足りなくなる可能性が発生した。
実績確定前でしたので申告画面で台帳を追加して再度確定をした。
実績が入力できる画面に展開するか確認をしたところ実績画面に展開せず実績の確定が出来ない状態になっている。　
■あるべき姿
実績が入力できる画面に展開する。
■代替手段
なし
　
今回のように灯油の積戻許可承認後、外貨JETのオーダが入り急遽、JETの保税作業を行う必要が発生し、
当初、設定した引き落とし台帳の数量では不足する時の対応方法があればご教示ください。","■原因
使用通りです。
申告再確定(修正)後のNACCS許可伝文を受信していないことから、
次業務の「実績」が出来ない状況となっております。
■対策
データパッチにて実績の確定ができるようにいたします。
2024/07/22 YJP追記
データパッチを実施いたしましたので、後続の「実績」処理を実施願います。
問題無ければ「クローズ」のほうお願いいたします。",オフラス,,,●,,,,,,,,,仕様通り,確認完了,,,,,,,,,,,,,,,,,,,,,,,,,,,,,,,,,,,,,,,
,871,2024/07/17,愛知,YJP田中,古井珠実,許可処理の不具合,,F：外航通関,F：外航通関,,"■発生日：2024年3月21日
■対応希望日：2024年7月31日
■事象
通関業者が社外naccs連携ホルダーに許可電文テキストを入力し、naccs recvにテキストが反映される時間が遅いので直接、許可日・許可ナンバー・金額を入力して確定を行った。
台帳等の作成も完了し処理が終わったと認識していたところ数日経って許可のボタンが青→黄色に変わっていた。
この事象後は社外連携ボルダーからnaccs　recvへ手作業でテキストを移し替えて処理をしている。
■あるべき姿
社外naccs連携ホルダーとnaccs　recvがタイムリーに連携されている。　　　　　　
■代替手段
なし","■原因
本件、通関業者からのNaccs受信伝文は出光BOXを介してオフラスシステムへ連携している認識です。
申し訳ございませんが、IKC様の方で調査をお願いいたします。


2024/08/09　IKC追記
ユーザ権限の問題でBoxから所定の連携フォルダーに連携できていない模様。
権限付与についてDI部の別担当にて調査・対応検討中。


■対策
Boxフォルダーから連携できるよう、ユーザーへ権限付与し問題解消。（2024/10/16　IKC）
",IKC,,,●,,,,,,,,2024/10/16,環境設定,確認完了,,,,,,,,,,,,,,,,,,,,,,,,,,,,,,,,,,,,,,,
,872,2024/07/17,愛知,YJP大武,青井圭介,ICOF連携データの件,,I：伝票発行管理,I：伝票発行管理,出荷伝票、訂正伝票,"■発生日：2024/07/16
■対応希望日：
■事象
■あるべき姿
■代替手段

＜問い合わせ内容＞
新規の出荷伝票と、一旦連携した後の赤・黒伝票のケースについて、
ICOF品で作成した場合の伝文等を提供頂きたい。
可能であれば
１）ICOFレギュラーの出荷伝票
２）（１）の訂正（赤・新黒）
の伝票があると助かります。
 
1	海上	ICOF販売	オフラス	登録	
①SAISオーダー作成
②受注登録
③オフラスから実績連携(+品転実績)
④積載、配送、品転実績登録
⑤請求登録

2	海上	ICOF販売	オフラス	変更	
①SAISオーダー作成
②受注登録
③オフラスから実績連携(+品転実績)
④積載、配送、品転実績登録
⑤オフラスから削除実績連携(+品転実績)
⑥オフラスから新実績連携(+品転実績)
⑦積載、配送、品転実績削除
⑧積載、配送、品転実績再登録
⑨請求登録

2024/12/03追記
必要な伝文等を共有いただきましたのでクローズします。堂垣","■原因
■対策
①ICOF品にて作成したオーダにて実績確定、送信し、出荷伝文を取得(L3.0)
②上記の①の伝票を訂正して赤黒伝票を取得(L3.0)

上記の①②の伝文、及び①②で行った操作手順を検証エビデンスとして追加いたしましたので、
併せて下記BOXにアップいたしました。ご確認の程、宜しくお願い致します。

※BOX
https://app.box.com/folder/275517261189
┗保守No784_872(カーボンクレジット付品名調査)_検証資料.xlsx
┗出荷伝票
　┗GBR00770_18094502_SBM_A0578_S.csv
┗訂正伝票
　┗GBR00770_18103002_SBM_A0578_S.csv
",オフラス,,,●,,,,,,,,2024/12/03,その他,確認完了,,,,,,,,,,,,,,,,,,,,,,,,,,,,,,,,,,,,,,,
,873,2024/07/17,愛知,YJP村上,青井圭介,SAISからのオーダ連携内容について,,A：オーダ管理,A：オーダ管理,オンラインオーダ管理,"■発生日：2024/07/16
■対応希望日：
■事象
連携項目の後半に、品名の項目が１～５あります。
これらの内容はオフラス受信後のオーダ取込み時、どう処理されているでしょうか。
SAIS側で設定されたICOF品名について、どの程度の影響があるかの確認となります。
■あるべき姿

■代替手段
","■原因
調査中
■対策
2024/07/22 IKC
取込対象外項目につきオフラスへの影響はないと判断しクローズ。",オフラス,,,●,,,,,,,,2024/07/22,その他,確認完了,,,,,,,,,,,,,,,,,,,,,,,,,,,,,,,,,,,,,,,
,874,2024/07/23,千葉,YJP和須津,伊藤祐希,装置切り替えJOBに勝手にサクション指定がされる,,B：作業計画管理,B：作業計画管理,装置受払JOB登録,"■発生日：2023/12頃～
■対応希望日：来月中
■事象
作業計画-装置受払JOB登録画面で、登録を実施した際に指定していないサクション指定が勝手に入力される。
他所問題点で改修したときから発生していると思われますので、千葉では実施しないようにしたものが適用されていない可能性あり。
■あるべき姿
サクションが勝手に登録されない
■代替手段
再度JOB登録（サクション指定削除）で対応","■原因
事象にて記載されていますとおり他所発生問題に対する一括リリースにて、
PJT_問題点管理表No.3034の対応が反映されていないバージョンをリリースしておりました。
■対策
PJT_問題点管理表No.3034の対応が反映されているバージョンを再リリ-スします。
⇒確認しました。9/17",オフラス,●,,,,,,,,,2024/07/30,2024/09/17,その他,確認完了,,,,,,,,,,,,,,,,,,,,,,,,,,,,,,,,,,,,,,,
,875,2024/07/23,千葉,YJP小笠原,伊藤祐希,試験依頼一覧画面が編集できない,,E：品質管理,X：共通,試験依頼一覧,"■発生日：2024/7/23
■対応希望日：来月中（早めに）
■事象
今朝、試験依頼を１件登録してから試験依頼一覧の編集が押せない画面になってしまった。
現状、発生している対象者が1名だけ。権限変更やアカウント再登録を実施したが状況変わらず。
他の品質管理I/F画面を見る限り登録ボタンが押せるようになっている為、試験依頼一覧だけおかしい可能性がある。
https://app.box.com/file/1598688519862
■あるべき姿
試験依頼一覧が通常通り表示される
■代替手段
他の方のアカウント借りて対応

","■原因
お問い合わせ対象のアカウントに代理店担当者ロールの権限が付与されているため、試験依頼一覧画面が代理店担当者向けの表示となっています。
※本事象と試験依頼の登録作業との関連はありません。登録作業の前後のタイミングで対象アカウントに対して権限の設定変更が行われたものと推測しております。

■対策
代理店担当者ロールの権限を削除することで、編集ボタンなどが押せる画面が表示されます。
なお、権限の設定変更を反映させるため、権限の設定変更作業が完了した後に対象のアカウントで再ログイン（トップメニュー画面からログイン画面に戻る⇒ログイン実施）を実施ください。
⇒代理店ロール削除したら表示画面変わりました。ただ、初期から両方の権限入っている方はボタン表示されていました。9/17",オフラス,●,,,,,,,,,,2024/09/17,仕様通り,確認完了,,,,,,,,,,,,,,,,,,,,,,,,,,,,,,,,,,,,,,,
,876,2024/07/25,愛知,YJP杉本,安田壮大,報告書出力時に報告書出力日時に反映されない,,L：試験管理,L：試験管理,報告書出力,"■発生日：2024年7月5日(金) 15:16
■対応希望日：8月9日（金）
■事象
ラボエイドから報告書出力を行った際に、プリンタへ紙の出力は正しく実施されるが、「報告書出力日時」が更新されないケースがある。
サーバーのDoneフォルダを確認すると正しくPDFファイルが出来上がっているが、「報告書出力日時」に反映がされていない模様

報告書を発行したかどうかを「報告書出力日時」が更新されているかどうかで判別している為、上記が更新されないと確認の手間が増える。

どういうケースで発生するかは断定できていないが、燃料油/工程問わず発生し、事象が発生したタイミングのエラーメッセージを確認すると、「指定したデータは最新ではありません」が発生している。
（総合判定実施後、間髪入れずに報告書発行を行うと、サンプル情報更新が間に合わず発生する？）
原因と対処方法について調査お願いします。

■あるべき姿
報告書出力を行った際に、「報告書出力日時」が更新される。

■代替手段
紙の報告書現物を確認する事で出力を確認する。

2025/05/16 IKC安田
4/23リリース以降、不具合発生なしを確認済。クローズとする。","■原因
　報告書出力実行直後に自動処理（ロット状態変更受信 or 新IRIS送信）が実行され、
　「指定したデータが最新ではありません。・・・」が発生していることが確認できました。
　印刷中にロット状態変更受信 or 新IRIS送信が実行されると、
　報告書出力日時の更新に失敗します。

■対策
　印刷処理中に他の処理にサンプル情報が更新された場合、同時更新とならないよう
　印刷開始～サンプル更新までの間に更新がされてしまっていないかをチェックしています。
　同時更新が起きた場合は「指定したデータは最新ではありません」が表示されるので、
　再度操作を行っていただくのが、一般的な解決法となります。

　ただし、印刷は他の処理に比べ時間を要するため、印刷している間に他の処理に
　サンプルを更新されてしまうことが多く、今回の事象が頻繁に発生している状況です。
　また現場に紙が出てしまうので、上記の解決法だと紙が重複してしまう問題もあります。
　そのため、印刷開始～サンプル更新までの更新チェックを外す方針としたいと考えております。

　チェックを外すことによって考えられるリスクについて下記検討し、
　それぞれ問題無いと判断しております。
　①報告書出力（成績表出力）処理と他処理の同時更新
　　→報告書出力（成績表出力）処理で更新される項目は他処理で更新される
　　　 項目とはぶつからないため、双方の更新が同時に行われたとしても
　　　 情報を上書きしあうことはなく、双方の更新が正しく行われます。
　②報告書出力（成績表出力）処理同士の同時更新
　　→双方とも同じ項目に対して更新ができてしまい、情報は後勝ちになります。
　　　ですが本処理における項目は出力記録のため、後勝ちでも間違いではないと考えております。
　　　※運用、分担によっては通常このようなことになるケース自体少ないとも思います

2024/12/16　YJP追記
対応方針について、一度、愛知 安田様へご説明、ご相談させて頂く。

2025/02/05 YJP
対策が完了し、検証結果エビデンスを下記に格納いたしました。
https://app.box.com/folder/306660457645

2025/02/10 エビデンス確認済み
",オフラス,,,●,,,,,,2025/02/09,2025/04/23,,設計不備,確認完了,,,,,,,,,,,,,,,,,,,,,,,,,,,,,,,,,,,,,,,
,877,2024/07/26,愛知,YJP小笠原,安田壮大,運転管理からの試験依頼時状態が「登録中」のまま進まない,,E：品質管理,L：試験管理,試験依頼,"■発生日：2024年7月23日(火) 18:01
■対応希望日：7月31日(水)
■事象
運転管理からCR-OMの試験依頼（品転なし）を行った際、試験状態が「登録中」のまま進まない。
3件実施したが全て同じ状態。
試験管理側のエラーメッセージを確認すると、依頼した時間で「試験依頼応答処理：特殊依頼区分が対象外です」のメッセージが出ている。
船ロット（原油船）の試験依頼であり、タンクロットへの反映も必要なかった為、本日分は試験管理から依頼を行った。
CR-OMは24年3月には正しく試験依頼できており、今回何故発生したのかわかっていません。
原因と対処方法について調査お願い致します。
https://app.box.com/file/1602542735895

■あるべき姿
運転管理からの試験依頼が正しく実施される
■代替手段
試験管理から試験依頼する。
","■原因
試験依頼伝文はTab区切りのフォーマットとなっております。
登録中から進まない試験依頼の伝文を確認したところ、ロットNoの次に不要なTabが入っております。
そのためにロットNo以降の項目が1つズレてしまい、Lab-Aid側で本来の特殊依頼区分ではない値をみて「特殊依頼区分が対象外です」のメッセージを出しています。
また、試験依頼応答伝文を試験依頼伝文を基に作成されるので、試験依頼応答伝文でもロットNo以降の項目が1つズレているためEAIでエラーとなり、試験依頼応答伝文を受信できず、ステータスが「登録中」のままとなっております。
試験依頼データ編集画面の入力時に、船名の末尾にTabが含まれる状態でコピーしたものと思われます。
（PJT問題点No.3468(徳山の初期流動)の受入情報のロットNoで同様の現状が発生しています。）

■対策
試験依頼データ編集画面では、入力する際にはTabキーを押しても次のオブジェクトにフォーカスが移動するのでTabが入力されることはありませんが、
エディタやExcelなとからコピー&ペーストした際にはTabが入力されてしまうことがありますので、Tabを含まないようにご注意をお願いします。
",オフラス,,,●,,,,,,,,2024/07/26,データ不備,確認完了,,,,,,,,,,,,,,,,,,,,,,,,,,,,,,,,,,,,,,,
,878,2024/07/29,千葉,YJP村上,伊藤祐希,"外貨製品在庫日報作成画面
新規登録した品名の出荷数量を反映したい ",,F：外航通関,F：外航通関,"外貨製品在庫日報作成画面

台帳詳細","■発生日：２０２４年７月２５日
■対応希望日：２０２４年７月３１日 まで
　　　　　　　　    ※７月末の希望日ですが、在庫数量には影響がないと思うので希望日以降でも
                       大丈夫です。
■事象
徳山向け　１）０．５Ｃ－Ｍａｒｉｎｅで出荷を行った。
今回、新規品名になります。マスタ設定して表示はできたが、出荷数量が反映されない
■あるべき姿
画面に出荷数量を表示したい。
■代替手段
なし","■原因
内外貨在庫品名マスタの設定にて「台帳区分」が”３”（輸入台帳/保税台帳）になっているためです。
■対策
内外貨在庫品名マスタの「台帳区分」を”4”（船用品）に修正いただき、外貨製品在庫日報を7/25から再集計願います。

本件の調査中に下記の2件が発覚しましたので報告いたします。
①今回のICT-244をGASOIL、BOTTOMOILから差し引きますが、保税台帳明細の「目的」が保税運送と表示されるべきところ、船用品にて表示されている。
本件、業務APの不備となります。
暫定にてデータパッチにて対応させていただき、恒久対応は引き続きの実施とさせていただきます。
暫定対応のデータパッチは2024/07/31に実施済です。
②後続の外貨在庫確定にて「数量」が初期表示されない
本件、外貨在庫品名マスタの「在庫品名シーケンスNo」の設定が誤っております。.
登録内容を精査中ですが、8/1のAM中には整理結果を提示いたしますので、外貨在庫品名マスタのメンテナンスをお願いいたします。

2024/08/05 YJP追記
検証結果エビデンスを格納いたしました。
https://app.box.com/folder/278576548578",オフラス,●,●,●,●,,,,,2024/08/05,2024/09/26,2024/11/15,AP・コーディング,確認完了,,,,,,,,,,,,,,,,,,,,,,,,,,,,,,,,,,,,,,,
,879,2024/08/05,愛知,YJP大武,青井圭介,愛知7月締め月報の勘定転換を解消したい,,G：マスバランス,G：マスバランス,月次処理,"■発生日：
■対応希望日：
■事象
＜経緯＞
8月2日　16時42分の月報は問題なし ※20240802_愛知受払月報_正常時（期待値）.pdf
8月2日　17時18分の月報は問題あり（勘定転換-4000が出た）※20240802_愛知受払月報.pdf

この間のオペレーション変化は、「8/1に連携された機械作成伝票（赤枠）を8/2にSAPで削除」（⇒　愛知側で不要と判断して削除依頼を出してしまった模様）
にはなるのですが、これがオフラスにどう影響を与えたかが追えませんでした。

私の勝手な推測ですが、機械作成伝票はオフラス処理によって計算して生成しており
SAP側で削除してしまうのはNGで、オフラスから出た機械作成伝票を無かった事にしたい場合は、
オフラスから別の方法（何らかの伝票起票等）で対応すべきだったのでは、と考えております。

■あるべき姿
■代替手段
","■原因
前月繰越在庫数量2000と入荷数量6000なのに対し、
納税転換数量が出荷数量に対し6000のみしか考慮されていなかったことで、
修正在庫0に対し、2000が残ったため、オフラスから勘定転換伝票が切られたものと考えられます。
それをSAP側にて削除(取り消した)際に、正常に取り消されていない状況が発生し、2000の数量が
オフラスとSAP間で合致しない状況が生じた。

■対策
SAPに対して受け取れていなかった取り消し伝票と同等の処理を行い、
オフラスとの差異が生じないよう調整の上、再度月次処理を行った。",オフラス,,,●,,,,,,,,2024/08/06,データ不備,確認完了,,,,,,,,,,,,,,,,,,,,,,,,,,,,,,,,,,,,,,,
,880,2024/08/06,千葉,YJP田中,中山　修美,外貨製品在庫日報のボンド出荷欄について,,F：外航通関,F：外航通関,外貨製品在庫日報,"■発生日：２０２４年8月6日 
■対応希望日： ２０２４年8月7日 まで
※特に在庫の計算等に問題がなければ、8月7日以降でも問題ありません。
本日分は正しく計算されております。
■事象： 外貨製品在庫日報のボンド出荷欄が「実績未確定」の表示になっている。
■あるべき姿：外貨製品在庫日報のボンド出荷欄が「実績確定済み」の表示になる。
■代替手段：なし 
■補足： いつもと違う操作としては、JETの保税運送が8/5⇒8/6に日延べになったことですが、
今回の事象に影響があるか不明です。","■原因
今回8/6に日延べされておりますが、オーダで管理している出荷日は8/6に変更していますが、
オーダ明細で管理している出荷日は8/5のままでシステム的に8/6に変更していないため。
外貨在庫日報のボンド出荷ステータスでは8/5の実績状況を取得していることから、「実績未確定」で表示されております。
■対策
日延べ処理において、日延べされた日付をオーダ明細の出荷日にも反映するよう修正いたします。

外貨在庫日報においては、オーダの出荷日にて在庫集計していることから、今回の日延べされたデータは8/6に集計されることから、在庫計算等には問題ございません。
8/6に外貨製造搬出確定処理を実施していただければ、現在(8/6)の外貨在庫製品日報のボンド出荷ステータスが「実績確定済み」と表示されます。
ただし、上述した通りオーダ明細の出荷日は変更していないことから、データパッチにて対応させていただきます。
2024/08/07 YJP追記
データパッチを実施いたしました。
引き続き、プログラム改修対応を実施いたします。

2024/08/15 YJP追記
検証結果エビデンスを格納いたしました。
https://app.box.com/folder/280162936198",オフラス,●,●,●,●,,,,,2024/08/15,2024/09/26,2024/11/15,AP・コーディング,確認完了,,,,,,,,,,,,,,,,,,,,,,,,,,,,,,,,,,,,,,,
,881,2024/08/06,千葉,YJP小見山,伊藤祐希,ブレンド出荷タンク在庫チェック表不具合,,B：作業計画管理,帳票,RIBP010004_ブレンド出荷タンク在庫チェック表,"■発生日：　2024/8/6
■対応希望日： 来月中　　
■事象：
8/6のブレンド出荷タンク在庫チェック表の一部が品名と比率があっていない状態で出力されている。
添付に作業計画の混合比率指定（正しい方）と帳票をつけています。
いくつかC重油のブレンド出荷品名があるのでその影響かもしれません。
他に特に今まで変わったところはなかったと思います。

■あるべき姿：帳票が正しく出力される。
■代替手段：手書きで修正
","■原因
画面と帳票でソート順が異なる為、品名の順序が異なっています。
また、帳票が取得したデータ2種(品名・ブレンド比率)のソート順が一致していない為、品名と比率が適切な出力がされていません。
■対策
画面と同様のソート順でデータ2種を取得するように修正いたします。

2024/10/17　YJP追記
検証結果エビデンスをBOXに格納いたしました。内容のご確認をお願いいたします。
https://app.box.com/file/1675129118393
・【No881】ブレンド出荷タンク在庫チェック表不具合(千葉事業所).xlsx
",オフラス,●,,,,,,,,2024/10/17,2024/10/23,2024/11/15,AP・コーディング,確認完了,,,,,,,,,,,,,,,,,,,,,,,,,,,,,,,,,,,,,,,
,882,2024/08/06,北海道,青井圭介,青井圭介,ユーザリストのExcel出力不可,Q2：代替手段により後続テスト実施可能,X：共通,X：共通,ユーザー管理,"■発生日：2024/08/06
■対応希望日：2024/08/16
■事象
ユーザー管理画面でExcel出力ボタンを押下すると、「テンプレートのファイルが存在しません」のメッセージが表示され、Excelがダウンロードできない。

■あるべき姿
検索結果のリストがExcelダウンロードできる。

■代替手段
検索結果の画面キャプチャ等
","■原因
テンプレートファイルが存在しないため
■対策
所定のフォルダにテンプレートを設定（リリース）致します。

2024/08/06　YJP追記
リリース時期調整中（IKC青井様）

2024/09/18　YJP追記
次回リリース時に対応します。",オフラス,,●,,,,,,,,2024/10/17,,その他,確認完了,,,,,,,,,,,,,,,,,,,,,,,,,,,,,,,,,,,,,,,
,883,2024/08/07,千葉,YJP大武,沼田知樹,2024年6月の月末データ(原油・SLOP)が現状と差異 発生。,,G：マスバランス,G：マスバランス,なし,"■発生日：2024年8月6日
■発生拠点： 千葉事業所
■対応希望日：本日中(第5営業日のため)
 
■事象：
・第2営業日に原油の実績を確定。
・第3営業日に原油の実績処理に間違いを発見し、7月27日でデータ取り込みを
行おうとしたところ、誤って6月27日から7月27日を実行してしまう。
・第3営業日中に誤って初期化してしまった原油の実績を復元。
・第4営業日で、6月と7月の入力データの確認を実施。
その際に、7月の月初データ(6月の月末データ)が7月 第6営業日時点と異なっていることを発見。
入力データの再確認を行ったが差異が発生している原因を特定できず。
 
※添付は7月第6営業日時点の原油タンク別品名別日報月報です。
 
7月第6営業日時点と8月の現在時点との差分を、バックアップやログ等から調査することは可能でしょうか？
難しければ、データパッチ等で、原油タンク別品名別日報月報の在庫を修正することは可能でしょうか？
 
■あるべき姿：6月の原油の実績が、7月第6営業日時点と一致する。
■代替手段：なし
","■原因
左記のとおりです。

■対策
三鷹検証環境にて、７月時点のDMPに入れ替えを行ったうえで、当該データを共有いたします。

手順：
①三鷹検証環境にて７月時に提供頂いた千葉DMP状態に戻す。
②上記状態にて「原油タンク別品名別日報月報」6/27-30分を品名・日別で出力する。
③上記②の帳票ファイルを千葉事業所殿に提供する。
④千葉事業所殿にて、ファイルを元に6/27-30のデータを再入力いただく。
⑤千葉事業所殿にて７月締め処理を実施し、在庫を確認いただく。


出力ファイルは以下に格納しております。
https://app.box.com/folder/278960992637

<2024/08/07：IKC追記>
上記ご提供頂いたファイルを元に現地ユーザにて対応実施
　⇒6月30日時点の品名別のデータが一致したことを確認済
　　⇒また、7月分の製油所受払月報を出力し問題の無いことを確認済
　　　　⇒本件クローズ",オフラス,●,,,,,,,,,,2024/08/07,その他,確認完了,,,,,,,,,,,,,,,,,,,,,,,,,,,,,,,,,,,,,,,
,884,2024/08/09,愛知,YJP杉本,堂垣拓生,試験依頼の状態がその他エラーとなっている,,E：品質管理,E：品質管理,試験依頼,"■発生日：2024/8/9
■対応希望日：可能であれば即日
■事象
試験依頼一覧画面(VIEX02081)の依頼品名1.0C-CLOの状態がその他エラーとなっており、Lab-Aid側からの結果を受け取れない。
Lab-Aid側の操作とオフラス側の操作が被った可能性があるとのことです。

■あるべき姿
正しい状態となり、試験結果が受取れる

■代替手段
無し

2024/08/23 IKC愛知追記
その他エラーが解消されていることを確認しました。
","■原因
試験依頼が受付されてしまった後に、試験依頼が再度行われたためエラーとなっております。
データを確認し該当の試験依頼の動きは以下のようでした。
　① 10:41 試験依頼本登録受信
　② 10:44 試験依頼受付
　③ 10:45 再度、試験依頼本登録受信（試験依頼受付されているのでエラー）
　④ 11:55 試験終了（合格）

■対策
試験依頼情報変更前に試験が進んでしまいますと今回のような状況になりますため、試験依頼情報変更時にその他エラーとなった場合は、いったん試験依頼を受付待ちに戻してもらってから、再度依頼情報変更をしていただきたいと思います。
・変更情報が試験管理に渡っていないと考えられるため、どのような変更であったかを後日ご確認ください
・試験依頼一覧画面で結果参照ができない件につきましては、対応方法確認し、別途ご案内をさせていただきたいと思います。

2024/08/23 YJP追記
その他エラーの表示を解消するためのデータパッチを適用しました。
",オフラス,,,●,,,,,,,,2024/08/23,仕様通り,確認完了,,,,,,,,,,,,,,,,,,,,,,,,,,,,,,,,,,,,,,,
,885,2024/08/13,愛知,YJP那須,青井圭介,愛知オフラス通信障害に伴うリカバリについて,Q1：後続テスト実施不可,Y：通信管理,その他,L2.5との通信,"■発生日：2024/8/12
■対応希望日：なるべく早く　※8/16までには対応する必要あり
■事象
愛知事業所南浜のL3層・L2.5層間の通信ができなくなる障害が発生しました。
（オフラスAPサーバ⇔L2.5層EAIサーバ間、上位との通信は問題なし）
障害時間中、運転制御や陸上出荷との通信ができておりませんので、リカバリが必要ですが特に時間等気にすることなく連携元システムからデータの再送を行ってもらえば問題ないでしょうか？（陸上出荷の車番別実績など）
リカバリが必要な対象連携もご教示いただけると幸いです。

■あるべき姿
なし

■代替手段
なし

2024/12/03追記
対応完了の為、クローズ(堂垣)","■原因

■対策
リカバリ対象となる伝文について、対象は実績情報に関する伝文となり、計画や進捗に関連する伝文については特に再送は不要との認識です。
また、リカバリ方法（連携元システムからデータの再送）については、本件の障害により送信できておらず、かつ、オフラスに取込が必要な伝文を過去から順番に再送いただければ問題は特に発生しない見込みです。",オフラス,,,●,,,,,,,,2024/12/03,その他,確認完了,,,,,,,,,,,,,,,,,,,,,,,,,,,,,,,,,,,,,,,
,886,2024/08/15,愛知,YJP小見山,世古和子,価格按分計算書　関税額未表示,,F：外航通関,帳票,RIFP010007_価格按分計算書,"■発生日：2024年8月9日
■対応希望日：通常の対応で可
■事象：関税が発生する輸入申告の価格按分計算書で関税額が表示されていないが　
　　　　課税標準額は関税額が加算された金額が表示されている。　　　
■あるべき姿：価格按分計算書へ関税額が表示される
■代替手段：プレビュー画面で関税額を入力する
","■原因
仕様通り
■対策
関税額を出力するには仕様変更扱いとなります。
ご検討のほどお願い致します。

<2024/10/11：IKC追記>
問合せ元より以下の回答あり。本件クローズ。
ーーーーーーーーー
その後、製品の輸入実績がなく現在に至り、オフラスで関税額未表示の再検証が出来ておりませんでした。
愛知は現在製品の輸入の件数も少なく、実際、今後どのように影響があるか分かりかねますので、　今回は一旦　クローズをして頂きまた何か影響があるようならば改めてご連絡させて頂きます。",オフラス,,,●,,,,,,,,2024/10/11,仕様通り,確認完了,,,,,,,,,,,,,,,,,,,,,,,,,,,,,,,,,,,,,,,
,887,2024/08/19,徳山,YJP杉本,國本優輝,Lab-AidのユーザIDについて,,L：試験管理,L：試験管理,,"■発生日：2024年8月14日
■対応希望日：急がない
■事象
所内でユーザIDの棚卸を依頼が来たため、Lab-AidのIDの確認を行っています。
Lab-Aidのユーザマスタについて確認です。
異動者が発生したので、削除したいユーザマスタがあります。
総合判定等を行ったことがあるユーザを削除しても問題ないのでしょうか。

■あるべき姿

■代替手段
","■原因
総合判定等を行ったことがあるユーザを削除してしまうと、
該当のユーザ名となっている総合判定者名等が空欄になってしまいます。
■対策
総合判定されたことのあるユーザが異動される場合は削除せず、
ユーザの状態を「S:無効」に変更いただくことで、該当ユーザはログオン不可となります。
この対応であれば総合判定者名等は空欄にならず、これまで通り表示可能です。",IKC,,,,●,,,,,,,2024/08/26,仕様通り,確認完了,,,,,,,,,,,,,,,,,,,,,,,,,,,,,,,,,,,,,,,
,888,2024/08/29,千葉,YJP小笠原,伊藤祐希,静止中のタンクがロット更新できない,,E：品質管理,E：品質管理,,"■発生日：2024/8/29
■対応希望日：できるだけ早めに（可能なら明日の午前中）
■事象
本日静止中の60004タンクのロット更新を実施しようとしたが「受入作業中」のため性状更新できないメッセージが出力された。
作業状況を確認したが特に作業もしておらず、運転制御システムでも静止中である。
直近の作業は26~27日タンク間シフトを実施しているが問題なく終了している。
本タンク明日PMには装置払出に使用したい為、可能であれば今日中に調査頂きたい。
https://app.box.com/file/1634209197583
■あるべき姿
ロットが正しく更新される
■代替手段
なし","■原因
タンク受入作業中を判定するテーブルに過去データで作業終了日時が未設定のものが存在したため、タンク60004は作業中と判断されロット更新できない状態となっております。

■対策
暫定対応としてデータパッチを適用させていただきます。
データパッチ適用後にLab-Aidから試験結果を再送していただければロットが更新されます。

作業終了日が未設定のものは、JOB自体は完了しているようなので、
タンク受入作業中を判定するテーブルが正しく更新されなかった原因は引き続き調査いたします。

2024/10/16 YJP追記
事象発生時は運転制御システムが静止中であったので、イレギュラーな状態であったこと、また、同様の事象は発生していない状況のため、再現待ちとさせて頂く。

2024/11/15　YJP追記
本事象発生以降、同様の事象は発生していないため、一旦クローズとさせて頂く。
再発した場合は、新規起票とさせて頂く。",オフラス,●,,,,,,,,,,,その他,確認完了,,,,,,,,,,,,,,,,,,,,,,,,,,,,,,,,,,,,,,,
,889,2024/08/30,北海道,YJP那須,青井圭介,北海道オフラス　伝票起票のオペミス取り戻しについて,,I：伝票発行管理,I：伝票発行管理,伝票取消,"■発生日：
■対応希望日：2024年8月締まで
■事象
北海道で伝票起票オペミスがあり、あるべき姿に戻したいため、この後のオペレーションについて確認させてください。

＜経緯＞
2月出荷の数量に誤りがあり訂正したいが、2月は既に締まっており通常の訂正伝票は起票できないため、数量のみによる取消・訂正の表現を北海道へ依頼。（本社からもそのように指示あり）
⇒取消したい数量のマイナス伝票、あるべき数量（訂正）のプラス伝票の起票（被訂正日付・被訂正伝票番号は未入力）

＜現地対応＞
いずれの伝票にも被訂正伝票日付・伝票番号を入力して送信した。
伝票日付：2024/8/1
伝票番号：10009、10010

＜状況＞
2伝票のSAP取込みは以下のようになっています。
10009：取込みエラー（過去決算日のためエラー）
10010：正常取込み

＜今後の対応想定＞
この後の対応は以下で想定していますが、あってますでしょうか？
・取込みエラーとなった10009をオフラス上で取消実施（SAPでエラーになるが無視）
・正しい数量による取消伝票（-27KL、被訂正日付・伝票番号未入力）で起票・送信⇒これにより、2月の誤った伝票数量の誤差8KLが8月に計上される

■あるべき姿

■代替手段
","■原因

■対策
まず、青井様にて想定されている対応の
＞・取込みエラーとなった10009をオフラス上で取消実施（SAPでエラーになるが無視）
＞・正しい数量による取消伝票（-27KL、被訂正日付・伝票番号未入力）で起票・送信⇒これにより、2月の誤った伝票数量の誤差8KLが8月に計上される
についてですが、訂正伝票が起票されている取消伝票に対して単独での取り消しはできません。

そのため、起票済の訂正伝票（伝票日付2024/8/1、伝票No10010）に対して再度、取消伝票と訂正伝票を起票してオフラス、OneSAP双方で相殺を行い、その後、本来登録したかった伝票を改めて登録する方法が無難かと思われます。

ただしその場合、OneSAP側に取り込まれたくない伝票もおそらく取り込まれてしまうため、以下の通り対応が必要となる想定です。

【事前に起票・送信済の伝票】
⓪-1：取消伝票（伝票日付2024/8/1、伝票No10009、伝票数量-27,000L）⇒OneSAP取込エラー
⓪-2：訂正伝票（伝票日付2024/8/1、伝票No10010、伝票数量35,000L）⇒OneSAP取込済

①まず、⓪-2の訂正伝票（伝票日付2024/8/1、伝票No10010）に対して訂正アイコンを押下して取消伝票（自動生成）と訂正伝票を起票
　⇒伝票日付は2024/8/1、訂正伝票の伝票数量は27,000Lで入力ください。
　　以上の登録により、以下のような伝票が起票されます。
　　　①-1：取消伝票（伝票日付2024/8/1、伝票No10011、伝票数量-35,000L）⇒OneSAPに取り込まれ⓪-2の訂正伝票と相殺
　　　①-2：訂正伝票（伝票日付2024/8/1、伝票No10011、伝票数量27,000L）
　　　　　　　⇒OneSAPに取り込まれたくない伝票（相殺元の⓪-1の伝票No10009がエラーのため）なので、OneSAP側では捨ててもらう
⇒この時点でオフラス、OneSAPともに数量はいったん辻褄が合います。

②本来実施したかった「数量のみによる取消・訂正」の伝票を起票
　⇒どちらもOneSAPに取り込みを行い、伝票数量の差異8,000Lが残る
※おそらくは紐づけなしの取消伝票（被訂正伝票Noを”99999”で入力）と
通常伝票の組み合わせと想定されますが、こちらについては当初に青井様が想定していた伝票で問題ありません。
",オフラス,,●,,,,,,,,,,仕様通り,確認完了,,,,,,,,,,,,,,,,,,,,,,,,,,,,,,,,,,,,,,,
,890,2024/09/02,愛知,YJP大武,青井圭介,北浜ナフサタンクの出光移管に伴う対応について,,D：実績管理,D：実績管理,タンク在庫受信,"■発生日：2024/09/02
■対応希望日：2024/09中
■事象
■あるべき姿
■代替手段

（問い合わせ）
2024年10月より、北浜ナフサタンク（現三菱所有）が出光に移管されます。
タンク在庫の連携が必要になってくるため、OMからは該当タンクの情報を今の連携（毎日0:15）に
追加して頂くのですが、オフラス側の対応は定数もしくはマスタ対応のみで可能でしょうか？
どこに何を追加対応すればよいか、ご教示頂けないでしょうか。
ちなみに連携開始は10/1分からとなりますので、10/2 0:15の連携が初回となります。
","■原因
■対策
(以下回答を記載いたします)
本件、以前実施した知多対応と同様であると考えられます。

そのため、以下マスタ設定にて対応可能であると認識しております。
・タンクマスタの追加(TIMX201_タンクマスタ)
・タンクテーブルの追加(TIMX206_タンク在庫計算マスタ、TIMX207_タンク在庫容量マスタ)

また、ナフサタンクとのことで問題ないかとは思いますが、
商品管理への取り込み等に必要となる、以下品名関連マスタについてもご確認ください。
・TIMX101_品名マスタ、TIMX102_作業品名マスタ
・TIMX612_MB品名マスタ、TIMX615_MB品名変換マスタ

なお、知多対応の際の資料等がこちらに格納されておりましたので、
ご参考までに参照頂けますと幸いです。

■Box
https://app.box.com/folder/194900294970

",オフラス,,,●,,,,,,,,2024/09/10,その他,確認完了,,,,,,,,,,,,,,,,,,,,,,,,,,,,,,,,,,,,,,,
,891,2024/09/03,北海道,YJP大武,佐々木基至,機械作成伝票のSAP連携不具合について（北海道）,,G：マスバランス,G：マスバランス,機械作成伝票連携,"■発生日：2024/09/02
■対応希望日：至急
■事象
北海道で月次を手動実行し機械作成伝票がSAPへ連携されたが、
連携データ不備がありＳＡＰジョブが停止。
勘定転換伝票が2明細で連携されるべきところ、1明細で連携された模様。
　
こちらについて、オフラス側での状況／原因を調査頂きたくお願いいたします。

<機械作成伝票（北海道）> 
伝票日付：2024/8/31
伝票NO：H0059


■あるべき姿
■代替手段
","■原因
オフラスに当該の出荷伝票が届いていないものと思われます。（打ち合わせにてお話した通りです）
転換伝票のみが取り込まれた状態となったため、転換で受けた数量を勘定転換したと考えられます。
※製油所受払月報上でも出荷数量が存在せず、在庫数量も存在しておりませんでした。

なお、ICOF品を転換した際に、機械作成伝票が2件発行されていない件については別の問題であるため、
別途確認をするように致します。

■対策
SAP側から出荷伝票を送付頂き、取り込んだ状態でオフラス月次処理を再実行頂く。

<2024/09/04：IKC追記>
SAP側⇒オフラス側に出荷伝票を送付頂いた後オフラス月次処理を再実行することで事象解消。",オフラス,,●,,,,,,,,,2024/09/05,その他,確認完了,,,,,,,,,,,,,,,,,,,,,,,,,,,,,,,,,,,,,,,
,892,2024/09/03,愛知,YJP那須,佐々木基至,出荷明細一覧のETBE濃度について,,I：伝票発行管理,I：伝票発行管理,バイオガソリン出荷明細,"■発生日：2024/9/3
■対応希望日：本日中
■事象
8/12,13に発生したオフラスーOMC間の通信不要により、陸上出荷JOBをOMC側のJOBで実施しました。
最終的にはオフラス側でJOBを完了させたのですが、8月13日の出荷明細一覧のETBE濃度が未確定の状態です。
(13日の陸上出荷JOBについては本日確認すると正常に終了させていなかったので、終了させました)
締めが明日(4日)の為、本日中にバイオ数量を確定させたく、復旧手順をご教示ください。

■あるべき姿
ETBE濃度が登録される

■代替手段
","■原因
揮発油税算定基礎データの作成時点で8月13日の陸上出荷JOBが終了になっていなかったためです。
車番別実績をもとにバイオガソリン出荷明細を作成する処理において、終了している陸上出荷JOBを対象に出荷タンク（＝LOT＝ETBE濃度）の検索を行いますが、8月13日の陸上出荷JOBが終了していなかったため、対象の出荷タンクが検索できずETBE濃度が未確定となっていました。

■対策
該当の陸上出荷JOBは陸上出荷作業実績ファイルメンテ画面よりステータスを終了に更新していただいているため、現状のデータで揮発油税算定基礎データの再作成を行うことで8月13日の陸上出荷JOBが検索され、結果としてETBE濃度を取得することができます。

<2024/09/03：IKC追記>
上記対策を現地ユーザにて実施
　⇒データ再作成し8/13のETBE濃度が確認できた
　　⇒本件クローズ",オフラス,,,●,,,,,,,,2024/09/03,仕様通り,確認完了,,,,,,,,,,,,,,,,,,,,,,,,,,,,,,,,,,,,,,,
,893,2024/09/04,北海道,YJP大武,佐々木基至,原油受払月報にてマーバン原油のマイナス入荷分が修正されていない,,G：マスバランス,G：マスバランス,原油受払月報（SAP製油所受払月報）,"■発生日：2024/09/03
■対応希望日：９／４（水）中
■事象
　原油受払月報にて、マーバン原油のマイナス入荷分が修正されておらず増減に出てしまっている。

■あるべき姿
　以下の期待値が月報上に反映される。（期待値：増減-207.144KLとなる）

#651タンクの水実尺に合わせるためにマーバンをマイナス入荷で減らし水在庫を増やしました。
しかし、月報ではマイナス入荷の記載は出来ないため、月報で増減にしわ寄せされました。
マーバンのマイナス入荷を消して更新を掛けたので添付の通りオフラス画面の内容が月報に出ることを予測しておりましたが
エラーが発生しております。

■代替手段
　無し","■原因
前提として、製油所受払月報(原油受払月報)はSAP上のデータにて作成されているものであり、
オフラスでの変更内容をすべて反映するものではございません。オフラス内では月内の伝票情報等を
月次処理にて集計してSAPへ連携している認識となります。
そのため、マイナス入荷分の伝票がSAPで切られていなければ、月報上に反映はされないと考えております。
期待値として貼られているExcel帳票は、オフラス内のデータを基に作成されるものとなりますので、
オフラス内での変更内容が反映されているものと考えられます。

■対策
原因に記載した通り、両者のデータソースは異なりますので、
数値の反映先を加味してご対応頂けますよう宜しくお願い申し上げます。

<2024/09/04：IKC追記>
別件(No891関連)で実施していた月次処理不具合対応を実施の中、
その対応が起因で一部データファイルがオフラス⇒SAP連携されていなかったことが原因。
当該データをSAPに送信し事象解消。
本件クローズ。",オフラス,,●,,,,,,,,,2024/09/04,その他,確認完了,,,,,,,,,,,,,,,,,,,,,,,,,,,,,,,,,,,,,,,
,894,2024/09/05,千葉,YJP田中,中山　修美,システム外搬入確認画面の密度取得および端数処理について,,F：外航通関,F：外航通関,[VIFX010113] - 搬入確認登録（保税運送貨物）,"■発生日：２０２４年9月2日
■対応希望日： ２０２４年9月13日 まで
※特に、手修正で対応したため、急ぎではありません。 
■事象： 「システム外搬入確認」のBIAとBIBの仕様について３点確認です。
取り急ぎ、手修正にて対応しているので、緊急の案件ではありません。
なお、体積から重量への計算は、千葉では四捨五入で実施しております。

１．QTLとMR 2油種が分析が終わっているのに、密度が表示されません。
原因は分かるでしょうか。（OMは表示されます。）
２．OMの総重量はBIAが小数点第4位切り捨てになっていますが、
BIBは小数点第4位で四捨五入になっているようですが仕様はあっているでしょうか。
３．密度がブランクのBIBのMRに密度を手入力で入れると、35005.9018ですが、切り捨て（35005.901）になっているようです。
密度が自動で採取される時と違い、手入力するとBIBも切り捨てになってしますのでしょうか。
 ■あるべき姿：
分析結果が「システム外搬入確認」へ自動で転記される。
体積から重量への計算は、千葉では四捨五入。
■代替手段：手修正にて毎回対応する。 
■補足： なし","■原因
1. QTLに関しては、試験結果が存在していないため表示されません。(試験管理No.：2408220022)
MRに関しては、現行サンプル採取場所区分が「船」のもののみ試験結果を取得しているため、表示されていません。

2024/09/18 YJP追記
上記回答を修正いたします。
QTL・MRに関しては、JOB区分が「その他」となっており、手動で作成された試験依頼のため、JOBに紐づいておりません。
本画面では、JOBに紐づいている試験結果のみ取得しているため、表示されていません。

2. 数値に関しては、端数は基本「四捨五入」の認識です。
3. 内部処理不備です。

■対策
1. QTLに関しては、手入力願います。
MRに関しては、サンプル採取場所が「船」ではないものも取得するように処理を変更する必要がございます。
「搬入確認登録（保税運送貨物）」画面にて密度を取得する際の仕様に関してご確認いただきたく。
2. BIBの場合も「小数点第4位四捨五入」にいたします。
また、重量から容量・容量から重量の計算結果はすべて「小数点第4位四捨五入」でよいのでしょうか。
ご教示いただけますと幸いです。
3. 手入力した際も「小数点第4位四捨五入」といたします。

2024/09/19 YJP追記
1.に関して、今回事象が特異的な事例のため対応不要とさせていただきます。
2.に関しては、すべて「小数点第4位四捨五入」として修正いたします。

2024/09/24 YJP追記
件名がNo.880と被っていたため変更しました。
検証結果エビデンスを格納いたしました。
https://app.box.com/file/1654929447733

2024/10/01 YJP追記
切り捨てで統一との連絡をいただいたため、ステータスを「確認NG」に変更しました。
エビデンス確認後「可能」となっていた北海道・愛知・徳山の3拠点も「実施なし」とさせていただきました。

2024/11/15 YJP追記
「2.、3.」に関して、すべて「小数点第4位切り捨て」にて対応の旨をご連絡いただきました。
上記にて対応いたします。

2024/11/20 YJP追記
検証結果エビデンスを格納いたしました。
https://app.box.com/file/1654929447733
・【NG対応】【No894】システム外搬入確認画面の端数処理について.xlsx

■棚卸
2026/01/29：確認中、次回ステータス変更なき場合は強制クローズとする",オフラス,●,●,●,●,,,,,2024/11/20,2025/02/19,2026/02/25,AP・コーディング,確認完了,,,,,,,,,,,,,,,,,,,,,,,,,,,,,,,,,,,,,,,
,895,2024/09/10,千葉,YJP那須,佐々木基至,ユーザーが伝票送信操作を行ったがL30APサーバからは送信実績が無い,,I：伝票発行管理,I：伝票発行管理,伝票送信,"■発生日：2024/09/09
■対応希望日：
■事象
9/9月曜のお昼にユーザーが伝票送信操作を行ったようで、千葉オフラス定期再起動作業（9/9 12:00～）の影響で画面上は送信済み扱いですが、L30APサーバーからは送信実績がありません。

どのように対処したらよいご教示頂けますでしょうか。

■あるべき姿

■代替手段
","■原因
オフラスのデータとしては問題なく送信済となっていますが、L30APサーバーに伝文ファイルが作られておらず、伝票送信の伝文ファイル作成中に処理が止まった（シャットダウンされた）と思われる状況となっておりました。

■対策
受領したDMPをもとに三鷹検証環境で伝票送信の伝文ファイルの作成を行い、作成されたファイルを以下に格納しました。
https://app.box.com/folder/284311074011
　GBR00770_09121501_SBM_A0578_S.csv
　　※ファイル名の日時の部分（09121501）については実際に作成されるべきだった日時へ変更しています。

上記のファイルをL30APサーバーに配置後、EAIを用いてL35DMZへ送信していただくことでOneSAPへの送信および取込が行われる想定です。

＜2024/09/11：IKC追記＞
上記伝文ファイルをL30APサーバーから送信し、結果OneSAP側で正常に取り込まれたことを確認済。
本件クローズ。",オフラス,●,,,,,,,,,,2024/09/11,仕様通り,確認完了,,,,,,,,,,,,,,,,,,,,,,,,,,,,,,,,,,,,,,,
,896,2024/09/11,千葉,YJP小見山,沼田知樹,タンク受払実績一覧画面と、そこから出力されるExcelで増減が異なる。,,帳票,帳票,RIDP000014_タンク日報(作業実績),"■発生日：2024年08月15日 等
■対応希望日：1週間程度(そこまで急ぎません。期間の延長は可能です)
■事象：オフラスの、タンク受払実績一覧画面から印刷ボタンを押し、
Excelに出力すると、毎回ではないのですが、タンク受払実績一覧画面と
増減が異なる場合があります。
これはなぜでしょうか？
一例として、2024年08月15日のタンク受払実績一覧とExcelを添付します。
2024年08月15日の場合、#60002の増減が異なります。
(タンク受払実績一覧画面増減=159KL/Excel=161KL)
■あるべき姿：タンク受払実績一覧とExcelの増減が一致する。
■代替手段：なし
","■原因
端数制御と計算方法が原因です。
タンクNo毎の合計値・増減値をKL以下切り捨てした値で集計している為、画面と差異が発生しています。
また、データ型が不適切な為、品名毎の合計値・増減値も差異が発生しています。
■対策
仕様変更として対応いたします。

2024/09/27　YJP追記
検証結果エビデンスをBOXに格納いたしました。内容のご確認をお願いいたします。
https://app.box.com/file/1657851164449
・【No896(千葉)】タンク受払実績一覧画面と、そこから出力されるExcelで増減が異なる.xlsx

2024/12/16 YJP追記
12/5にリリース後も不具合が解消されていない旨、ご連絡を頂きました。
再度、調査、修正を行うように致します。
ステータスは、確認NGにしております。

20250611：YJP追記（確認NG対応）
■原因
自タンク以上の最終受け入れの相手先設備と自タンクが同じ場合、払い出し数量ではなく累積数量を使用する処理となっている。

2025/07/25 YJP追記（確認NG対応）
■対策
払出には「払出数量」のみを使用し、その値を元に増減を算出するよう帳票の修正を行います。

■棚卸
2026/01/29：確認中、次回ステータス変更なき場合は強制クローズとする",オフラス,●,,,,内,,,,2025/07/29,"2024/10/23
2025/08/20",2026/02/25,仕様変更,確認完了,,,,,,,,,,,,,,,,,,,,,,,,,,,,,,,,,,,,,,,
,897,2024/09/12,愛知,YJP田中,古井珠実,外航通関 1)0.5C-M 台帳引き落とし不具合,,F：外航通関,F：外航通関,,"■発生日：2024年9年9日
■対応希望日：2024年９月20日
■事象：
1）0.5C-M保税運送後の実績数量をBOTTOM　OIL台帳から引き落としが出来ない。
■あるべき姿：
愛知事業所は1）0.5C-Mは重油グループで管理しており税関上の取り扱いは
BOTTOM　OILで管理をする登録をしている。　　　
そのため、台帳引き落としはBOTTOM　OIL台帳　からの引き落としとなる。
■代替手段：なし","■原因
「ボンド出荷ブレンド基材マスタ」に差し引き対象となる品名(DSRC0.3)がいないことが原因となります。
■対策
「ボンド出荷ブレンド基材マスタ」に差し引き対象の簡略品名コード(「DSRC0.3」に対応するもの)を登録してください。",オフラス,,,●,,,,,,,,,仕様通り,確認完了,,,,,,,,,,,,,,,,,,,,,,,,,,,,,,,,,,,,,,,
,898,2024/09/13,徳山,YJP小見山,栗山明子,桟橋別稼働時間のデータが取得できない（excel）（徳山事業所）,,帳票,帳票,RIDP000033_桟橋別稼働時間,"■発生日：　2024/9/13
■対応希望日：9/25頃までにお願いいたします。
■事象：オフラスー実績管理－帳票出力内の「13.桟橋別稼働時間」のみ、２４年２月分の集計データを印刷すると、
添付のようにエラーが出て印字出来ません。
年度別・下期で集計しても、同様のエラーが出ます。
データ取得出来るように、よろしくお願いいたします。
■代替手段
　なし

2024/10/15 YJP追記
稼働率が100％を超えている為、確認NG

2024/10/18　YJP追記
全桟橋・バースにおいて、「稼働日」が対象年月日全日分でない為、確認NG
また「稼働日」の変更によって「稼働時間」・「稼働率」も変更","■原因
取得データに不備があり、帳票側でデータ取得処理が出来ない為エラーが発生しています。
■対策
取得データを適切な形に変更し、出力が問題なくできるように改修いたします。

2024/09/13 YJP追記
検証結果エビデンスをBOXに格納いたしました。内容のご確認をお願いいたします。
https://app.box.com/file/1669990367809
・【No898】桟橋別稼働時間のデータが取得できない.xlsx

2024/10/18 YJP追記
再検証結果エビデンスをBOXに格納いたしました。内容のご確認をお願いいたします。
< https://app.box.com/file/1675815615978 >
・【No898】桟橋別稼働時間のデータが取得できない_NG対応.xlsx

2024/11/07 YJP追記
再々検証結果エビデンスをBOXに格納いたしました。
内容のご確認をお願いいたします。
< https://app.box.com/file/1693445903430 >
・【No898】桟橋別稼働時間のデータが取得できない_再NG対応.xlsx
",オフラス,,,,●,内,,,,2024/11/07,2024/11/12,2024/11/12,仕様変更,確認完了,,,,,,,,,,,,,,,,,,,,,,,,,,,,,,,,,,,,,,,
,899,2024/09/18,千葉,佐々木基至,伊藤祐希,千葉事業所使用済プラスチックリサイクル油受入JOBについてご相談,,A：オーダ管理,A：オーダ管理,,"（保守_問題点管理表No.1040へ移管）
■発生日：2024/09/17
■対応希望日：9/30
■事象

＜資料＞
https://idemitsu.ent.box.com/folder/285093349979
・千葉新規案件のご相談.pptx

<相談事項>
掲題の件、千葉事業所の新しいJOBとしてオフラスで対応可能かを横河に相談したいと考えています。
運用が確定ではないので現状知りうる情報を基に資料を作成しています。
今までの運用と明らかに違う点が製品をローリーで受入することです。（陸上入荷）
新機能として実装するにはハードルが高いと思うので既設の機能でうまく対応できないかを相談したいです。

難しければ全所にも影響ありますが、当該JOB予算で改造も視野に入れる必要があります。
できれば今月中に1度お打ち合わせさせていただきたいと考えていますが、ご調整いただくことは可能でしょうか。

■あるべき姿
■代替手段
","（保守_問題点管理表No.1040へ移管）
■原因
仕様変更
製油所側にて仕様再整理中の認識
■対策
",オフラス,●,,,,,,,,,,2025/10/16,その他,対応不要,,,,,,,,,,,,,,,,,,,,,,,,,,,,,,,,,,,,,,,
,900,2024/09/18,愛知,YJP大武,佐々木基至,他課タンクのタンクNo再利用について,,X：共通,G：マスバランス,他課タンクマスタ,"※不具合ではなく、今後の運用の確認です。

■発生日：　2024/9/9

■発生拠点：　愛知事業所

■対応希望日：　9月中　

■事象
他課タンクとして登録していた以下の8基のタンクが業務課の設備となり、将来的に別の油種で運用する計画があります。消防への申請上や過去の完成図書の表記などの関係から、タンクNoは変更しないで使用を考えております。
　
確認したいことは以下です。
・他課タンクマスタから削除することによる懸念点はあるでしょうか(過去のデータが参照できなくなる等)？
・タンクNoを変更せずに再利用することは”油種品転”と同じで問題ないと考えていいでしょうか？
(違いとしては他課タンクマスタに登録のあったものを削除して、タンクマスタ上で品名を変更する点です)
・その他懸念点はあるでしょうか？

■あるべき姿
■代替手段

2024/11/25追記
調査内容承知しました。
マスタ修正の際に想定通りの動きをしない場合に再度問題点として起案しますので、本件はクローズします。(堂垣)","■原因
■対策

（回答）
ご質問頂いた内容の調査結果について、以下の資料にまとめました。
愛知事業所殿にご展開頂き、内容をご確認頂けますと幸いです。

下記Box内フォルダに資料をアップロードしております。
ご確認の程、宜しくお願い申し上げます。

■Box格納フォルダ
https://app.box.com/folder/294967609907
┗保守No900_調査資料.xlsx
",オフラス,,,●,,,,,,,,2024/11/25,その他,確認完了,,,,,,,,,,,,,,,,,,,,,,,,,,,,,,,,,,,,,,,
,901,2024/09/24,愛知,YJP田中,古井珠実,BF-LSFO　出荷実績　台帳引き落とし不具合,,F：外航通関,F：外航通関,[VIFX040202] - 外貨搬出実績数量確定,"■発生日：2024年9月24日
■対応希望日：9/25　午前中。（9/26にBF-LSFOの出荷予定　前日16時までに税関申請が必要な為）
■事象：
9/23　ボンドバンカー品（BF-LSFO）の出荷実績を確定し台帳の引き落とし時外貨搬出実数数量確定画面で引き落とし台帳が表示されない。
前回の状況：7/22にBF-LSFOの出荷があり台帳引き落とし処理は問題ありませんでした。
最近の変更：先日、1)0.5C-Mの出荷があり、ボンド出荷ブレンド基材マスタを新規で追加した項目がありますがその時の設定コードが影響した可能性はありますか？
また、簡略品名コード　00097で出荷しておりますが、マスタ登録GAS/BOTTOM区分が正しく設定されているか確認をお願い致します。（今回の不具合の原因になるでしょうか）
7/22出荷時は0の登録でした。
■あるべき姿：9/23の実績数量が指定した台帳より引き落としができる
■代替手段：なし","■原因
「ボンド出荷ブレンド基材マスタ」に差し引き対象となる品名(0.5C-M(簡略品名コード[04190]))に登録されている、「基材簡略品名コード」に対応する引き落とし対象の品名が台帳にないことが原因となります。
■対策
「ボンド出荷ブレンド基材マスタ」に差し引き対象の「基材簡略品名コード」(「0.5C-M」と対応するもの)を登録してください。

2024/09/26　YJP追記
登録後のデータ不備に関しては、データパッチにて対応いたします。",オフラス,,,●,,,,,,,,2024/09/27,その他,確認完了,,,,,,,,,,,,,,,,,,,,,,,,,,,,,,,,,,,,,,,
,902,2024/09/25,愛知,YJP那須,佐々木基至,愛知オフラスモニタ試験結果（燃料油）検索にてG-2検索が行えない,,N：製油所モニタ,N：製油所モニタ,燃料油試験参照,"■発生日：2024/9/24
■対応希望日：2024/9/26
■事象
愛知オフラスモニタの試験結果（燃料油）検索にて、品名略号「G-2」を設定して検索ボタンを押したところ、ロード中状態で固まって画面が遷移しない。
燃料油他油種（NPRG,REG等）、工程サンプルは通常通り検索できる模様
特定PCのみでなく他のPC,ほかのユーザーで試しても同じ事象

■あるべき姿
G-2の検索が行える

■代替手段
ラボエイドからG-2を検索
","■原因
過去にお問い合せいただいている製油所モニタのプロトコル違反のエラー（保守問題点No259,485,522,663など）と同件になります。
　※本件ではプロトコル違反のエラーが出る以外に、お問合せと同じ事象である画面が固まる事象も過去に確認されています。

受領したログ（例：Exception_20240925105633153.txt）を確認したところ、プロトコル違反に関連して出力されるエラーコードである『IJ000453』が出力されていることが確認できました。

■対策
過去の問題点と同様に、本事象が発生する場合は回避策として検索条件を変更して再検索していただければと思います。",オフラス,,,●,,,,,,,,2025/10/16,その他,確認完了,,,,,,,,,,,,,,,,,,,,,,,,,,,,,,,,,,,,,,,
,903,2024/09/26,千葉,YJP小見山,沼田知樹,原油処理実績表を印刷(Excelでダウンロード)すると値が異なる,,G：マスバランス,帳票,RIGP000006_原油処理実績表,"■発生日：2024/09/26
■対応希望日：即日(月締めに影響する可能性があるため)
■事象：2024/9/3の原油処理実績表を印刷(Excelでダウンロード)すると、
Chromeの画面(添付①)とExcel(添付②)で、値が異なります。
 
油量実績1日データ作成→データ取込→在庫計算・更新処理を、
やり直してみましたが、結果は変わらず。
","■原因
画面表示・データ内容に問題はなく、帳票側のデータ取得及び計算方法が不適切であることが原因です。
■対策
画面表示値と帳票出力値が同様の結果になるよう修正いたします。

2024/12/04 YJP追記
検証結果エビデンスをBOXに格納いたしました。内容のご確認をお願いいたします。
< https://app.box.com/file/1716422977874 >
・【No903】原油処理実績表を印刷(Excelでダウンロード)すると値が異なる.xlsx",オフラス,●,,,,内,,,,2024/12/04,2024/12/18,2025/02/17,AP・コーディング,確認完了,,,,,,,,,,,,,,,,,,,,,,,,,,,,,,,,,,,,,,,
,904,2024/09/27,徳山,YJP小見山,山本しのぶ,オフラス-外航通関-輸入実績明細書について（徳山事業所）,,F：外航通関,帳票,RIFP050012_輸入実績明細書,"■発生日：　2024/9/27
■対応希望日：急ぎません。
■事象：
　 [VIFX050501] - 輸入実績明細書作成において、
内航船による全量外貨入荷品のデータ（下記）が輸入品として取り込まれる。
・入荷日：2024年9月19日
・品名：1)0.5C重油-Marine
・数量：4,590.788KL 
・船名　：慶扇丸
■あるべき姿：
内航船による全量外貨入荷品は輸入品ではないので、当該帳票に取り込まないで欲しい。
■代替手段
　手修正
","■原因
内航船データも取得対象になっていたことが原因です。
■対策
内航船を取得対象外となるように修正いたします。

2024/10/17 YJP追記
検証結果エビデンスをBOXに格納いたしました。内容のご確認をお願いいたします。
https://app.box.com/file/1675129118393
・【No881】ブレンド出荷タンク在庫チェック表不具合(千葉事業所).xlsx
",オフラス,,,,●,,,,,2024/10/17,2024/10/29,2024/10/29,AP・コーディング,確認完了,,,,,,,,,,,,,,,,,,,,,,,,,,,,,,,,,,,,,,,
,905,2024/09/27,北海道,YJP田中,石井真紀,ボンド出荷のオーダーの外貨在庫引落ができない,,F：外航通関,F：外航通関,,"■発生日：　2024/9/17
■対応希望日： 月末なので、早めの対応をお願いします
■事象
ボンド出荷で品名：BF-380は通常はブレンド出荷であるが、今回の出荷は単品出荷であった。
ボンド出荷オーダ一覧画面にて申告→承認→作業を入力し、外貨製造搬出一覧にて搬出作業を行ったが、
引落情報に台帳を選ぶ項目が出なかったため、引落できない状態となっている。
■あるべき姿
引落情報箇所に台帳番号が選べるようになり、引落される。
■代替手段
なし","■原因
「ボンド出荷ブレンド基材マスタ」に差し引き対象となる品名が保税台帳にいないことが原因となります。
■対策
「ボンド出荷ブレンド基材マスタ」に差し引き対象の簡略品名コードを登録してください。",オフラス,,●,,,,,,,,,2024/11/22,仕様通り,確認完了,,,,,,,,,,,,,,,,,,,,,,,,,,,,,,,,,,,,,,,
,906,2024/10/01,北海道,YJP柳田,佐々木基至,OMC－オフラス間通信不可に伴う復旧後のリカバリ対象について,,Y：通信管理,Y：通信管理,,"■発生日：2024/10/1
■対応希望日：
■事象
北海道にてL2とL2.5間で通信不調が発生しており、現地ユーザ様にて対応中となっております。
それに伴い、現在OMC－オフラス間で通信不可となっておりますが、復旧後のオフラス側でのリカバリ対象について確認させてください。
運転制御側に送信出来ていないものは、以下の通信となります。

1501：指定タンク実績要求
4005：計画情報・シフト生産
4006：計画情報・サーキュレーション/ジェットミキシング/原油水切り

上記各々のリカバリ対象についてご教示頂けますでしょうか。
■あるべき姿

■代替手段
","■原因

■対策
＜2024/10/02：IKC追記＞
通信障害復旧後に別途リカバリ済のため本件クローズ。",オフラス,,●,,,,,,,,,2024/10/02,その他,確認完了,,,,,,,,,,,,,,,,,,,,,,,,,,,,,,,,,,,,,,,
,907,2024/10/02,徳山,YJP大武,佐々木基至,製油所受払月報と実地棚卸表の在庫が一致しない,,G：マスバランス,G：マスバランス,製油所受払月報、実地棚卸表,"■発生日：2024/10/2
■発生拠点：徳山事業所
■対応希望日：10/3 中
■事象：月報と実棚の在庫が一致しない。（品名：エキストラクト）
通常月は、勘定転換のマイナスで調整されている。在庫減。
今月は在庫が増えておりＳＤＭ年の為、イレギュラーと思われ、過去４年毎に遡って確認すると
２０１６年１０月に同様の事例が発生しており、入荷で自動的に調整が処理されている。

■代替手段
　なし","■原因
＜2025/1/31：YJP追記＞
根本原因：データ不備
月次集計処理にて機械作成伝票の発行をする際にSAP移動タイプへの変換処理にて、
検索時にレコードの重複がみられたため、未設定となっておりました。	
今回の2024/9のデータではTIXX022のSAP移動タイプ変換マスタ内、シーケンスNo465～467の
3件が引き当たりました。これらのレコードの伝票区分、内訳区分、訂正区分、勘定コードなどの設定に差がなく、且つSAPプラントコードにのみ差異があったため、重複として処理されました。
※設定に差がなく、且つSAP移動タイプ、SAP移動区分、SAPプラントコードのいずれかに違いがある場合に、レコードを絞り切れずに「重複エラー」となり、伝票上のSAP移動タイプ等が空欄となります。
(なお、本エラーはハンドリングされたエラーであり、ソフトウェアの異常ではございません。)	


■対策
＜2024/10/03：IKC追記＞
月締め処理時にオフラス⇒SAPに連携する機械作成伝票（伝文）に、必要な項目が未設定のままSAP送信されており、結果SAP側で取り込めていないことが直接原因。
暫定対応として、起因となっている当該レコード(１レコード)に対して、欠落している項目値を手動で入力し、そのレコードのみをSAP側に送信。SAP側で取り込まれたことを確認後、現地側で月締め処理を再実行し、結果 問題解消したことを確認済み。
根本原因究明についての調査は継続中。
＜2025/1/31：YJP追記＞
TIXX022「SAP移動タイプ変換マスタ」のレコードを見直す必要がございます。	
最も簡易的な対応としては、シーケンスNo465～467の3件のSAPプラントコードを同一にして頂く方法であると考えられます。	そうすることで、同条件のレコードの場合は先頭レコードのみが使用される仕組みとなっているので、正常に処理されます。	No465～467のレコードを通常使用される1件のみのレコードに絞って頂く（不要分を削除する）のも、同様の解決方法として有効です。	
もしくは、設定値を全体的に見直して頂き、訂正区分などにてユニークなレコードとなれば複数引き当たることは無くなる認識です。他にも同様のエラーとなる可能性がないか確認しましたが、現状ではシーケンスNo465～470の6件が今回のケースに該当しそうです。	
設定値の見直しと修正を頂けますよう、宜しくお願いいたします。	
※エビデンス資料を併せてご参照ください。＜https://app.box.com/folder/305322673668＞

■棚卸
2026/01/29：確認中、次回ステータス変更なき場合は強制クローズとする
",オフラス,,,,●,,,,,"2025/1/31
調査結果報告",,2026/02/25,データ不備,確認完了,,,,,,,,,,,,,,,,,,,,,,,,,,,,,,,,,,,,,,,
,908,2024/10/03,愛知,YJP小見山,堂垣拓生,商品管理側タンク在庫日報の帳票について,,帳票,帳票,RIGP000001_タンク在庫日報,"■発生日：　2024/10/02
■対応希望日：　10月中　
■事象
10/1より、新たに北浜タンク(3012タンク)の在庫をOMからオフラスに連携されるようにしました。
10/2に10/1分の3012タンクの在庫(油種はPCN)を確認すると、タンク在庫日報画面[VIGC010101]にはPCNが表示されていましたが、
商品管理側タンク在庫日報の帳票に表示されませんでした。
また、本日(10/3)、10/2分の在庫を確認すると、商品管理側タンク在庫日報の帳票にはPCNが表示されるようになっていました。
(10/2に上記の連絡を受けて、タンクマスタや品名マスタなどを一部整備しました)
なぜ10/1分の商品管理側タンク在庫日報の帳票にはPCNが表示されないのでしょうか？
■あるべき姿
10/1分の商品管理側タンク在庫日報の帳票にもPCNが表示される、
■代替手段
","■原因
前日データが存在しない場合、データを取得していないことが原因です。
■対策
自営帳票の為、仕様変更として対応いたします。

前日データが存在しない場合でも、データを取得するように変更いたします。

2025/01/27 YJP追記
検証結果エビデンスをBOXに格納いたしました。内容のご確認をお願いいたします。
< https://app.box.com/file/1760058206385 >
・【No908,909】タンク在庫日報帳票不具合.xlsx
",オフラス,,,●,,内,,,,2025/01/27,2025/02/20,2025/04/01,AP・コーディング,確認完了,,,,,,,,,,,,,,,,,,,,,,,,,,,,,,,,,,,,,,,
,909,2024/10/04,千葉,YJP小見山,沼田知樹,タンク在庫日報が、Excel形式で出力できない,,帳票,帳票,RIGP000001_タンク在庫日報,"■発生日：2024年10月04日
■対応希望日：緊急ではありません。
1週間程度で可能でしょうか？(期間延長は可能です)
■事象：オフラスのタンク在庫日報をExcel形式で出力しようとすると(印刷ボタンを押すと)、
添付画像のようなメッセージが出て、処理が完了しません。
本事象は、業務課/潤滑油一課/潤滑油二課/動力課の4課のうち、
潤滑油一課/潤滑油二課/動力課で発生しています。 
■あるべき姿：全ての課でタンク在庫日報が、Excel形式で出力される。
■代替手段：なし
","■原因
一部取得データの数量が空(NULL)であっても計算を行うため、エラーが発生していました。
■対策
自営帳票の為、仕様変更として対応いたします。

数値データが空(NULL)の場合を考慮したデータ取得を行うように変更いたします。

2025/01/27 YJP追記
検証結果エビデンスをBOXに格納いたしました。内容のご確認をお願いいたします。
< https://app.box.com/file/1760058206385 >
・【No908,909】タンク在庫日報帳票不具合.xlsx
",オフラス,●,,,,内,,,,2025/01/27,2025/02/19,2025/04/23,AP・コーディング,確認完了,,,,,,,,,,,,,,,,,,,,,,,,,,,,,,,,,,,,,,,
,910,2024/10/08,愛知,YJP小見山,堂垣拓生,入出荷作業計画一覧表に出力されないJOBがある,,帳票,帳票,RIBP010006_,"■発生日：　2024/10/8
■対応希望日：　急がない　
■事象
帳票の入出荷作業計画一覧表ですが、出力されていないJOBがあります。
JOBNoは”130035”と”132516”です。
なぜ出力されないのでしょうか？
■あるべき姿
入出荷作業計画一覧表に表示される。
■代替手段
帳票印刷前に手入力で追加する。
","■原因
オーダ一覧(入荷)画面で確認できるオーダの作業状態が「未確定」のため表示されません。
■対策
JOBNo設定をしていただくと、作業状態が「登録済」になり入荷作業計画一覧表に表示されます。

今回のお電話でいただいた確認内容、
JOBNoは採番されていますが、作業状態が「未確定」となっている理由は
送信フラグが「NG受信」となっているためです。
帳票には、正しく送信され送信フラグが「確定」になった時点で表示されます。
",オフラス,,,●,,,,,,"2025/2/28予定
2025/04/04予定",,2025/04/01,仕様通り,確認完了,,,,,,,,,,,,,,,,,,,,,,,,,,,,,,,,,,,,,,,
,911,2024/10/11,北海道,YJP大武,田苗直樹,オフラス在庫引落マスタ仕様のご確認,,G：マスバランス,G：マスバランス,在庫集計,"■発生日：2024年10月3日
■発生拠点：北海道製油所
■対応希望日：
10月18日迄(仕様確認)　11月6日迄(仕様変更)*11/6までは不可能な場合はご連絡下さい。

■事象：
10月月初に先月分外貨在庫が多量にあったためオフラスの「在庫引落マスタ設定」にて、
引落品名をした。しかし、一部こちら側の意図とは異なる処理が実施された。
例1:1)フルレンジナフサの引当にハイオクガソリンをしようとした。引当事態は成功したのだが、1)フルレンジナフサの引当にハイオクガソリンを全量使用してしまったためハイオクガソリンの預かり在庫(国家備蓄)数量を確保できずに、預り在庫引き落とし先無の
エラーが発生してしまうため、1)フルレンジナフサの引当にハイオクガソリンを使用することを断念した。
理想1:第一優先としてハイオクガソリンの預かり数量分を引当てから、余った数量分を1)フルレンジナフサの引当てに使用されることを期待していた。

例2:1)水素化分解サイクルオイルの外貨在庫に内貨の水素化分解サイクルオイルを設定し、さらに外貨軽油1)軽油の外貨在庫引当に内貨の水素化分解サイクルオイルを設定した。
1)軽油に内貨の水素化分解サイクルオイルが全量引当されてしまい、水素化分解サイクルオイル引き落とし先無のエラーが発生してしまったのでマスタ設定を再度行い引き当てを行った。
理想2: 第一優先として1)水素化分解サイクルオイルに内貨の水素化分解サイクルオイルを引き当てから、余った数量分を1)軽油の引き当てに使用されることを期待していた。
　
■あるべき姿：
例1から優先度は外貨在庫＞預り在庫、例2から優先度は製品＞半製品となっているが、この認識であっているのかご教授下さい。また、引き当ての優先度を外貨在庫＜預り在庫とすること、製品・半製品問わず第一優先で指定した箇所に使用した後に残量を他の箇所に使用する(北海道製油所側で優先度と順番を任意に指定できる)ようにする操作があればご教授下さい。また、現システムでは不可能ならこのようなことが出来るように仕様変更は可能でしょうか。
　　　　　　　　
■代替手段：　なし
外貨在庫が多量にある場合は基本的には価値の近い油種グループから引き当てるのが基本であり、このままでは価値の近い油種がまだあるにも関わらず、異なる油種グループから引き当てることになり
帳票作成にあたり、実態とは異なる決算書を作成することになってしまい、経理上好ましくない状況にありますのでご検討宜しくお願い致します。
不明点等ございましたら私の方までご連絡お願いします。","■原因
仕様変更要望

■対策
調査中です。
※10月18日迄(仕様確認)及び11月6日迄(仕様変更)の日程は調整が難しい見込みです。

2024/10/16 YJP追記
対応可能な日程の見込みをご連絡する。

2024/11/15 YJP追記：
現在、まだご質問頂いた内容の精査及びプログラム調査、
ご要望頂いた仕様の検討段階となっております。

> 在庫引き当ての優先度は外貨在庫＞預り在庫、また製品＞半製品となっている認識で正しいか。
　→こちらの内容は、プログラムの処理順が絡んでいる部分となり、確認に時間を要しております。

上記の内容を確認した上で、MB在庫振替マスタでの設定内容とあわせた引き当て状況を確認し、ご要望内容（今回ご連絡頂いた事象）が現在の仕様で対応出来ない場合の、仕様変更内容を改めて詰めていくことになると考えております。もし仕様変更が発生する場合は、おそらく全所に関わる見込みとなりますので、そういった説明の資料やご確認を頂く必要も生じるかと思います。

2025/01/22　YJP追記：
2月中旬までに仕様についての資料を展開予定です。
（No864と類似点があるので同時に対応予定です）

2025/03/17　YJP追記：
2025/03/15にお送りしたメールにて内容について回答済みです。
実現には一部仕様変更の必要がありますが、問い合わせ内容は在庫振替マスタで対応できるものもございます。No976の引落し仕様の検討も含めて、再度仕様について内容をご確認ください。

■棚卸
2026/04/27：現地回答待ち",オフラス,,●,,,,,,,"2025/03/15
調査結果連絡済み",,,仕様変更,仕様整理中,,,,,,"No.976はクローズ
現地回答待ち状態ですがクロースで良いでしょうか
（2026/06/05 YJP村上）",,,,,,,,,,,,,,,,,,,,,,,,,,,,,,,,,
,912,2024/10/15,愛知,YJP杉本,安田壮大,分析計から自動取り込みした試験結果について自動化コードによる確認操作が実施できない,,L：試験管理,L：試験管理,自動化機能,"■発生日：2024年10月11日
■対応希望日：2024年10月16日（水）
■事象
分析計から試験結果を自動取り込みした後の確認操作を自動化すべく、自動化コードを設定しましたが、確認操作が自動で行われません。
手動で結果更新した際は確認操作が自動で行われます。
ラボエイドヘルプ上は、分析計からの試験結果自動取り込みの際に自動化操作（確認）が実施できない記載はありませんが、仕様上実施可能か確認をお願い致します。

■あるべき姿
分析計から試験結果を自動取り込みした後に確認操作が自動で行われる

■代替手段
なし
（確認操作権限のない運転課での操作を想定している為）
","■原因
音声情報_工程試料名マスタが設定されていないため、分析計取込でエラーとなり
確認操作が自動化されませんでした。
スキップしようとした状態変更を含む一連の処理中に何等かのエラーが発生した場合、
状態はスキップせずに、停止します。

■対策
確認操作を自動化するものにつきましては、音声情報_工程試料名マスタを含め
音声情報関連のマスタを設定いただき、エラーとならないようお願いいたします。
また、分析計取込で確認が自動化されなかった際は、
メッセージ一覧でエラーとなっていないことをご確認いただきたいと思います。

2024/11/06
音声出力用のマスタについても正しく登録した上で自動化処理を行わせる、
ということでご了解いただいた。

■棚卸
2026/01/29：確認中、次回ステータス変更なき場合は強制クローズとする",IKC,,,●,,,,,,,,2026/02/25,仕様通り,確認完了,,,,,,,,,,,,,,,,,,,,,,,,,,,,,,,,,,,,,,,
,913,2024/10/17,千葉,YJP大武,沼田知樹,SLOPタンクからの通油が原油処理実績表へ上手く反映されない。,,G：マスバランス,G：マスバランス,原油処理実績表,"■発生日：2024年10月17日
■発生拠点： 千葉事業所
■対応希望日： 2024年10月21日まで
(2024年10月22日に石連週報の報告があるため)
 
■事象：2024年10月15日に#60006(SLOPタンク)から2C装置への払出(通油)がありました。
通常通り処理をしたところ、原油処理実績表の流量計とタンクの値の差が通常より大きく、
チェックも0になりません。
 
過去(2024年02月19～21日)、#8011から(SLOPタンク)から2C装置への払出(通油)があった際は、
特に問題なく、今回も前回と同様の処理をしたのですが、添付のような事象が発生しています。
 
事象から推測すると、マスタの不備のような気がするのですが詳細は分からないため、
調査のほど、よろしく お願いします。

■あるべき姿：流量計とタンクの差が通常と同じくらいの値になる＆チェックが0になる。
■代替手段：なし
","■原因：
＜データ不備＞
本件、MB品名マスタの設定に問題がございます。
MB品名マスタ(TIMX612)の「PROD_CLASS_CD(品名分類コード)」が「1231」となっていることで
品名分類マスタ(TIMX103)と紐づけて原油を検索する際に、「1231＝C重油」、燃料油と判断され、
画面での通油量の集計から漏れておりました。

■対策：
本項目をその他スロップ品と同様に「4799」に修正頂くことで、原油処理実績表での通油量集計に
含まれます。（再取り込みは不要で、マスタ修正後、画面に反映されます）
マスタ設定について、弊社で確認した際の画面エビデンスを添付いたしますので、ご参考にして頂けますと幸いです。

※下記に資料をアップロードしております。
https://app.box.com/folder/289985639481

2024/10/24 YJP追記：
「タンク受払実績」を締め処理で作成する際、タンク払出データの作成で、品名マスタの「統一品名略号」と
TIMX201(タンクマスタ)の代表油種を紐づけて、統一品名コードを設定する仕様がございます。
そのため、#60006の代表油種名「SLOP-L」にて、品名マスタの統一品名略号を探しに行った際に、
はじめに引き当たったのが「12311111(スロップ西部)」となったため、「タンク受払実績」の#60006の払出品名として「12311111(スロップ西部)」が設定されておりました。
※もし「12311111(スロップ西部)」が存在しなかった場合、「47999098（ＳＬＯＰ）」が設定されていました。その状態で商品管理側に取り込まれた場合、ＳＬＯＰの品名分類は「4799」「4:原油」であることから、原油処理実績表においても、問題なく計上されたと考えられます。(12311111の統一品名略号を変更して検証済み)

もし、今回のケースを12311111の品名マスタ設定の誤りであったとする場合、
上記の対応(品名マスタの是正)になると思いますが、品名マスタ(略号)が正しく、12311111は今回SLOPとして扱う、通油されるケースが正しいのであれば、以前連絡したように品名分類を原油のものに設定して頂く必要がございます。(または、仕様変更にて対応する必要がございます)

2024/11/15 YJP追記：
千葉事業所様と打合せにて認識合わせ実施。スロップ西部の扱い、マスタ設定について確認しました。
",オフラス,●,,,,,,,,,,,データ不備,確認完了,,,,,,,,,,,,,,,,,,,,,,,,,,,,,,,,,,,,,,,
,914,2024/10/28,徳山,YJP和須津,石津英明,オーダー集計表　表示不具合確認依頼（徳山事業所）,,A：オーダ管理,A：オーダ管理,オーダ集計表,"■発生日：2024/10/21
■対応希望日：希望　１１月１５日（金）迄 
■事象
オーダー集計表にてRFN入荷（愛知北浜品）のみ入荷数量が２倍の数値にて表示されます。
新SAISとの関連性は不明ですが、SAIS変更以降の10/15オーダー分から２倍の数値が表示されているため、
誤認識し生産バランス調整を誤る可能性があるため、調査確認を宜しくお願いします。
２倍表示油種：「２）RFN」　※現状対象油種のみを認識しております。
※記憶の限りですが、８月頃に同一品名を転送した際は、２倍表示事象は発生していなかった認識です。
※新SAIS移行時の一過性の不具合かと思っておりましたが、新規登録いただいてもデータ変更されても
２倍数量事象が継続しているため、問い合わせさせていただきました。
１点特殊事項としましては、該当の転送データは、同一船にて愛知事業所にてFG及びDLNを積み込みした船と同じ船で
愛知北浜にて２）RFNの積み込みがあるため、何かしらの影響を受けている可能性もあるのでは？と考えます。

■あるべき姿

■代替手段
オーダー変更都度、SAISの真値を確認する。
　（実作業影響はなし）
","■原因
需給品Bコードマスタ不備のため2倍値で表示されています。
オーダ集計表画面では油種を指定可能である関係上、オーダ情報の需給品Bコードと需給品Bコードマスタを突き合せてデータを取得しています。
需給品Bコードの範囲は他のマスタデータと重複しない前提となっていますが、今回問題になっているオーダ明細に紐づく品名の需給品Bコード「1112」が一部重複しており、マスタデータが2件取得されるため異常な計算結果が画面に表示されています。

■対策
需給品名Bコードマスタの見直しをお願いいたします。
⇒上記マスタを以下の内容で修正し、オーダー集計表に表示されました。(10/29)
　　８月に新規品？（P.TLN）が同じようにオーダー集計表に表示されなかったので、１１１２に絡む内容を編集（範囲を１１１３まで拡張）しました。
　　その件も踏まえて以下で対応致します。
①８月に変更した内容を元に戻す。
②８月に実施した内容を考慮し、１１１３は単独で新規設定。
③今回連絡したRFNが、現在祖ナフサ系で登録されているので、軽質ナフサ側で１１１２単独で登録。
",オフラス,,,,●,,,,,,,2024/10/29,データ不備,確認完了,,,,,,,,,,,,,,,,,,,,,,,,,,,,,,,,,,,,,,,
,915,2024/10/31,千葉,YJP田中,中山　修美,外貨製品在庫日報のボンド出荷欄について,,F：外航通関,F：外航通関,,"■発生日：２０２４年１０月３０日
■対応希望日： ２０２４年１０月３１日 まで　　　　　　　　　　　　
■事象：
重油船「HAFNIA BOBCAT」の「業者実績」でTOP-2436-(K)の台帳はBOTTOM OILから
7,471.503kLを引き落とさなければならないところ、NAPHTHAから引き落としてしまいました。
その為、外貨製品在庫日報はBOTTOM OILに計上するはずの7,471.503kLが
NAPHTHAで計上されていおります。
■あるべき姿：
TOP-2436-(K)のBOTTOM OIL台帳から7,471.503kLを引き落とす。
TOP-2436-(K)のNAPHTHA台帳の7,471.503kL引き落としはキャンセル。
■代替手段：
２０２４年１０月３１日 に間に合わない場合は「外貨税品在庫修正」で月初は確定いたします、
ただし、台帳は修正不可のため、後日、上記修正は必ず必要になるかと思います。
■補足： なし","■原因
仕様通り
■対策
「搬出」までステータスが進んでいるため、取り消しは不可能です。
データパッチにて対応いたします。

2024/10/31 YJP追記
データパッチを実施いたしました。
ご確認後、後続作業(外貨製品在庫日報作成)の再集計をお願いいたします。",オフラス,●,,,,,,,,,,,その他,確認完了,,,,,,,,,,,,,,,,,,,,,,,,,,,,,,,,,,,,,,,
,916,2024/11/05,愛知,YJP大武,秦野築,石化用輸入ライトナフサの内貨に勘定転換伝票が作成され月報上でマイナス在庫となる（愛知）,,G：マスバランス,G：マスバランス,製油所受払月報,"■発生日：2024/11/05
■対応希望日：11/6 13:00（困難な場合には目途感をご連絡頂きたくお願いいたします）
■事象
１営の夜間で石化用輸入ライトナフサの内貨に下記の勘定転換伝票が作成され、月報上でマイナス在庫となっております。
<< OLE Object: Picture (Device Independent Bitmap) >> 
 
<< File: 製油所受払月報_2024.11.02.0018.pdf >> 　 << File: 製油所受払月報チェックリスト_2024.11.01.2205.pdf >> 
上記解消方法についてご確認いただけないでしょうか。
 
なお、実地棚卸表を見ると「石化用ライトナフサ」にタンク在庫が引っ張られ、
「石化用輸入ライトナフサ」では在庫修正で計上した水在庫のマイナス分がタンク在庫に反映されて数量がマイナス計算されているようです。
<< File: 実地棚卸表_2024.11.02.0100.pdf >> 

■あるべき姿
下記メールの添付ファイルのように月報上に反映される。

「RE: IOS20-OFL：石化用輸入ライトナフサの内貨に勘定転換伝票が作成され月報上でマイナス在庫となる（愛知）（保守No916）」 （2024/11/05 (火) 18:52）
　添付ファイル：正しい在庫数量（月報上）.xlsx

■代替手段
","■原因
月末在庫にPCN-I「２)石化用輸入ライトナフサ」が存在していないこと、
また、在庫修正設定に「1:タンク在庫」F00139000:2)ｾｷｶﾖｳ ﾕﾆﾕｳﾗｲﾄﾅﾌｻの数量が「-560,329」に設定されているため、月次処理にて実地棚卸表のタンク在庫がマイナスとなっております。
※月次処理にて勘定転換伝票が作成されることは仕様上正しい挙動となっております。(仕様書P151～)

■対策
> ＜問い合わせ内容②（愛知）＞
> 3012のタンクマスタについて、作業品名コードが「PCN」になっていたため、3012タンクの在庫が石化用ライトナフサ（=PCN）として集計されていました。
> 実際は3012タンクは石化用輸入ライトナフサ（＝PCN-I）として集計したいので作業品名コードを修正しましたが月報に反映されませんでした。
> 　↑
> 上記の状況にて、作業品名コードを途中で変更した場合、変更後の作業品名を月報に反映することは仕様的に可能なものでしょうか。


オフラスの仕様上、過日のタンク在庫日報の作業品名を変更することは出来ません。
そのため、現状で上記のデータ修正をすることは難しいと考えております。

11月月初の対応としては、在庫修正設定にて、以下をご対応頂ければと思います。
3012タンクの数量分「42,633,186L」分を、「PCN」から減らして、「PCN-I」の方に増やして頂く必要がございます。
PCN = 「42,633,186L」（タンク在庫分）を減らし、
PCN-I ＝ 「42,633,186L（タンク在庫分） - 560,329L（水在庫分）」を増やして頂くことになるかと思います。
",オフラス,,,●,,,,,,,,2024/11/06,データ不備,確認完了,,,,,,,,,,,,,,,,,,,,,,,,,,,,,,,,,,,,,,,
,917,2024/11/05,千葉,YJP小見山,近藤広美,バイオターミナル　台帳出力　引き渡し人・輸入者の住所が正しく表示されない,,帳票,帳票,RIJP000002_台帳出力（バイオターミナル）,"■発生日：２０２４年１１月２日
■対応希望日： ２０２４年１１月１５日 まで
　　　　　　　※上記の希望日ですが、11月中でしたら希望日以降でも大丈夫です。
■事象： 承認済バイオエタノール等の帳簿(租税特別措置法施行令第４６条の１６)
　　　　 Excel　引き渡し人・輸入者の住所が正しく表示されない
■あるべき姿：現在の正しい住所が表示される
■代替手段：あり　Excelで手修正
■補足： 住所・会社名はマスタ設定しているのでしょうか？
　　　　マスタの場合は、どのマスタを修正すれば良いのでしょうか？
","■原因
マスタを参照しておらず、帳票内に住所などのデータを保持しています。

■対策
自営帳票の為、仕様変更対応いたします。

住所が正しい値になるよう改修いたします。

2024/11/07 YJP追記
検証結果エビデンスをBOXに格納いたしました。内容のご確認をお願いいたします。
< https://app.box.com/file/1693469749419 >
・【No917】バイオターミナル 台帳出力 引き渡し人・輸入者の住所が正しく表示されない.xlsx",オフラス,●,,,,内,,,,2024/11/07,2024/12/18,2025/02/17,仕様変更,確認完了,,,,,,,,,,,,,,,,,,,,,,,,,,,,,,,,,,,,,,,
,918,2024/11/06,徳山,YJP大武,栗山明子,商品管理関係のマスタについてのご質問,,G：マスバランス,G：マスバランス,商品管理関連マスタ,"■発生日：
■対応希望日：
■事象
■あるべき姿
■代替手段
（質問事項）
　オフラスシステムの商品管理関係のマスタについて、用途や不明点があるのでご教示お願い致します。

　　・「ＭＢ品名マスタ」と「品名関連マスタ」、「ＭＢ品名変換マスタ」と「作業品名関連マスタ」の
　　　違いについて
　　・「ＭＢ在庫振替マスタ」の用途・動作について
　　・「他課作業品名マスタ」の用途・動作について
　　・「ＭＢ原油タンクマスタ」の用途・動作について
　　・「ＭＢ留分品名マスタ」と「ＭＢ石連留分品名マスタ」内の統一品名略号は
　　　どのマスタを見てるのでしょうか？
　　　ＭＢ品名マスタ？それとも品名関連マスタ？？
　　・「ＭＢ石連留分品名マスタ」内のタグNo欄に指定がある場合、どういった動作になるのでしょうか？
　　・「ＭＢ製品備蓄在庫マスタ」の登録内容はどこに反映されるのでしょうか？
　　　同マスタ内の油種区分も備蓄在庫製品区分も何を指しているのかが他のマスタを見ても
　　　分かりませんでした。
　　・「ＭＢシフト区分チェックマスタ」の用途・動作について
　　・「ＭＢ数量換算マスタ」の用途・動作について
　　・「受払月次集計分類マスタ」の用途・動作について
　　・「精製歩留品分類マスタ」の用途・動作について
　　・「ボンド品受払表設定マスタ」の用途・動作について
　　・「冷凍タンク払出伝票マスタ」の用途・動作について
　　・「冷凍タンク払出品名マスタ」の用途・動作について
　　・「ＭＢガソリン生産換算マスタ」の用途・動作について
　　・「ＭＢタグ換算マスタ」の用途・動作について

商品管理関係のマスタについて整理していくでマスタに対する理解がない為、お手数をおかけしますがご教示お願い致します。
特に急ぐわけではないですが、来週中に出来れば何かしらご回答いただけると助かります。
","■原因
■対策

（回答）
メール内でご質問頂いた内容を、
弊社内メンバーからも情報を収集し、以下格納した資料に追記・回答いたしました。
内容をご確認頂き、不足等あればまたご連絡頂けますよう、宜しくお願い申し上げます。
※ひとまず保守問題点管理表No918の進捗は「確認中」に更新させて頂きました。

下記Box内フォルダに資料をアップロードしております。
ご確認の程、宜しくお願い申し上げます。
■Box格納フォルダ
https://app.box.com/folder/293986688559
┗保守No918_質問内容へのご回答.xlsx

2024/11/22追記：
ご質問頂きました内容について再度回答を追記させて頂きました。
お手数ですが改めてご確認の程、宜しくお願い申し上げます。
※新規回答内容は青文字にて記載しております。

下記Box内フォルダに資料をアップロードしております。
ご確認の程、宜しくお願い申し上げます。
■Box格納フォルダ
https://app.box.com/folder/293986688559
┗保守No918_質問内容へのご回答_20241122.xlsx
",オフラス,,,,●,,,,,,,2024/11/28,その他,確認完了,,,,,,,,,,,,,,,,,,,,,,,,,,,,,,,,,,,,,,,
,919,2024/11/06,千葉,YJP和須津,近藤広美,外貨出荷システム歯止め(承認日入力)の不具合,,A：オーダ管理,A：オーダ管理,ボンド出荷承認日時入力・送信,"■発生日：２０２４年１１月２日
■対応希望日：２０２４年１１月１５日 まで
　　　　　　　※上記の希望日ですが過ぎても大丈夫です。
■事象
11/2のBF-380藤和丸荷役終了後、出荷密度入力間違いによりオーダ数量に対し5kl足りないことが判明したため、
５KL追い積を行いました。
オーダは、業務課で手入力して出荷をした。
承認日入力が『赤』の状態で出荷できている。
仕様では、承認日入力が『青』でないと出荷できない様になっていると認識しています。
(補足)現時点では、在庫引き落としを行いたい為、追い積したオーダのステータスを進めて『青』になっています。
■あるべき姿
システム歯止めになるようにする。承認日入力が『青』で出荷できるようにする。
■代替手段
なし（人の判断・操作のみ）","■原因
ボンド出荷の場合は承認日の入力チェックを行っていますが、同オーダNoで出荷日が同一の承認日入力済みのオーダがある場合はチェックOKとして扱います。
そのため、該当オーダの承認日入力なしの状態で出荷可能となっていました。
■対策
出荷日同日の場合は同オーダNoのものは承認日チェック済みのものがある場合はチェックOKとして扱うため、出荷日とオーダNoのいずれか、または両方について異なる内容での登録をお願いいたします。

2025/01/28 YJP追記
ボンド出荷において、同一出荷日で同一のオーダNoはオーダ確定はできないようにする対応は可能です。
本件はシステム歯止めができていないという点で不具合として以下の通り対応させて頂きます。

ボンド出荷オーダの確定時、同一オーダNoで同一出荷日のものがある場合は、
確定ボタン押下後、確認ダイアログにて「同一のオーダNoがすでに登録されています。このまま登録を続けますか？」と表示させ、
「はい」押下で登録、「いいえ」押下で確認ダイアログをクローズする。

2025/03/07　YJP追記
以下に検証エビデンスを格納しました。
https://app.box.com/folder/310573220537",オフラス,●,,,,,,,,2025/03/07,2025/04/16,2025/04/23,AP・コーディング,確認完了,,,,,,,,,,,,,,,,,,,,,,,,,,,,,,,,,,,,,,,
,920,2024/11/07,愛知,YJP田中,佐々木基至,監査ログテーブルの保存期間について,,X：共通,その他,監査ログ,"■発生日：　2024/11/06
■対応希望日：　2024/11/29までに
■事象
昨今、愛知のDBダンプ（運転管理DB）のサイズ肥大化が顕著となっており、
テーブルサイズを確認したところ、監査ログテーブル（EX_LOG_AUDIT）のサイズが
突出して大きい（約38.5GB）ことを確認しました。
監査ログの保存期間については、以前に保守問題点No.606の対応にて
保存期間２か月⇒３５日間に変更頂いたかと思いますが、
現状の愛知の監査ログを見てみると約５か月分のログを保持しているように見受けられます。
（詳細はメール添付をご参照ください）
そのため、現在 横河様に調査依頼する際のDMP提供運用にも支障が出ております
（EXPORT/DMPファイルコピー/BOXへのUP 各々に時間が掛かる）ため、ご確認・ご対応をお願いします。
また、愛知以外の他所も併せてご確認をお願いします。
■あるべき姿
監査ログテーブル（EX_LOG_AUDIT）には、３５日間分のみの監査ログが保持されている。
■代替手段
無し","■原因
監査ログテーブルが肥大化している原因は2024年6月5日以降、ハウスクリーニング処理において監査ログテーブルのレコード削除に失敗しているためとなります。
監査ログテーブルのレコード削除が失敗している理由については、OracleのUNDO表領域(※1)が不足しているため(※2)となります。
　※1：ロールバックするためなどに使われる領域です。
　※2：2024年6月4日は月次処理などの影響で監査ログテーブルのレコード数が多くなったことにより削除対象が増え、表領域の不足が発生しています。

■対策
恒久対応として、以下の2案が考えられます。
　①ハウスクリーニング処理の間隔を狭める（1回／日⇒2回／日にするなど）
　②UNDO表領域を拡張する（2,048MB⇒4,096MBにするなど）

現状、ハウスクリーニング処理は毎日0時10分に実行しており、①の対応を行う場合、日中の時間帯に処理を動かすことになる可可能性が高く、ユーザーへの影響が懸念されます。
そのため、②のUNDO表領域の拡張をご対応いただけないでしょうか。
　※表領域の作成についてはIKC様（当時のDELL様）にてご対応いただいた認識に基づくお願いになります。

また、①、②どちらを実施する場合においても、2024年6月4日以降のレコードが残ってしまっているため、恒久対応に合わせて作業日の35日前より古いデータを削除する対応を行います。
　※上記の削除作業は時間を要します（1時間前後を見込んでいます）が、サービス停止は不要のため、恒久対応の実施後、業務負荷の低い（＝DBへの読み書きが少ない）時間帯に実施させていただく想定です。

ご確認、ご検討いただくための資料として、三鷹検証環境において②の対応を行った場合の結果を以下に格納いたしました。
https://app.box.com/folder/295018207023
　・【No920】監査ログテーブルの肥大化対応_確認結果.xlsx

ご確認のほど、よろしくお願いいたします。

2024/11/28
暫定対応として、UNDO表領域を拡張せずに監査ログテーブルを削除した際の確認結果を資料に追加しました。
上記のエクセル資料の「対応結果（表領域を拡張せず削除実施）」シートが該当の結果になります。

2024/12/16　YJP追記
12/17にYJPにて対応実施予定

2025/03/10　YJP追記
DELETEによる削除の対応によりアーカイブログに起因したトラブルが発生したことより、方針を変更してTRUNCATEによる削除の対応を以下の2環境で確認した結果を以下に格納しました。
・愛知検証環境
・新設千葉ターゲット環境
https://app.box.com/folder/295018207023
　【No920】監査ログテーブルの肥大化対応_確認結果.xlsx
⇒それぞれの確認結果を「対応結果（TRUNCATEによる削除_検証環境）」シートと
「対応結果（TRUNCATEによる削除_新設千葉環境）」シートにまとめています。

2025/07/24　IKC追記
以下の通り恒久対応実施済。
＜対応方針＞
・UNDO表領域を倍の4096MBに拡張する
・対象拠点：全所　　　　※千葉は７月更新の新オフラスサーバが対象（現行千葉オフラスは対象外）
・対象領域：運転管理（ETS-R）のみ　（DMZ・Lab-Aidは対象外）
＜対応スケジュール＞
　(新)千葉 ：6/30(月)
　愛知　　　 ：7/8(火)　
　北海道　　：7/22(火)
　徳山　　　 ：7/23(水)",オフラス,●,●,●,●,,,,,2024/11/22,,2025/07/24,環境設定,確認完了,,,,,,,,,,,,,,,,,,,,,,,,,,,,,,,,,,,,,,,
,921,2024/11/07,千葉,YJP田中,伊藤祐希,寄託タンク在庫(払出）明細表データの不具合,,F：外航通関,F：外航通関,VIFX090101-寄託タンク在庫（払出）明細データ参照,"■発生日：２０２４年１１月５日
■対応希望日： ２０２４年１１月１５日 まで
※上記の希望日ですが過ぎても大丈夫です。
■事象： インボイスが複数の場合、未通関欄に正しく表示されない。
（ひとつのインボイスしか表示されない）
■あるべき姿：すべてのインボイスを表示する
■代替手段：あり　Excelで手修正しました","■原因
インボイスの取得処理に不備がありました。
インボイスが複数ある場合にも1件のみの取得となっておりました。
■対策
未通関のインボイスが複数ある場合に、すべてのデータを取得するように修正いたします。
また、数量に関しては船名ごとに合計数量を表示いたします。(担当者様確認済)

2024/11/15 YJP追記
対応日時を2024/11/22に伸ばしていただきました。

2024/11/20 YJP追記
検証結果エビデンスをBOXに格納いたしました。
https://app.box.com/folder/294666304736

■棚卸
2026/01/29：確認中、次回ステータス変更なき場合は強制クローズとする
",オフラス,●,,,,,,,,2024/11/20,,2026/02/25,AP・コーディング,確認完了,,,,,,,,,,,,,,,,,,,,,,,,,,,,,,,,,,,,,,,
,922,2024/11/08,千葉,YJP田中,伊藤祐希,保税作業品IMW輸入申告対象一覧の不具合,,F：外航通関,F：外航通関,VIFX020201 - 保税作業品IMW輸入申告対象一覧,"■発生日：２０２４年１１月７日
■対応希望日： ２０２４年１１月１５日 まで
■事象： エラーメッセージがでて画面展開できない
■あるべき姿：画面展開できるようにする
■代替手段：なし","■原因
ハウスクリーニングにて、画面展開に必要なデータが削除されていたためです。
■対策
データパッチにて対応いたします。

2024/11/15 YJP追記
対応日時を2024/11/29に伸ばしていただきました。
2024/11/29 YJP追記
データパッチを実施いたしました。
2024/02/03 YJP追記
データパッチ実施後の後続運用にて発生したエラー及びCIF価格非表示についても同様にデータが削除されていたためです。
データが存在しないことから、リカバリが困難なこと
月締め処理は手修正で対応済みであること当該事象が発生頻度が稀なためクローズいたします。
(千葉_中山様と調整済み)",オフラス,●,,,,,,,,,,2025/02/03,その他,確認完了,,,,,,,,,,,,,,,,,,,,,,,,,,,,,,,,,,,,,,,
,923,2024/11/11,千葉,YJP大武,伊藤祐希,内貨原油の割り当てについての確認,,G：マスバランス,G：マスバランス,原油受払月報データ調整処理,"■発生日：２０２４年１１月８日
 
■発生拠点：　千葉事業所
 
■対応希望日： ２０２４年１１月１５日 まで
　　　　　　　　　　　　
■事象：
AHの実在庫は8,730.765kLです。
しかし、月報ではAHは45,551,744kLで実在庫より増えています。
AHは外貨ではないですが、なぜか内貨のAL、AXL、QTLから内貨のAHに割り当てているようです。
また、下記QTLの下が空欄で在庫46072339と表記されていることもたたしいでしょうか。

■あるべき姿
わざわざ、内貨から内貨へ引き当てているのはなぜか、確認をお願いいたします。
原油在庫引落結果明細表の空欄も確認をお願いいたします。
総在庫、内外貨在庫、原油処理量、 保税運転は正しいです。

■代替手段
なし
","■原因
現状調査報告(11/14)：
ご連絡頂いているAHの在庫増加は、月次処理による在庫調整にて発生しております。
そのため原因としてはAHではなく、AHに在庫を振り分けている側の品名であると考えられます。
(多く計上した分をAHに割り当てて調整している→AHの在庫が増えている)
・41020308（ｱﾗﾋﾞｱﾝ Xﾗｲﾄ(ｹﾞﾝﾕ)）
・41020103（ｱﾗﾋﾞｱﾝ ﾗｲﾄ(ｹﾞﾝﾕ)）
・41040341（ｶﾀ-ﾙ ﾗﾝﾄﾞ(ｹﾞﾝﾕ)）
これらの品名が月末在庫算出数量でマイナスに計上されており(多かった分が在庫調整されており)、
そのマイナス計上分(多かった分)が、アラビアンヘビー及びアラビアンミディアムに振り分けられているようです。
(月末在庫算出数量にて、マイナス分とプラス分が相殺されています)

なぜそうした状況になったか、という部分が現在調査中となります。
分かっていることとしては、「41020308（ｱﾗﾋﾞｱﾝ Xﾗｲﾄ(ｹﾞﾝﾕ)）」に着目すると、
前月在庫＋当月入荷数量＋当月納税転換取得分よりもかなり多い数量が、
処理生産数量に計上＝通油されており、このあたりが原因として絡んでいそうだと考えております。

11/15期日の報告としては上記までとさせて頂き、また原因については別途連絡させて頂きます。
更なる調査のため、一部メール内に展開頂いている「製油所受払月報（全体）」と、
「実地棚卸表」をご展開頂きたいと考えております。お手数ですがご協力頂けますよう、宜しくお願い申し上げます。
連携させていただきたい「製油所受払月報（全体）」、「実地棚卸表」が未受領です。かなり過去なので取得不可能！？かと推定いたします。
約1年前の問題にて以降再発していないことから一度再現待ちとさせていただきたく。
■対策
2026/01/16 YJP追記
ご担当者様から再発していないことから、一旦クロースすることの承諾を得たことから「クローズ」したします
",オフラス,●,,,,,,,,"2025/11/21
調査結果報告",,2026/01/16,再現待ち,対応不要,,,,,,,,,,,,,,,,,,,,,,,,,,,,,,,,,,,,,,,
,924,2024/11/13,徳山,YJP小見山,栗山明子,オフラス-商品管理-ボンド品受払表の品名追加について（徳山事業所）,,帳票,帳票,RIGP000017_ボンド品受払表,"■発生日：　2024/11/13
■発生拠点：徳山事業所
■対応希望日：2024/11/29
■事象：130.ボンド品受払表設定マスタで品名を追加した。
【追加品名】BFLSFO 0.5（品名コード:12315281）　１件
オフラス画面には反映されたが帳票へは反映されていない。
マスタと帳票も紐付けて出力できるようにお願いしたい。
■代替手段
　手修正
","■原因
仕様通り
(現在帳票内にて品名を保持しておりマスタを参照していない為、マスタに追加した品名が表示されておりません。)
■対策
マスタを参照する場合は仕様変更として対応いたします。
2024/12/09 YJP追記
帳票内の品名を追加し、画面と同様の出力になるよう修正いたします。
マスタを参照する対応については他の帳票の扱いを含め事務局側で調整していただく。
⇒マスタ参照対応は、別途起票して検討課題とする（佐々木）
2024/12/12 YJP追記
検証結果エビデンスをBOXに格納いたしました。内容のご確認をお願いいたします。
< https://app.box.com/file/1723256185881 >
・【No924】ボンド品受払表の品名追加について.xlsx",オフラス,,,,●,内,,,,2024/12/12,,2024/12/20,仕様変更,確認完了,,,,,,,,,,,,,,,,,,,,,,,,,,,,,,,,,,,,,,,
,925,2024/11/14,北海道,YJP田中,石井真紀,ボンド出荷のオーダーの引落台帳を選択しなかったため、外貨在庫引き落としができない,,F：外航通関,F：外航通関,,"■発生日：　2024/11/９
■対応希望日： 在庫が見れないため、早めの対応をお願いします
■事象
ボンド出荷で品名：BF-380の出荷後の処理を行っていたところ、外貨製造搬出ができなかった。
何を間違っていたのか確認したところ、ボンド出荷オーダ一覧の申告画面で、引落台帳を選択して
いなかったことがわかった。
■あるべき姿
引落台帳を正しく選択し、在庫引落しされる。
■代替手段
なし","■原因
「ボンド出荷ブレンド基材マスタ」に差し引き対象となる簡略品名コード「80031」に登録されている、
「GAS/BOTTOM区分」が「0：単品」と「2：ブレンド(BOTTOM OIL)」の2種類が登録されているためです。
本マスタでは、簡略品名コード1件に「0：単品」と「1 or 2：ブレンド」の共存はできません。
■対策
今回のBF-380は「ブレンド(BOTTOM OIL)」と判断いたします。
「ボンド出荷ブレンド基材マスタ」に登録されている、
簡略品名コード「80031」の「GAS/BOTTOM区分」が「0」のものを削除してください。",オフラス,,●,,,,,,,,,2024/12/10,その他,確認完了,,,,,,,,,,,,,,,,,,,,,,,,,,,,,,,,,,,,,,,
,926,2024/11/15,千葉,YJP柳田,佐々木基至,オフラス→新IRIS操業品質へのデータ連携（陸上出荷予定実績（油種別））において、オフラスから連携されてきたデータが文字化けしていた,,Y：通信管理,Y：通信管理,,"■発生日：2024/10/6
■対応希望日：2024/11/19までに
■事象
新IRIS操業品質側から問い合わせがあり、
2024/10/6分のオフラス→新IRIS操業品質へのデータ連携（陸上出荷予定実績（油種別））において、
　オフラスから連携されてきたデータが文字化けしていたことにより、新IRIS操業品質側でエラーが発生していた旨の連絡がありました。

　オフラス側の伝文ファイルを確認したところ、
L3.0運転管理AP上の当該伝文ファイルでは文字化けは発生していないが、
連携先のL3.5EAI上の当該伝文ファイルにて文字化けが発生していることを確認しました。

■あるべき姿
文字化けすることなくL3.0運転管理AP⇒L3.5EAI⇒新IRIS操業品質への伝文ファイル連携が行われる。
■代替手段
無し","■原因
三鷹検証環境で該当伝文ファイルをL3.0運転管理AP⇒L3.5EAIの間で送受信させてみましたが、
文字化けする事象は再現しませんでした。

提供していただいたログ等も確認しましたが、異常は見当たらずです。

L3.0運転管理AP⇒L3.5EAIの間の通信において、
何らかの原因で通信が不安定な状態にあったと考えられます。
通信経路上の通信機器やファイアウォール等に異常ログが出力されてないかを確認していただくことは可能でしょうか？

2024/11/20IKC様回答
過去の事象につき通信ログについても既に流れてしまっている可能性があるため
本件については 一旦 再現待ちのステータスとさせてください。

■対策

2024/01/21IKC
再現せず、クローズ",オフラス,●,,,,,,,,,,2025/01/21,再現待ち,対応不要,,,,,,,,,,,,,,,,,,,,,,,,,,,,,,,,,,,,,,,
,927,2024/11/20,千葉,YJP和須津,伊藤祐希,入出荷作業状況表示一覧がexceptoinエラーで表示できない,,C：進捗管理,C：進捗管理,,"■発生日：2024/11/20
■対応希望日：特になし
■事象
桟橋詰所のオフラスPCから入出荷作業状況表示一覧が表示できずにexceptionエラーが表示された。
そのままだと業務に支障が出るので当方のアカウントでログインし確認したところ、出荷の画面だけ表示できないことがわかった。
ただ、元に戻るときと戻らない時があり不明。（14:30~15:00も見えないタイミングがあった）
エラーの時のログ添付します。
■あるべき姿
画面が正常に表示される。
■代替手段
なし
","■原因
不明です
問題発生時のログ及びデータの情報から原因を調査する必要があることから、今後の発生頻度より扱いを相談させていただきたく、一度再現待ちのステータスとさせてください。

2024/12/16　YJP追記
同様の事象が再発しているが、発生タイミングでのエラー情報の取得が難しい状況とのこと。
（可能であれば発生時のデータも取得させて頂きたい）
※特定の桟橋で発生しているという訳ではない。
ステータスを再現待ち→調査中に変更し、継続調査とする。

2025/01/21 YJP追記
実績の計算において、作業中の単品出荷JOBでタンク切替のあるものは作業中の実績数量から切替済みのタンク実績を差し引く計算をしていますが、作業中の実績数量は実績として上がってくるまでは空であり、この参照が正しくなかったためエラーの画面が表示されていました。
実績が上がってきた後は正しい計算ができていたため、当該画面が展開されるようになっていました。

■対策
実績の計算時、実績として上がってきた値を正しく計算するように修正いたします。

2025/01/28　YJP追記
検証エビデンスを以下に格納しました。
https://app.box.com/folder/304701428500",オフラス,●,,,,,,,,2025/01/28,2025/02/20,2025/04/23,AP・コーディング,確認完了,,,,,,,,,,,,,,,,,,,,,,,,,,,,,,,,,,,,,,,
,928,2024/11/21,千葉,YJP田中,中山　修美,輸入JETの保税作業について,,F：外航通関,F：外航通関,,"■発生日：２０２４年１１月２１日
■対応希望日： ２０２４年１１月２２日 午前まで
■事象：
輸入JETの保税作業を行う際に、下記添付の通り「対象コードがありません」と表示され、
終了届番号の欄も「TNK-24〇〇」が表示されない。
原因はボンド）JET A-1で品名登録するところ、1)JET A-1で登録したためと思われる。
■あるべき姿：輸入JETの保税作業ができるようになる。
■代替手段：なし。 
■補足： なし","■原因
事象として書かれている通り、異なる品名で登録されたことにより、
品名に紐づく簡略品名コードが、画面表示の条件と異なって輸入台帳に登録されているためです。
■対策
データパッチにて対応いたします。

2024/11/22　YJP追記
パッチ適用をいたしました。
ご確認をお願いいたします。",オフラス,●,,,,,,,,,,2024/11/22,その他,確認完了,,,,,,,,,,,,,,,,,,,,,,,,,,,,,,,,,,,,,,,
,929,2024/11/26,徳山,YJP田中,山本しのぶ,外航通関-通関業者輸入申告情報入力_ISWについて,,F：外航通関,F：外航通関,[VIFX010204] - 通関業者輸入申告情報入力画面,"■発生日：　2024/11/26
■対応希望日：2024/11/29
■事象：
[VIFX010204] - 通関業者輸入申告情報入力画面において
①申告区分：ISになっている。
②パイプライン出荷台帳の登録ができない。
（台帳作成✓、簡略品名設定）
■あるべき姿：
①申告区分：ISWになる。
②パイプライン出荷台帳の登録が出来る。
■代替手段
なし","■原因
外航通関：二次申告(内貨申告)時の処理が漏れていたため一次申告(内貨申告)時と同様にパイプライン出荷台帳作成可能に修正する
実績管理：仕様通り（一次申告時のみ対応する仕様であると仕様書に明記済み）
■対策
【暫定対応】
2024/12/02 YJP追記
パイプライン台帳のデータをデータパッチ適用いたしました。
2024/12/09 YJP追記
先日パッチ適用したパイプライン台帳の引き落とし情報のデータパッチ適用をいたしました。
【恒久対応】
外航通関：二次申告(内貨申告)時においてパイプライン出荷台帳を登録可能とするように修正致します
実績管理：仕様変更としてご相談させていただきたく

2025/01/30 YJP追記
実績管理の対応は仕様変更のため、別途問題点管理表No.958に移管いたします。

2025/02/25 YJP追記
検証結果エビデンスをBOXに格納いたしました。内容のご確認をお願いいたします。
< https://app.box.com/folder/309001026122 >
・【No929】通関業者輸入申告情報入力_ISWについて.xlsx

2025/06/18　倉本追記
リリースしていただきましたが、業務上の再現が装置が複数同時停止しないと発生しそうにない(通常であればSDM)ので、一旦ステータスは完了にさせていただきます。",オフラス,,,,●,,,,,2025/02/25,2025/04/16,2025/06/18,設計不備,確認完了,,,,,,,,,,,,,,,,,,,,,,,,,,,,,,,,,,,,,,,
,930,2024/11/27,千葉,YJP小見山,沼田知樹,石連週報用の、滞留油と国家備蓄在庫の修正依頼,,帳票,帳票,RIGP000022_石連週報,"■発生日：2024年11月27日
■対応希望日：急ぎません(不具合ではないので今週中で対応可能でしょうか？)

■事象：石連週報用の滞留油と国家備蓄在庫を修正したく、ご対応よろしく お願いします。
※以前、DI部へ問い合わせしていたのですが、色々あって保留になっていた件です。

■あるべき姿：なし(不具合ではないため)
■代替手段：なし(不具合ではないため)
","■原因
滞留油と国家備蓄在庫が適切な値でない
■対策
滞留油と国家備蓄在庫を適切な値に変更します。

自営帳票の為、仕様変更として対応いたします。

2025/01/28 YJP追記
検証結果エビデンスをBOXに格納いたしました。内容のご確認をお願いいたします。
< https://app.box.com/file/1760292054255 >
・【No930】石連週報用の滞留油と国家備蓄在庫の修正依頼について.xlsx

■棚卸
2026/01/29：確認中、次回ステータス変更なき場合は強制クローズとする
",オフラス,●,,,,内,,,,2025/01/28,2025/02/19,2026/02/25,仕様変更,確認完了,,,,,,,,,,,,,,,,,,,,,,,,,,,,,,,,,,,,,,,
,931,2024/12/03,北海道,YJP大武,田苗直樹,塩釜油槽所付け替え終了伝票起票結果エラー,,I：伝票発行管理,G：マスバランス,入荷伝票、製油所受払月報,"■発生日：　2024年12月3日

■発生拠点：　北海道製油所

■対応希望日：　12月3日15時迄

■事象：
塩釜油槽所付け替え終了に伴い、需給部からの指示の元伝票起票を行い結果を確認したところ
マイナスの数量で入荷・出荷伝票を起票したのにも関わらず、プラスの数値が現れたので想定の逆の結果となってしまった。(添付資料参照)　
　
■あるべき姿：
製油所受払月報に預かり終了分数量が差し引かれて正しい数量が月末在庫に記載される。
　　　　　　　　
■代替手段：　なし
前回預かり終了時に起票して成功したときは、
訂区が「0」ではなく「9」であり
元伝日付(預かり開始時の伝票日付)と元伝NO.に[99999]を入力してました。
恐らく上記のことを実施すれば解消されると思いますが、私の認識は合っていますでしょうか。
こちらも合わせてご確認お願い致します。
","■原因
オフラスとしては仕様通りの挙動となります。
オフラスからは「灯油預かり」の「-650000」の入荷・出荷伝票、
「軽油預かり」の「-70000」の入荷・出荷伝票の計４伝票が送られているようです。
※田苗様から送付されたPP貼り付けの伝票資料と相違ございません。
しかし、北海道ＤＭＰを展開して伝票明細を確認した結果、商品管理で受け取ったSAPからの戻り伝票は、
「灯油預かり」「軽油預かり」の入荷伝票2件のみとなっており、
数量も「650000」、「70000」とマイナスではない数値にて受け取っておりました。
つまりは送付頂いたPP貼り付けの製油所受払月報に記載されている値と相違ないようです。
(オフラスとしては受け取った情報にて正常に月次処理を行っていると思われます)

■対策
伝票受信時に、SAP側で変換などが行われていないかご確認ください。
例えば（あくまでも推測の話ですが）訂正区分等との組み合わせを加味した上で、
マイナス入荷のものは受け取らない、マイナス出荷のものはプラス入荷として扱うなど、
何らかの変換ロジックがあるのではないかと考えられます。
SAP側のご担当者様にご確認頂けますよう、宜しくお願い申し上げます。

また、お問い合わせ頂きました
”訂区が「9」、元伝日付(預かり開始時の伝票日付)と元伝NO.に[99999]”
の内容に関しましても、以前の状況を鑑みるに正しい起票なのかも知れませんが、
SAPにてどう受け取るかという話になりますので、正否についてはオフラスでは判断出来ません。

2024/12/03　YJP追記：
訂正区分「9」など上記の対応を田苗様で実施、問題なく取り込まれたとのことでクローズ。
",オフラス,,●,,,,,,,,,2024/12/03,データ不備,確認完了,,,,,,,,,,,,,,,,,,,,,,,,,,,,,,,,,,,,,,,
,932,2024/12/03,徳山,YJP大武,栗山明子,製油所受払月報と実地棚卸表の在庫が一致しない（徳山事業所）,,G：マスバランス,G：マスバランス,製油所受払月報,"■発生日：2024/12/3
■発生拠点：徳山事業所
■対応希望日：出来れば12/4中、遅くても12/6中にはお願いいたします。
■事象：
製油所受払月報と実地棚卸表の在庫が一致しない。（品名：1）ボンドJETA-1）
正：実地棚卸表580KL
誤：製油所受払月報610KL

■代替手段
なし
","■原因
オフラスとしては仕様通りの挙動となります。
(以下ご提供頂いたDMPの最新データでの“ボンドJET A-1”確認結果となります。)
オフラスからの月次集計データとしては、繰越在庫「470000」、入荷数量「470000」、
出荷数量「420000」、月末在庫「580000」となっております。
※仕様書記載の通り(580000＋420000)-( 470000+470000)=60000により、
増減払出算出数量に「-60000」が計上されております。

しかし、送付頂いた当該月次データでの製油所受払月報では、
入荷数量「500000」、出荷数量「390000」となっておりました。
昨日連絡頂きました伝文の受信により、オフラス側としては入荷数量-30000となっておりますので、
「470000」を計上しているのは正しい挙動であると考えられます。
また、月次の払出伝票から計算した出荷数量もオフラス上では「420000」となっておりましたので、
こちらも正しいのではないかと考えられます。
(SAP側ロジックにて月報上、入荷マイナスを出荷マイナスにあてている可能性があるのかもしれません)

■対策
本件、SAP側にて認識している「出荷数量」をご確認頂く必要があるかと思います。
もし出荷数量が元々「390000」で正しいのであれば、月内のどこかのタイミングで
出荷伝票「30000」分が取り消されており、それがオフラスに連携できていない可能性がございます。
※当初状態と思われる“繰越在庫「470000」、入荷数量「500000」、月末在庫「580000」“の状態で
　出荷数量が「390000」だったとすれば、(580000＋390000)-( 470000+500000)=0となり、
　増減払出算出数量は計上されなかったと思われます。

上記ご確認頂いた上で、考えられる可能性としては、
①	出荷数量が「390000」が正しい場合
→訂正した日付を特定し、受け取れていなかった訂正分を再度オフラス側に取り込み直す必要があります。
②	出荷数量が「420000」で正しい場合
→月末在庫数量が580000ではなく550000が正しいのではないかという計算になります。
　再度ご確認頂き、もし550000が正しいのであれば、在庫修正設定での再入力が必要になります。

※①②いずれの場合でも、オフラスとしては昨日送られた入荷-30000の伝票を取り消して頂く必要があるかと思います。

2024/12/04　YJP追記：
払出数量は「390,000」が正しいとのこと。（栗山様）
2024/12/05　YJP追記：
入荷伝票「-30,000」のものが受信出来ていない出荷伝票の訂正伝文であるとのこと。（佐々木様）
→2024/12/04対応実施

＜2024/12/05　IKC追記＞
①SAPから出荷伝票「-30,000」の取消を送信(移動タイプ：Z33)
　→オフラス側では入荷「-30,000」の取消で処理
②SAPから出荷伝票「-30,000」を再送(移動タイプ：312)
　→オフラス側でも出荷「-30,000」で処理
※①②にて払出増減が解消し月報上の数量も問題無いことを確認済。

ただし、今後もZ34（陸上出荷マイナス）がSAPから送られている可能性があるため、
SAP移動タイプ変換マスタ（TIXX022）の扱い含め、継続して検討が必要。

■棚卸
2026/01/29：確認中、次回ステータス変更なき場合は強制クローズとする",オフラス,,,,●,,,,,,,2026/02/25,データ不備,確認完了,,,,,,,,,,,,,,,,,,,,,,,,,,,,,,,,,,,,,,,
,933,2024/12/10,徳山,國本優輝,,成績表発行依頼をすると総合判定者が変更される,Q3：後続テスト実施可能,L：試験管理,L：試験管理,成績表発行依頼,"■発生日：　2024/12/10
 ■発生拠点：　徳山事業所 
■対応希望日：　2025年3月
■事象
成績表発行依頼を行うと成績表発行用のロットは総合判定者が変更される
■あるべき姿
現在、成績表発行用ロットには元ロットの総合判定者の名前の情報を保持していない。
成績表発行用ロットに元ロットの総合判定者の名前を保持させる。 
■代替手段
総合判定者が成績表発行依頼を行う。
","所によって、運用が異なるため、カラムを追加し、元ロットの総合判定者を表示できるようにする。
（東亜、四日市に影響あり）

■原因
　成績表発行依頼は総合判定まで自動で処理され、総合判定はパッケージ標準の処理を行います。
　そのため、総合判定者は成績表発行依頼を行ったユーザーが設定されます。
　運転管理からの成績表発行依頼はシステムにより行われるため総合判定者は設定されません。

■対策
　運転管理からの成績表発行依頼および手入力成績表発行依頼の総合判定処理で
　複写元試験依頼の総合判定者を設定するよう仕様変更いたします。",オフラス,●,●,●,●,,,,,,,,仕様通り,仕様整理中,,,,,,,,,,,,,,,,,,,,,,,,,,,,,,,,,,,,,,,
,934,2024/12/10,愛知,YJP杉本,,ラボエイド⇒新IRIS連携不良,Q3：後続テスト実施可能,L：試験管理,L：試験管理,総合判定,"■発生日：2024年11月7日(木)16:30-17:00
■対応希望日：2024年12月6日（金）
■事象
11月7日(木)16:30-17:00の間にラボエイドで総合判定を行った工程試験データ（添付参照）が新IRIS側に連携されていない状態となっている。
原因と対応についてご教示願います。

■あるべき姿
ラボエイド⇒新IRISへデータ連携実施できる

■代替手段
オフラスモニタ or ラボエイドでデータ参照

2024/12/23 IKC安田
試験項目として「試験完了日設定」（推定計算項目）として作成し、試験完了日（SMPINF028）=規格取得日　とする推定計算式を作成。(既存の推定計算式機能を活用）テストにて問題なく試験完了日が設定され、新IRISに連携される事を確認した。
https://idemitsu.box.com/s/qgvuawp10d3y747d5c42027glu5tvx7j
","■原因
　試験完了日は総合判定画面で入力したものを設定する仕様のため、
　総合判定をスキップさせた場合、試験完了日が設定されません。
　※試験完了日が未設定だと新IRIS連携がされない模様のため

■対策
　下記いずれかの対応となります。
　①総合判定スキップの場合、総合判定日を試験完了日として設定する
　　（LabAid仕様変更案）
　②試験完了日が未設定でも新IRISで取り込めるようにする（新IRIS側変更案）
　③総合判定はスキップせず、試験完了日を入力いただく（運用見直し案）",オフラス,,,●,,,,,,,,2024/12/23,仕様通り,確認完了,,,,,,,,,,,,,,,,,,,,,,,,,,,,,,,,,,,,,,,
,935,2024/12/18,北海道,YJP大武,佐々木基至,【タンクNo取込エラー】新IRIS(A0126)_シフト生産予定実績／作業形態別中間実績,,D：実績管理,D：実績管理,新IRIS実績連携,"■発生日：　2024/09/24 2024/09/25
■発生拠点：　北海道製油所
■対応希望日：　2024/12/12までに
※厳しい場合には目途感のご一報をお願いいたします

■事象
新IRIS操業品質側から問い合わせがあり、
以下、オフラス→新IRISへのデータ連携において、
オフラスから連携されてきたタンクNoに文字列が含まれていることにより、新IRIS側でエラーが発生していた旨の連絡がありました。

　(通信名)；シフト生産予定実績
　　　　　　┗(項目名)：生産タンクNo1
　　　　　　　　　　　　┗(値)：”0T-D02”

　(通信名)；作業形態別中間実績
　　　　　　┗(項目名)：受け入れタンクNo1
　　　　　　　　　　　　┗(値)：”0T-D02”

※新IRIS側では上記項目は数値型として扱っており、取り込みの際に文字列が含まれているためエラーとなった。また、新IRIS側では以前（旧オフラス時代）から上記項目を数値型として扱っている。
なお、オフラスでは上記項目は文字列として扱っており、6バイトに満たない場合は左から0 Paddingするのでオフラス的には仕様通り。

＜確認事項＞
文字を含むタンクNoに対して 例えば 何かしらの数値に変換、またはタンク毎に新IRISへのデータ連携要否を設定できる（タンクNo “T-D02” は連携しない）ような機能はありますでしょうか。

■あるべき姿
　－
■代替手段
　－","■原因
■対策
> ＜確認事項＞
> 文字を含むタンクNoに対して 例えば 何かしらの数値に変換、または
> タンク毎に新IRISへのデータ連携要否を設定できる（タンクNo “T-D02” は連携しない）ような機能はありますでしょうか。

現状では、上記のような機能はございません。
ただし、新IRIS送信にてそういった機能(仮想タンクを送信対象から外す)を実装しているものもございます。
経緯としては、北海道FAT（FAT・模擬操業_問題点管理表.xlsxのNo507）にて、新IRISへのタンクマスタ連携時に同様の問題が発生し、タンクマスタの「仮想区分」を判断して、仮想タンクであれば送信しない仕組みを実装しております。
更にその後、PJT問題点No2560（タンク別中間実績連携）においても同様の問題点が発生し、仕様整理を実施したようです。その際に、新IRISへのデータ連携時には仮想タンクを送らないようにするか協議されたようですが、私用について検討された結果、「タンク中間実績送信機能」のみを改修対象としたようです。
今回、佐々木様からの問い合わせは「シフト生産予定実績／作業形態別中間実績」が対象のようですので、対応する場合は、仮想タンクを送信しない仕様を横展開する仕様変更対応が必要になります。
ただし、下記で協議されているような「送信すべき仮想タンク」について再度IKC様内にて検討する必要もあるかと思います。
(その結果、もし送信すべき仮想タンクがある場合、そのタンクは名称を数値変換できるものとするというタンクマスタ側での対応も考えられます)

上記を踏まえて、仕様変更の実施可否、変更する場合の対応方法について、ご検討頂けますよう、宜しくお願い申し上げます。

FAT・模擬操業_問題点管理表.xlsx：
https://app.box.com/file/540930715083?s=jwn5tv0ze6lwgrzd7w4ewronow3wfju9
IOS20-OFL_PJT_問題点管理表.xlsx
https://app.box.com/file/751802637896?s=4fxi5pwqpmllzkbxp2wf3u03jjureo87

■棚卸
2026/01/29：確認中、次回ステータス変更なき場合は強制クローズとする",オフラス,,●,,,,,,,,,2026/02/25,仕様不備,確認完了,,,,,,,,,,,,,,,,,,,,,,,,,,,,,,,,,,,,,,,
,936,2024/12/19,北海道,YJP大武,秦野築,装置受入れ実績修正について,,D：実績管理,D：実績管理,実績メンテナンス,"■発生日：　2024年１２月１９日 
■発生拠点：　北海道製油所
■対応希望日：　１２月２３日まで
 
■事象
本件問い合わせとなります。
北製にてDH-DKランダウン配管に不具合が発生しました。
代替措置としてDH-J-A1ランダウン配管にK-1を流して20204、20205、20209、20210タンクに受ける作業が発生します。
JOBとしてはDH-J-A1（実際にはDH-DK）→20204となるため、受け入れ終了後に実績修正を行う必要があります。
適切に実績管理を行うためには具体的に何の項目を修正すればよいでしょうか。
また、商品管理機能側でメンテすべき項目はあるでしょうか？

＊実績管理‐タンク受払実績の以下画面から作業品名をJ-A1→DKに修正するのみで問題ないでしょうか？
　　 
■あるべき姿
適切に実績管理、商品管理が処理される。

■代替手段
なし。","■原因
■対策
（下記お問い合わせ内容への回答となります）
代替措置としてタンク受払実績にて作業品名を修正する内容は、
秦野様のご認識の通りで問題ないと思います。
注意事項としましては、修正実施後は当日の受払を締めないこと、
及び商品管理に取り込み直すことが必要という点になります。
なお商品管理取り込み後のデータに問題があれば、
基礎データメンテナンスより修正頂くことが可能です。
(また業務にてタンク増減日報についても問題ないかご確認ください)

上記は代替措置としての対応ですが「適切に実績管理を行う」という点に
関しましては、新IRISからオフラスに取り込む部分にて対応が必要になる認識です。
代替措置がいつまで続くのか、当該配管がいつ復旧するのかという点が関係するかと
思いますが、適切に実績管理を行うためには、装置流量計タグNo変換マスタをメンテし、
当該データをDKとして取り込めるよう対応する必要があると考えられます
しかしその場合は、J-A1とDKが同一流量計に計上される点を検討する必要が生じる認識です。

一次的な代替措置であれば前述の内容で対応可能かと思いますが、
期間等加味してご検討頂けますよう、宜しくお願い申し上げます。
",オフラス,,●,,,,,,,,,,その他,確認完了,,,,,,,,,,,,,,,,,,,,,,,,,,,,,,,,,,,,,,,
,937,2024/12/20,愛知,YJP和須津,堂垣拓生,3号軽油の分割について,,A：オーダ管理,A：オーダ管理,内航出荷オーダ出荷品分割,"■発生日：2024/12/20
■対応希望日：即日
■事象
3号軽油の出荷において、設定した比率と算出された数量に1KLの誤差が発生する。
・オーダー数量2700KL
・割合　G-2L：65.0％　K-1：35.0％
・計算上の数量　G-2L：1755KL　K-1：945KL
・算出された数量　G-2L：1756KL　K-1：944KL　※G-2Lが1KL多く、K-1が1KL少なくなる。

■あるべき姿
計算結果が正しい数値になる。
■代替手段
なし","■原因
プログラム特有の小数点計算により、計算結果に誤差が生じていました。

■対策
指定された船中ブレンド比率の割合で正しく計算を行うように修正いたします。

2024/12/23　YJP追記
以下に検証エビデンスを格納致しました。
https://app.box.com/folder/299863746906",オフラス,,,●,,,,,,,2024/12/24,2025/01/31,AP・コーディング,確認完了,,,,,,,,,,,,,,,,,,,,,,,,,,,,,,,,,,,,,,,
,938,2024/12/23,北海道,YJP杉本,武田弘樹,オフラス処理速度低下,,L：試験管理,L：試験管理,試験依頼、規格取得等,"■発生日：2024年12月23日
■対応希望日：12月25日迄
■事象
作業計画画面でのJOB登録作業にて、ラボエイド（試験依頼、規格取得等）が絡む処理速度が極端に低下しており場合によってはタイムアウトする。従来の倍以上の時間を要しており業務に支障が発生している。

■あるべき姿
元々処理が遅かったが最低でも従来レベルまでは回復していただきたい。処理速度低下の原因を調査願います。

■代替手段
なし","■原因
　原因は不明ですが、No.724,744,768の現象と同じと思われます。
　Lab-Aid&DBサービス再起動では改善が見られなかったため、
　EAIサービス再起動で改善するかどうか確認させていただきたいと考えております。
■対策


2025/06/17IKC追記
事象発生直後の緊急サーバ再起動およびその後２回の定期サーバ再起動により事象再発無しのため再現待ち解除、クローズ。",オフラス,,●,,,,,,,,,2025/06/17,再現待ち,確認完了,,,,,,,,,,,,,,,,,,,,,,,,,,,,,,,,,,,,,,,
,939,2024/12/26,千葉,YJP大武,沼田知樹,タンク増減範囲のマスタの、タンク増減区分について質問です,,D：実績管理,D：実績管理,"タンク増減範囲
(TIMX295)","■発生日：2024年12月26日
■発生拠点： 千葉事業所
■対応希望日：急ぎません(年明けの月初が落ち着いてからで結構です)

■事象：タンク受払実績のＡＳのタンクを見てみると、
増減の絶対値が小さいタンク(#8617)にエラーが出ており、
増減の絶対値が大きいタンク(#8618)にエラーが出ていません。
 
オフラスの仕様書で調査してみたところ、タンク増減範囲のマスタの”タンク増減区分”が
1か2で、”エラー表示”が出る条件を制御しているようです。
どのような設計思想でタンク増減区分という項目があるのか記録は残っているでしょうか？
 
普通に考えれば、増減の範囲を外れていれば無条件でエラーを出せば良いと思うのですが、
わざわざタンク増減区分を設定しているということは、何か理由があるのでは？と思い質問させていただきました。
 
#8617は、タンク増減区分=1で設定されているので、仕様書の①条件を満たしておりエラー表示が出る(仕様通り)
#8618も、タンク増減区分=1で設定されているが、仕様書の①条件を満たしていないためエラー表示が出ない(仕様通り)
※#8618は(受払があれば)増減がいくら出てもエラー表示は出ないということになる。
 
■あるべき姿：質問のためなし
■代替手段：質問のためなし","■原因
■対策
※本件設計資料等の記録が見つかっておらず、内部での聞き取り結果と
プログラムからの読み取り結果をもとに回答させて頂いております。

タンク増減範囲マスタ(TIMX295)について、
こちらはタンクの動静、また各作業において、どの程度の誤差を許容出来るかを定義し、
判断する役割となっております。（液面の揺れに対する許容誤差であると認識しております）
※例えばタンク増減区分1＝静止、2＝動、
   以降の10:海上出荷、20:海上入荷…などは作業識別ごとに定義されております。

今回沼田様からご確認頂いております、タンク増減区分=1（静止）のタンクにおきましては、
ご認識頂いている通り、受払があればエラー表示をしないようになっております。(仕様通りの挙動)
こちらに関しましては、「1＝静止」のタンクであっても、受払がある場合の液面の上下を考慮しての
仕様であると考えられます。
※逆に「2＝動」の場合は、受払がなければ上限下限の範囲外であってもエラーとはなりません。
　こちらは基本的に動きのあるタンクであることを考慮されているものと考えられます。

上記ご確認の程、宜しくお願い申し上げます。
",オフラス,●,,,,,,,,,,,その他,確認完了,,,,,,,,,,,,,,,,,,,,,,,,,,,,,,,,,,,,,,,
,940,2025/01/06,愛知,YJP小谷,世古和子,輸入申告番号受理後金額の修正不可の件,,F：外航通関,F：外航通関,,"■発生日：2024年12月26日
■発生拠点：愛知事業所　業務課
■対応希望日：2025年1月6日
■事象：自社申告輸入通関手続き中に、価格入力　原油別払い＄の金額を誤って入力しました。
処理を進める中で気が付かずNaccs　EDAで許可申告番号を受け取りました。
Wチャック時に誤った金額に気づきオフラスでの修正手続きを試みましたが修正できませんでした。（添付資料①②）
年末対応で通関を急いでいたため、Naccs側で正しい金額に修正し、輸入申告（IDC）を行いました。
しかし、許可後にNasscから配信されたテキスト電文で正しい金額に修正されておらす、誤った金額による消費税額が許可画面で表示されていました。（添付③）
■あるべき姿：本来であれば輸入申告番号を受理された後も　間違えを発見することもあるためNaccs受理番号を受信したあとでも修正できるようしていただきたいです。
現在のオフラス仕様でそのように修正ができる方法があればご教示いただけると幸いです。
また、価格入力画面では評価運賃￥は自動で計算されていますが評価運賃＄の場合は手入力となっており、こちらも自動計算されるようにしていただきだいです。
■代替手段：なし

","■原因
訂正操作は可能な仕様になっておりますが、実際の操作手順に関しては明確にしたうえで報告させていただきます。
■対策
至急、ということなので先ずは申告された内容（正しい入力内容）にデータパッチにて整合性を合わせます
2025/01/07 YJP追記
1/7 18:30にデータパッチを実施
データパッチ後に許可「確定」を実施していただき、現状システムの整合性は図られた状態

恒久対応（操作手順の明確化）については引き続き調査いたします。

2025/01/31 YJP追記
訂正操作の手順について追記します。
IDA(輸入申告事項登録)後、IDC(輸入申告)の許可・承認が返却されるまでは修正が可能です。
修正は
[IC・IM・IS・BP輸入申告情報作成]画面から修正
登録ボタン押下
テキスト出力ボタン押下
netNACCSにて上記修正情報を取得し、申告することにより、IDA01(輸入申告変更事項登録)が可能です。
許可・承認が返却されてしまうと訂正できませんことあらかじめご了承願います。",オフラス,,,●,,,,,,,,,その他,確認完了,,,,,,,,,,,,,,,,,,,,,,,,,,,,,,,,,,,,,,,
,941,2025/01/07,千葉,YJP小見山,伊藤祐希,運転管理⇒運転制御へ試験結果が送信されない,,Y：通信管理,その他,,"■発生日：　2025/1/6
■対応希望日：できるだけ早く
■事象： 1月6日にT10228のロットを送信しましたが、ファイルの取り込みを行ったメッセージのみで運転制御に送る処理が見られません。
運転管理システムではロット更新が行われていますが運転制御システムは更新されておらず、
試験管理側から再送実施しましたがファイルが送られているメッセージだけでその後の処理が発生しているようにみえません。
製品の出荷および生産に影響が出ている為早めの対応をお願いします。
現在、10228、50187、20273のロットが更新されていません。
","■原因
タンクロット送信のプロセスがダウンしていたため運転制御への連携が不可となっておりました。
■対策
SFサービスの再起動によりプロセスを起動いたします。
連携不可能期間にて実施された試験結果データを再送をお願いいたします。
2025/01/07 YJP追記
1/7の16:30にSFサービスを再起動、千葉_伊藤様、高橋様にて試験結果データの再送を実施していただき現状問題無く実行中の状況

プロセスがダウンした原因の調査はログの保存周期を超えていたことから該当タイミングでのログが無く調査不可能な状況です。
再現待ちとさせていただき、再発時に調査させていただきます。
2025/04/01 追記
事象が発生した際の通知手段が無いかを確認
2025/07/25 YJP追記
7/12,13に新設への本番切替を実施致しました。
本事象は、既設にて発生した事象となりますが、新設でも同様の事象が発生しないか様子見とさせてください。
2025/10/16 YJP追記
新設にて再発していないことから一旦クローズとする",オフラス,●,,,,,,,,,,2025/10/16,その他,対応不要,,,,,,,,,,,,,,,,,,,,,,,,,,,,,,,,,,,,,,,
,942,2025/01/08,愛知,YJP小谷,世古和子,輸入申告　貨物搬入登録が出来ない事象,,F：外航通関,F：外航通関,外航入荷オーダ一覧,"■発生日：2025/01/08
■発生拠点：愛知事業所　業務課
■対応希望日：即日（希望）
■事象
　原油の輸入通関手続き中、貨物搬入登録画面に展開せず、貨物搬入登録が行えない。
■あるべき姿
　貨物搬入登録を行える
■代替手段
　オフラスの操作での貨物搬入登録をせず、NACCSで貨物搬入の登録を行う。
　※社内整理番号が付与されず、NACCSとオフラスの連携が出来ない。

","■原因
受入品名対応Noにデータが登録されていないことが原因で貨物搬入登録画面遷移時にエラーとなり遷移出来ない状況となっております。
詳細な原因に関しては継続調査いたします。
■対策
[暫定対応]
子ジョブ情報としての受入品名対応Noにデータをデータパッチにて登録いたします。
貨物搬入登録画面に遷移可能となりますので業務を継続実施願います。（1/9に実施済）
[恒久対応]
受入品名対応NoがNull値の場合、エラーとせず密度を空白にて表示するように修正いたします。
密度の取得が不可能であることから画面からの入力をお願いいたします。",オフラス,,,●,,,,,,2025/03/13,2025/04/17,2025/10/16,AP・コーディング,確認完了,,,,,,,,,,,,,,,,,,,,,,,,,,,,,,,,,,,,,,,
,943,2025/01/08,千葉,YJP村上,中山　修美,ナフサの申告データが確定できない,,F：外航通関,F：外航通関,,"■発生日：2025/01/07
■対応希望日：2025/01/17
■事象
ナフサの申告データが確定できない
※詳細は下記BOX参照
https://idemitsu.ent.box.com/folder/301714374325

2025/01/14
1件目の申告は問題なく実施できたが、２件目の申告にてエラーが発生して確定できない。
■あるべき姿
添付のトラブルの解消
■代替手段
","■原因
申告後の取り消し処理の動作が誤っているように見えます。引き続き原因調査いたします。
■対策
2025/01/14 YJP追記
輸入進捗管理(申告)、IC・IM・IS・BP申告、一次申告輸入台帳から取り消し対象のデータを削除し、取り消しされた状態にデータパッチを実施いたします。
データパッチ後、本来の運用(操作)にてナフサの申告データを登録願います。

2025/01/29 YJP追記
データの削除漏れが原因だったため、二次申告輸入台帳と二次申告価格からデータを削除いたします。
データパッチ後、本来の運用(操作)にてナフサの申告データ(2件目)を登録願います。
(調査結果)
今回は明細が2件あり、1件目を削除したことから、左記の事象が発生しております。
取り消し時は、明細が複数ある場合は最新の情報から削除する認識でした。
上記運用にて対応していただくことで調整願います。
",オフラス,●,,,,,,,,,,,その他,確認完了,,,,,,,,,,,,,,,,,,,,,,,,,,,,,,,,,,,,,,,
,944,2025/01/08,千葉,YJP村上,中山　修美,ガソリン輸入実績が外貨在庫に計上されない,,F：外航通関,F：外航通関,,"■発生日：2025/01/07
■対応希望日：2025/01/17
■事象
ガソリン輸入実績が外貨在庫に計上されない
※詳細は下記BOX参照
https://idemitsu.ent.box.com/folder/301714374325
■あるべき姿
添付のトラブルの解消
■代替手段
","■原因
内外貨在庫品名マスタに登録されている「画面表示品名名称：GASOLINE」の保税地域が、ボートノートで登録されている保税地域と異なることが原因でした。
内外貨在庫品名マスタ
・保税地域：H.M.W.
ボートノート
・保税地域：H.M.(56-3)
■対策
内外貨在庫品名マスタの保税地域を、ボートノートに合わせていただくか、
ボートノートの保税地域を変更する場合はデータパッチにて対応となります。
いずれも、外貨在庫日報を再集計することにより、問題なく動作します。",オフラス,●,,,,,,,,,,,その他,確認完了,,,,,,,,,,,,,,,,,,,,,,,,,,,,,,,,,,,,,,,
,945,2025/01/08,千葉,YJP村上,中山　修美,ヘビーナフサでオーダー登録したが、伝票はフルレンジナフサで作成された,,F：外航通関,F：外航通関,"通関業者輸入申告情報入力
","■発生日：2025/01/07
■対応希望日：2025/01/17
■事象
ヘビーナフサでオーダー登録したが、伝票はフルレンジナフサで作成された
※詳細は下記BOX参照
https://idemitsu.ent.box.com/folder/301714374325
■あるべき姿
添付のトラブルの解消
■代替手段
","■原因
仕様通り。
伝票に連携する簡略品名コードは、輸入台帳の品名(70023:ヘビーナフサ)に対応する内貨品名(輸入品マスタの内貨簡略品名コード(07595:フルレンジナフサ))に変換する仕様となっております。
■対策
対策不要
現在表示されている伝票の簡略品名コードを変更したい場合は、輸入品マスタの内貨簡略品名コードをメンテナンスしてください。",オフラス,●,,,,,,,,,,2025/01/10,仕様通り,対応不要,,,,,,,,,,,,,,,,,,,,,,,,,,,,,,,,,,,,,,,
,946,2025/01/08,千葉,YJP村上,中山　修美,潤滑油の出荷実績が外貨台帳に反映されない,,F：外航通関,F：外航通関,外貨製品在庫日報作成,"■発生日：2025/01/07
■対応希望日：2025/01/17
■事象
潤滑油の出荷実績が外貨台帳に反映されない
※詳細は下記BOX参照
https://idemitsu.ent.box.com/folder/301714374325
2025/1/14
HG500の申告登録すると画面がエラーとなり申告が出来ない
いろいろ操作した結果登録してしまた不要なオーダデータを削除願う
■あるべき姿
添付のトラブルの解消
■代替手段","■原因
今回、台帳に反映対象といわれているデータ(品名:HG500)を外航出荷一覧機能にて登録操作を実施されていないため。(操作漏れのためです。)
■対策
不要(HG500の申告データを登録願います。)

左記2025/1/14追記分
■原因
下記のように誤った申告（台帳作成）後に更新した操作を実施したことから、台帳を2重登録しようとしたことからエラーとなっております。
①潤滑油データを輸出･積戻し区分を「輸出」で申告登録（台帳が作成される）
②申告確定後(台帳作成後)に輸出・積戻し区分を「積戻し」に変更し再度申告登録
■対策
申告確定後（台帳登録済み）の誤入力の対応は申告画面にて「取消」操作後に実施願います。
今回は不要なデータの削除をデータパッチにて対応いたします。",オフラス,●,,,,,,,,,,2025/01/09,その他,確認完了,,,,,,,,,,,,,,,,,,,,,,,,,,,,,,,,,,,,,,,
,947,2025/01/08,千葉,YJP村上,中山　修美,納付書類作成でLPGのデータが入ってくる,,F：外航通関,F：外航通関,"通関業者輸入申告情報入力
納税書類作成","■発生日：2025/01/07
■対応希望日：2025/01/17
■事象
納付書類作成でLPGのデータが入ってくる
※詳細は下記BOX参照
https://idemitsu.ent.box.com/folder/301714374325
■あるべき姿
添付のトラブルの解消
■代替手段
","■原因
仕様通り。
LPGに関しても、消費税は計算しております。
納付書類作成で作成される関税消費税納税申告書は消費税も対象にしているため、LPGのデータも出力されます。
関税、石油石炭税は納税伝票対象ですが、消費税は納税対象ではありません。
■対策
対応不要",オフラス,●,,,,,,,,,,2025/01/10,仕様通り,対応不要,,,,,,,,,,,,,,,,,,,,,,,,,,,,,,,,,,,,,,,
,948,2025/01/10,北海道,YJP大武,田苗直樹,2024年12月実地棚卸表とオフラスタンク在庫日報数量差異について,,G：マスバランス,G：マスバランス,タンク在庫日報,"■発生日：　2025年1月9日
■発生拠点：　北海道製油所
■対応希望日：　1月10日12時迄
■事象:実地棚卸表を確認したところ、常圧残油3.0半製品のタンク在庫数量とオフラスタンク在庫日報のRC-HSのタンク在庫の数量が一致しないことが判明した。具体的には実地棚卸表の数値がオフラスよりも1,428,340L多い状態となっている。
この差異分何の数値を反映させているのか不明であるもしくは、ファイルボランチにオフラスの数値が連携できていないのかは分かりかねますが、納得できないと月報を締めることが出来ない状態にある。
(添付ファイルは実地棚卸表とオフラスのタンク在庫の数量　実際の画面)

■あるべき姿：
差異分の数値が何によるものなのか判明する。
もしくは、実地棚卸表とオフラスタンク在庫の数量が等しくなる。

■代替手段：　なし

本日第五営業日であり、今日を逃すと修正が不可となりますので、
急なお願いとなりますがご対応お願い致します。
","■原因
■対策
仕様通りの認識です。
ご提示頂いた資料内のオフラスタンク在庫日報では、業務課のみの数量が表示されており、
他課分が含まれておりませんでした。実地棚卸表では、他課分も含まれているため数値が一致しておりません。
(製油課1,428.340kL + 業務課52,148.767kL = 実地棚卸表[53,577.107kL]と一致します)
※タンク在庫日報画面にて「製油課」を指定頂けると、上記の数量について確認できます。

なぜ実地棚卸表に他課分が含まれているかというと、他課タンクマスタにて当該タンクの
上位伝送フラグが1に設定されているためSAP側に連携されております。

上記ご確認の程、宜しくお願い申し上げます。
",オフラス,,●,,,,,,,,,2025/01/10,仕様通り,対応不要,,,,,,,,,,,,,,,,,,,,,,,,,,,,,,,,,,,,,,,
,949,2025/01/10,徳山,YJP杉本,國本優輝,シーズン規格を設定していない油種のロットの有効期限について,,L：試験管理,L：試験管理,総合判定,"■発生日：2024/12/26
■対応希望日：2025年1月中（原因確認）、2025年3月中（対策が必要だった場合の期限）
■事象
シーズン規格を設定していない油種でロット有効期限が90日より短くとなる事例が発生。
（ロット開始日が12/20に対して期限が12/31）
今回のロットは規格が外れていたため、強制合格で対応した。
OA系のテスト環境でテストすると強制合格した場合としなかった場合で有効期限が違うため、確認お願いします。

■あるべき姿
シーズン規格がない場合、強制合格の有無にかからず、規格有効終了年月日は同じ日付となる。

■代替手段
ロット開始日が1/1～10/2までは影響なし。（+90日にしても12/31に達しないため）
10/3以降は影響あり。
強制合格したロットで出荷を行うロットは1/1に再度試験依頼を行い、合格処理を行う。
","■原因
　規格判定処理は試験結果入力時に機械的に合否判定され、合格となった規格の終了期間まで
　最長90日を限度に有効期間を決定します。
　総合判定時には、試験結果入力時に算出された有効期間を設定します。

　仮に複数の特例規格で不合格となったものを総合判定で強制合格とする場合、
　どの規格を合格とみなすのかがシステム上判断が付かないため、
　強制合格では有効期間を決定することができません。

■対策
　①総合判定時の強制合格時に全規格合格前提で有効期間を再算出（仕様・プログラム修正要）
　②運転管理側でロット有効期間を手動訂正

2025/01/20 YJP追記
　お打合せを実施し、シーズン規格が１つの場合に限り不合格を強制合格にした際の有効期間が
90日間（ロット有効期間ディフォルト）となるよう修正する方向となったため修正案を検討する。
https://app.box.com/folder/303561697980",オフラス,,,,●,,,,,,,,仕様通り,仕様整理中,,,,,,,,,,,,,,,,,,,,,,,,,,,,,,,,,,,,,,,
,950,2025/01/14,千葉,YJP小谷,中山　修美,,,F：外航通関,F：外航通関,出荷実績,"■発生日：2025/1/14
■発生拠点：千葉事業所
■対応希望日：本日14:00まで
■事象：
1/9にGENESIS　RIVERは6芝浦丸と大山で積む予定であったが、6芝浦丸だけで積んだため、
大山の情報が残っている。
作業ボタンをおしても、確定ボタンが押せない。
1/10に大山のデータができている。
■あるべき姿：
1/9にGENESIS　RIVERは6芝浦丸のみで確定できる。
1/10はのGENESIS　RIVERは削除
■代替手段：
なし。
","■原因
仕様とおり
■対策
管理者権限にてログインしていただき、ボンド出荷オーダ一覧に「削除」ボタンが表示されることから、不要なデータを当該ボタン押下にて削除してください。",オフラス,●,,,,,,,,,,,その他,対応不要,,,,,,,,,,,,,,,,,,,,,,,,,,,,,,,,,,,,,,,
,951,2025/01/14,愛知,YJP小笠原,堂垣拓生,試験依頼時の二重登録について,,E：品質管理,E：品質管理,試験依頼登録,"■発生日：2025/1/14
■対応希望日：急がない
■事象
試験依頼時の二重登録について、二重登録になる場合とならない場合がある。
仕様書では「ロットNo」「統一品名略号」「需要家略号」「補助」「製造形態」「基材識別」が同じデータとなる場合は二重登録になると記載があるが、この条件下でも二重登録にならない事象が発生した。
https://app.box.com/file/1749991165687
■あるべき姿
二重登録となる。
■代替手段
なし","■原因
仮登録(採取時刻＝99)で受付待ちの試験依頼に対して品転試験を行っている状態で、品転元の試験依頼を本登録した時に品転試験も連動して本登録されますが、その際に品転試験の二重登録チェックを行う処理が漏れておりました。
また、PJT問題点No.3136でに二重登録チェックの項目に「試験分類」を追加(愛知、徳山のみ)していますが、機能仕様書の修正が漏れていたため、合わせて対応します。

■対策
自身に紐付く品転試験を連動して本登録を行う際に、紐付く品転試験の二重登録チェックを行うように修正します。

2025/01/22 YJP追記
検証エビデンスをBOXに格納しました。
https://app.box.com/file/1756125560856
",オフラス,,,●,,,,,,2025/01/22,2025/02/20,2025/04/01,AP・コーディング,確認完了,No.975,,,,,,,,,,,,,,,,,,,,,,,,,,,,,,,,,,,,,,
,952,2025/01/15,千葉,YJP和須津,青井圭介,1/3のオフラス出荷タンク設定について,,B：作業計画管理,B：作業計画管理,出荷タンク設定,"■発生日：2025/1/3
■対応希望日：２週間以内
■事象
出荷タンク設定で、集計するにかかわらず、集計されていないデータがある。
このようなケースは想定されておらず、油種バランス側でエラーになる。
どのようなケースでこのような事象は発生するのでしょうか？
■あるべき姿
不明
■代替手段
","■原因
出荷タンク設定画面からの設定、登録前に添加剤濃度設定一覧画面にて登録を行っているため本事象が発生しています。
作業計画における出荷作業管理において、内部で保持している出荷に関わる管理番号が異なる場合は集計されません。
ただし、出荷タンク設定画面において管理番号が採番されていないオーダ情報は「追加オーダ」として表示されます。
今回の事象では管理番号が採番済みのオーダ情報と管理番号が未採番のオーダ情報が混在しており、
この状態で出荷タンク設定画面を表示すると未採番のオーダ情報は「追加オーダ」と表示されます。
この時、出荷タンク設定画面からタンク設定、登録を行うと両オーダに同一の管理番号が採番されるため登録後は集計して表示します。
上記の手順ではなく、先に添加剤濃度設定一覧画面から添加剤濃度設定、登録を行うと未採番のオーダ情報に新規に管理番号が採番されてしまうため、集計されずに表示します。

■対策
オーダ登録または更新後は出荷タンク設定画面から登録を行うことで正しく管理番号が採番されるため本事象を回避できます。
また、本事象が発生した場合、対象のオーダの明細情報を変更後に出荷タンク設定画面を再度表示すると「追加オーダ」として表示されます。その後、同画面にてタンク情報を登録して頂くと集計された状態で表示されます。",オフラス,●,,,,,,,,,,2025/04/09,AP・コーディング,対応不要,,,,,,,,,,,,,,,,,,,,,,,,,,,,,,,,,,,,,,,
,953,2025/01/16,北海道,YJP和須津,秦野築,オフラス進捗管理‐作業状況表示‐入荷・出荷画面を展開できない,,C：進捗管理,C：進捗管理,入出荷作業状況表示一覧,"■発生日：2025年1月16日
■対応希望日：1月23日
■事象
オフラス進捗管理‐作業状況表示‐入荷・出荷画面を展開しようとしたところ、作業計画画面が表示された。また、画面左上にNullPointerExceptionが表示されていた。
その数分後に再度画面展開すると、今度は適切な画面が表示されエラーメッセージも表示されなかった
＊異常発生時のスクリーンショットを取る前に事象解消してしまいました。申し訳ありません。
正常な状態のスクリーンショットを添付いたします。
■あるべき姿
■代替手段

","■原因
実績の計算において、作業中の単品出荷JOBでタンク切替のあるものは作業中の実績数量から切替済みのタンク実績を差し引く計算をしていますが、作業中の実績数量は実績として上がってくるまでは空であり、この参照が正しくなかったためエラーの画面が表示されていました。
実績が上がってきた後は正しい計算ができていたため、当該画面が展開されるようになっていました。

■対策
実績の計算時、実績として上がってきた値を正しく計算するように修正いたします。

2025/01/28　YJP追記
以下に検証エビデンスを格納致しました。
https://app.box.com/folder/304701306670

■棚卸
2026/01/29：確認中、次回ステータス変更なき場合は強制クローズとする
",オフラス,,●,,,,,,,2025/01/28,2025/02/20,2026/02/25,AP・コーディング,確認完了,,,,,,,,,,,,,,,,,,,,,,,,,,,,,,,,,,,,,,,
,954,2025/01/17,徳山,YJP小谷,山本しのぶ,オフラス-外航通関-外貨製品在庫日報について（徳山事業所）,,F：外航通関,F：外航通関,外貨製品在庫日報作成,"■発生日：2025/1/17
■発生拠点：徳山事業所
■対応希望日：2025/1/29
■事象：
[VIFX060102] - 外貨製品在庫日報において、輸入FRNの下記入荷実績が取り込まれません。
　・入荷日：2025/1/14
　・船名：TORM ELISE
　・数量：15,511.955KL
■あるべき姿：日報に取り込まれる。
■代替手段：なし

","■原因
内外貨在庫品名マスタの簡略品名コードに値が入っていなかったことから、必要な情報が入手できず、輸入製品情報が集計されておりません。
簡略品名コードに値が入っていなかったのは、品名マスタから削除したことが原因です。
■対策
品名マスタから削除した簡略品名コード:00177が通関でも不要であれば、内外貨在庫品名マスタから当該データを削除していただき、外貨製品在庫日報を再集計していただければ問題なく集計されます。

",オフラス,,,,●,,,,,,,2025/01/28,その他,確認完了,,,,,,,,,,,,,,,,,,,,,,,,,,,,,,,,,,,,,,,
,955,2025/01/21,愛知,YJP大武,堂垣拓生,日次タンク増減実績の調整内容について,,D：実績管理,D：実績管理,VIDC020304-タンク増減メンテナンス画面,"■発生日：　2025/1/21
■発生拠点：　愛知事業所
■対応希望日：　急がない　 
■事象
IOS20-OFL-SBM-T2-001_機能仕様書_実績管理の表3.4.4.-4 日次タンク増減実績の調整内容についてご教示ください。
No2～6の作業数量の調整内容は具体的にはどのようなものでしょうか？
例えば、No2でタンク補正数量：1000KL
装置払出の作業数量を除く受払合計数量：0KLの場合、
装置払出作業量＝タンク補正数量ー装置払出の作業数量を除く受払合計数量
　⇒　装置払出作業量＝1000KL　となるのでしょうか？もしくは0KLでしょうか？

愛知のタンク増減メンテナンス画面での表示について
愛知では上記仕様のNo5,6が適応されているからNo2,3は向こうとなっているとお伺いしましたが、例えば以下のように装置受入が0となっています。
これは調整された結果が0だから0となっているのでしょうか？
もしくは、装置流量計から実績が取れていないということなのでしょうか？

■あるべき姿
■代替手段
手入力で修正
","■回答
【問合せ１の回答】
装置払出作業量＝1000KLとなります。

【問合せ２の回答】
取得した装置受入作業量が「０」だった為、増減数量「-2,00,542」になっています。

【補足】
機能仕様書及び関連DB上のデータを調査した結果、以下のように考えられます。
装置受入中／装置払出中でも、JOB作業中間実績が０、又は、取得できなかった場合は、
タンク増減データ上、装置受入数量／装置払出数量は０で計上しているようです。
※千葉製油所、北海道製油所も、装置受払中で数量の調整が行われていないケースの場合は、
JOB作業中間実績が０になっております。
調査資料を以下のBoxに格納しました。
https://app.box.com/folder/352262041300

確認の程、宜しくお願い致します。

■対策",オフラス,,,●,,,,,,"2025/11/21
調査結果報告済み",,2025/11/25,仕様通り,対応不要,,,,,,,,,,,,,,,,,,,,,,,,,,,,,,,,,,,,,,,
,956,2025/01/28,千葉,YJP小谷,伊藤祐希,VIFX040201　外貨製造搬出日一覧　VIFX040203　外国貨物製造搬出明細表　について,,F：外航通関,帳票,,"■発生日：2025年01月24日
■発生拠点：　千葉事業所生産管理課
■対応希望日：　2025年2月末頃まで（急ぎません）
■事象：　エラー・トラブル関連ではありません。
■欲しいアウトプット：
　　　　VIFX040201　外貨製造搬出日一覧（現状はExcel出力不可）
　　　　VIFX040203　外国貨物製造搬出明細表（単日分Excel出力可）
　　　　の何れかについて
　　　　①一覧明細表を月ごとにExcelで出力（月集計）
　　　　②一覧明細表に「本船」の「船籍（船国籍）」表示
　　　　③情報系オフラス製油所モニターでのExcel出力
■あるべき姿：最低限ありたい姿
　　　　VIFX040203　外国貨物製造搬出明細表の単日分Excel出力に
　　　　「本船」の「船籍（船国籍）」が表示されている事
■代替手段：
　　　　現在は約90隻/月分を目視手作業で集計しています。
　　　　OneSAPで「本船」の「船籍（船国籍）」取得が可能であれば、
　　　　ご教示願います。
","■原因
仕様通り
■対策
仕様詳細について、一度打ち合わせしていただけるとありがたいです。
2025/02/07 YJP追記
仕様調整会議を実施(2/7)
(1)日次対応
　・外国加持製造搬出明細表（帳票）に船籍欄を追加する改修
　　船用品   ：マスタから船籍を抽出し出力
　　保税運送：取引先を出力していることから船籍欄は空白を出力
(2)月次対応
　・上記の外国加持製造搬出明細表の月次版帳票を新規作成
　・外国加持製造搬出明細表の月次版を出力用画面(帳票出力共通画面使用)の追加
　・上記画面を使用するためのメニューを追加（通関の報告業務メニューに追加）
の旨にて確定、(1)と(2)の見積もりを提出することに確定
※(1)の対応は必須、(2)の対応は見積工数提示後にご検討頂く

2025/08/05IKC記
対応（改修）無しでクローズ",オフラス,●,,,,,,,,,,2025/08/05,仕様通り,確認完了,,,,,,"(1)日次対応
　・外国加持製造搬出明細表（帳票）に船籍欄を追加する改修
　　船用品   ：マスタから船籍を抽出し出力
　　保税運送：取引先を出力していることから船籍欄は空白を出力
(2)月次対応
　・上記の外国加持製造搬出明細表の月次版帳票を新規作成
　・外国加持製造搬出明細表の月次版を出力用画面の追加
　　(他サブと同様の帳票出力共通画面を使用)
　・上記画面を使用するためのメニューを追加
　（通関の報告業務メニューに追加）
　※通関用の帳票出力画面を作成するのであれば約2倍に工数は必要

※保守問題点No.929の実績管理の対応を含むお見積となります。",キャンセル,"(1)0.5人日
(2)1.0人日","(1)0.5人日
(2)3.0人日","(1)0.3人日
(2)1.8人日","(1)0.2人日
(2)0.7人日","(1)0人日
(2)0人日",対応不要,,,"2025/08/05
本件、一旦対応無しでクローズとし、対応が必要となった場合には、再度ご連絡頂けるとのこと。
※DI部様より千葉（中垣様）にもその旨連絡済み",,,,,,,,,,,,,,,,,,,,,,,
,957,2025/01/28,北海道,YJP小谷,石井真紀,外航入荷オーダーの価格入力から進めない,,F：外航通関,F：外航通関,[VIFX010106]-価格入力,"■発生日：　2025/1/24
■発生拠点：　北海道製油所
■対応希望日： 月末なので、早めの対応をお願いします
■事象
軽油の通関が完了したため、価格入力画面で通関業者申告を選び、確定を押すと
「輸入品マスタに登録されていない」と表示された。
オーダーの入力は特3号軽油（品名コード00275）で入力していた。（荷繰り担当より指示があったため）
輸入品マスタにて、特３号軽油を登録し（添付１P）、再度価格入力画面で通関業者を選び
確定を押すと、違うメッセージが出てきた（添付２P赤線部）。
メッセージが何を表しているのかわからないため、とのようにしたら申告入力を完了できるのかを
教えていただきたいです。

■あるべき姿
申告画面まで入力し、輸入台帳と納税伝票が作成される。

■代替手段
なし
","■原因
品名マスタの通関申告品名に品名が登録されていないためです。
■対策
品名マスタ(簡略品名コード：00275)の通関申告品名を登録願います。",オフラス,,●,,,,,,,,,,仕様通り,確認完了,,,,,,,,,,,,,,,,,,,,,,,,,,,,,,,,,,,,,,,
,958,2025/01/30,徳山,YJP小谷,山本しのぶ,外航通関-通関業者輸入申告情報入力_ISWについて,,F：外航通関,D：実績管理,,"保守_問題点管理表No.929から移管
■発生日：　2024/11/26
■対応希望日：2024/11/29
■事象：
[VIFX010204] - 通関業者輸入申告情報入力画面において
①申告区分：ISになっている。
②パイプライン出荷台帳の登録ができない。
（台帳作成✓、簡略品名設定）
■あるべき姿：
①申告区分：ISWになる。
②パイプライン出荷台帳の登録が出来る。
■代替手段
なし","■原因
仕様通り（一次申告時のみ対応する仕様であると仕様書に明記済み）
■対策
二次申告も対象として、画面表示可能とするよう修正いたします。

2025/09/27　YJP追記
本件、保守工数にて仕様変更対応を実施します。


■棚卸
2026/01/29：未着手（担当者CR油案件優先対応）
2026/04/27：検証環境不備で一時中断の件⇒７月リリースは間に合う予定
2026/7/8 YJP高山追記：
2026/6/26に対応連絡及びエビデンス確認依頼を送付したましたが、
確認事項と追加のご要望が生じたため、再度追加で改修作業を実施いたしました。
(詳細画面内でも出荷台帳と2次申告台帳を紐づけて、目的コードを取得＆表示する)
対応が完了したため、2026/7/8に追加のエビデンス資料を提出いたしました。
Box＜https://app.box.com/folder/394134807988＞
・保守No958_仕様変更エビデンス_20260708.xlsx


",オフラス,,,,●,－,,,,"2026/6/26
2026/07/08",,,仕様変更,エビデンス確認中,,,,,,"2025/09/27　YJP追記
本件、保守工数にて仕様変更対応を実施します。",仕様変更承認済,0.50人日,1.00人日,0.50人日,1.00人日,1.00人日,対応依頼,,,,,,,,,,,,,,,,,,,,,,,,,,
,959,2025/01/31,北海道,YJP小谷,石井真紀,ボンド出荷オーダ一覧にて引落数量を訂正したい,,F：外航通関,F：外航通関,,"■発生日：　2025/1/30
■発生拠点：　北海道製油所
■対応希望日： 月末なので、本日1/31中または、2/3までにお願いしたい。
■事象：　ボンド出荷オーダ一覧にて、1/28（320KLの方）の「作業」ボタンから出荷実績の積込数量を入力する際に320KLのところを3,320KLで入力して確定してしまった。
■あるべき姿：　320KLに修正をお願いしたいです。
■代替手段：なし

","■原因
仕様通り
■対策
データパッチにて対応いたします。

2025/01/31 YJP追記
データパッチを実施いたしました。
後続業務を実施願います。",オフラス,,●,,,,,,,,,,その他,確認完了,,,,,,,,,,,,,,,,,,,,,,,,,,,,,,,,,,,,,,,
,960,2025/01/31,北海道,YJP那須,市川大地,北海道のオフラスに伝票発行管理機能のバイオガソリンの項目を追加したい,,I：伝票発行管理,I：伝票発行管理,バイオガソリン,"■発生日：2025年1月30日
■対応希望日：
■事象
バイオガソリン出荷によるETBE免税を受けるのに北海道では手計算で集計しており、多大なロードが掛かるうえ申告間違いの可能性があるので、千葉・愛知が利用しているタイトル機能を使えるようにしたい。

■あるべき姿
人による手計算集計・計算ではなくオフラスの機能を利用してミスなく簡単に税務申告できる。

■代替手段
エクセルをに実績やロット情報など毎日手入力計算している。","■原因

■対策
2025/01/31
現状およびやりたいことの内容確認に関する打合せをIKC様にて調整中

■棚卸
2026/04/27：現地回答待ち",オフラス,,●,,,,,,,,,,仕様変更,仕様整理中,,,,,,2026/06/09 対応要否判定待ち（仕様調整日程現地確認待ち）,,,,,,,,,,,,,,,,,,,,,,,,,,,,,,,,,
,961,2025/02/04,千葉,YJP大武,沼田知樹,原油処理実績表のチェックが0にならない,,D：実績管理,D：実績管理,原油処理実績表,"■発生日：2025/02/03
■発生拠点： 千葉事業所
■対応希望日：即日(月締めに影響するため)
　⇒相談の上、2/7にご一報させて頂く予定にて対応しております。※2/5打合せ後YJP追記
　⇒02/27継続調査結果共有
■事象：
2025年1月30日の原油処理実績を入力したところ、原油処理実績表のチェックが0になりませんでした(66KLと表示された)
そのため、原油処理実績表のチェックが0にならない原因の調査をお願いします。
 
※オフラスの仕様書を確認したところ、通油があった場合、相手が装置でなければ、上手くカウントされないようなことが記載されていましたので、
恐らく、#60002のオイルインが原因ではないかと思っています。
 
■あるべき姿：チェックが全て0になる。
■代替手段：あれば、ご教授いただきたいです。","2025/02/27追記：
■原因
本件、仕様通りの挙動となります。
タンク#60002にオイルインしたタンク(351、353)の代表油品名「**SLOP」が
日用除外品(日報除外品)であったため、仕様上商品管理取り込み時に「**SLOP」分が取り込まれずに、
受払実績での確認時点よりも増減差分が大きくなったことに起因しております。	
※仕様書記載箇所については下記URLよりエビデンス資料をご参照ください。
商品タンク受払にて#60002を確認すると、受払増減が「115kL」となっており、受払実績の「49kL」よりも増加しております。こちらは元々の差分であった「49kL」＋オイルインにて投入した「66kL」分(商品管理に取り込まれなかった分)の差が生じているためです。
今回の場合、原油タンク受払実績にて「66kL」分を入荷にて調整頂きましたが、日用除外品受入＋通油があったタンクであるため、こちらにも「49kL」の調整と同様に通油マイナスにて対応頂く必要があったと考えられます。

■対策：
今回の場合、上記の通り「通油マイナス」で調整頂く必要がございます。
ただし、＃60006のように、代表品名が日用除外品(日報除外品)のタンクからオイルインした場合でも、	
通油がなかったタンクについては入荷分で調整頂いて問題ございません。
日用除外品(日報除外品)からの受入があり、通油をしたタンクについては、通油マイナスにて対応する必要があるという認識です。詳細に関しましては、下記URLよりエビデンス資料をご参照ください。

■Box
https://app.box.com/folder/309318592784

2025/02/06YJP追記：
2/5打ち合わせにて受払実績の増減を商品管理の通油量にて調整していることを確認しました。
それ自体は運用上問題ではないとのことも承知いたしました。
画面内で半製品通油量分が多く計上されることがチェックに影響が出た原因であることを調査中です。
※2/5打合せにて月次処理に影響のある内容ではないことを確認させて頂きました。
　 その際、調査が後日となることについてご了承頂きましたので、まずは2/7にご一報とさせて頂きます。

2025/02/17YJP追記：
継続して調査中です。",オフラス,●,,,,,,,,,,,データ不備,確認完了,,,,,,,,,,,,,,,,,,,,,,,,,,,,,,,,,,,,,,,
,962,2025/02/04,千葉,YJP小谷,中山　修美,輸入JETの保税作業について,,F：外航通関,F：外航通関,[VIFX060102]-外貨製品在庫日報作成,"■発生拠点：　千葉事業所
■対応希望日： ２０２４年１月４日中
■事象： 「石化用輸入ヘビーナフサ　商品」の1/21入荷が外貨製品在庫日報に反映されない。
■あるべき姿：「石化用輸入ヘビーナフサ　商品」の1/21入荷が外貨製品在庫日報に反映される。
■代替手段：手修正する。 
■補足： なし
","■原因
本件、保守_問題点管理表No.944と同件です。
内外貨在庫品名マスタに登録されている「画面表示品名名称：PCHN-I(HN/LN)」の保税地域が、ボートノートで登録されている保税地域と異なることが原因でした。
内外貨在庫品名マスタ
・保税地域：H.M.(56-3)
ボートノート
・保税地域：H.M.W.

■対策
内外貨在庫品名マスタの保税地域を、ボートノートに合わせていただくか、
ボートノートの保税地域を変更する場合はデータパッチにて対応となります。
いずれも、外貨在庫日報を再集計することにより、問題なく動作します。",オフラス,●,,,,,,,,,,,その他,確認完了,,,,,,,,,,,,,,,,,,,,,,,,,,,,,,,,,,,,,,,
,963,2025/02/05,千葉,YJP小谷,中山　修美,製油所受払チェックリストについて,,帳票,F：外航通関,製油所受払月報チェックリスト,"■発生日：２０２５年2月5日
製油所受払チェックリストの外貨品受払エラー外貨―（製品＋半製品）が
0.761②＋1.801③∔4.002④＝-6.564のところ、
0.761②＋1.801③＝-2.562①になっていると思われる。
④の軽油の添加剤数量が入っていない。（または添加剤込みの軽油でバランスをとってしまった。）

①製油所受払チェックリスト
②保税工場実績表
③軽油添加剤
④軽油添加剤

■発生拠点：　千葉事業所
■対応希望日： ２０２４年2月5日AM希望
■事象： 製油所受払チェックリストの外貨品受払エラー外貨―（製品＋半製品）が正しく反映されない。
■あるべき姿：製油所受払チェックリストの外貨品受払エラー外貨―（製品＋半製品）が正しく反映される。
■代替手段：なし 
■補足： なし
","■原因
仕様とおり（操作ミス）
継続保税作業にて添加剤数量の入力に誤りがあったため
■対策
締め処理を実施するため手修正にて対応
外航通関の台帳、日報のデータ整合性のリカバリ処理をデータパッチにて実施するか、取消機能を使用して実施するかを検証中

2025/02/21 YJP追記：
検証した結果、データパッチより従来の取消機能を使用した方が正しくリカバリ可能と判断したため取消機能にてリカバリをお願いします。
",オフラス,●,,,,,,,,2025/02/21,,,その他,確認完了,,,,,,,,,,,,,,,,,,,,,,,,,,,,,,,,,,,,,,,
,964,2025/02/13,千葉,青井圭介,高橋洋介 ,試験管理システムLab-Aid　ラベルシール様式作成願い,,L：試験管理,L：試験管理,,"■発生日：2024/10/25
■対応希望日：2024年度内
■事象
題記の件、試験管理システムLab-Aidにて使用しているラベル様式について一件追加依頼いたします。
それにあたり、添付ファイルの要求仕様通りのラベル様式作成・納品に必要な料金と納期のお見積りをお願いします。
回答について、可能なら10/28週中にいただければと思いますが、
該当期間での回答が難しい場合はお手数ですがその旨ご連絡ください。

■あるべき姿
ー
■代替手段
ー","■原因
仕様通り
■対策
　ラベルレイアウトを作成しBOXにアップいたしました。
　https://app.box.com/folder/312014343644
　　業務課(化学)サンプル.mllayx

　レイアウトファイルの配置とマスタ登録について、
　「業務課(化学)サンプル」ラベル導入手順.xlsx　に記載しておりますので
　こちらの手順でご確認いただきたいと思います。

",IKC,●,,,,,,,,2025/03/17,,2025/11/13,仕様変更,確認完了,,,,,,,,,,,,,,,,"2025/2/17
仕様変更ではありますが、保守工数内での対応が可能ですので、保守工数にて対応を進めるように致します。",,,,,,,,,,,,,,,,,,,,,,,
,965,2025/02/13,千葉,YJP小見山,中山　修美,JET A-1のCIF価格とVACの保税運転のCIF価格と包括INSが間違っている,,F：外航通関,帳票,,"■発生日：2025/2/12
■対応希望日：1週間以内　　　　　　　　　　　　　　  
■事象：
JET A-1のCIF価格とVACの保税運転のCIF価格と包括INSが間違っている
朱書きが正しい価格だと思っております。
また、VACの保税運転はTOP終了届が２件あるとただしく計算できない。
（VAC-2501-(A)はほとんど手修正で作成しました。）
■あるべき姿
手修正せずに保税作業終了届が作成できる。","■原因
調査中です。
2025/06/04 YJP追記
受領した参考資料に対して不明な点があり内容を伺いがいました。
IKC様よりご確認ができ次第ご報告をいただく予定です。

2025/06/11 YJP追記:
本日の打合せで決まった方針を記載致します。
保税終了届のCIF価格に出力されている値が継続保税作業画面(ヤード・出荷)と継続保税作業画面(装置)の2つの画面で算出が間違っているかの調査を行う。
減圧蒸留保税作業原油明細にてTOP終了届が複数あるパターンでのレイアウトを整理し再度提出を行う。

■対策
継続保税作業画面(ヤード・出荷)画面で換算レートを取得できるように修正いたします。
VAC保税作業記録表のVAC保税作業使用原油明細シートの価格算出処理とTOP終了届が複数ある場合も正しく出力できるように修正いたします。",オフラス,●,,,,,,,,2025/07/04,2025/08/20,2025/09/11,AP・コーディング,確認完了,,,,,,,,,,,,,,,,,,,,,,,,,,,,,,,,,,,,,,,
,966,2025/02/14,千葉,YJP杉本,高橋洋介 ,試験管理端末からの帳票発行不具合,,L：試験管理,L：試験管理,帳票発行,"■発生日：2025/2/14
■対応希望日：即日～1週間以内
■事象
帳票機能を利用しようとしたとき、Excelの例外エラーが出て利用できない端末がある。
■あるべき姿
端末に関わらず帳票機能が利用できる。
■代替手段
利用可能な端末で出力する。","■原因
何らかの更新、変更により帳票機能に障害が生じた可能性があります。

■対策
帳票機能をアンインストールした後、再インストールして改善するかどうかご確認ください。
再インストールしても改善しない場合は、Lab-Aidからの発行ではなく、
帳票機能単独の場合は出力可能であるかをご教示いただきたいと思います。",オフラス,●,,,,,,,,,,2025/02/21,その他,確認完了,,,,,,,,,,,,,,,,,,,,,,,,,,,,,,,,,,,,,,,
,967,2025/02/19,徳山,YJP大武,佐々木基至,パイプライン出荷明細表のテーブル定義について,,D：実績管理,D：実績管理,パイプライン出荷明細表のテーブル定義,"■発生日：2025/02/19
■対応希望日：2025/02/19中
■事象
■あるべき姿
■代替手段
以下の問合せが来ており、
当該画面で参照しているテーブルの定義書をご教示いただけないでしょうか。

（質問事項）
現在、石化パイプライン実績を新ＩＲＩＳから取得するＳＱＬ分を変更するにあたり、
パイプライン入出荷明細表を出力するテーブル定義所をいただきたく。
お手数をおかけしますが、宜しくお願い致します。
やろうとしてるのは、添付のようなことをしたいと考えております。
","■原因
■対策
（下記質問事項への回答）
ご質問頂きました内容（添付資料の項目）を加味しますと、
TIDC063(石化取引実績)のテーブルが該当するものと考えられます。
下記Box内に当該テーブル定義書がございましたので、ご参照頂けますよう
宜しくお願い申し上げます。

https://app.box.com/file/1307885488203
※IOS20-OFL-SBM-S2-001_テーブル設計書_D実績管理_v5.9.xlsx
　┗TIDC063_石化取引実績シートをご参照ください。
",オフラス,,,,●,,,,,,,2025/02/19,その他,確認完了,,,,,,,,,,,,,,,,,,,,,,,,,,,,,,,,,,,,,,,
,968,2025/02/20,徳山,YJP大武,佐々木基至,実績管理の石化パイプライン実績について,,D：実績管理,D：実績管理,石化取引実績テーブル,"■発生日：不具合ではございませんので、発生日時は特にないです。
■発生拠点：徳山事業所
■対応希望日：回答希望は今月末ごろ
■問い合わせ内容：
　石化パイプライン実績においてSQL文で新IRISからデータ取得しておりますが、
　取得したデータをセットする箇所は仕様上固定でしょうか？
　現状、画面上は流量計後尺(カラム上は、石化取引実績テーブルの「AFT_ADD_FLG」)ですが、
　画面上の出荷数量(カラム上は、石化取引実績テーブルの「SUBT_QTY」)」）に違うタグの値を
　取得したいのですが、仕様上可能でしょうか？
■あるべき姿：特になし
■代替手段：","■原因
■対策
＜質問事項への回答＞
オフラスでは新IRIS通信フォーマット(A0126)のメッセージID:205の仕様に沿って、
石化取引実績データを受信し、そのままテーブルへの取り込みを行っております。
そのデータに沿って石化取引実績を登録し、伝票情報を登録しておりますので、
質問の回答としては、仕様上固定であると言えるかと思います。
※同データを参照・表示している画面仕様についても同様です。

質問の内容から推察しますと、新IRIS側でオフラスへの送信データを作成する際(収集する際)の
内容(仕様)なのではないかと考えられますので、そちらのご担当者様にお問い合わせ頂いた方が
宜しいかと考えております。オフラスとしましては、通信定義書の通りの項目に値が設定されていれば、
その内容にて石化取引実績として取り込み、伝票数量を登録可能であると考えております。

上記回答にて私の理解が及ばず、実現したい内容への認識違いがございましたら大変申し訳ございません。
その際は、今回徳山事業所様でどのような内容を実現したいかを、もう少し詳しく会話させて頂ければと思います。

■参考資料：
https://app.box.com/file/1015461979620
※IOS20-OFL-SBM-T3-001_機能仕様書_通信_新IRIS(A0126)_石化取引実績_V2.3.xlsx

",オフラス,,,,●,,,,,,,2025/02/21,その他,確認完了,,,,,,,,,,,,,,,,,,,,,,,,,,,,,,,,,,,,,,,
,969,2025/02/21,千葉,YJP大武,佐々木基至,プラントFA02(千葉)での品目：F05604000の在庫が0.001L余っている件について,,G：マスバランス,G：マスバランス,製油所受払月報,"■発生日：
■対応希望日：
■事象
■あるべき姿
■代替手段
（質問事項）

潤滑油チーム経由で千葉事業所の月報出力に関する以下のお問い合わせをいただいております。
ご確認をお願い致します。

※本件、データパッチで当該品目の前月在庫を調整する等のご対応は可能でしょうか。
　また、来月３月月初の帳票から反映することは可能でしょうか。
　難しい場合にはその旨調整しますので対応可能時期をご連絡ください。

～～～
現在、潤滑油部で製油所受払月報にて品目：L05604000 が在庫1Lを計上し続けているとの問い合わせをいただいております。

部内で確認したところ確かに潤滑油のプラントでは対象の数量を確認できず、調査を進めたところ品名コード：39000125が潤滑品目：L05604000の他に、燃料油のプラントFA02(千葉)での
品目：F05604000（ＨＴ５００　バラ　商品）にも該当しており、製油所受払月報は
L品とF品をサマリする仕様のため品目：F05604000の在庫0.001分が潤滑油側でも出力されてしまっております。つきましてはこちらの在庫を0.001→0へとご調整いただけますでしょうか。
","■原因
■対策
＜質問事項への回答＞
転送メール内に貼り付けされていた「２０２４年４月分」の製油所受払月報に該当する、
オフラス(千葉)の受払月次データを確認しましたが、当該品目の月末在庫は「0.000」で計上されておりました。また前月繰越在庫も月報とは異なり「0.000」となっております。（いずれも１Lが計上されておりませんでした）
念のため先月2025年1月締めの月次データも確認しましたが、月末在庫は「0.000」で計上されており、
その内容にて上位連携されているものと考えられます。

そのため本件ですが、オフラスでのデータパッチが有効な対応方法ではないと考えられます。
SAP側でのご対応が必要になるのではないでしょうか。改めて内容ご確認の程、宜しくお願い申し上げます。
",オフラス,●,,,,,,,,,,2025/02/21,その他,確認完了,,,,,,,,,,,,,,,,,,,,,,,,,,,,,,,,,,,,,,,
,970,2025/02/25,千葉,YJP小谷,中山　修美,原油船で原油とナフサを一緒に入荷する場合のオフラスでのオーダー入力について,,A：オーダ管理,F：外航通関,,"■発生日：２０２５年２月２７日にオーダー入力予定（荷役は３月１日の予定）
■発生拠点：　千葉事業所
■対応希望日： ２０２５年２月２６日（希望） 
■事象： 
原油船で原油とナフサを一緒に入荷するが、オフラスでのオーダー入力は一つにまとめるケースと、
別々に入力するケースで、どちらがいいか検討いただきたい。（原油⇒ナフサ⇒原油で荷役を実施）
①	どちらのケースでもオーダーが問題なく作成可能か確認をお願いいたします。
②	オーダーを一つにまとめる場合は、BNを原油はHMWで、ナフサはＨＷ(56－3)で作成できるかと
保税地域を一つしか選べないので、原油又はナフサの外貨原油及び製品在庫日報への反映ができるのか確認をお願いいたします。
■あるべき姿：
■代替手段：なし
■補足： なし
","■原因
仕様通り
■対策
オーダを原油、ナフサの2本に分割することは無理とお聞きしております。
オーダを1本でインボイスにて原油、ナフサを登録することとなりますが、左記の記載いただいている内容のとおりボートノート作成時に選択できる保税地域はひとつだけであることから、作成されなかった油種に対してデータパッチにて作成する必要あると判断いたします。
必要情報を教えていただければデータパッチを実施させていただきます。

2025/03/10 YJP追記
同時上げ区分にて対応されているかどうかを確認します。
2025/03/11 YJP追記
原油、ナフサの同時揚げ対応は進捗管理システムにて実施しております。
進捗管理のタンク受入搬入計算書作成において原油、ナフサの同時揚げの場合、
同一オーダ管理NOにて原油のオーダ(同時揚げ区分：原油)、ナフサのオーダ(同時揚げ区分：ナフサ)を作成し外航通関に連携しております。
したがって、タンク受入搬入計算書作成後に外航通関の[BN]機能にて保税地域を対象のコードに変更していただくことで製品在庫日報への反映が可能となります。
（原油とナフサの切り分けは作業品名マスタに登録されている作業品種区分にて判断しております。）
参考までに製品在庫日報の集計条件として製品(ナフサ)の場合は保税地域コードを参照しておりますが、原油は保税地域コードは参照しておりません。",オフラス,●,,,,,,,,,,2025/03/12,その他,確認完了,,,,,,,,,,,,,,,,,,,,,,,,,,,,,,,,,,,,,,,
,971,2025/02/27,徳山,YJP和須津,石津英明,荷繰調整機能作業計画管理の機能追加,,,B：作業計画管理,作業計画管理月間オーダ作成,"■発生日：2025/02/27
■対応希望日：2025/09/30
■事象
オーダー管理にある「月間オーダー」機能を流用し、タンク間シフト、ミキシング・サーキュレーション業務を月間で登録できるようにしてほしい。

■機能追加後の姿：ある程度固定化されている出荷系以外の作業計画についても、月間登録して荷繰調整業務を削減したい。 

■あるべき姿

■代替手段
現状業務引継ぎ","■原因
本件は仕様変更として対応させていただきます。

■対策
",オフラス,,,,●,●,,,,2026/7/29予定,,,仕様変更,対応中,,,,,,,仕様変更承認済,2.50人日,8.00人日,6.00人日,3.00人日,0.00人日,対応依頼,"一般シフト生産、サーキュレーション、ミキシングの各JOBをオーダ管理の月間オーダのように月間でJOB作成できるようにする。
試験依頼項目入力は不要。
",,2026/01/20　YJPにてお見積書作成中,,,,,,,,,,,,,,,,,,,,,,,
,972,2025/02/27,徳山,YJP那須,栗山明子,オフラスから伝票訂正を確定しようとするとエラーメッセージが出る,,I：伝票発行管理,I：伝票発行管理,伝票確定,"■発生日：2025/2/26
■対応希望日：2025/3/3
■事象
オフラスから伝票訂正を確定しようとすると「SAP移動タイプが取得できませんでした」とエラーメッセージが出て伝票確定が出来ない。

■あるべき姿
伝票確定が出来る。

■代替手段
","■原因
訂正伝票確定時に自動作成される取消伝票の作成処理において、SAP移動タイプの取得に失敗しているためです。
取消伝票の場合、該当の取引先（出光興産㈱石油化学事業部）に対応する輸送形態が「0：物流無関係」と「5：ﾊﾟｲﾌﾟﾗｲﾝ/ﾊﾞﾝｶｰ」しかオフラス側には登録されておらず、今回の伝票の輸送形態が「6：タンカー」であることより、SAP移動タイプの取得エラーとなっています。

■対策
誤って入力されている伝票を取り消すための伝票をSAP移動タイプが取得できる内容で起票する必要があります。
（本来であればオフラス側のSAP移動タイプ定義の登録内容についてSAP側の最新状況と比較して見直しを行い、その後に改めて登録すべきかと思われますが、本件の対応としては難しいと考えております）

以下の対応方法について、OnsSAP側の取り込み可否などについてご確認いただき、問題ないようであれば、オフラス側で操作を行っていただければと思います。
　①通常伝票（訂正区分：0）でマイナス数量の入荷伝票を起票（元伝票と数量を相殺する）
　②通常伝票でプラス数量かつ輸区が「1：社外」の入荷伝票を起票（本来入力すべき伝票）
　　※特に①の伝票の取り込み可否を懸念しております。
",オフラス,,,,●,,,,,,,2025/02/28,仕様通り,確認完了,,,,,,,,,,,,,,,,,,,,,,,,,,,,,,,,,,,,,,,
,973,2025/03/03,愛知,YJP小見山,堂垣拓生,受払作業指図報告書に4つ目の品名が表示されない,,帳票,帳票,RIAP010003(受払作業指図書),"■発生日：2025/2/27
■対応希望日：3月14日まで(急ぎではない為、延びても問題なし)
■事象：帳票ID：RIAP010003(受払作業指図書)に4つ目の品名が表示されない
■あるべき姿：
オーダーのすべての品名が表示される。
■代替手段：
手書きでの対応
","■原因
表示できる最大行数が3行になっていた。
■対策
表示できる最大行数を4行に変更いたします。
",オフラス,,,●,,内,,,,2025/05/02,2025/06/19,2025/10/16,AP・コーディング,確認完了,,,,,,,,,,,,,,,,,,,,,,,,,,,,,,,,,,,,,,,
,974,2025/03/03,千葉,YJP小谷,中山　修美,ナフサの申告データが確定できない（保守_問題点管理表No.943と同様）,,F：外航通関,F：外航通関,,"■発生拠点：　千葉事業所
■対応希望日： ２０２５年3月5日（希望） 
■事象： ナフサの申告データが確定できない（保守_問題点管理表No.943と同様の事象）
■あるべき姿：ナフサの申告データが確定できるようになる
■代替手段：なし
 　　　　　　（月初はマニュアル修正で対応）
■補足： なし
","(問題点管理表No.943と同様)
■原因
申告後の取り消し時の操作が誤っています。
最新の申告情報から削除していないため。左記の事象が発生しております。
■対策
データパッチで対応いたします。
(操作手順)
取り消し時は、明細が複数ある場合は最新(一番下)の情報から削除する認識でした。
上記運用にて対応していただくことで調整願います。

2025/3/5 YJP追記
データパッチを実施いたしました。
再度輸入申告情報を登録願います。",オフラス,●,,,,,,,,,,,その他,確認完了,,,,,,,,,,,,,,,,,,,,,,,,,,,,,,,,,,,,,,,
,975,2025/03/05,北海道,YJP和須津,佐々木基至,オフラス連携エラー（北海道）　オフラスへオーダ確認依頼,,A：オーダ管理,A：オーダ管理,スケジューラ（Spiral Scheduler）へのオーダ情報送信,"■発生日：北海道製油所
■対応希望日：ー
■事象
2/8-2/11　で、オフラス連携エラー。オーダの船情報で日付形式ではないとエラーが出て取り込めなかった。
2/9の外航入荷オーダのオーダ船情報の着桟予定時刻が「0730」ではなく、「730」と登録されている。
そのため、時刻変換がエラーとなった。

■あるべき姿
オフラス側に上記データが正常かどうか確認を行う。
正常であった場合、このようなデータの扱いの場合、どのように時刻として取り扱うことが正しいでしょうか。
上１桁に0を入れて時刻とするか、下１桁に0を入れるか、または別の判断で時刻にするのか。

■代替手段
ー","■原因
バースNo着桟順位指定画面より入港時間(時、分)を指定する際、1桁での入力時は先頭に0を挿入して0埋めをしていますが、1つの船に複数の明細がある場合に画面上では0埋めされているように見えるものの内部処理として正しく0埋めされていませんでした。

■対策
バースNo着桟順位指定画面にて入港時間入力時、1桁の入力がされた場合に正しく0埋めするように修正いたします。
なお、2桁入力した場合は正しい日付形式で登録されるため本事象を回避できます。
例).入港時間を7:05とする場合
　入港時間の時に「07」、分に「05」を入力して登録いただくと正しい形式(HHMM)で登録できます。

2025/03/07　YJP追記
以下に検証エビデンスを格納しました。
https://app.box.com/folder/310572028732",オフラス,,●,,,,,,,2025/03/07,2025/04/17,2025/04/17,AP・コーディング,確認完了,,,,,,,,,,,,,,,,,,,,,,,,,,,,,,,,,,,,,,,
,976,2025/03/05,北海道,YJP大武,田苗直樹,2025年2月外貨在庫引当内容確認,,G：マスバランス,G：マスバランス,外貨在庫引当,"■発生日：　2025年3月5日
■発生拠点：　北海道製油所
■対応希望日：3/5 14時まで
■事象: 
「原油在庫引落結果明細表」「製油所受払月報」の外貨原油の引当について不可解な内容があったのでこの内容で妥当なのか(妥当なのであれば根拠もご教授下さい。)調査、内容が妥当ではないのなら修正をお願いいたします。

以下具体的な内容となります。
1.「原油在庫引落結果明細表」においてクウェート原油の引落合計数量が在庫修正にて設定した
数量と一致していない。(他の外貨原油油種は「原油在庫引落結果明細表」と「在庫修正リスト」の数量が一致している。)
2.基本的に同じ油種の外貨在庫から引当をして、それでも不足している場合に他の油種から引当を行う認識だが、「原油在庫引落明細表」を見るとクウェート原油の在庫が残っているにも関わらず他の原油油種から引当を行っている。
3.「製油所受払月報」においてクウェート原油とアラビアンライト原油間で品転が発生している。

■あるべき姿：
帳票の内容が妥当だと判明する。
もしくは、クウェート原油の引当はクウェート原油から引当され、不足の場合は他の原油油種から引当を行うようになる。「製油所受払月報」においてクウェート原油とアラビアンライト原油間で品転が発生しない。

■代替手段：なし

急遽のお願いとなり申し訳ございませんがご対応お願い致します。また、説明内容に不備がございましたら田苗までご連絡お願い致します。
","■原因
本件は状況から考えますと、仕様通りに月次処理、原油在庫調整処理が働いているためと考えられます。

■対策
以下、順を追って説明させて頂きます。
まず「ｸｳｴ-ﾄ(ｹﾞﾝﾕ)」(内貨)の在庫は引落処理前の時点では、原油受払の在庫数量合計より、
「46,781,054L」と計上されており、その全てが「1)ｸｳｴ-ﾄ(ｹﾞﾝﾕ)」に引き当てられました。
しかし外貨修正在庫は「49,267,569L」が設定されているため、まだ不足があるため、処理内で「ｱﾗﾋﾞｱﾝ ﾗｲﾄ(ｹﾞﾝﾕ)」から「571,739L」を引き当て、「ｱﾗﾋﾞｱﾝ Xﾗｲﾄ(ｹﾞﾝﾕ)」から「1,914,776L」を引き当てました。
これにより「46,781,054L」＋「571,739L」＋「1,914,776L」にて「1)ｸｳｴ-ﾄ(ｹﾞﾝﾕ)」は修正在庫の通り「49,267,569L」を確保しました。そのため、問い合わせ”2”で確認されている他の品名から引き当てている、という件については正しいと考えられます。
※この引落時点で「ｸｳｴ-ﾄ(ｹﾞﾝﾕ)」の内貨在庫は「0L」となっています。

その後在庫集計処理内の、原油受払月報データ調整(仕様書P171例)にて、
受払月報計算の結果、生産数量の合計値がマイナスになっている原油勘定を、生産数量と在庫数量で調整します。
繰越在庫、処理生産数量、増減払出数量などからなる計算にて、「ｸｳｴ-ﾄ(ｹﾞﾝﾕ)」の処理生産数量がこの時点でマイナスとなっているため、在庫調整の処理が入り、その調整結果が「月末在庫数量（算出）」に設定されます。
原油在庫引落結果明細表としては、はじめに外貨の割り当たった「46,781,054L」と、在庫数量(算出)で割り出された「456.707L」が合算されて「47,237,761L」と見えているものと考えられます。

（ここまでの内容を踏まえて、下記回答をさせて頂きます）

> 1.「原油在庫引落結果明細表」においてクウェート原油の引落合計数量が在庫修正にて設定した数量と一致していない。
> (他の外貨原油油種は「原油在庫引落結果明細表」と「在庫修正リスト」の数量が一致している。)

外貨在庫は原油在庫引落結果明細表の「1)ｸｳｴ-ﾄ(ｹﾞﾝﾕ)」の引当数量を合算すれば一致しています。
製油所受払月報上でも、外貨在庫は一致しているのではないでしょうか。
表上では「内貨の引当明細の合算値」として表示されており数値がずれているように見える、というのが回答になるかと思います。

> 2.基本的に同じ油種の外貨在庫から引当をして、それでも不足している場合に他の油種から引当を行う認識だが、
>    「原油在庫引落明細表」を見るとクウェート原油の在庫が残っているにも関わらず他の原油油種から引当を行っている。

上述の通り、内貨数量が不足したため、他油種から引き当てています。

> 3.「製油所受払月報」においてクウェート原油とアラビアンライト原油間で品転が発生している。

仕様書にある通り、原油受払月報データ調整処理を行っても調整しきれない場合に、
品位転換にて調整を行う仕様がございます。こちらの調整処理にて品位転換が発生しているものと考えられます。

DBデータと仕様とを突き合わせて上記の回答をさせて頂きましたが、
原油在庫調整処理は根が深く、細かく調整内容について紐解こうとするとかなりの時間を要してしまいます。
どうしても整合がとれず、これ以上細かく調査する必要があれば、その旨改めてご連絡頂けますよう、お願い申し上げます。

■棚卸
2026/01/29：確認中、次回ステータス変更なき場合は強制クローズとする",オフラス,,●,,,,,,,,,2026/02/25,仕様通り,確認完了,,,,,,,,,,,,,,,,,,,,,,,,,,,,,,,,,,,,,,,
,977,2025/03/06,北海道,YJP村上,石井真紀,外航入荷オーダ一覧のBIA画面から進めない,,F：外航通関,F：外航通関,,"■発生日：2024/12/13
■対応希望日：3/14頃まで
■事象
重油の輸入があったが、２BLのうち１BLしか揚荷できなくなったため、オーダーはそのままで１BL分として
搬入計算書と按分計算書を作成した。
揚荷出来なかった方のオーダーも残っているため、揚荷数量7,879.915KLと0.001KLとして、7,879.916KL按分計算書を手作業で作成した。
その後BIAを入力し、送信して、NACCSから取り込んだが、数量が違うため、次に進めなくなった。
■あるべき姿
BIAが取り込まれて、次工程に進めるもしくはBIAをパッチあてしていただいて、次工程に進める。
■代替手段

","■原因
貨物登録において、0.3Cの2件のタブが1件しか処理(登録)されていないためです。
■対策
B/L番号：13JPCGACLT241202の方は「登録」⇒「テキスト出力」の操作がされておりますので、
B/L番号：13JPCGACLT241201の方を「登録」⇒「テキスト出力」の操作を実施していただければ、
[貨物]アイコンが青くなり、次作業の「価入」アイコンが押下可能となります。
",オフラス,,●,,,,,,,,,2025/03/11,その他,確認完了,,,,,,,,,,,,,,,,,,,,,,,,,,,,,,,,,,,,,,,
,978,2025/03/11,千葉,YJP小谷,中山　修美,原油船で同一「オーダーNo.」での処理可否について,,F：外航通関,I：伝票発行管理,,"■発生日：２０２５年３月11日
■発生拠点：　千葉事業所
■対応希望日： ２０２５年3月１４日（希望） 
　　　　　　　（原油バランスが厳しく、来週通関したいため。）
■事象： 原油船（NAVE CELESTE）を同じ「オーダーNo.」で処理できるか確認して欲しい。
オフラスでの伝票発行・送信、SAPでの情報取込に問題ないでしょうか。
違う事業所で同一番号は過去にあったが、同じ事業所・外航船・同荷役日は初めてと思われる。
なお、オーダー登録は同じオーダーNo,では登録できないため、任意のオーダーNo,で登録し、
伝票でオーダーNo,を変更予定。
■あるべき姿：原油船（NAVE CELESTE）を同じ「オーダーNo.」で処理できるか確認して欲しい。
■代替手段：オフラスでは伝票の再着桟機能を使えば、同じ事業所・外航船・同荷役日でも実績はありませんが、 同じ「オーダーNo.」でも処理できる可能が高いと考えております。
「オーダーNo.」を変える場合は、需給部業務管理課から「オーダーNo.」の変更検討を依頼することになります。
■補足： なし
","■原因
ONESap側への確認と判断しますことからONESap側へ問合せ願います

■対策

",IKC,●,,,,,,,,,,2025/03/24,仕様通り,対応不要,,,,,,,,,,,,,,,,,,,,,,,,,,,,,,,,,,,,,,,
,979,2025/03/11,千葉,YJP小谷,中山　修美,千葉事業所オフラス外航通関ボンド出荷オーダー確定不可,,F：外航通関,F：外航通関,VIFX040105 - 出荷実績,"■発生日：2025年2月8日
■発生拠点：千葉事業所
■対応希望日：即日でお願いします。 
■事象：
VIFX040101 - ボンド出荷オーダ一覧
        →VIFX040105 - 出荷実績 – 2502270092
確定ボタンが押せない（非アクティブ）
■状況：
3月7日　本船　NEPTUNE LEADER 向け
BF-LSF出荷予定　1,119KL
艀が2船に分かれた為、
        7日　藤和丸  800.228KL
        8日　愛栄丸  266．154KL
で出荷したが、 7日　藤和丸の確定ボタンが押せなくなった。
8日　愛栄丸分は確定ボタンがアクティブで押せる状態
■あるべき姿：
確定ボタンが押せる（確定できる）状態
■代替手段：
①貴部署で確定可能であれば、お願いします。
②確定が出来ない場合、本日12日時点で3月11日までの外貨品在庫集計を可能としたい。
","■原因
「オーダ管理No:2502270092、搬出日2025/03/07」のデータに関しては、
「愛栄丸  266.154KL」の出荷作業が終了していないことから、確定ボタンが押下できません。
■対策
「オーダ管理No:2503070024、搬出日2025/03/08」にて、作成した愛栄丸を正とされるということから、出荷実績が上がっていない3/7の愛栄丸データを「削除」していただければ、3/7の藤和丸、3/8の愛栄丸の両者に関して確定可能となります。
「削除」に関しては、システム管理者権限のユーザ様にて処理していただく必要がありますことから、
調整お願いします。",オフラス,●,,,,,,,,,,,その他,確認完了,,,,,,,,,,,,,,,,,,,,,,,,,,,,,,,,,,,,,,,
,980,2025/03/11,徳山,YJP和須津,石津英明,荷繰調整機能作業計画管理の機能追加,,B：作業計画管理,B：作業計画管理,出荷タンク設定,"■発生日：２０２５／０３／１０
■対応希望日：２０２５／０９／３０
■事象
出荷オーダーが確定した後に出荷タンク設定をするが、ほぼ固定化されている油種・タンクも存在するので、
ある程度自動化して出荷タンクの入力を削減したい。※確定まではさせない

■機能追加後の姿
出荷タンク設定について、ある程度オートメーション化。

■代替手段
現状業務引継ぎ","■原因
本件は仕様変更として対応させていただきます。

■対策
",オフラス,,,,●,●,,,,2026/7/28予定,,,仕様変更,対応中,,,,,,,仕様変更承認済,1.25人日,3.50人日,1.25人日,2.00人日,0.00人日,対応依頼,"前日と同じ作業品名のタンクNoを設定するとき、
・前日に2基以上タンクが設定されている場合、より後のタンクNoを採用
(1番タンク、2番タンクにそれぞれタンクNoが設定されている場合は2番タンクのタンクNoを採用)
→(特定品名以外については)こちらの条件のみ考慮し、ヒットしない場合はさらに前日までさかのぼる
　当日から2日前まで　例). 当日が10/23だとしたら10/21までさかのぼる
・前日、前々日ともにヒットしない場合はタンクNo.の入力欄は空欄を表示
・特定品名(C9AL、CD-9、REG-2)の場合は固定のタンクNoを設定する
→システム定数にて品名とそのタンクNoを変更、追加、削除可能となるように対応
ロット、在庫有無については考慮不要
",,2026/01/20　YJPにてお見積書作成中,,,,,,,,,,,,,,,,,,,,,,,
,981,2025/03/12,北海道,YJP和須津,佐々木基至,アストモス入荷オーダー・伝票のエラーについて,,A：オーダ管理,A：オーダ管理,内航入荷オーダ入力,"■発生日：2024年3月5, 6日（2月8, 21, 27日伝票）
■対応希望日：2025年3月25日迄
■事象
［INC-00526264：］［INC-00526253：］［INC-00526251：］オフラスエラー利用者側への確認_業務シナリオパターンが特定できません
              上記エラーについては解決しておりますがエラーに至った過程が不明です。
              以下3件についてご確認お願いいたします。

①	添付参照。輸型がバージになったタイミング、要因についてご確認願います。
②	上記エラー3件が発生したタイミングについてご確認願います。
（アストモス関連の伝票がSAPに取り込まれるまでの処理について。伝票送信直後にエラーは出ないのか）
③	アストモス側からオフラスの入荷オーダーを変更した際、変更が反映されないことが度々発生している。
正しい変更手順についてご教示願います。アストモスへ周知します。

■あるべき姿
①　輸型はタンカーで統一される
②　不良伝票送信時には早めにエラーが通知される
③　オーダー変更が正常に取り込まれる

■代替手段
なし

2025/03/12　追記
本件は主にSAP側への確認となりますが、横河様（オフラス側）には以下ご教示頂きたくお願いいたします。
アストモスからのオーダ伝文ファイル(*1)を確認すると輸型はブランクで連携されて来ているのですが
オフラス側で取り込む際に輸送形態を「バージ」と設定するような処理（仕様）はありますでしょうか。
そのような仕様は無い場合、輸送形態が「バージ」となってしまう考えられる状況は何かありますでしょうか。
（機能的には輸送形態を自動で設定することは無いので人が修正する以外は無い・・など）

2025/03/19　追記
簡略船名コードから輸型「7：バージ」を引き当てている旨承知しましたが、
アストモス側と北製で簡略船名コードと船名コードを全て一致させるのは難しいため、
全ての情報を船名コードから引き当てたいのですが可能でしょうか。","■原因
アストモスオーダ受信後にオーダ登録をする際、輸型は受信伝文の簡略船名コードをもとに船マスタに登録されている内容で設定しています。

■対策
今回ご連携いただいたアストモスオーダ受信伝文には簡略船名コード、船車コードがそれぞれ設定されていますが、オフラス側には現在この2値で一意になる船マスタのデータがありません。
船マスタのデータと伝文設定値についてご確認いただけますでしょうか。
・簡略船名コード：00214
・船車コード：40483
(・船名：明邦丸（イイノ）)

2025/03/19 YJP追記
輸型は船車コードではなく簡略船名コードから引き当てております。
原因の記載を変更しました。

2025/03/24　YJP追記
船車コードから船マスタの情報を引き当てることは可能です。
ただし、船マスタの中には同一の船車コードが設定されているデータが存在します。
例).00495、00435他
その場合には内部処理にて、伝文で受信した船名と一致するデータを引き当てる対応となります。
(こちらは船車コードから簡略船名コードを引き当てる際の既存処理です。)
上記の対応を行う場合、ソース統一の観点から全所に対して対応させていただきますが、こちらは問題ないでしょうか。

2025/05/30 IKC追記
(北海道コメント転記)
船マスタ登録時に注意することで対応いたします。",オフラス,,●,,,,,,,,,2025/05/30,データ不備,確認完了,,,,,,,,,,,,,,,,,,,,,,,,,,,,,,,,,,,,,,,
,982,2025/03/17,千葉,YJP小谷,中山　修美,千葉事業所オフラス外航通関ボンド出荷数量修正のお願い,,F：外航通関,F：外航通関,VIFX040105 - 出荷実績,"■発生日：
2025年3月13日
■発生拠点：
千葉事業所
■対応希望日：
可能であれば2～3日でお願いします。 
■事象：
外航船に対する外国貨物バンカー油の供給時に流量計に異常が発生した為
船腹協定（船尺）で数量を確定しました。
現状のオフラス搬出数量     368.365ＫＬ　ではなく
船尺数量への置換        369.897ＫＬ
■状況：
オーダ管理番号 ：2503110003
搬出年月日   　：2025年03月13日
本船名         　：Ｎｏｒｄ　Ｔａｉｐｅｉ
油種              ：BF-LSF

2025/04/15 確認NG
保税台帳明細の払出合計が保税作業にて作成した数量と合わない
（残数量は0になっている）

■あるべき姿：
船尺数量への置換        369.897ＫＬでお願いします。
<内訳>
BOTTOM OIL      336.014KL
GASOIL    33.883KL
■代替手段：
特に無し
■補足：
特に無し","■原因
仕様通り
外貨製造搬出確定まで実施されているデータは「取消」による対応は不可能なことから、データパッチでの対応となります
■対策
データパッチにて対応いたします。
データパッチ後に外貨製品在庫日報の再集計をお願いいたします。

2025/03/19 YJP追加
データパッチの検証結果エビデンスを下記BOXに格納いたしました。
内容のご確認をお願いいたします。
https://app.box.com/folder/312422936533
・【No982】ボンド出荷数量の修正データパッチ結果エビデンス.xlsx
外貨製造搬出日一覧画面にて表示している数量が実績数量であることから、船腹協定(船尺)の数量を表示したい場合は実績管理のファイルメンテ画面より修正数量を入力してください

2025/05/02 YJP追記（04/15NG分）
データパッチにてリカバリする前に翌日のボンド出荷処理を実施していることから払出数量と残数量の合計値に差異が発生している（データパッチを実施する前に実施されたボンド出荷分の払出数量が残数量に加味されていない状況となっている）
5月月初(4月締め)後の最新保税台帳の帳票(手作成)をいただき再度データパッチにてリカバリを実施
5/12週以降に対応予定

2025/05/19 YJP追記
データパッチを実施いたしました。
保税台帳にて内容のご確認をお願いいたします。",オフラス,●,,,,,,,,,,2025/05/20,その他,確認完了,,,,,,,,,,,,,,,,,,,,,,,,,,,,,,,,,,,,,,,
,983,2025/03/18,北海道,YJP村上,秦野築,オフラス実績管理‐入出荷作業報告書の出力不可,,D：実績管理,帳票,入出荷作業報告書,"■発生日：2025年3月17日
■対応希望日：3月19日まで
■事象
オフラス実績管理‐入出荷作業報告書の出力を行うと、「ERROR:SetOutPutDblData」が表示される。
作成された帳票には一部の入出荷データのみが記載されている。
■あるべき姿
当日の入出荷データが全て該当帳票に表示される。
■代替手段
なし
","■原因
どんぶり出荷のデータを作成している部分でエラーが発生しています。
原因として考えられるのは、比率計算の際にエラーが発生したのではないかと考えています。
■対策
ターゲットの方でも現在はエラーがでることなく動いているということから、
一度再現待ちとさせてください。
再度エラーが発生した場合、その時点のデータを使用して解析させていただきたいです。

2025/5/26 YJP追記
同様の事象が発生していないため、一旦クローズとさせて頂く。",オフラス,,●,,,内,,,,,,2025/05/26,再現待ち,対応不要,,,,,,,,,,,,,,,,,,,,,,,,,,,,,,,,,,,,,,,
,984,2025/03/18,千葉,YJP村上,伊藤祐希,石連週報のExcelダウンロード時に、生産量と在庫量が正しい値で出力されない,,G：マスバランス,帳票,石連週報,"■発生日：2025年3月18日
■対応希望日：2025年3月24日まで(来週の火曜日も報告で使用するため) 
■事象
オフラス商品管理メニューより、石連週報のExcelダウンロードしようとした際、
生産量と在庫量が正しい値で出力されませんでした。
(在庫量が正しい値で集計できなかったため、それに伴い生産量も0となった？)
試しに、先週報告分のExcelをダウンロードしてみたところ、
こちらも同様に生産量と在庫量が正しい値で出力されませんでした。
(先週の報告時点では正常に出力されていた)
■あるべき姿
石連週報のExcelへ正しい在庫が出力される。
■代替手段
本日報告分は手動で計算し、報告済です
","■原因
再現しない
2025/04/14 YJP追記
沼田さんにてターゲット環境にて石連週報を出力していただいた結果、再現しませんでした。
一旦、再現待ちとする方向で調整しました。
■対策


2025/07/25 YJP追記
更新後の同様の事象が発生していないため、一旦クローズとさせて頂く。",オフラス,,●,,,内,,,,,,2025/07/25,再現待ち,対応不要,,,,,,,,,,,,,,,,,,,,,,,,,,,,,,,,,,,,,,,
,985,2025/03/21,千葉,YJP小谷,中山　修美,外貨税品在庫日報について,,F：外航通関,F：外航通関,VIFX060102_外貨製品在庫日報作成,"■発生日：２０２５年３月２１日
■発生拠点：　千葉事業所
■対応希望日： ２０２５年３月２８日希望　　　　　　　　　　　　　　 
■事象： 
保守問題管理表No.963にて修正対応を実施いただいたが、本日、外貨税品在庫日報の更新を2024年12月から行ったところ、
「輸出軽油（添加）」の「払出（KL）」が50,049.396に戻ってしまい（50,045.394が正しい）、
「当日残（KL）」が-4.002になってしまった。
■あるべき姿：外貨税品在庫日報が正しく反映される。
■代替手段：なし 
■補足： なし","■原因
外貨製品在庫日報における、払出数量が元に戻るという現象は、
積戻し数量を変更していないことが原因です。

現状発生している差分、－4.002は下記の対応が必要と判断いたします。
1.	別の保税作業品から、引き落とす
2.	積戻し数量を補正する
いずれにしろ、データパッチにての対応になります。
■対策
2の積戻し数量を補正することに確定(2025/03/26 IKC中山様ご解答)
データパッチにて対応いたします。
データパッチ後に、外貨製品在庫日報の再集計をお願いいたします。

2025/03/26 YJP追記
データパッチを適用しました。
後続の外貨製品在庫日報の再集計をお願いいたします。",オフラス,●,,,,,,,,,,2025/03/26,その他,確認完了,,,,,,,,,,,,,,,,,,,,,,,,,,,,,,,,,,,,,,,
,986,2025/03/21,千葉,YJP小谷,中山　修美,原油とナフサの同時オーダーについて,,F：外航通関,F：外航通関,VIFX010101_外航入荷オーダ一覧,"■発生日：２０２５年３月２１日
■発生拠点：　千葉事業所
■対応希望日： ２０２５年３月２８日希望
（決算処理に問題なければ、延長可能）　　　　　　　　　　　　　　 
■事象： 
ＭＡＹＡＳＡＮにて原油とナフサを同じオーダーで入荷した。
実績確定で原油とナフサに分かれ「申告」までは問題なく処理できたが、
原油の「申告」で全て「業者申告」にて処理し青色になったにもかかわらず、
原油（AH×2種）の「申告」や「許可」が赤にならない。
なお、ナフサについては「申告」は一部残っている。
■あるべき姿：外貨税品在庫日報が正しく反映される。
■代替手段：なし 
■補足： なし","■原因
現在の仕様においては原油とナフサの共積みの場合、原油とナフサのオーダをシステムにて自動で2本のオーダを作成いたしますが、輸入申告においては原油、ナフサの双方の申告が終了しない限り許可が確定されたことにならない仕様となっております。
上述の仕様が正しいのか、1オーダずつ処理を制御するのが正しいのかご教示(拠点間調整)いただいたうえで対応させていただきます。
また、「決算処理に問題無いこと」が確認出来ましたことを報告いたします。

2025/06/11 YJP追記:
①輸入申告においては原油、ナフサの双方の申告が終了しない限り許可が確定される。
②原油、ナフサの1オーダずつ処理を制御する。
どちらの処理とするのか回答待ちとなります。

■対策
",オフラス,●,,,,,,,,2025/07/18,2025/08/20,2025/09/11,仕様通り,確認完了,,,,,,,,,,,,,,,,,,,,,,,,,,,,,,,,,,,,,,,
,987,2025/03/28,千葉,YJP小谷,中山　修美,硫黄のオーダー登録について,,F：外航通関,F：外航通関,VIFX030101_外航出荷オーダ一覧,"■発生日：２０２５年３月２８日
■発生拠点：　千葉事業所
■対応希望日： ２０２５年３月２８日AM希望
　　　　　　　（本日18:30荷役開始）
■事象：
本社から硫黄のオーダーがあり、自動で「オーダ管理」は3600TON×2本が作成されたのですが、
「外航通関」は3600TONが1本しか作成されておりません。
■あるべき姿：「外航通関」も3600TON×２本作成される
■代替手段：なし
■補足： なし
","■原因
仕様通り
■対策
外航出荷オーダ一覧上にオーダ管理番号「2503270067」しか表示されていないという問い合わせですが、当該外航出荷オーダ一覧はオーダ管理番号でソートしているため3ページ目にオーダ管理番号「2503030034」が表示されております。
ご確認、お願いいたします。
",オフラス,●,,,,,,,,,,2025/03/28,仕様通り,確認完了,,,,,,,,,,,,,,,,,,,,,,,,,,,,,,,,,,,,,,,
,988,2025/03/31,千葉,YJP大武,沼田知樹,タンク受払実績の画面にて、ブレンドサーキュレーションの数量を修正時に識別が海上出荷になる,,D：実績管理,D：実績管理,[VIDC020402] - タンク受払実績メンテナンス,"■発生日：2025年3月28日
■発生拠点：千葉事業所
■対応希望日：1～2週間後（対応が難しい場合、期限延長は可能）
■事象：オフラスのタンク受払実績の画面で、ブレンドサーキュレーションの数量を修正しようとすると、
識別が海上出荷になってしまいます。
以前も類似の不具合が発生しており、原因も同様だと思われます。
■あるべき姿：識別がブレンドサーキュレーションのまま、数量修正が行える。
■代替手段：手動で海上出荷→シフト(ブレンドサーキュレーション)へ入力し直す。","■原因
＜データ不備（ご認識の通り、保守No649と同様です）＞
対象画面の選択項目を設定するシステム定数テーブルに、
「ヘッドシフト」「マニュアルシフト」「ブレンダサーキュレーション」が不足していました。
そのため一覧画面にて上記のどれかの識別JOBを選択すると、引き当たる項目が
存在しないため、メンテナンス画面では先頭の「海上出荷」が表示されていました。

■対策
システム定数テーブル(メンテナンス画面側選択項目)に、
「ヘッドシフト」「マニュアルシフト」「ブレンダサーキュレーション」の定義を追加します。
(なお、一覧側の選択項目には上記識別コードは定義済みです)
定義追加の上、動作の検証を行い、問題なければエビデンス確認依頼をさせて頂きますので、
解決まで今しばらくお待ちいただけますよう、宜しくお願い申し上げます。

20250409YJP追記：
検証エビデンスを下記BOXに格納いたしました。
https://app.box.com/folder/315843311540
┗保守No988_問題点対応結果エビデンス.xlsx
",オフラス,●,●,●,●,,,,,2025/04/09,2025/04/16,,データ不備,確認完了,,,,,,,,,,,,,,,,,,,,,,,,,,,,,,,,,,,,,,,
,989,2025/04/01,愛知,YJP小笠原,安田壮大,ラボエイドで仮報告_総合判定未了の試験結果が運転管理のタンク性状履歴画面から参照できてしまう,,E：品質管理,E：品質管理,[VIEX020303]タンク性状履歴,"■発生日：2025/03/14
■対応希望日：4/18(金)まで
■事象
ラボエイドで仮報告_総合判定未了の試験結果が運転管理のタンク性状履歴画面から参照できてしまう
https://app.box.com/file/1825277915715
■あるべき姿
ラボエイドで仮報告_総合判定未了の試験結果は運転管理システムからは参照できない
■代替手段
上記参照しない事を関係者周知する","■原因
試験管理状態が削除以外すべてを表示しているため、ロット未確立のデータも表示されてしまっています。
■対策
終了または仮報告済みのデータのみ表示するように修正します。

2025/04/05 YJP追記
検証エビデンスをBOXに格納しました。
https://app.box.com/file/1825406775912

■棚卸
2026/01/29：確認中、次回ステータス変更なき場合は強制クローズとする
",オフラス,,,●,,,,,,,2025/04/17,2026/02/25,AP・コーディング,確認完了,,,,,,,,,,,,,,,,,,,,,,,,,,,,,,,,,,,,,,,
,990,2025/04/01,徳山,YJP大武,栗山明子,オフラス原油在庫計算更新処理の画面に警告表示,,G：マスバランス,G：マスバランス,[VIGC020710]在庫計算ー更新処理,"■発生日：　2025/04/01
■対応希望日： 2025/04/03
■事象
オフラス原油在庫計算更新処理の画面で「2004/12/31までの通油払出情報が見つからないため、処理に失敗しました」と警告が出る。
更新後のデータを確認すると想定通りとなっている。
■あるべき姿
警告がでない。
■代替手段
なし
","■原因
本件、仕様通りの挙動となります。（仕様書P67,68）
通油最大品名取得にて、過去に遡って通油情報を取得しますが、
遡り可能な最過去日付(2004/12/31)に到達しても通油情報が取得できず、エラーとなっておりました。
3/31までは2022年内に存在したデータを参照出来ておりましたが、4/1の過去データ削除（ハウスキーピング）にて削除され、4/1以降は、在庫計算処理内で上記事象が発生していたと考えられます。

■対策
在庫計算処理内で「通油」を検索する条件として、JOBNOがございますが、2022年の過去データではJOBNOが「999999」で設定されているのに対し、2024年にある通油データではJOBNOが「未設定（Null）」となっていたため、検索から漏れていました。
そのため、原油タンク受払実績画面にて、データメンテナンスを行い、JOBNO「999999」を設定しなおすことで、在庫計算処理を正常終了させることができます。
※エラー時も「更新後のデータを確認すると想定通りとなっている。」とコメント頂いておりましたが、
   正常終了後にも再度想定通りの数値かご確認頂けますようお願い致します。

なお、ご連絡いただいた情報では現在徳山事業所様では通油自体行わないとのことですので、
運用と本仕様とが嚙み合っているのかについては、今後別途ご検討いただく必要があるかと思います。
その場合、本件とは異なる番号にて起票された方がよいかと思いますので、本件はひとまず「確認中」とさせていただいております。

エビデンス資料：
https://app.box.com/folder/314747898832
",オフラス,,,,●,,,,,,,,仕様通り,確認完了,,,,,,,,,,,,,,,,,,,,,,,,,,,,,,,,,,,,,,,
,991,2025/04/01,千葉,YJP村上,佐々木基至,入出荷実績 連携ファイルが文字化けしている,,Y：通信管理,その他,,"■発生日：
■対応希望日：
■事象
千葉EAI⇒SAPへの入出荷実績連携にて
4/1 9:15の連携ファイルが文字化けしており連携NAS→SAP連携にて
アベントが発生しているため、至急調査をお願いいたします。
なお、運転管理AP上の当該連携ファイルは文字化けしておりませんでした。
■あるべき姿
正常に連携できること
■代替手段
","■原因
Internalカセットで文字コード変換するバッチ実行前に既に文字化けしております
・同じスポーク、メッセージIDで以降のメッセージに文字化けは発生しておりません
上記より、Socket受信する時点において、キューに格納する時点の障害などの障害原因の特定は、障害発生時点のサーバやネットワークの状況が不明の為確認できません何らかしかの障害が発生した模様です
■対策
再度、L3.0層から伝文を再送願います。
また、解消されない場合はEAIサービスを再起動してからL3.0層から伝文を再送願います。
2025/04/01 IKC佐々木様回答
再度、L3.0運転AP⇒L3.5EAIへ再送したところ、今回は文字化けは発生しませんでした。",オフラス,●,,,,,,,,,,2025/04/03,その他,確認完了,,,,,,,,,,,,,,,,,,,,,,,,,,,,,,,,,,,,,,,
,992,2025/04/03,千葉,YJP小谷,中山　修美,JET A-1の在庫計上について,,G：マスバランス,G：マスバランス,,"■発生日：２０２５年4月2日
■発生拠点：　千葉事業所
■対応希望日： ２０２５年4月3日AM希望
■事象： 
JET A-1は通常、（ボンド）JET-A1で入荷処理し、オフラスでJETの継続保税作業を実施後、
（ボンド）JET-A1のまま出荷しております。
しかし、JET A-1船CAPITALでは（ボンド）JET-A1で4445.836kL入荷し、IC通関
（内貨引取）を行い、オフラスで自動作成される納税伝票を送信しました。
その結果、製油所受け払い月報では1)JET A-1から入荷数量である4445.836kLが納税転換され、
JET A-1に計上されております。
また、1)(ボンド)JET A-1に払出増減で4445.801kL出ております。
■あるべき姿：
ケース１
（ボンド）JET-A1で適切に処理できないのであれば、
1)JET A-1で入荷伝票を再作成（取消伝票・訂正伝票を送信）で処理できないでしょうか。
また、その場合は納税伝票はそのまま修正しなくても問題ないでしょうか。
ケース２
ケース１が適切に処理できない場合は他の処理方法を御教示いただけないでしょうか。
■代替手段：なし ","■原因
事象に記載の「（ボンド）JET-A1でIC通関（内貨引取）を行った結果、製油所受け払い月報では
1)JET A-1から入荷数量である4445.836kLが納税転換され、JET A-1に計上されている」という件について、まず、IC通関した際の外貨品に対応する内貨品は輸入品マスタ（TIMX501）に定義されています。
その輸入品マスタにて「（ボンド）JET-A1」に対応する内貨品が「JET A-1」となっているため、納税伝票はJET A-1で自動作成されました。
ここからは推測になりますが、その納税伝票がOneSAPへ送信された後、OneSAP側でSAP品目コード（F00030000）が同じでSAP評価タイプがBONDとなる品名「1)JET A-1」が転換元としてマイナス数量が帳票に出力されていると思われます。
　※「（ボンド）JET-A1」のSAP品目コードはF00037000となります。

■対策
原因の記載の通りの状況である場合、本件を根本的に解決するにはOneSAP、オフラス双方のマスタの見直しが必要となり、3月締めまでの対応は難しいと思われます。
そのため、中山様が記載されたケース１の対応（「1)JET A-1」で入荷したことにする）が現実的と考えます。
オフラス側として入荷伝票の再作成（取消＆訂正）の操作は可能ですので、OneSAP側へ取り込み可否についてご確認ください。
また、OneSAP側で取り込みができた後、生産数量や払出増減数量などへ変更内容を反映させるために
オフラス側で再締め（機械伝票の再作成）が必要になりますので、その際には商品管理のご担当者様（沼田様でしょうか）と連携をとってご対応くださいますよう、お願いいたします。
",オフラス,●,,,,,,,,,,2025/04/14,仕様通り,確認完了,,,,,,,,,,,,,,,,,,,,,,,,,,,,,,,,,,,,,,,
,993,2025/04/08,徳山,YJP小谷,石津英明,外航通関の輸入オーダ一覧について,,F：外航通関,F：外航通関,VIFX010113 搬入確認登録,"■発生日：2025年4月7日
■発生拠点：徳山事業所
■対応希望日：一次回答として2025年5月末頃
■事象：外航通関の輸入オーダ一覧にて、内外貨同時入荷作業による業務項目？の「貨物」を選択すると正しい画面が展開されない。
■あるべき姿：正しい画面が展開される。
■代替手段：通常業務上実施しないが、代替なしの認識
","■原因
内外貨同時入荷の場合、搬入作業は外航通関業務としては、実施しないにも関わらず「貨物」の登録処理にて実施されていない(登録していない)情報を参照しようとしたため左記事象が発生しております。
■対策
内外貨同時入荷の場合、搬入時の情報は無条件に取得せず、
存在すれば画面表示、存在しなければ空白表示とするように修正いたします。

2025/06/19 倉本追記
⇒リリース後の確認完了しましたので、クローズします。",オフラス,●,,,,,,,,2025/05/30,2025/06/18,2025/06/19,AP・コーディング,確認完了,,,,,,,,,,,,,,,,,,,,,,,,,,,,,,,,,,,,,,,
,994,2025/04/11,北海道,YJP大武,秦野築,オフラスタンク定時在庫データ欠落,,D：実績管理,D：実績管理,定時タンク在庫取り込み,"■発生日：2025年4月10日
■発生拠点：北海道製油所
■対応希望日：2025年4月24日
■事象：
オフラス実績管理‐タンク定時在庫にて2025年4月10日0時のデータが全タンク欠落している。
これに伴い、タンク在庫日報等の帳票が適切な値を参照していない
（4月9日23時のデータを参照している？）
なお、OMC側のタンクゲージ表示は該当日時分も適切に表示されている。
■あるべき姿：
4月10日0時のタンク定時在庫が表示され、関連帳票が適切に作成される。
■代替手段：
なし","■原因
4/10 0:00に運転制御から連携されたプロセスデータの取り込み処理にて、
処理が正常に終了していませんでした。処理が想定外に終了したと考えられます。
その影響で、同時刻に連携された定時タンク在庫、保守No995の装置受払実績の取り込みも
正常に行われずに終了してしまったものと考えられます。（ログ自体が出ていない状態でした）
※0:04の装置受払実績は正常に動作取り込まれているため、0:00の受信のみ欠けているようです。

■対策
原因の切り分けのため、処理が正常終了しなかった通信データ(プロセスデータ、
定時タンク在庫、装置受払実績)を、三鷹検証環境にて取り込み、現象が再現するかどうか
検証を行いました。
その結果、現象が再現せず、全て正常に取り込まれたため、現状これ以上の調査が難しい状況です。
そのため、本件は再現するまで一定期間経過を見させて頂きたいと考えております。
(再現時にエラーログ等を収集)

No994のリカバリとしては、
欠けている4/10 0:00のプロセスデータ及び定時タンク在庫データを再度取り込んで頂ければ
復旧可能であると考えられますので、ご対応頂けますよう宜しくお願い申し上げます。
※調査結果の詳細は、下記Boxに格納したエビデンス資料よりご確認ください。
   保守問題点No994は「再現待ち」、保守No995は「確認中」とさせて頂きました。
   No995も同原因のNo994にてあわせて管理する方針で問題なければ、No995はクローズしてください。

2025/04/23 IKC
4/23：4/10 0:00のプロセスデータ・全タンク実績のリカバリ送信を実施済（事象解消）",オフラス,,●,,,,,,,2025/04/22,,2025/05/26,再現待ち,対応不要,,,,,,,,,,,,,,,,,,,,,,,,,,,,,,,,,,,,,,,
,995,2025/04/14,北海道,YJP和須津,秦野築,装置切替JOBステータス不良,,B：作業計画管理,D：実績管理,装置受払,"■発生日：2025年4月10日
■発生拠点：北海道製油所
■対応希望日：4月16日まで
■事象：
4月10日0時に切替実施したGAS-BSランダウンJOBにおいて、
JOBステータスが切替中のままとなっている。
＊対象JOB NO.588477（#3561）→NO.588478（#3563）　への切り替え
■あるべき姿：
・JOB NO.588477が「終了」ステータスとなる。
・JOB NO.588478の「切替中」　が消える。
■代替手段：
なし","■原因
4/10 0:00に運転制御から連携されたプロセスデータの取り込み処理にて、
処理が正常に終了していませんでした。処理が想定外に終了したと考えられます。
その影響で、同時刻に連携された定時タンク在庫、保守No995の装置受払実績の取り込みも
正常に行われずに終了してしまったものと考えられます。（ログ自体が出ていない状態でした）
※0:04の装置受払実績は正常に動作取り込まれているため、0:00の受信のみ欠けているようです。
⇒原因が同様であるため、保守No994にてあわせて管理とさせて頂きたいと考えております。

■対策
リカバリー方法として、実績管理→作業実績ファイルメンテ画面、JOB検索から当該JOBである
JOBNo「588477」を選択し、ご提供頂いた運転制御からの装置受払実績の伝文の内容に沿って
開始/終了時間、実績数量を入力して、登録を行います。
上記対応にて、あるべき姿に記載されている通りのステータスに更新されます。
詳細は、下記Boxに格納したエビデンス資料をご確認ください。
https://app.box.com/folder/316795958389",オフラス,,●,,,,,,,2025/04/15,,2025/04/23,再現待ち,確認完了,,,,,,,,,,,,,,,,,,,,,,,,,,,,,,,,,,,,,,,
,996,2025/04/15,千葉,YJP那須,中山　修美,バイオターミナルの在庫管理について,,J：バイオターミナル管理,J：バイオターミナル管理,バイオターミナル台帳,"■発生日：２０２５年4月１４日
■発生拠点：千葉事業所
■対応希望日：２０２５年4月１７日希望
■事象：
4/12輸入のTATANGERの実績確定前に、4/14の移出二件の実績を確定してしまいました。
その為、台帳出力一覧では4/14の移出二件の後に、4/12輸入のTATANGERの登録となってしまいます。
現状、4/12輸入のTATANGERの実績処理は進めておりません。

■あるべき姿：
4/14の移出二件の実績を一度リセットできないでしょうか。
その上で、4/12輸入のTATANGERの実績確定を行い、4/14の移出二件の再登録を行いたいです。

■代替手段：","■原因
問合せ内容に記載いただいた通りです。

■対策
4/14の移出二件の実績のリセット（4/14の出荷伝票2件を確定前に戻す）対応を行った後の検証結果を以下に格納しました。
https://app.box.com/folder/316976804645
　【No996】ETBE台帳修正対応.xlsx

2025/04/18
ターゲット環境へデータパッチ作業を行いました。",オフラス,●,,,,,,,,,,,仕様通り,確認完了,,,,,,,,,,,,,,,,,,,,,,,,,,,,,,,,,,,,,,,
,997,2025/04/15,愛知,YJP大野,安田壮大,「確認待ち」状態の試験結果を更新できてしまう,,L：試験管理,L：試験管理,マスタメンテナンス,"■発生日：2025年4月15日
■発生拠点：愛知事業所
■対応希望日：2025念4月18日希望
■事象：
Lab-Aidで「確認待ち」状態の試験結果を結果入力権限（権限コード：STD_IMP)を持ったユーザーは全員更新できる状態になっている。（Lab-Aid導入以降ずっとこの状態と思われる）
この状態だと、「確認待ち」の結果を誤って入力してしまい、他の結果を更新した際に、意図せず試験結果が入れ替わってしまう可能性がある。
（例：「密度；上部」を0.7878と入力して更新後、　キーボードのミスタイプで「密度；上部」を0.7877に打ち換えてしまい、それに気づかず「密度；下部」の結果更新を行うと、「確認済」の「密度；上部」の結果は0.7878⇒0.7877　に変わってしまう。）

ロールマスタを確認すると　結果入力権限（権限コード：STD_IMP)は試験待ち～承認待ち　いずれの状態でも実行可能となっていました。
結果入力権限（権限コード：STD_IMP)の実行可能権限を試験待ち状態　のみに変更して、誤入力を防ぐ事は可能でしょうか。
■あるべき姿：
確認待ち状態の試験結果は、「入力取り消し」or「再試験」操作をしなければ値を入替られない。
■代替手段：
入力ミスのない様に注意する。","■原因
現状の動きはパッケージ機能の仕様です。

■対策
結果入力権限（権限コード：STD_IMP）をコピー、かつ、そこからDAT0に対して 「試験中」 「確認待ち」 「承認待ち」 で入力が行える権限を削除した内容の STD_INP2 を新規作成する。
ロールマスタにて STD_INP をセットしているロールコードに対し、STD_INP2 への付け替えを行う。（※マスタ設定の変更のため変更作業はお客様にしていただく）

2025/5/14 YJP追記
STD_INP2（仮）で要件を満たせることをYJPにて確認した。
ロールコードとロールコード名をお客様に確認中。

2025/5/26　YJP追記
上述の件に加え、愛知以外も対象かどうか愛知様確認中。確認内容は下記の通り。
① 調査結果を受けての本件実施の是非
② 追加する権限コードのコード名、および、日本語名
③ 反映先営業所の指定
④ 対応完了希望日

2025/7/3　YJP追記
5/26にお願いした確認事項への回答、および、実対応を行うか否かについては、まだ回答にお時間を要する、とのことなので一旦クローズとした。進捗欄はひとまず 「確認完了」 とする旨も安田様に連絡済み。",オフラス,,,●,,,,,,,,,仕様通り,確認完了,,,,,,,,,,,,,,,,,,,,,,,,,,,,,,,,,,,,,,,
,998,2025/04/15,愛知,YJP松山,安田壮大,エラーメッセージ「TxManagerApp_システムログを消去できませんでした」が発生する,,L：試験管理,L：試験管理,トランザクション管理,"■発生日：2025年4月15日
■発生拠点：愛知事業所
■対応希望日：2025念4月18日希望
■事象：
下記初めて見るラボエイドエラーメッセージが発生しています。
　TxManagerApp システムログを消去できませんでした。(ログオン番号=xxxx)(No.40101061)
　TxManagerApp ログオン中のシステムログは削除できません。(No.20201023)
現状業務影響は発生していませんが、発生原因と対応が必要でしたらご教示お願い致します。
■あるべき姿：
エラーメッセージが発生しない。
■代替手段：
なし。","■原因
構成キー(ログトラン保存日数)の設定(700日)を経過したシステムログを
毎日4時に実行されるTxManagerAppで削除しようとしているのですが、
該当するシステムログのログオフ時刻の値が空白となっているため、削除できず
上記ログが出力され続けている状況となります。

■対策
現状ログオフ時間が空欄となっているログについて対処することといたします。
・6/4にLogoffLeftSessionsを1度のみ実行
・6/5にエラーが解消していることを確認

6/11に作業報告書を提出しておりますのでご確認をよろしくお願いいたします。
また、今後は再起動前にログオフする運用をお願いいたします。

■棚卸
2026/01/29：確認中、次回ステータス変更なき場合は強制クローズとする",IKC,,,●,,,,,,2025/06/11,,2026/02/25,データ不備,確認完了,,,,,,,,,,,,,,,,,,,,,,,,,,,,,,,,,,,,,,,
,999,2025/04/17,千葉,YJP大武,沼田知樹,原油処理実績表のチェックが0になりません,,G：マスバランス,G：マスバランス,,"■発生日：2025年4月17日
■発生拠点：千葉事業所
■対応希望日：今月中（月締めに影響するため）
■事象：
SLOP(今回の場合は、#60006)タンクから、同一日で以下の2つのJOBが登録されています。
・2C装置への通油
・RH装置 LX-V17の水送液
珍しいケースで、私は今まで見たことがありませんでしたが、
この場合だと、原油処理実績表のチェックが0になりません。
原油タンク別受払累計表を見ると正しく実績計上されてるので(※)
#60006→2C装置への通油実績としては問題ないとは思っていますが、
チェックが0にならないのは仕様通りの動作なのか確認したく、
問い合わせさせていただきました。
※JOB数量(538.000KL) - 増減数量(-22.716KL) = 560.716KL(原油タンク別受払累計表) で問題なし。
■あるべき姿：チェックが0になる。
■代替手段：なし","■原因
■対策
＜調査結果＞
本件、原油処理実績表画面の仕様通りとなります。
細かい処理・条件は割愛しますが、装置への原油払出を実施したタンクを絞り込む処理にて、
対象としてタンク#60006が対象に含まれます。(#60006はC2とRHの両方に払い出している)
それらのタンクの商品タンク在庫の前日から当日を引くことでタンクの通油量を割り出していますが、
タンク#60006は実際には装置RHへの水の払出分が含まれており、その分が画面上の計算で
チェック差異となっていると考えられます。
※原油処理量の算出等でチェックする値を算出する際には、原油タンク受払の情報を使用するため、
水払出分は計算からすでに除外されており、チェックが水の分マイナスで計上される。

これは2Cへの原油払出を行っている#60006から、RHへの水払出も行われていることで発生しており、
画面上からの操作で原油処理実績表のチェックを0にすることは難しいと考えられます。
(もし対応する場合は、水への払出もチェックするような仕様変更が必要になる見込み)

> #60006→2C装置への通油実績としては問題ないとは思っていますが、
> チェックが0にならないのは仕様通りの動作なのか確認したく、
> 問い合わせさせていただきました。

上記の理由により、ご質問への回答としましては「仕様通りの動作」となります。
",オフラス,●,,,,,,,,"2025/05/01
調査結果報告",,2025/05/02,仕様通り,確認完了,,,,,,,,,,,,,,,,,,,,,,,,,,,,,,,,,,,,,,,
,1000,2025/04/22,千葉,YJP小谷,沼田知樹,ベンゼン発生量調査票の品名メンテナンスのお願い,,帳票,帳票,RIGP000016_ベンゼン発生調査票(タンク受払),"■発生日：2025年4月22日
■発生拠点： 千葉事業所
■対応希望日：2025年5月09日(金)
※期限内の対応が難しければ、出力されたExcelの編集を
手動で対応することも可能ですので ご相談ください。
■事象：保守_問題管理表管理、No.844と同様、
ベンゼン発生量調査票に出力する品名のメンテナンスを お願いします。
＜出力品名から削除＞
FO0.6HP
ETBE-G
ET-W
**SLOP
SLOP
JBSL-ETBE
＜出力品名へ追加＞
特になし
＜昨年度、対応いただいたメール＞
■あるべき姿：不要な(報告対象外の)品名が出力されない。
■代替手段：出力された品名を手動で削除。
","■原因
仕様通り
■対策
削除対象の6つの品名を出力されないように修正いたしました。
5/9は手動で対応していただき、問題なければ次回のリリース対象にさせていただくことを調整いたしました。

■棚卸
2026/01/29：確認中、次回ステータス変更なき場合は強制クローズとする",オフラス,●,,,,内,,,,2025/05/08,2025/06/18,2026/02/25,その他,確認完了,,,,,,,,,,,,,,,,,,,,,,,,,,,,,,,,,,,,,,,
,1001,2025/04/22,愛知,YJP和須津,堂垣拓生,未納税区分の出荷先へのオーダーが取り込めない,,A：オーダ管理,A：オーダ管理,オンラインオーダ情報修正,"■発生日：2025/04/21
■発生拠点：愛知事業所
■対応希望日：4/24(木)
■事象：
SAISの海上出荷オーダーで未納税ハイオクの出荷をオーダーが届いたが、未納税基地の設定になっているにもかかわらず
課税基地と判断されオーダーが取り込めない
（向け先：釧路油槽所）

■あるべき姿：
オフラスの基地マスタに未納税基地で登録されている基地へ向けて未納税品の出荷を行うオーダーが
正常に登録され、出荷設定が出来る様になっている。

■代替手段：なし（税務、商品管理上代替え手段なし）

2025/4/24追記
右記対応を実施し、オーダーが取り込まれることを確認しました。(堂垣)","■原因
当該受信オーダは取引先コード1：0010000003、取引先コード2：0010000224が設定されていますが、取引先コード50054は未納税基地の設定となっていないためエラーが発生しています。

■対策
納入先マスタのご確認をお願いいたします。
納入先マスタにて未納税基地と思われる以下データで未納税区分が「0」と設定されています。
・取引先No2コード：0010000224
・取引先No2補助コード：50054
・納入先名称：釧路　油槽所　（ミ）

また、取引先No2コードが同一の以下のデータには未納税区分が「1」と設定されています。
・取引先No2コード：0010000224
・取引先No2補助コード：00010
・納入先名称：釧路油槽所
",オフラス,,,●,,,,,,,,2025/04/24,データ不備,確認完了,,,,,,,,,,,,,,,,,,,,,,,,,,,,,,,,,,,,,,,
,1002,2025/04/23,愛知,YJP杉本,青井圭介,試験管理APリリース後に規格取得をはじめ運転管理との通信がタイムアウトする,,Y：通信管理,L：試験管理,運転管理連携,"■発生日：2025/04/23 12:00 以降
■発生拠点：愛知事業所
■対応希望日：即日
■事象：
試験管理APリリース後に規格取得をはじめ運転管理との通信がタイムアウトし
規格取得および試験依頼ができない

■あるべき姿：
運転管理から規格取得および試験依頼が正常に行えること

■代替手段：なし","■原因
ログ調査結果を下記の通りご報告いたします。
・12:15の規格取得依頼をきっかけにLab側EAIクライアントで異常が起きていたと推定されます。
　そのため12:51の規格取得依頼がリトライ状態となり、　以降の規格取得依頼が
　送信されなくなっておりました。
・16:20頃の試験管理APサーバー再起動により、EAIクライアントサービスも再起動されたため
　異常が解消されたと考えられます。
　その後16:27に、12:51の規格取得依頼リトライが先に進み復旧いたしました。

■対策
4/23 15時過ぎに事象のご連絡をいただき、規格取得がタイムアウトになっていることを確認。
16時過ぎに試験管理APサーバーの再起動を実施したところ通信が復旧した。

以下、再発防止対策案になります。
①試験管理APリリース作業の前後でEAIクライアントサービスの停止／起動を行うよう
　リリース作業手順書に追加する。
②試験管理単独のリリース作業でも、運転管理からの規格取得依頼確認を実施する。
③試験管理APリリース作業中は「運転管理⇒試験管理」通信が発生する操作は控えていただく。

■棚卸
2026/01/29：確認中、次回ステータス変更なき場合は強制クローズとする",オフラス,,,●,,,,,,,,2026/02/25,その他,確認完了,,,,,,,,,,,,,,,,,,,,,,,,,,,,,,,,,,,,,,,
,1003,2025/04/24,愛知,YJP小谷,世古和子,プロピレンIMW　消費税計算書　データ反映不可,,帳票,帳票,RIFP020011_継続保税作業消費税計算書,"■　発生年月日：2025/4/23
■　発生個所：愛知事業所
■　対応希望日：　できれば４月２８日まで　（最終期限５月１５日まで　外貨で所有できる期限が５月２３日のため）
■　事象：プロピレンのIMWを自社通関で申告準備をしていたが申告情報入力後、登録⇒印刷　消費税計算書が作成されるが様式は画面に表示されてもデータが反映されない
■　あるべき姿：消費税計算書にデータが反映される
■　代替手段：プレビューでデータを手入力して対応する
■　補足：プロピレンのIMWの申告画面を本日データを登録している。　登録だけならば　製品外貨在庫日報にデータが反映されないか気になりました。","■原因
仕様通り
消費税計算書はIMW申告して初めて出力可能となります
■対策
当該タイミングでの帳票出力は仕様変更にて対応させていただくこととなります

なお、三鷹の検証環境で確認した結果、プロピレンのIMWの申告データの登録時、台帳への登録を実施しております。また、外貨在庫日報に於いては台帳に登録されたデータを抽出して集計していることから、消費税計算書は出力されませんが従来の運用は問題無く実装されます。

2025/10/16 IKC
担当者と検討した結果
「継続作業保税品のIMWを行う機会が少ないこと」、「プロピレンの外貨出荷予定がないこと」
からオフラス仕様変更の対応は不要と判断いたしました。",オフラス,,,●,,,,,,,,2025/10/16,仕様通り,確認完了,,,,,,,,,,,,,,,,,,,,,,,,,,,,,,,,,,,,,,,
,1004,2025/04/28,千葉,YJP小谷,中山　修美,TOP保税作業記録表でのIM原油選択間違い,,F：外航通関,F：外航通関,VIFX020103_TOP保税作業記録表入力,"■発生日：２０２５年4月２８日
■発生拠点：　千葉事業所
■対応希望日： ２０２５年4月２８日１６：３０（希望）
■事象： 
オフラスのTOP保税作業記録表でIM原油の選択を誤ってしまった。
現在、5本選択しているが5本とも取り消して、改めて選択したい。
■あるべき姿：TOP保税作業記録表でIM原油の選択をリセットする。
■代替手段：なし 
■補足： なし
","■原因
仕様通り
■対策
データパッチで対応いたします。
(2025/04/30予定)

2025/4/30 YJP追記：
データパッチを適用しました。
後続作業をお願いいたします。",オフラス,●,,,,,,,,,,2025/04/30,仕様通り,確認完了,,,,,,,,,,,,,,,,,,,,,,,,,,,,,,,,,,,,,,,
,1005,2025/04/28,千葉,YJP小谷,中山　修美,外貨VHHGOの登録確認について,,F：外航通関,F：外航通関,,"■発生日：２０２５年４月２８日
■発生拠点：　千葉事業所
■対応希望日： ２０２５年５月２日希望
■事象： 
VHHGOという軽油相当の油を5/8に輸入予定です。
千葉で輸入実績がなく、おそらく他の製油所でも実績がないものと思われます。
下記添付の通り、外貨のVHHGOが登録されているのですが、マスタ登録が正しくされているか不明なため、
IC通関処理や製品外貨日報等で問題なく処理できるか確認をお願いいたします。
■あるべき姿：1)間脱重質軽油で処理
■代替手段：通常の軽油は1)軽油で処理している。
ただし、今回はVHHGOタンクに受けるため1)軽油を代替する場合は別途確認が必要。
■補足： なし

2025/4/30 追記:
並行して確認させていただいていた弊社業務管理課から
外貨のVHHGOは使用できない旨、連絡がありましたので、
一旦、本依頼は中止させていただきます。
また、検討な場合は改めて依頼させていただきます。","■原因
調査依頼のため原因未記載
■対策
特になし
今回輸入予定のVHHGO(簡略品名コード:70427)は外航通関における要登録マスタである輸入品マスタ等に登録済みであり、外貨在庫製品日報においても製品輸入貨物として出力されます。",オフラス,●,,,,,,,,,,2025/04/30,仕様通り,対応不要,,,,,,,,,,,,,,,,,,,,,,,,,,,,,,,,,,,,,,,
,1006,2025/05/07,徳山,YJP大武,栗山明子,機械作成伝票のSAP連携不具合について（徳山）,,G：マスバランス,G：マスバランス,製油所受払月報,"■発生日：
■発生拠点：
■対応希望日：
■事象： 
■補足：

現在、SAP側でオフラスからの機械作成伝票送信を起因としたアベントが発生しております。（*1）
過去の保守問題点No891（機械作成伝票のSAP連携不具合について（北海道））と同件の可能性も考えられますが
本件についての調査をお願いできますでしょうか。
２営中に原因判明と対応を取りたいため、最優先でご対応をお願いします。
","■原因：データ不備
本件、TIMX612(MB品名マスタ)から、「全社統一品名コード[48800201]」の
「（ソ）Ｌ．Ｐ．Ｇ」が削除されていることに起因して発生しております。
※4月月初にご連絡頂いた際に、マスタメンテを実施とのご連絡があった認識です。

TIMX654(受払月次集計分類マスタ)にて、今回機械作成の勘定転換伝票が発行されなかった
3件（品名分類2：13）は、転換先として「48800201」が設定されておりましたが、
MB品名マスタに存在しなかったために、転換先を検出できずに正しく処理されなかったものと考えられます。
※メッセージ上でも5/2 15:58に、下記のメッセージが出ておりました。
「MB品名マスタ(TIMX612_V51)に登録されていないため、機械伝票データは作成されません。
全社統一品名コード[48800201] 勘定コード[3] 税区分[00] 特殊単価区分[0] 荷姿コード[000]」

■対策：
MB品名マスタに、「48800201」を復旧頂き、再度締めを行うことで、
機械作成伝票（勘定転換）が正しく対の状態で発行されます。（三鷹環境で確認しております）
",オフラス,,,,●,,,,,,,,データ不備,確認完了,,,,,,,,,,,,,,,,,,,,,,,,,,,,,,,,,,,,,,,
,1007,2025/05/07,徳山,YJP大武,栗山明子,製油所受払月報と実地棚卸表の在庫が合わない2)直留ガソリン,,G：マスバランス,G：マスバランス,受払月次データ,"■発生日：2025年5月7日
■発生拠点：徳山事業所
■対応希望日：2025年5月8日中
■事象： 製油所受払月報は在庫あり、実地棚卸表は在庫なしとなっており当月在庫が合わない。
品名2)直留ガソリン
在庫は滞油分のみ。滞留油在庫表（総合）には在庫数量が上がっている。
■あるべき姿：
製油所受払月報と実地棚卸表の在庫が「49,500」で一致している。
■代替手段：
なし
■補足：","■原因：データ不備
本件、TIMX612(MB品名マスタ)から、「全社統一品名コード[61040100]」の
「２）直留ガソリン」が削除されていることに起因して発生しております。
4月月初にご連絡頂いた際に、マスタメンテを実施したとのお話がございましたので、
No1006同様にそのタイミングにて削除されたのではないでしょうか。
マスタに存在しないため、月次集計対象として処理されなかったと考えられます。

※メッセージ上でも5/2 15:58に、下記のメッセージが出ておりました。
「MB品名マスタ(TIMX612_V51)に登録されていないため、受払月次データは作成されません。
(受払月次データ作成)全社統一品名コード[61040100] 勘定コード[2] 税区分[02] 特殊単価区分[0] 荷姿コード[000]」

■対策：
MB品名マスタに、「48800201」を復旧頂き、再度締めを行うことで、
「２）直留ガソリン」の月次データが作成されます。（三鷹検証環境で確認しております）
※検証環境では「48800201」の税区分00～02の三件をMB品名マスタに復旧させて検証しております。
",オフラス,,,,●,,,,,,,,データ不備,確認完了,,,,,,,,,,,,,,,,,,,,,,,,,,,,,,,,,,,,,,,
,1008,2025/05/07,千葉,YJP大武,沼田知樹,1)ｾｷｶﾖｳ ﾕﾆﾕｳFRNの在庫が0になり、払出増減が0になる。,,G：マスバランス,G：マスバランス,製油所受払月報,"■発生日：2025年5月7日
■発生拠点：千葉事業所
■対応希望日：2025年5月8日中
■事象： 
1)ｾｷｶﾖｳ ﾕﾆﾕｳFRNの外貨在庫は、オフラス上0になっています。・・①
通常であれば、タンク在庫から外貨在庫が引き落とされないため、
1)ｾｷｶﾖｳ ﾕﾆﾕｳFRNが0になるのが正しいです。
しかし、製油所受払月報上、当月在庫がマイナスになっており・・②
その分、払出増減が出てしまっています・・③
4月月初に対応した件(添付メール参照)が影響している可能性もありますので、
それも含めて調査のほど よろしく お願いします。
■あるべき姿：1)ｾｷｶﾖｳ ﾕﾆﾕｳFRNの在庫が0になり、払出増減が0になる。
■代替手段：不明
■補足：

ーーー
2025/5/9：IKC追記
上記対応完了後、以下の追加事象が判明
■追加事象
石化ナフサ受払表を確認した際に、製油所受払月報と齟齬があることが判明しました。
■対応方針
データパッチ適用で対応（期限5/13～5/30までに）
","■原因
3月の月末在庫（4月繰越在庫）の時点でSAP側とオフラスとで数値のずれが生じており、
その結果調整数量にて払出増減が算出されて月報上マイナスが計上されていると考えられます。
(3月～4月に月跨ぎでSAP側での調整作業を実施した影響によるもの)
※2025/05/08に打合せにて確認した通りです。

■対策
ずれをなくすため、SAP側での取り消し作業にて生じる機械作成伝票をオフラスに連携させないようにする対応が必要な認識です。（EAIで止める）
※連携されてしまうと、いつまでもずれが生じたままになるため、どこかで止めて合わせる必要がある。

本件、オフラス側としては特に対応出来ることがないため、IKC様にてご対応頂く認識です。
（担当をIKC様に変更させて頂きました）

2025/05/08：IKC追記
以下の流れで実施し解消。
＜実施概要＞
①SAP側で対象の払出増減・生産の取消を起票（SAP）
②上記①をオフラスが受領（オフラス）
③月報処理前にSAPへの機械作成データ連携を一時停止（DI部）
④月報処理（手動）実行（千葉）
⑤L3.5上で当該データを取り除き、一時停止(上記③)解除（DI部）
⑥当該データが取り除かれた形でSAP連携→帳票出力（結果OK）

2025/05/15 YJP追記：
石化ナフサ受払表にて製油所受払月報との表示データ齟齬が生じたため、
画面用のテーブルにデータパッチを適用し、製油所受払月報とのずれをなくす対応を実施。
■Box（データパッチ適用エビデンス資料）
https://app.box.com/folder/321320963552
2025/05/22：IKC追記
データパッチ適用済→現地確認OK→本件クローズ",IKC,●,,,,,,,,,,2025/05/22,データ不備,確認完了,,,,,,,,,,,,,,,,,,,,,,,,,,,,,,,,,,,,,,,
,1009,2025/05/07,北海道,YJP大武,青井圭介,"外貨品受払出エラーの数値の導出過程
",,G：マスバランス,G：マスバランス,製油所受払月報チェックリスト,"■発生日：2025年5月7日
■発生拠点：北海道製油所
■対応希望日：5/8 15時まで
■事象：
 製油所受払月報チェックリストの外貨品受払出エラーの数値の導出過程が不明
■あるべき姿：
外貨品受払出エラーの数値の導出過程が判明する。
ちなみに、外貨品受払出エラーの数値は
1.1)PC-PPを生産した際に、外貨在庫日報では単位[KL]で管理しているが、製油所受払月報では[tonn]で管理しているので、単位換算した時の差が、外貨品受払出エラーの数値がでる。
2.1)PC-PPを0.522以外の密度で出荷した時に0.522で出荷した場合と比較した分だけ外貨品受払出エラーの数値がでる。
3.ボンド運転で生産したJETに加えた添加剤の数量分外貨品受払出エラーの数値がでる。
とは認識しております。
2025年4月分の外貨品受払出エラーの数値を1～3の要素で確認したところ今回納得いくエラーの数量でなかったので、これ以外に影響を及ぼすものを把握したいと考えておりご相談させて頂いております。","■原因
製油所受払月報チェックリストの仕様通りです。
■対策

> ■あるべき姿：
> 外貨品受払出エラーの数値の導出過程が判明する。

“導出過程”ということで、下記仕様書内容を抜粋して報告させて頂きます。
本件、「外貨品受払出エラー」が出ている条件としては仕様通りの挙動となります。
下記「機能仕様書_マスバランス」P177、178の確認項目に合致しているため、
エラーが出ているものと考えられます。今回のケースで言えば、
「0:商品かつ税区分が 01:外貨品かつ(品名分類 1 が 1:燃料油又は 2:副製品) かつ「生産数量」≠０」
の部分に該当するため、製油所受払月報チェックリストにて外貨品受払出エラーが出ている認識です。

※マスバラ仕様書 P177抜粋：
> 3）製油所受払月報チェックリスト
> 受払月報製油所分と、受払月報製油所分から抽出した外貨品受払差分を検証し、エラーがある場合は製油所受払月報チェックリストを
> ファイル出力します。尚、ファイル出力は EAI 機能にて行います。
>  ・受払月報製油所分の検証を行い、エラーがある場合は製油所受払月報チェックリストを作成します。
>  ・外貨品受払差分のチェックを行い、エラーがある場合は製油所受払月報チェックリストを作成します。
>  以下は詳細なチェック内容となります。
>  1) チェック用データの計算
>   抽出した当月データをチェック用に以下を計算します。
>     「生産数量」＝[処理生産数量]＋[算出生産数量]
>     「調整数量」＝[月末在庫算出数量]＋[勘定転換算出数量]＋[増減払出算出数量]
>     「転換数量」＝[納税転換数量]＋[調合転換数量]＋[品位転換数量]＋[荷姿転換数量]

※マスバラ仕様書 P178抜粋：
> 7) 外貨受払エラー
>  勘定コードが 0:商品かつ税区分が 01:外貨品かつ(品名分類 1 が 1:燃料油又は 2:副製品) かつ「生産数量」≠０
>  備考に以下のエラーメッセージを設定します。
>  「 外貨受払エラー」
",オフラス,,●,,,,,,,,,2025/05/08,仕様通り,確認完了,,,,,,,,,,,,,,,,,,,,,,,,,,,,,,,,,,,,,,,
,1010,2025/05/07,愛知,YJP大武,青井圭介,「製油所受払月報チェックリスト」について,,G：マスバランス,G：マスバランス,製油所受払月報チェックリスト,"■発生日：2025/5/7
■発生拠点：愛知事業所
■対応希望日：明日5/8（木）AMまで⇒5/9AM
■事象：
ファイルボランチから出力する「製油所受払月報チェックリスト」について、品目「２）石化用輸入ライトナフサ」の調整数量に-119517という数量が計上されています。
この数量は受払月報の勘定転換数量と一致しています。
受払月報の在庫・出荷数量に間違いはないため勘定転換も正しい数量ですが、製油所受払チェックリストにエラーとして計上されている原因をご教示ください。
またこのエラーを解消しないまま4月決算を締めても問題ないでしょうか。 
■あるべき姿：
「製油所受払月報チェックリスト」の品目「２）石化用輸入ライトナフサ」の調整数量に-119517という数量が計上されない。
■補足：","■原因
製油所受払月報チェックリストの仕様通りです。
■対策
「機能仕様書_マスバランス」P177、178に記載されている通りの条件に
合致しているため、チェックリストにてエラーが出力されているものと考えられます。

※仕様書抜粋
> 5) 輸入石化用ナフサ受払エラー
> 税区分が 02:未納税かつ全社統一品名コードの上６桁が 112200:輸入石化用ナフサかつ、
> 算出生産数量または増減払出算出数量または勘定転換算出数量または月末在庫算出数量のどれかが≠０
> 備考に以下のエラーメッセージを設定します。
> 「 輸入石化用ナフサ受払エラー」

「受払月報の在庫・出荷数量に間違いはない」とのことなので特に問題ないとは思いますが、
「4月決算を締めても問題ないか」という内容については弊社内では判断出来兼ねますので、
上記仕様内容踏まえた上で、貴社内でご判断頂けますよう、宜しくお願い申し上げます。
",オフラス,,,●,,,,,,,,2025/05/08,仕様通り,確認完了,,,,,,,,,,,,,,,,,,,,,,,,,,,,,,,,,,,,,,,
,1011,2025/05/09,千葉,YJP小谷,中山　修美,外航出荷オーダーのステータスについて,,F：外航通関,F：外航通関,,"■発生日：２０２５年５月８日
■発生拠点：　千葉事業所
■対応希望日： ２０２５年５月１６日希望
■事象： 外航船AOIMARUについて「業者実績」まで確定したが、間違って「搬入」の「テキスト出力」を押してしまった。
「業者実績」が青から赤になり、「業者実績」で確定した内容が全て消えてしまった。
しかし、保税台帳の引落はされてしまっている。
■あるべき姿：最初のステーターまで戻していただきたい。
■代替手段：最初のステーターまで戻していただきたい。
■補足： なし
","■原因
「搬入」の「テキスト出力」を押下したためステータスが「修正」にかわっております。
naccsにて修正業務を実施すれば修正された内容にて業者実績にて確定が実施されます。
今回は、誤って「搬入」の「テキスト出力」を押下されたということなのでデータパッチにてステータスを「確定済み」に戻します。
■対策
データパッチにてステータスを誤って「テキスト出力」を押下する前の状態に戻します。
再送信された申告伝文をnaccsに取り込まれないように共有フォルダから削除いたします。
台帳等のリカバリは不要です。

2025/05/16 YJP追記：
データパッチを適用いたしました。",オフラス,●,,,,,,,,,,2025/05/16,仕様通り,確認完了,,,,,,,,,,,,,,,,,,,,,,,,,,,,,,,,,,,,,,,
,1012,2025/05/09,千葉,YJP小谷,沼田知樹,内外貨在庫日報(潤滑油)のタンク在庫が0となっている。,,F：外航通関,F：外航通関,VIFX060103_内外貨在庫日報作成,"■発生日：2025年05月09日
■発生拠点： 千葉事業所
■対応希望日：1～2週間程度
■事象：潤滑油の内外貨在庫日報を見ると、現状タンク在庫が0となっています・・①
外貨在庫は正しく計上されているため その結果、
タンク在庫 - 外貨在庫 = 内貨在庫がマイナス在庫になっています・・②
内外貨在庫日報のタンク在庫欄に、潤滑油の在庫を計上させることは可能でしょうか？
タンク在庫日報へは、潤滑油のタンク在庫が計上されていますので・・③
マスタの不足ではないかと思い、問い合わせさせていただきました。
■あるべき姿：潤滑油のタンク在庫が正しく計上され、内貨在庫も正しい値になる。
■代替手段：なし
","■原因
タンクグループ設定画面にてタンクに対して製品グループが設定されていないためです。
■対策
タンクグループ設定画面にてタンクに対して製品グループを設定し、確定ボタンを押下後、外貨製品在庫日報の再集計をお願いいたします。
三鷹検証環境にて操作した手順書の方をメールに添付しております。",オフラス,●,,,,,,,,,,,仕様通り,確認完了,,,,,,,,,,,,,,,,,,,,,,,,,,,,,,,,,,,,,,,
,1013,2025/05/09,千葉,YJP小谷,沼田知樹,石連週報用の、国家備蓄在庫 修正依頼,,帳票,帳票,RIGP000022_石連週報,"■発生日：2025年05月09日
■発生拠点： 千葉事業所
■対応希望日：1～2週間程度
■事象：石連週報用の国家備蓄在庫(製品備蓄量)を修正したく、
ご対応よろしく お願いします
※滞留油は、前回から変更ありません。
※以前、オフラス保守 問題点管理表：No930で対応いただきました。
■あるべき姿：国家備蓄数量が正しい値(添付Excel)となる
■代替手段：なし
","■原因
仕様通り
国家備蓄在庫(製品備蓄量)の修正が必要。
■対策
国家備蓄在庫(製品備蓄量)の値を添付していただいた資料どおりに変更いたしました。

■棚卸
2026/01/29：確認中、次回ステータス変更なき場合は強制クローズとする",オフラス,●,,,,内,,,,2025/05/15,2025/06/18,2026/02/19,仕様変更,確認完了,,,,,,,,,,,,,,,,,,,,,,,,,,,,,,,,,,,,,,,
,1014,2025/05/19,徳山,YJP大武,栗山明子,"製油所受払月報と実地棚卸表の在庫が合わない2)直留ガソリン

※No1007の派生",,G：マスバランス,G：マスバランス,MB品名マスタなどデータベース内容,"＜ご質問事項＞
※保守No1007にて商品管理関連マスタのデータ削除が原因で発生していたことについて、
　徳山事業所内でまだマスタの削除対象が存在することについてのご確認。

　【現在の要否判断の背景】
　品名マスタ自体にＭＢ品名マスタのキーコードの組み合わせ
（全社統一品名コード＋税区分等々）がないので、不要と判断し削除対象としてました。

　【確認したい点】
　・ここまでの削除結果と業務結果からＭＢ品名マスタの削除影響は製油所受払月報でしか
　　出てなさそうですが、製油所受払月報のみ参照としてるのでしょうか？
　・製油所受払月報で必要な内容（出力結果でも可）が確認できるテーブルの情報を
　　いただくことは可能でしょうか？","■原因
■対策
質問事項への回答を、下記資料に記載させて頂きましたのでご確認ください。
※質問内容が複数ありますので、資料内で個別に回答させて頂いております。
＜https://app.box.com/folder/328193548287＞
　┗保守No1014_調査資料_20250626.xlsx

内容をご確認の上、添付している一覧をご参考までにご利用頂けますと幸いです。

2025/09/16追加：
メールでの追加問い合わせに対し、下記資料にて検証結果を連絡済みです。
■下記Boxに資料を追加いたしました。
https://app.box.com/folder/328193548287
┗保守No1014_追加ご質問内容_調査資料_20250916.xlsx
※検証としては、参考に挙げて頂いた「（ソ）ジェット燃料」への勘定転換を実施し、
内貨品は内貨品、未納税品は未納税品に転換されることを検証しております。

2025/10/23 倉本追記
・いただいた内容確認いたしました。
　MBマスタへ残したほうがいい品名をアドバイスいただきましたが、対象品名について一旦登録完了してるのを確認しました。
　一旦、再発等もないのでクローズさせていただきたいと思います。
　次回、徳山リプレイス時に再度処理の内容お聞きして中身を見直すか判断いたします。
　ご対応、ありがとうございました。",オフラス,,,,●,,,,,2025/06/27,,2025/10/23,その他,確認完了,,,,,,,,,,,,,,,,,,,,,,,,,,,,,,,,,,,,,,,
,1015,2025/05/19,千葉,YJP小谷,中山　修美,JET A-1 IMWの確定について,,F：外航通関,F：外航通関,VIFX010204_通関業者輸入申告情報入力,"■発生日：２０２５年５月１９日
■発生拠点：　千葉事業所
■対応希望日： ２０２５年５月２３日希望
■事象： 外航船KOURIONについてIM通関後IMWの登録を行ったが、一度、「申告」内の「取消」ボタンを押しデータを取り消した。
「申告」は青から赤に戻った。
その後、「申告」で下記の通り入力したが、
「確定」を押すと下記の通りエラーメッセージが出て、登録できなくなった。
■あるべき姿：IMWの「申告」で正しくデータ入力できる
■代替手段：なし
■補足： なし","■原因
「取消」時に登録した台帳情報を削除する際、削除対象の輸入台帳価格の対象データを抽出する条件が誤っていたため。

■対策
対象削除データの判別条件を許可日から申告番号に修正いたします。

2025/05/23 YJP追記:
データパッチを実施いたしました。
後続の二次申告作業をお願いいたします。
恒久対応に関しましては、エビデンス提出を5/28(水)→6/2(月)を目途に、継続対応させていただきます。",オフラス,●,,,,,,,,2025/06/02,2025/06/18,,AP・コーディング,確認完了,,,,,,,,,,,,,,,,,,,,,,,,,,,,,,,,,,,,,,,
,1016,2025/05/20,千葉,YJP村上,伊藤祐希,"（ハード更新にて発覚）
ブレンドSIM一括実行にて品名選択不備",Q2：代替手段により後続テスト実施可能,K：ブレンドシミュレーション,K：ブレンドシミュレーション,VIKA020202_ブレンドシミュレータ一括実行 - 生産品名選択,"（新設）PJT_問題点管理表No.31の現行改修
■発生日：2025年3月5日
■発生拠点：ハード更新（FAT）
■対応希望日： 
■事象： 
ブレンドシミュレータ一括実行ー生産品名選択で要否選択がされているのに「要否が未指定です」と表示される。
もう一度「次へ」ボタンを押下すると解消される。
■あるべき姿：再操作せずに1回で操作できる
■代替手段：再操作することで可
■補足： なし","■原因（既設からの不具合）
一括実行画面の初期表示時に要否選択項目を更新したか否かをチェックしているため
■対策
遷移時のチェックを外すように修正いたします
改修版をリリースするまでは、左記記載のとおり一度選択を外し、再度選択していただくことで対応願います",オフラス,●,,,,,,,,2025/05/28,2025/06/18,2025/09/11,AP・コーディング,確認完了,,,,,,,,,,,,,,,,,,,,,,,,,,,,,,,,,,,,,,,
,1017,2025/05/28,千葉,YJP小谷,中山　修美,JET A-1 IMWの確定について,,F：外航通関,F：外航通関,,"■発生日：２０２５年５月１９日
■発生拠点：　千葉事業所
■対応希望日： ２０２５年６月６日希望
■事象：
「IMW輸入申告対象一覧」の「申告」で各種単価を入力すると、
IMWのCIF￥が227,956,050で自動計算されるのですが、
「確定」を押すと自動で227,955,938に変わるようです。
なお、下記の問題点管理表No1015の修正前も、「確定」を押すと自動で227,955,938に変わっていたようです。
■あるべき姿：IMWの「IMW輸入申告対象一覧」で正しくIMWのCIF￥が入力される。
■代替手段：Excelで保税台帳を出力後、手修正。
■補足： なし
","■原因
仕様通りです
二次申告時の包括INS（保険料）を算出するにあたり使用する換算レートは一次申告時の換算レートと認識しております
油種を判別して換算レートを変更する対応が必要というのであれば仕様変更として対応することとなりますので別途ご相談させていただければ有難いです
■対策
2025/06/02 YJP追記
下記内容のご回答をいただきましたので本件クローズいたします
ーーー
今回の様に保険料が確定しておらず、IMW申告時レートになるときは、
稀なケースですので、応急対応、恒久対応は不要とさせていただき、
Excelで出力した保税台帳を直接、こちらで手修正いたします。
本件はクローズでお願いいたします。
ーーー
",オフラス,●,,,,,,,,2025/6/4予定,,2025/06/02,仕様通り,対応不要,,,,,,,,,,,,,,,,,,,,,,,,,,,,,,,,,,,,,,,
,1018,2025/05/29,徳山,YJP小谷,栗山明子,オフラス原油実績取込のデータ取込で当日在庫が取り込まれない,,G：マスバランス,G：マスバランス,MB品名マスタなどデータベース内容,"■発生日：2025/05/29
■発生拠点：徳山事業所
■対応希望日：2025/6/2中
■事象：
原油実績取込のデータ取込で当日在庫が取り込まれない。
原油実績で管理のタンク（７基全て）の計測在庫が前日のままで変わらない。
5/20に5/17分までの処理を実施した時には、取り込まれていた。
5/23夕方に、5/18以降分の処理を実施しようとしたが、取り込まれなかった。
本日実績しても同様の事象だった。
■あるべき姿：
当日在庫が取り込まれている。
■代替手段：
なし
■補足：
なし
","■原因：
MB品名マスタから「勘定コード:3」のSLOP(統一品名コード: 47999004)が削除されております。
また、MB品名変換マスタの作業品名「SLOP」のレコードから、全社統一品名コード(47999004)が
削除されております。（レコード自体はありますが、統一品名コードのみブランクの状態）
これらにより、実績の作業品名とMB品名マスタとが紐づかず、商品管理に正しく取り込まれておりませんでした。(5/20以降のデータ)
※5/19まではSLOPの取り込みも出来ていたようなので、おそらくその辺りのタイミングでマスタの見直しが行われたのではないかと思います。

■対策：
MB品名マスタ、MB品名変換マスタに対し「SLOP」の情報を復旧させます。
その上で、商品管理に再度取り込みを行い、原油実績の取り込みを再実施するという流れになるかと思います。
手順：
１）上記、MB品名マスタ、MB品名変換マスタのデータをご修正ください。
２）油量実績1日データ作成にて、5月20日以降のタンク在庫を更新してください。
３）原油実績取込＞データ取込にて、5月20日以降の原油実績取込を行ってください。
      ※注意：2,3の対応では、データの再取り込みが行われるため、編集したデータがあった場合、
                  元のデータに戻ります。
４）各日付の原油タンク在庫について更新されていることをご確認ください。
※上記手順については、下記Boxに格納した資料にまとめましたので、併せてご参照頂けますよう、宜しくお願い申し上げます。

■Box格納資料(対応方法資料)：
https://app.box.com/folder/323711461602
┗保守No1018_調査結果_対応方法資料.xlsx
",オフラス,,,,●,,,,,,,,データ不備,確認完了,,,,,,,,,,,,,,,,,,,,,,,,,,,,,,,,,,,,,,,
,1019,2025/06/03,千葉,YJP大武,佐々木基至,SAP⇒オフラスへの受払伝票連携にて一部の伝票オフラスまで届いていない,,G：マスバランス,G：マスバランス,入出荷伝票受信,"■発生日：2025/06/03
■発生拠点：
■対応希望日：
■事象：
■あるべき姿：
■代替手段：
■補足：

(質問事項)
SAPからの再送を依頼しているのですが、例えば、
Ａ伝票を再送する際に、Ａ‘伝票（Ａの更新伝票）は既にオフラスで取込済の場合、
Ａ‘がＡに戻ってしまう（先祖返りする）ことは無いか
を確認させてください。

オフラス側は、「伝票日付・伝票番号・補助NO」あたりのキーで一意で保持している認識で
単純にＡ伝票が歯抜けになっているだけと思っているのですが認識合ってますでしょうか、念のため確認させてください。
","■原因：
■対策：
打合せにて状況を確認させて頂き、連携用のcsvが配置したが取得されなかった事象であることを確認いたしました。そのうえで抜けた伝文内容を確認し、その伝票番号がそれ以降の伝票にて訂正されていないことも確認できたため、再度csvの配置から取り込みを実施頂ければと思います。
もしそれでも取り込めない場合、今度は別の問題（オフラス取込）の可能性もありますので、SAP移動番号の確認等のため、エラーメッセージが出ていないかどうかご確認ください。
※問題なければクローズ頂けますよう、宜しくお願い申し上げます。",オフラス,●,,,,,,,,,,2025/06/03,その他,確認完了,,,,,,,,,,,,,,,,,,,,,,,,,,,,,,,,,,,,,,,
,1020,2025/06/03,北海道,YJP小谷,青井圭介,2025年5月ボンド運転エラー,,F：外航通関,F：外航通関,,"■発生日：　2025年6月2日
■発生拠点：　北海道製油所
■対応希望日：6/4 12時まで
■事象: 製油所受払月報チェックリストにて外貨品受払エラーの欄に大きな数値が出ている。 原因を調べたところ5/23～5/24に行ったボンド運転の使用原油数量が製油所受払月報に反映されていないためではないかと判明した。（通常は、製油所受払月報の外貨払出数量=保税作業終了届の使用原油量になる。）
■あるべき姿：製油所受払月報の外貨払出の数量が138,217,590Lとなる。エラーが解消する。
■代替手段：なし
■対応期限
6/4 12:00
■添付ファイル
2025.5北海道製油所ボンド運転エラー.pdf
※詳細に関しては添付ファイルをご確認をお願いいたします。
","■原因：
5月内に保税作業で使用したCR-DAS原油45,957,450KLが外貨日報に残ったままとなっていたため。
■対策：
ボンド運転を実施した日に遡って外貨日報を集計する。",オフラス,,●,,,,,,,,,2025/06/04,仕様通り,対応不要,,,,,,,,,,,,,,,,,,,,,,,,,,,,,,,,,,,,,,,
,1021,2025/06/03,愛知,YJP小谷,青井圭介,海上ゾーンコード誤りによる修正場所の確認と修正のお願い,,帳票,帳票,,"■発生日：　2025/03
■発生拠点：　愛知事業所
■対応希望日：　1週間以内
■事象
名古屋港管理組合等で統計データを採取する”港湾統計データ”において、
3月2日に愛知事業所から出荷したオーダーの海上ゾーンコードに間違いがあったとの事で官庁より修正依頼があった為、
修正場所の確認と修正をお願いします。

SAISオーダーNo.92663　
No1：2732300101　九州電力（株）
No.2：2732350168　九州電力（株）苓北発電所
海上ゾーンコード： 誤：43001 三角 正：43017　都呂々愛知事業所
積日：3月2日　
揚日：3月7日
油種：0.1A

オフラスで海上出荷情報を読み取り、港湾統計データを纏める外部ソフトでデータを名古屋港管理組合に送付しております。
3月分のデータ修正となり、官庁への提示データの為、早急の対応をお願い致します。
■あるべき姿
-
■代替手段
-
","■原因：
仕様とおりです
確定済オーダのため画面からの修正は不可のためデータパッチでの対応となります
また、海上ゾーンコード：43017(正)はゾーンマスタに未登録のためオーダ未確定であってもマスタに登録しない限り入力エラーとなります
データパッチにて対応するにあたり実運用で認識されていたコードと異なるコードに変更することから今後の運用にて発生する影響は申し訳ございませんが皆無です。
したがって、港湾統計データを纏めて名古屋港管理組合に送付するために使用されている外部ソフトにて対応していただけると有難いです
■対策：
",オフラス,,,●,,,,,,,,2025/06/10,その他,確認完了,,,,,,,,,,,,,,,,,,,,,,,,,,,,,,,,,,,,,,,
,1022,2025/06/05,北海道,YJP大武,田苗直樹,2025年5月外貨品受払エラー,,G：マスバランス,G：マスバランス,製油所受払月報チェックリスト,"（質問内容）
■発生日：2025年6月5日
■発生拠点：北海道製油所
■対応希望日：6/5　16時まで
■事象：昨日のボンド運転のエラー解消後外貨品受払エラーの数値が妥当かを調査したところ、
想定される要素以外のことが原因で出ている数量がありそうなため５月分の数量がどのように導出されたかご教授下さい。
要するに外貨品受払エラーの882はなんの数字の和で出ているのかをはっきりさせたいということです。
■あるべき姿：外貨品受払エラーの数量が妥当であると判明する。誤っていれば修正する。
■代替手段：なし
■補足：

","（問い合わせ結果の回答）
> ■事象: 
> 昨日のボンド運転のエラー解消後外貨品受払エラーの数値が妥当かを調査したところ、
> 想定される要素以外のことが原因で出ている数量がありそうなため５月分の数量がどのように導出されたかご教授下さい。
> 要するに外貨品受払エラーの882はなんの数字の和で出ているのかをはっきりさせたいということです。

何の数字の和で出ているのか、という件に関しましては、
仕様書P179-180の「3）製油所受払月報チェックリスト」記載の内容にてご確認頂けます。
（下記一部転記）
12) 製品、半製品勘定データ集計
勘定コードが 0:商品又は 2:半製品で、 税区分が 01 外貨品のデータかつ、
システム定数にて定義された外貨品受払チェック対象外品名以外の場合は数量を集計し製品・半製品勘定数量とします。
「製品・半製品勘定数量」＝処理生産数量＋算出生産数量＋勘定転換数量＋勘定転換算出数量
13) 原油勘定データ集計
勘定コードが原油かつ[税区分]＝外貨品の数量を集計し、原油勘定数量とします。
「原油勘定数量」＝処理生産数量＋算出生産数量＋勘定転換数量＋勘定転換算出数量
14) 製品・半製品勘定数量および原油勘定数量チェック
製品・半製品勘定数量≠0 または原油勘定数量≠0 の場合は製油所受払月報チェックリストとして出力対象とします。
・品名には「外貨品受払エラー 外貨－（製品＋半製品）」を設定します。
・荷姿コードには空白を設定します。
・生産数量には以下を設定します。
生産数量 ＝ 原油勘定数量 - 製品・半製品勘定数量
・調整数量には 0.0 を設定します。
・備考には空白を設定します。

※これらの計算に用いる元データを同条件で集め、資料に記載しておりますので、内容をご確認ください。

> ■あるべき姿：外貨品受払エラーの数量が妥当であると判明する。誤っていれば修正する。

エラーの内容と算出データ、及び元にしたデータについては調査出来ましたが、
各品名、各数量についての妥当性は、弊社では分かりませんので、
御社にて内容をご確認の上、ご対応頂けますよう、宜しくお願い申し上げます。

※Boxに格納いたしましたので、内容のご確認をお願いいたします。
https://app.box.com/folder/324658543056
┗保守No1022_調査資料_20250605.xlsx
　　⇒仕様と計算値（内容の説明）
　　⇒製品、半製品勘定データ集計（算出元データの一覧です）
　　⇒原油勘定データ集計（算出元データの一覧です）
",オフラス,,●,,,,,,,,,2025/06/06,仕様通り,確認完了,,,,,,,,,,,,,,,,,,,,,,,,,,,,,,,,,,,,,,,
,1023,2025/06/02,北海道,YJP大武,田苗直樹,2025.6.2北海道製油所オフラス原油実績取込エラー,,G：マスバランス,G：マスバランス,原油データ取込,"■発生日：2025年6月2日～6月6日の間
■発生拠点：北海道製油所
■対応希望日：6/10 12時まで
■事象：オフラス-商品管理の原油実績取込-データ取込において、
6/2分に「サーバータスクで例外が発生しました。」というエラーメッセージが表示される。
原油タンク取込実績を確認したところ
6/2分の6/30時在庫及び入荷・通油・シフト等の実績が抜けていた。
6/3分も確認したところ無事に取り込まれていたので6/2分だけ取り込まれていないと思われる。
また、オフラス-実績管理のタンク定時在庫では6/3 0時のタンク在庫は取得出来ているので、
なにかしらの原因でレベルが取得できなかった可能性は低い
■あるべき姿：6/2分のタンク在庫と原油の実績が取り込まれる。
■代替手段：なし
■補足：本件今すぐに解決しなければ致命的な内容ではないが、
最悪6月中にエラー解消できないと6月分の北海道製油所の締めが出来なくなり致命傷となる。
また、解決が遅くなるほど日々の原油実績をまとめて取り込まなければならなくなり
月末に業務負荷が大きくなるため早めに解決していただけると幸いです。

","■原因：
同一オーダ内の総数量が「0」の内航船入荷のJOBが存在する。原油データ取込では、オーダ数量から揚荷計画を作成し、その予定数量（オーダ内の残予定数量）にて原油タンク品名別受払データを作成する処理がございますが、この数量が「0」である場合は、「オーダ内の別の品名に予定数量がある」と判断され、次の品名に処理が移行します。この時他の品名にて数量が設定されていればいいのですが、今回のケースですと、オーダ内の揚荷品名は単一で、しかも予定数量が「0」となっていたため、設定すべきデータを見つけられずに、処理がエラーとなっておりました。

■対策：
＜6/2データに対する対策＞
オーダ情報等は作業終了したJOBについては修正は出来ないので、データパッチにて計画数量に仮の値を設定します。(データは取込後に修正します)
6/2のTIBB007(入荷品)、JOB管理No「202506010015」のレコードに対し、「予定補正数量」を設定します。これにより揚げ荷計画数量に反映されるようになり、原油データ取込処理が正常に実行されます。
※データ取込終了後に、原油タンク受払実績画面にて実際の受払データに即したデータメンテナンスを実施頂くことになります。

まずは、弊社にて最新のDMPを受領した後、三鷹検証環境にてデータパッチの適用、原油データ取込の実施を検証してエビデンスを作成します。
そのエビデンスを北海道製油所様にてご確認頂き、問題なければ正式にデータパッチの対応へと移らせて頂ければと思います。

＜恒久対策＞
オーダ内の総オーダ数量が「0」となる入荷データを作成しない。
※過去に遡って揚荷計画等を確認しましたが、そういったレコードは存在していないので、
　今回はイレギュラーなケースであったと考えられますが、念のためご承知おきください。

2025/06/18　YJP追記：
本件6/18にデータパッチを適用いたしましたので、ご確認の上、問題なければクローズしてください。
",オフラス,●,,,,,,,,,,2025/06/18,データ不備,確認完了,,,,,,,,,,,,,,,,,,,,,,,,,,,,,,,,,,,,,,,
,1024,2025/06/09,千葉,YJP和須津,伊藤祐希,オフラスの不具合改修依頼,,B：作業計画管理,B：作業計画管理,試験依頼設定画面,"■発生日：2025/06/09
■発生拠点：千葉事業所
■対応希望日：2か月以内
■事象
作業計画-出荷作業管理-試験依頼設定画面において
同一船同一基材タンクの別品名の出荷がある場合に正しく試験依頼を設定できない。
01AはBL3であるのに同じ船で積むLSIHA(BL4）が表示されてしまう。
■あるべき姿
設定した品名毎に試験依頼できる。
■代替手段
手動で試験依頼を実施する。
","■原因：
検証環境にて再現しない
■対策：
2026/05/28　YJP和須津追記
ターゲット環境にて再現していないことから一旦クローズとし、
再発時に新たに起票しての対応と致します（千葉事業所 伊藤様と調整済）

■棚卸
2026/01/29：未着手（担当者CR油案件優先対応）
2026/04/27：別途千葉と会話し対応を進める予定",オフラス,●,,,,,,,,,,2026/05/28,再現待ち,対応不要,,,,,,,,,,,,,,,,,,,,,,,,,,,,,,,,,,,,,,,
,1025,2025/06/10,北海道,YJP和須津,秦野築,装置切替後JOBのステータス不良,,B：作業計画管理,B：作業計画管理,装置受払,"■発生日：2025年6月9日
■発生拠点：北海道製油所
■対応希望日：6月12日まで
■事象
6月9日12時36分にDH-DKランダウンJOBの切り替えを実施している。具体的には以下を実施。
　20209（JOB NO.534484）→20210（JOB NO.534485）
しかし、20209はJOB終了しているが20210は作業状態が「登録済み」　のままになっている。　　　
＊同時間帯にオフラスサーバー再起動を実施しているため、OMC側との通信がうまくいかなかったと思われる。
■あるべき姿
JOB NO.534485が「作業中」ステータスとなる。
■代替手段
なし

","■原因：
後続JOB(JOB NO.534485)において、コントロールステップが20(準備開始)→24(準備取消)となったのち、30(準備完了)→50(作業開始)を受信しています。
コントロールステップが24となった後に30への遷移は不可でありエラーとなるため、JOBステータスも「登録済」のままとなっていました。
■対策：
現在の対象JOBのコントロールステップが24の状態であるため、コントロールステップを20→30→50の順に再度送信していただくとJOBのステータスが「作業中」となります。
また、コントロールステップについて20→24→30→50の順に受信した原因については別途運転制御側の観点から調査いたします。
2025/06/11 YJP追記
北海道現地にてコントロールステップ送信を実行し対象JOBの「作業中」ステータスへの更新を確認済み

2025/07/03 YJP追記
以下、OMC側の報告内容を引用
【原因】
初回の20(準備開始)送信時のタイミングでコントロールステップ送信エラーになっており、オペレータさんの操作によりコントロールステップ送信エラーをスキップしていました。
初回の20(準備開始)のコントロールステップを送信した時点で送信エラーになっているのでこのタイミングが、オフラス再起動のタイミングと重なったものと思われます。（6月10日12時15分頃）
その後、スキップ操作を行っているので2回目の20(準備開始)送信が行われず、20(準備開始)以降（30、50）のコントロールステップ送信のみ行われていました。
【対策】
OMC側で可能な対策としましては以下2点となります。
・コントロールステップ送信エラー時にスキップせずオフラス復旧までお待ちいただく（コントロールステップ送信エラーをスキップ不可とすることはチューニングレベルで可能です。）
・オフラス実績再送要求画面からコントロールステップの再送をおこなっていただく。
上記についてどちらも現象発生後の対応になりますので、前提として可能であればJOB操作を行うような（準備、開始、停止等）タイミングでオフラスの再起動は行わないようにして頂き、
オフラスの再起動中にEMST等どうしようもない原因によりコントロールステップ送信エラーが発生した場合は、上記2点どちらかの対応を実施いただけると幸いです。

■棚卸
2026/01/29：確認中、次回ステータス変更なき場合は強制クローズとする
",オフラス,,●,,,,,,,,,2026/02/25,その他,確認完了,,,,,,,,,,,,,,,,,,,,,,,,,,,,,,,,,,,,,,,
,1026,2025/06/11,千葉,YJP福田,中山　修美,JET A-1保税作業の「外航通関」のJOBを削除,,F：外航通関,F：外航通関,,"■発生日：２０２５年６月１１日
■発生拠点：　千葉事業所
■対応希望日： ２０２５年６月１６日AM希望
　　　　　　　（６月１8日に保税工場の検査がありデータを使用する為。）
■事象： 下記のJET A-1のデータについて（下記添付は「オーダ管理」。「オーダー管理」側は削除していない）、「外航通関」のボンド出荷オーダー覧で当該JOBを誤って削除しました。
そのため、ボンド出荷オーダー覧や外貨製造搬出日一覧にJET A-1の情報（JOB）が表示されなくなりました。
■あるべき姿：JET A-1のJOBをリカバリーする。
（またはJET在庫だけでも引落しできるようにする）
■代替手段：なし
■補足： なし","■原因：
仕様通り
■対策：
2025/06/12 データパッチの適応を行っております。
後続作業お願いいたします。",オフラス,●,,,,,,,,,,2025/06/16,仕様通り,確認完了,,,,,,,,,,,,,,,,,,,,,,,,,,,,,,,,,,,,,,,
,1027,2025/06/30,千葉,YJP那須,佐々木基至,積戻しの際のダブルバースでの伝票送信について,,I：伝票発行管理,I：伝票発行管理,伝票送信,"■発生日：２０２５年６月２０日
■発生拠点：千葉事業所
■対応希望日：２０２５年６月３０日
■事象：
ＨＡＦＮＩＡ　ＢＯＢＣＡＴは6/９、6/20の二回に分けて荷役を行った。
L/RのオーダーNoは両方とも96644であったため、同じナンバーで送信したところ、出荷伝票は送信済みになっているが、SAPは一回目しか受診していない。
「[ OneSAP] 入出荷実績I/F受信（オフラス）マッチングエラー」は受診していない。

■あるべき姿：
同じオーダーNoで２回分登録する。

■代替手段：
■補足：

","■原因：
6/24(火)の10時15分過ぎに該当の伝票データ（伝票日付：2025/06/20、伝票No：40001）を含む伝文がL3.5DMZからOneSAPへ連携されているように見受けられます。
取得いただいたファイルのうち、以下が対象の伝文となります。
　フォルダ：EAI（S2150900）\D\eai\OneSAP\SndBackup
　ファイル名：SB02InputNyushukkaInETSRPSO.csv20250624101940

■対策：
オフラスとしては伝票送信時に問題は特に起きていないため、その時刻にOneSAP側で何が起きていたか（受信していないというが具体的に何が起きていたのか）をお手数ですがご確認お願いいたします。

2025/07/01：IKC
本件、SAP側に確認が取れ、同じオーダNoを持つ当該伝票は同一伝票であるとSAP側では判断し、
6/20伝票は6/9伝票の訂正伝票と見なされ、取消が来ていないのに訂正が来たものと判断され
結果6/20伝票は処理（SAP登録）されなかったことが原因でした。

そのため6/20伝票を一旦取消（SAP側では元伝が登録されてないのでエラー）し、
改めてオーダNoを変更した6/20伝票を新規起票・SAPに送信することで
SAP取込が正常に行われました。",オフラス,●,,,,,,,,,,2025/07/01,仕様通り,確認完了,,,,,,,,,,,,,,,,,,,,,,,,,,,,,,,,,,,,,,,
,1028,2025/07/02,徳山,YJP大武,栗山明子,【問合せ】IOS20-OFL：ファイルボランチに、202506分の滞留油在庫表（総合）が出力されない（オフラスー滞留品マスタ設定に6月分のデータがない）,,G：マスバランス,G：マスバランス,翌月データ作成処理、影響テーブル→滞留品マスタ設定、製油所修正在庫,"■発生日：2025/07/02
■発生拠点：徳山事業所
■対応希望日：2025/7/3中
■事象：
ファイルボランチに、202506分の滞留油在庫表（総合）が出力されなかった。
オフラスー滞留品マスタ設定を確認すると、6月分のデータがなかった。
MB品名マスタには登録あり。
この画面からの削除も実施してない。
■あるべき姿：
オフラスー滞留品マスタ設定に、5月分と同様のデータが6月分にも表示され当日在庫が取り込まれている。ファイルボランチに、202506分の滞留油在庫表（総合）が出力される。
■代替手段：
6月分のデータはオフラスー滞留品マスタ設定に手入力でも対応だが、
その場合、来月分のデータも手入力になるのか。
■補足：
なし

","■原因：
品名マスタ及びMB品名マスタから「65090306（間脱重質軽油）」が削除されたことに起因しております。6月の第5営業日時点の月次処理(６月6日22時)にて、「翌月データ作成処理」が正常動作出来ておりませんでした。品名マスタ及びMB品名マスタから、滞留品マスタ設定に存在した「65090306（間脱重質軽油）」が削除された影響で、コピーしようとしたデータ(品名)がマスタに存在しないためエラーとなったようです。※６/6 22:05のメッセージに当該エラーがございます。

その影響で5月データをコピーして作成するはずの6月の滞留品マスタデータ、在庫修正設定データ（＋製品備蓄在庫履歴データ）が作成されていない状態となっていると考えられます。そのため6月の滞留品マスタデータが存在せず、7月月初時点でファイルボランチに滞留油在庫表（総合）が出力出来ていないものと考えられます。※マスバランス仕様書の最終頁に本項目がございます。

■対策：
本件、翌月データ作成処理を画面から実行する方法はございません。データパッチか、手入力での復旧を実施する必要がございます。
まずは品名マスタ及びMB品名マスタを見直して頂き、前月滞留油在庫に存在した品名は残して頂く(マスタに復旧頂く)対応を実施して頂いたうえで、データパッチを適用するか否か等をご判断頂くことになるかと思います。

対応の流れとしましては、二つのケースが考えられます。
お時間を要しますが双方確認の上進みますので＜ケース1＞の方が安全かとは思いますが、月初ということでスピード感も大切だと思いますので、早く対応可能なのは＜ケース2＞の方になるかと思います。
どちらの対応の方が望ましいか、徳山事業所様にてご判断頂けますと幸いです。

＜ケース１：データパッチ＞ 
※STEPが多く検証もあるため7月3日～4日頃の対応完了となる見込みです。
①品名マスタ、MB品名マスタに「65090306（間脱重質軽油）」データを復旧頂く。（徳山事業所様）
②その状態のDBDMPを取得頂き、三鷹検証環境に反映する。（佐々木様、YJP）
③ＤＭＰを適用し、内部コマンドを使用して、6/6に動くはずだった翌月データ作成処理を行う。（YJP）
→※2025/07/03YJP追記:実際には月を跨ぐと実行不可能でした。(メール連絡済み)
④翌月データ作成処理にて出力された在庫修正設定データと滞留品マスタデータをスクリプト化します。（YJP）
⑤三鷹検証環境でスクリプトを適用し、データパッチ適用のエビデンスを作成します。（YJP）
⑥エビデンスを徳山事業所様に送付し、内容をご確認頂きます。（徳山事業所様）
⑦問題がなければ、データパッチにて上記の6月データを作成します。（YJP）
⑧データパッチ適用結果を徳山事業所様にて確認頂きます。（徳山事業所様）

＜ケース２：手動追加＞
①品名マスタ、MB品名マスタに「65090306（間脱重質軽油）」データを復旧頂く。（徳山事業所様）※ここは共通
②在庫修正設定データと滞留品マスタデータを手入力で追加頂く。（徳山事業所様）
※入力頂くデータは品名マスタ及びMB品名マスタに存在する内容にてご対応頂く必要がございます。そうして頂ければ、7月の第5営業日の月次処理にて、今月作成データを元にして翌月データが作成されます。
※こちらの＜ケース2＞であっても、徳山事業所様での手動対応後にDMPをご提供頂ければ、YJP側でデータの妥当性(前月データコピーと同等か)を確認することは可能です。

2025/07/03 ケース2にてご対応頂き、内容を確認いたしました。（YJP）
",オフラス,,,,●,,,,,,,2025/07/04,データ不備,確認完了,,,,,,,,,,,,,,,,,,,,,,,,,,,,,,,,,,,,,,,
,1029,2025/07/04,北海道,YJP大武,秦野築,IOS20-OFL：オフラスタンク定時在庫データ欠落,,D：実績管理,D：実績管理,定時タンク在庫受信処理,"■発生日：2025/07/04
■発生拠点：北海道製油所
■対応希望日：データリカバリは本日対応をお願いしたいです
■事象：オフラス実績管理‐タンク定時在庫にて2025年7月４日0時のデータが全タンク欠落している。
■あるべき姿：該当日時のデータがオフラスに取り込まれる。
■代替手段：なし
■補足：追記です。運転制御側のタンクレベルデータは該当日時のデータが存在しております。保守問題点管理表No.994の再発と思われます。

","■原因：
7/4 0:00に運転制御から連携された定時タンク在庫データの取り込み処理にて、
処理が正常に終了していませんでした。処理が想定外に終了したと考えられます。
その影響で、同時刻に連携された装置受払実績の取り込みも正常に行われずに終了してしまったものと考えられます。※事象としては、保守No994/995と同様です。
■対策：
処理が正常終了しなかった通信データ(定時タンク在庫)を、三鷹検証環境にて取り込み、現象が再現するかどうか検証を行いました。その結果、再現せず、全て正常に取り込まれたため、現状ではこれ以上の調査が難しい状況です。引き続き、頂いたエラーログなどを確認の上、何か分かり次第の連携とさせて頂く予定です。但し、プログラム上の問題でない可能性も高く、ログを参照しても原因がつかめない場合もございますので、予めご容赦ください。

本問題点No1029のリカバリとしては、欠けている7/4の0:00の定時タンク在庫データを再度運転制御側から取り込んで頂くことで、復旧可能であると考えられますので、ご対応頂けますよう宜しくお願い申し上げます。また、装置JOBにつきましても、作業実績ファイルメンテより対応を頂けますようお願いいたします。
※対応方法については下記の資料よりご確認ください。
＜https://app.box.com/folder/329336324680＞
　┗保守No1029_調査結果エビデンス.xlsx
2025/07/31　YJP追記
ログの調査結果、三鷹での再現結果についてメールにて情報連携。まだ原因特定には至っておりません。
当該の00:00前後にはDBのアクセスが集中していたことが分かっているので、調査を継続。
2025/10/15　YJP追記
アクセスが集中する00:00前後で動作しているバッチを割り出し、可能であれば一旦タイミングをズラさせていただき再発するかの確認をさせていただく方向とさせていただきます
2025/11/06　YJP追記
対象のバッチ（有効無効期限管理処理、ハウスクリーニング）の洗い出しは終了
対面での内容確認を実施後にリリースいたします
2025/11/26 YJP追記
秦野様、青井様との対面確認の結果、ハウスクリーニングのみ1:00頃にて実施
1:00頃に走行する他処理が無いかを確認中です。
2025/12/05 YJP追記
1:00頃に走行する処理は特にないことから、ハウスクリーニングを1:10に走行するように対応致します。

■棚卸
2026/03/25：次回月次定例にて確認予定",オフラス,,●,,,,,,,,2025/12/18,2026/04/15,その他,確認完了,,,,,,,,,,,,,,,,,,,,,,,,,,,,,,,,,,,,,,,
,1030,2025/07/16,愛知,YJP福田,堂垣拓生,JET外貨出荷申告書について,,F：外航通関,F：外航通関,JET外貨出荷申告書,"■発生日：2025/7/16
■発生拠点：愛知事業所
■対応希望日：即日
■事象：
DH保税作業終了届作成時換算レートを誤りシステム担当者に処理の取り消しを行ってもらいました。　その後再度、保税作業終了届を作成したがDH保税作業番号がカウントされ、取り消した保税作業終了番号で作成することが出来ない。
■あるべき姿：
カンターマスターが更新せず、取消しをした保税作業終了番号をそのまま使用せきるようにする。
■代替手段：
なし
■補足：
明日、税関申告を行う為、申告をするまでに外貨JET燃料の台帳を作成しなければならない　ご対応のほどよろしくお願いいたします
","■原因：
仕様通りです
■対策：
継続保税作業(装置)画面にて終了届番号の変更は可能となっております
現状、初期表示された「14」を「13」に変更していただければ問題ございません",オフラス,,,●,,,,,,,,2025/07/17,その他,確認完了,,,,,,,,,,,,,,,,,,,,,,,,,,,,,,,,,,,,,,,
,1031,2025/07/22,北海道,YJP大武,田苗直樹,製油課日報の数量オフラス取込不良,,D：実績管理,D：実績管理,,"■発生日：2025年7月22日
■発生拠点：北海道製油所
■対応希望日：2025年7月25日　14時まで
■事象：製油課の方で日報処理が遅れたため、遅れてボイラー燃料タンクの在庫を送信したと連絡を受けた。
オフラスにて7/17分の在庫が取り込まれているか確認したところ反映されていなかった。
■あるべき姿：オフラス　油量実績-タンク在庫日報に製油課在庫が反映される
■代替手段：リカバリ不可の場合、監査の対応等あれば紙で在庫日報があるため、これをエビデンスとして対応する。
■補足：

","■原因：
１．本件の発生経緯
　　　　通信履歴及び画面操作履歴、該当タンクの在庫作成日付・更新日付は以下のようになっています。
　　　①2025年7月18日07時01分　自家燃タンク在庫受信開始及び終了
　　　　→この時点での2025年7月17日の自家燃タンク在庫は、換算数量０で作成されている（DBの作成日付より判断）
　　　②2025年7月19日07時01分　自家燃タンク在庫受信開始及び終了
　　　③2025年7月20日07時01分　自家燃タンク在庫受信開始及び終了
　　　④2025年7月21日07時01分　自家燃タンク在庫受信開始及び終了
　　　⑤2025年7月22日07時01分　自家燃タンク在庫受信開始及び終了
　　　　　　　⑥の操作直前の2025年7月17日の自家燃タンク在庫は、換算数量０のまま
　　　　　　　（通信メッセージ及び該当タンクの在庫作成日付・更新日付から判断）
　　　⑥2025年7月22日08時11分　画面から2025年7月17日の油量実績取込み操作を実行
　　　　　→この画面操作で、自家燃タンク在庫（TIDC062)が商品タンク在庫（TIGX001）に反映される
　　　　　　　商品タンク在庫データが日報画面に表示される
　　　　　　　（2025年7月17日の自家燃タンク在庫が換算数量０のまま反映される）
　　　⑦上記操作後に製造課日報を表示しても換算数量は０のまま
　２．上記の発生経緯から判明する内容
　　　2025年7月17日の自家燃タンク在庫の最新値を送信する為に、⑥の画面操作の前に新IRIS側から自家燃タンク在庫を
　　　送信したものと推測しています。
　　　ただ、上記の発生経緯から推測すると、新IRIS側での操作後に、運転管理側では自家燃タンク在庫を受信していないよう
　　　に見受けられます。
【対応策】
　　新IRIS側でのリカバリ操作が必要と考えます。
　　2024年7月16日に、千葉において今回と似たような事象が発生しています。（保守No868）
　　新IRIS側でのリカバリ操作で、本現象が解消されたようです。

2025年8月29日　古山追記
【原因】
　１．新IRIS⇒オフラスで7/17分のリカバリ送信を8/12、8/13に実施。

　　　　通信履歴及び画面操作履歴、該当タンクの在庫作成日付・更新日付の調査により以下の内容が判明しました。

　　　①2025年8月13日13時10分　自家燃タンク在庫受信処理が動作して、以下の自家燃タンク在庫が作成されています。
　　　　　在庫日付：2025年7月17日　　タンクNO：BW3A　　換算数量（L）：755670
　　　　　在庫日付：2025年7月17日　　タンクNO：BW3B　　換算数量（L）：779280


　　　②リカバリ送信後　画面から2025年7月17日の油量実績取込み操作を実行した履歴が有りません。
　　　　よって自家燃タンク在庫（TIDC062)が商品タンク在庫（TIGX001）に反映されていません。
　　　　その結果、タンク在庫日報画面は０表示のままとなっています。

　　　　2025年7月の締めが終了している為、油量実績取込み操作を行っていないものと推測されます。


【対応策】
　　課題調査依頼（7月22日）のメールに記載されている代替手段で対応する方法です。
　　　　■代替手段：
　　　　　リカバリ不可の場合、監査の対応等あれば紙で在庫日報があるため、これをエビデンスとして対応する。

　　　　　今後同様の現象が発生した場合は、新IRIS⇒オフラスのリカバリ送信後、
　　　　「油量実績１日データ作成画面」から該当日付の油量実績取込み操作を実施する。",オフラス,,●,,,,,,,,,2025/08/29,その他,確認完了,,,,,,,,,,,,,,,,,,,,,,,,,,,,,,,,,,,,,,,
,1032,202507/29,北海道,YJP大武,秦野築,オフラス機能改修,,－,その他,"作業計画管理
実績管理","■発生日：2025年7月２９日
■発生拠点：北海道製油所
■対応希望日：数か月以内
■事象：オフラス機能の改修案をまとめましたのでファイル添付します。
■あるべき姿：改修完了する。
■代替手段：なし
■補足：","※本件は、PJT_問題点管理表No.155～No.167に移管しておりますことからクローズさせていただきます
■原因：
8/25（月）15:00から仕様確認打合せを実施

■対策：

■棚卸
2026/02/25：進捗状況を確認する
2026/03/25：〃",オフラス,,●,,,,,,,,,2026/03/25,仕様変更,対応不要,,,,,,,,,,,,,,,,,,,,,,,,,,,,,,,,,,,,,,,
,1033,2025/08/04,愛知,YJP大武,堂垣拓生,機械作成伝票のSAP連携不具合について（愛知）,,G：マスバランス,G：マスバランス,機械作成伝票,"発生拠点： 愛知事業所
発生タイミング： 8/1（１営）夜間月次処理

SAP側でオフラスからの機械作成伝票送信を起因としたアベントが発生しております。（*1）
過去の保守問題点No 1006（機械作成伝票のSAP連携不具合について（徳山））と類似の可能性も考えられますが
本件についての調査をお願いできますでしょうか。
２営中に原因判明と対応を取りたいため、申し訳ありませんが至急でご対応をお願いいたします。

DMPを以下に格納しましたのでご確認をお願いいたします。
https://idemitsu.ent.box.com/folder/334203947323
　┗8/3 07:47頃時点のDMPとなります。
　┗対象データは「対象データ.png」の黄色行となります。


","■原因
統一品目コード:11115068「2)仕入リフォーメイト」について、
MB品名マスタの「品名分類コード」の設定に誤りがあるため発生しているものと考えられます。
品名マスタ、品名分類マスタ、受払月次集計分類マスタの設定は問題ありませんでしたが、
MB品名マスタの設定のみ異なったことで紐づけが上手くいかず、意図しない挙動となったと考えられます。
※正しくは、転換先として「２）（ソ）揮発油」が選択されるよう設定されていた認識です。

■対策
11115068「2)仕入リフォーメイト」について、
MB品名マスタの「品名分類コード」を[6202]から[1111]に修正して頂き、
再度月次データ作成処理を実行してご確認頂けますよう、宜しくお願い申し上げます。
また、既に取り消して頂けていると思いますが、中途半端に連携されている機械作成伝票は、
SAP側にて取り消しの対応を行った後に、月次処理を実行頂ければと思います。
※下記Boxに調査結果及びリカバリ方法のエビデンス資料を作成しましたので、ご参照ください。

■Box
https://app.box.com/folder/334261571147
┗保守No1033_調査結果・リカバリ資料.xlsx

2025/08/04 IKC記
MB品名マスタ修正後、月報処理を実行し、SAP側処理が正常終了したこと・正しい月報内容が出力されたことを確認済み。本件クローズ",オフラス,,,●,,,,,,,,2025/08/04,データ不備,確認完了,,,,,,,,,,,,,,,,,,,,,,,,,,,,,,,,,,,,,,,
,1034,2025/08/07,愛知,YJP福田,,灯油海上出荷クマリン照合の帳票について(帳票作成ができない件と規定値変更について),,D：実績管理,帳票,,"■発生日：　2025/8/7
■発生拠点：　愛知事業所
■対応希望日：　可能であれば8月のリリースに間に合うように　
■事象
​1件目：帳票を出力したときに「流量計データが取得できず、帳票を作成できません」とエラーが出力されて帳票を作成できない。
2件目：帳票内の規定値について、現状1％としているが、この値では厳しすぎるため、数値を見直しました。
　　　 規定値は7.5%としたく、変更をお願いします。また、その変更に合わせて7.5%で流量計の器差判定をお願いします。

■あるべき姿
1件目：帳票が問題なく出力できる
2件目：規定値を7.5%として、その値で流量計器差の判定をする

■代替手段
両方ともなし

■添付：
灯油海上出荷クマリン照合.xlsx
流量計値が取得できない.xlsx","■原因：
1件目：クマリン流量計値を取得するSQLに対して渡す日時の値が足りなかったためエラーが発生してデータが取得できていなかったため
2件目：システム定数の「規定値」が1.0なっているため
■対策：
1件目：SQLに渡す日時の値を正常数に増やして実行するよう修正します。
2件目：システム定数の「規定値」を1.0を7.5に変更願います。",オフラス,,,●,,内,,,,2025/09/19,,2025/10/31,その他,確認完了,,,,,,,,,,,,,,,,,,,,,,,,,,,,,,,,,,,,,,,
,1035,2025/08/18,愛知,YJP小笠原,堂垣拓生,レギュラーの品転ロット試験依頼がその他エラーとなる,,E：品質管理,E：品質管理,試験依頼応答,"■発生日：2025/8/15
■対応希望日：急がない
■事象：
レギュラーの品転ロット試験依頼を行ったところ、その他エラーとなった。
その他エラーの個所にカーソルを合わせると「依頼番号(1011638)のデータが取得できません。削除された可能性があります。(No30105008)」と表示される。
ただ、試験管理には依頼が登録され、試験管理から送信されたロット試験報告書ファイルは受け取れている。
■あるべき姿：
問題がない場合はその他エラーとならない。
■代替手段：
なし（出荷についてはインターロックバイパスで出荷可能。試験報告書については問題なし。）

https://app.box.com/file/1957680267684

2025/8/19追記(堂垣)
システム的な不具合はないとのこと、承知しました。
利用者からもシステム的な対応は不要とのことでしたので、本件、クローズします。","■原因：
品転ロットの試験依頼応答がその他エラーなのはある意味正しいです。
初回依頼時には問題が無かったため試験管理側には依頼が登録されています。
2回目の依頼時に品転元となる通常ロットの状態が変わっていたため
操作者が意図していないロットに対して品転依頼が行われておりその他エラーとなっています。
試験依頼一覧ではその他エラーの表示ですが、
試験管理側に初回依頼時のデータが登録されているため
Lab-Aidで品転ロットの試験を行い試験結果やロット試験報告書が運転管理側に返されています。
通常ロットと品転ロットの流れを時系列で纏めましたのでご確認ください。
<https://app.box.com/file/1958655011113>
システムとして何らかの対応が必要であればご相談させていただきたく。
■対策：
",オフラス,,,●,,,,,,,,2025/08/19,仕様通り,対応不要,,,,,,,,,,,,,,,,,,,,,,,,,,,,,,,,,,,,,,,
,1036,2025/08/18,愛知,YJP移川,古井珠実,原油の揚荷の実績が2本になり数量確定ができない,Q1：後続テスト実施不可,A：オーダ管理,A：オーダ管理,,"■発生日：2025/08/07
■発生拠点：愛知事業所
■対応希望日：至急　8/21まで　　　　　　　　　　　　　　
■事象：
原油の揚荷において、荷役を中断し、再度オーダーを入れ荷役を継続、またオフラインで
荷役を実施したため、原油の数量確定ができない
■あるべき姿：
①2本に分かれている実績が1本で実績確定ができる
②オフラインで実施した作業の実績が反映され、正しい数量確定ができる
■代替手段：なし
□添付ファイル
・TATESHINA原油揚荷不具合.pptx

2025/08/27
荷繰り側における運用は問題無く実施出来たが、通関にて外貨原油在庫日報に不要なデータが表示されることから確認NGとします
","■原因：
仕様とおりです
■対策：
画面から実績入力を可能とするようにデータパッチにて対応いたします
データパッチ後に後続業務にて実績を入力後にタンク受入搬入計算書作成を実施願います。
2025/08/20 YJP追記
データパッチを実施いたしました。
後続の業務を実施願います。
2025/08/21 YJP追記
問題無く業務を実施できたことの回答を受けたので本件クローズいたします。
2025/08/28 YJP追記
表示されたデータはオーダから削除することで表示されなくなりますが、対象オーダが送信済状況であることから削除不可のため、データパッチにて対応いたします
データパッチを実施いたしました。
後続の外貨原油在庫日報を8/7から再集計願います
再集計結果問題無しのご回答より本件クローズいたします",オフラス,,,●,,,,,,,,2025/08/28,その他,確認完了,,,,,,,,,,,,,,,,,,,,,,,,,,,,,,,,,,,,,,,
,1037,2025/08/20,千葉,青井圭介,青井圭介,新IRIS操業品質・オフラス間の一部連携方式変更対応,Q3：後続テスト実施可能,Y：通信管理,Y：通信管理,,"■発生日：2025/08/20
■発生拠点：全所
■対応希望日：2025年11月頃から通信テスト開始
■事象：
以下対応についての工数見積依頼。
新IRIS操業品質⇒オフラス間の以下連携について、現在のEAI同士の通信からFTP通信に変更する。
・自家燃タンク在庫
・日別装置稼働実績
・潤滑油一課タンク在庫

■あるべき姿：ー
■代替手段：ー
■補足：ー

","■原因：

■対策：
8月にお打合せさせていただいた結果、FTP通信に切り替えるだけではなく、Standard（通常時）、FTP（リカバリ時）両方の通信が発生する旨を伺いました。
　※資料については以下に格納いただいています。
　https://app.box.com/folder/338934558159

お打合せの結果をもとに対応工数の見積もりを行います。

2025/10/17　YJP追記
本件、保守工数にて仕様変更対応を実施します。

2025/10/23 IKC
出光検証環境下におけるFTP連携は実施済。
FTP連携されたファイルについて、三鷹環境での取込み確認を依頼。

2025/10/27 YJP追記
新IRIS、オフラス間の事前疎通確認（FTP通信への変更対象3件以外も含む）のため、新しくスポークの追加が必要となる。
まずは、追加作業の見積工数を算出し、提示後、対応スケジュールを調整させていただく。

2025/11/07　YJP追記
以下のように対応致します。
　　・新IRIS操業品質⇒L3.5DMZのFTP連携の追加：保守工数での対応
　　・更新後の新IRIS向けのスポークおよびメッセージID追加：追加ご発注での対応（見積書作成中です。）

2026/01/20 YJP追記
検証環境でEAI設定追加及び通信確認を行った際のエビデンスを以下に格納しました。
https://app.box.com/folder/361638762949",オフラス,●,,,,●,,,,2026/01/20,,2026/02/25,仕様変更,確認完了,,,,,,"対応内容の詳細と見積工数をまとめた資料を下記に格納しております。

　格納場所：https://app.box.com/folder/338934558159
　・IOS20-OFL_新IRIS操業品質・オフラス間の一部連携方式変更対応_工数見積.xlsx

2025/10/17　YJP追記
本件、保守工数にて仕様変更対応を実施します。

2025/10/27　YJP追記
新IRIS、オフラス間の事前疎通確認（FTP通信への変更対象3件以外も含む）のためのスポークの新規追加作業の見積工数を算出中です。

2025/11/07 YJP追記
再見積の対応内容の詳細と見積工数をまとめた資料を格納しております。
　格納場所：https://app.box.com/folder/338934558159
　・IOS20-OFL_新IRIS操業品質・オフラス間の一部連携方式変更対応_工数見積_Rev1.xlsx
　※本お見積は、以下2つの作業を同じタイミングで実施する場合の作業工数となります。
　　　別々に実施する場合は、資料記載の作業工数が増えることをご了承頂きたくお願いいたします。
　　　・新IRIS操業品質⇒L3.5DMZのFTP連携の追加
　　　・更新後の新IRIS向けのスポークおよびメッセージID追加
⇒以下のように対応致します。
　　　・新IRIS操業品質⇒L3.5DMZのFTP連携の追加：保守工数での対応
　　　・更新後の新IRIS向けのスポークおよびメッセージID追加：追加ご発注での対応",仕様変更承認済,※資料参照,※資料参照,※資料参照,※資料参照,※資料参照,対応依頼,,,,,,,,,,,,,,,,,,,,,,,,,,
,1038,2025/08/20,千葉,青井圭介,青井圭介,新BINAS構築に伴う、新旧向け連携パラだし対応,Q3：後続テスト実施可能,Y：通信管理,Y：通信管理,,"■発生日：2025/08/20
■発生拠点：
■対応希望日：2025年11月頃からパラ連携開始
■事象：
以下対応についての工数見積依頼。
新BINAS構築に伴い、新BINAS向けの連携を新たに追加する。（4所）
11月～12月の期間中、新旧BINASへ連携をパラだしし、新BINAS移行完了後に
旧連携は削除する。

対象の連携は以下の通りう。
・入出荷実績（アストモス扱い）

■あるべき姿：ー
■代替手段：ー
■補足：ー

","■原因：

■対策：
青井様と会話させていただいた結果として、以下の対応方針で工数の見積もりを行います。
【対応方針】
現状はEAIにて該当伝文のInternalスポークのメッセージIDに連携NASコピーのアプリを起動するコマンドを登録している。
⇒並行稼働期間は新旧BINASの両方を送信対象として連携NASコピーのアプリを2回起動するためのコマンドを記述したバッチファイル(※)を呼び出すようにEAIのコマンドを修正する。
　※バッチファイルについてはIKC様にて作成していただく前提となります。
⇒新システム切替時に現状および他の連携NASコピー対象ファイルの定義に合わせるため、連携NASコピーのアプリを起動するためのコマンドに戻す。
2025/09/11　YJP追記
IKC様にて内製されるため、YJPでは対応不要とのこと。
担当をIKCに変更いたしました。

2025/12/23 IKC追記
12/15に現新BINASへのパラ連携設定を実施済。（全４所）
完全切替（現行連携削除）は、概ね2026/02末頃の予定。

■棚卸
2026/02/25：現行連携削除予定
2026/03/25：パラ連携継続中（現時点で9月末予定）
2026/04/27：〃",IKC,●,,,,,,,,,2026/02/18予定,,,対応中,,,,,,"対応内容の詳細と見積工数をまとめた資料を下記に格納しております。

　格納場所：https://app.box.com/folder/340001687965
　・IOS20-OFL_BINAS向け連携ファイルの新旧パラ送信対応_工数見積.xlsx

2025/09/11　YJP追記
IKC様にて内製されるため、対応不要とのこと。",,※資料参照,※資料参照,※資料参照,※資料参照,※資料参照,対応不要,,,,,,,,,,,,,,,,,,,,,,,,,,
,1039,2025/08/20,愛知,堂垣拓生,,愛知SDMにおける全停電時の対応について,,－,その他,,"■発生日：2025/8/19

■発生拠点：愛知事業所

■対応希望日：一旦9月12日(最終的には9月末に確定していれば問題なし)　

■事象
愛知SDMにて全停電が発生します。
オフラス、Lab-Aidを復旧した後にはリカバリ作業が必要と思いますが、
各システムにおいてどのような作業が発生するでしょうか？
作業内容と可能であれば操作方法についてまとめていただきたく、よろしくお願いします。
また、その他に必要な作業がありましたらご教示いただきたく、よろしくお願いします。

全停電日時：2025年10月17日(金)～2025年10月20日(月)
オフラス、Lab-Aid停止日時：2025年10月17日(金)08:00(もしくは正午以降)～同日19:00までに停止予定
オフラス、Lab-Aid復旧日時：2025年10月20日(月)21:00～10月21日(火)04:00までに復旧予定
※3日以上の停止予定
※復旧時は出荷優先の為、Lab-Aidは04:00以降の復旧でも問題なし

■あるべき姿

■代替手段
","■原因：
仕様通り
■対策：
停電復旧時のリカバリ作業について確認致します。

2025/10/08 YJP追記：
10/7打合せにてYJP宿題事項となっておりました、復旧後の定時タンク在庫リカバリ及びその後の再締めに関しまして、弊社での検証が完了いたしましたので、ご報告させて頂きます。
結論から申し上げますと、停止期間の定時タンク在庫に対し、ひとつだけ(0:00など)の通信ファイルを取り込んで再締めを行ったところ、問題なくタンク在庫日報が作成されることを確認出来ました。

そのため、昨日の会話の通り、復旧後は停止前の通信ファイルを編集したものを
取り込ませてから、順次画面側から締め処理を回すことになると考えております。
検証した結果の資料を以下Boxに格納しておりますので、詳細に関しましては、こちらをご参照頂けますよう、宜しくお願い申し上げます。

■Box格納ファイル
https://app.box.com/folder/345062193147
┗保守No1039_愛知SDMにおける全停電時の対応_タンク在庫リカバリ検証.xlsx

2025/10/23 IKC
停電対応は無事終了しましたのでクローズします。
ご支援ありがとうございました。",オフラス,,,●,,,,,,,,2025/10/23,その他,確認完了,,,,,,,,,,,,,,,,,,,,,,,,,,,,,,,,,,,,,,,
,1040,2025/08/29,千葉,YJP大久保,,CR油取引に伴う機能改修,,,A：オーダ管理,,"■発生日：2025/08/6
■発生拠点：千葉事業所
■対応希望日：2025年12月末
■事象：CR油取引のため機能改修要望
■あるべき姿：
■代替手段：
■補足：

","■原因：
仕様通り（CR油取引のため機能改修が発生）
■対策：
以下の改修を実施します。
①システム定数追加
・システム定数(TIXX001)に添加剤受入オーダのCR油用の仕入先、品名の組み合わせを1件追加
・システム定数(TIXX001)に伝票設定用として以下を設定する
　簡略取引先コード、簡略船名コード、簡略店基地コード、作業条件、作業時間、内区、取区、輸型、輸区、訂正区分
・機能実施有無(TIXX002)にシステム定数1件追加 CR油の添加剤受入オーダ作成時に伝票作成するかどうかを指定
②添加剤オーダ確定時に伝票作成
千葉事業所のみ以下処理を行う
添加剤受入オーダ確定時にシステム定数で設定した仕入先、品名だった場合に本伝で伝票作成する
伝票作成時、設定内容はシステム定数に設定されている値を適用する
2025/09/02　YJP追記
本件、保守工数にて仕様変更対応を実施します。
2025/09/25 YJP追記
実績周りでの改変要求が発生
運用面、マスタ面をご教示いただき影響ボリュームを明確にしたうえで開発工程を整理し先ずはスケジュールを明確化する。左記にて運用開始期日に間に合わせるように検討を図る（11/7確定事項）
※運用、仕様が定まらず正解が不明
　2/26上位部署を含めての動作確認を実施して然るべきシステム化を図る

■棚卸
2026/02/25：対応中
2026/03/25：4月リリース予定",オフラス,●,,,,－,,,,"2026/01/15
2026/02/10
",2026/04/08,2026/06/24,仕様変更,確認完了,,,,,,"【荷繰り周り】
①システム定数追加
・システム定数(TIXX001)に添加剤受入オーダのCR油用の仕入先、品名の組み合わせを1件追加
・システム定数(TIXX001)に伝票設定用として以下を設定する
簡略取引先コード、簡略船名コード、簡略店基地コード、作業条件、作業時間、内区、取区、輸型、輸区、訂正区分
・機能実施有無(TIXX002)にシステム定数1件追加
CR油の添加剤受入オーダ作成時に伝票作成するかどうかを指定
②添加剤オーダ確定時に伝票作成
千葉事業所のみ以下処理を行う
添加剤受入オーダ確定時にシステム定数で設定した仕入先、品名だった場合に本伝で伝票作成する
伝票作成時、設定内容はシステム定数に設定されている値を適用する
2025/09/02　YJP追記
本件、保守工数にて仕様変更対応を実施します。
【実績・マスバラ周り】
見積もり中",仕様変更承認済,2.5人日,3.5人日,1.0人日,2.0人日,0.00人日,対応依頼,,,,,,,,,,,,,,,,,,,,,,,,,,
,1041,2025/09/02,徳山,YJP増田,,「新化学品LAS-オフラス-新IRIS」ルートでの連携ファイル追加対応,,Y：通信管理,Y：通信管理,,"■発生日：
■発生拠点：徳山事業所
■対応希望日：
■事象：
「新化学品LAS ⇒ 新オフラス ⇒ 新IRIS」ルートでの連携ファイル追加（２ファイル）のための対応

■あるべき姿：
■代替手段：
■補足：

","■原因：
仕様とおり
■対策：
7/25のお打合せ内容をもとに、以下の対応を実施致します。
　・L35EAI～新IRIS連携用スポーク、メッセージIDの新規追加
※保守工数にて仕様変更対応を実施します。

本件の対応にあたり、IKC様にて以下のご対応をお願い致します。
　・使用可能なポートNoのご提示。
　・連携用バッチファイルのご準備。

2025/10/21
検証環境で設定変更およびファイル連携の確認を行った結果を以下に格納いたしました。
　https://app.box.com/folder/347058983274",オフラス,,,,●,●,,,,2025/10/21,,2026/02/25,仕様変更,確認完了,,,,,,"以下の前提条件にてお見積りを行い、お見積書をメールにて送付しております。
※2025/8/21 「RE: 【お見積書】「新化学品LAS ⇒ オフラス ⇒ 新IRIS」ルートでの連携ファイル追加対応について」

＜前提条件＞
・メッセージIDはお客様よりご提供頂く（7/25のお打合せにて「D95101」「D95102」を使用で合意）
　・使用可能なポートNoをお客様よりご提示頂く。
　・お客様検証環境(館林環境)での結合検査時の立会は見積対象外とする。
　・初回連携時の問い合わせ対応はリモートでの対応とする。
　・連携用バッチファイルはお客様にてご準備頂く。

2025/09/02　YJP追記
本件、保守工数にて仕様変更対応を実施します。",仕様変更承認済,※お見積書をご参照ください,※お見積書をご参照ください,※お見積書をご参照ください,※お見積書をご参照ください,※お見積書をご参照ください,対応依頼,,,,,,,,,,,,,,,,,,,,,,,,,,
,1042,2025/09/09,愛知,YJP大武,,"「タンク在庫集計表」の原油総在庫量が3,762L分合わない",,G：マスバランス,G：マスバランス,,"■発生日：2025/9/9
■発生拠点：愛知事業所
■対応希望日：
　明日9/10（水）AMまで
　※9/10AM締めの資料作成に使用するため
■事象：
　「タンク在庫集計表」の原油総在庫量が3,762L合いません
　（正しくは574,674,436Lですが、出力すると574,670,674Lと表示されます）。
　正しい在庫とは、「タンク別増減チェックリスト」の当日換算数量（原油のみ）と
　北浜原油タンク（TK3112、3113）の計測在庫の合計になります。
■あるべき姿：
　「タンク在庫集計表」の原油総在庫量が、正しくは574,674,436Lである。
■代替手段：なし
■補足：なし
■添付ファイル：資料.xlsx","■原因：
仕様とおり
■対策：
調査報告です。
１．タンク別増減チェックリスト（１）
  ①商品タンク在庫（TIGX001）の原油タンクの換算数量を表示しています。
  ②上記のデータは、運転制御システムから受信したデータを基に換算数量を求めています。
２．タンク在庫集計表の表示データ
  ①原油タンク在庫（TIGX011）の原油タンクの換算数量合計値を表示しています。
  ②上記のデータは、原油棚卸処理後の在庫データとなります。
 詳細は、以下のマスバランスの機能仕様書を参照下さい。
 「IOS20-OFL-SBM-T2-001_機能仕様書_マスバランス_本文」のP44の「3.2原油棚卸」
よって、本件は仕様通りのデータになっているという認識です。ご確認のほどお願いいたします
2025/09/16古山追記
1.「タンク在庫集計表」の値を確認する画面
　　　　実績管理ー帳票出力ータンク在庫日報
2.タンク別増減チェックリストの差分に関して
　　①差分が出ているのは、13012タンクの在庫数量と推測されます。
　　②2025年9月8日4時8分頃に、以下の操作を行っている履歴が有ります。
　　　　　・タンク在庫（1日データ）画面で、13012タンク、60231タンクのメンテナンスを実施している。
　　③2025年9月8日4時14分頃に、以下の操作を行っている履歴が有ります。
　　　　　・タンク増減メンテナンス画面で、13012タンク、60231タンクのメンテナンスを実施している。
　　④60231タンクに関しては、２画面でメンテナンスした在庫数量は一致しています。
　　　　13012タンクに関しては、在庫数量が一致していません。（差分が3,762L）
　　　　この場合、タンク在庫集計表とタンク増減チェックリストを比較すると差異が出てきます。

",オフラス,,,●,,,,,,,,2025/10/30,その他,確認完了,,,,,,,,,,,,,,,,,,,,,,,,,,,,,,,,,,,,,,,
,1043,2025/09/11,北海道,YJP移川,田苗直樹,デフォルトで表示される国家備蓄数量及び滞留油が数量は実態と乖離している,,G：マスバランス,帳票,石連週報,"■発生日：2025/9/1
■発生拠点：北海道製油所
■対応希望日：2025/9/16　本件急ぎではない(しばらくは手修正で対応可能)ため他の案件があるのであれば9月中から10月中を目途にしても構いません。
■事象:オフラスにて石連週報を作成しようとすると
　自動的に設定している国家備蓄数量及び滞留油が取り込まれるが
　今デフォルトで表示される数量は実態と乖離している。
■あるべき姿：添付ファイルの数量がデフォルトで表示されるようになる。
■代替手段：毎回手入力で修正","■原因
仕様通り
国家備蓄在庫(製品備蓄量・滞留油)の修正が必要。
■対策
国家備蓄在庫(製品備蓄量・滞留油)の値を添付していただいた資料どおりに変更いたしました。

■棚卸
2026/01/29：確認中、次回ステータス変更なき場合は強制クローズとする
2026/02/25：クローズの旨各所に連絡する",オフラス,,●,,,,,,,,2025/11/20,2026/02/25,仕様通り,確認完了,,,,,,,,,,,,,,,,,,,,,,,,,,,,,,,,,,,,,,,
,1044,2025/09/25,千葉,YJP村上,中山　修美,外貨JET保税運送持ち戻り,,F：外航通関,F：外航通関,,"■発生日：2025/9/16
■発生拠点：千葉事業所
■対応希望日：2025/9/30
■事象:9/16(火)に出荷した東京航空給油所/日本航空羽田向けJETについて、
品質トラブルで千葉事業所で揚げ戻しが発生しました。
商品管理上と外航通関上の処理が違いますので、どのようにオフラスで処理したらよいか、
御検討をお願いいたします。
 
・向け先：東京航空給油所/日本航空羽田
・船名：87東洋丸
・出荷数量：3,000.051KL(外貨)
 
〇油の流れについて
・9/16(火): 東京航空給油所向け「87東洋丸」 J-A1 / 外貨3,000.051KLを出荷した。
不合格のハッチ(1,283.111KL)があり、当該ハッチは後日、揚げ戻しが決定。
・9/17(水): 東京航空給油所で外貨1,716.940KLの揚荷を実施した。
・9/18(木) : 千葉SLOPタンクにJ-A1 / 外貨1,283.111KL(4番ハッチ分のみの数量)の 全量揚げ戻しを実施した。
 〇オフラスでの出荷伝票処理
・東京航空給油所での4番ハッチのみJ-A1揚げは実施せず千葉で揚げ戻しとなった為、
9/16(火)の J-A1については東京航空給油所向けで揚げた分(4番ハッチ以外)の外貨分1,716.940KLで出荷伝票処理した。
　  (東京航空給油所向け 3,000.051KLから4番ハッチ分のみの数量1,283.111KLを引いた分、1,716.940KLで伝票処理)

■代替手段：毎回手入力で修正","■原因
データパッチ対応
■対策
勘定振替はSAP側で実施していただく
オフラス側の対応として、持ち戻りをSLOPとして入荷しIC申告にて内貨とする
⇒データパッチにて申告可能状態とする
　申告、納税伝票に関しては運用（オフラス機能を使用）にて対応していただく
2025/10/01
データパッチの実施、および、その後の運用を実施していただきました",オフラス,●,,,,,,,,,,2025/10/02,その他,確認完了,,,,,,,,,,,,,,,,,,,,,,,,,,,,,,,,,,,,,,,
,1045,2025/10/02,徳山,YJP杉本,國本優輝,成績表発行依頼時にシステムエラーとなる,,L：試験管理,L：試験管理,,"■発生日：2025/10/01
■発生拠点：徳山事業所
■対応希望日：10/6までに
■事象：
オフラス（Lb-Aid）でNPRGの成績表発行依頼時、「システムエラーが発生しました。位置0に行がありあません」というエラーが発生し、成績表発行依頼時ができない。

■あるべき姿：
成績表発行依頼ができる。

■代替手段：
手動で成績書を作成。

■補足：
試験項目を削除し、成績表発行依頼を行った場合、このエラーが発生したことはありますが、
今回は試験項目削除せず、このエラーが発生しました。
9月分までは問題なくでき、10月分の季節規格が切替わったタイミング発生ので、
季節規格関係が原因ではないかと思っています。

■補足追加：
再度試験課に確認したところ、コピーし、ロット立てた際、コピー元のロットを削除したとのことです。

■添付：
INC-00566772.png
","■原因
　コピー元のロットが削除されたことが原因です。

■対策
　コピー元のロットを削除しないようにしてください。
　どうしても削除が必要な場合は、成績表発行依頼を終えた後に削除してください。
　※監査証跡のサンプル一覧から、削除した試験依頼を削除取消で復活させると
　　成績表発行依頼できるようになります",IKC,,,,●,,,,,,,2025/11/07,データ不備,確認完了,,,,,,,,,,,,,,,,,,,,,,,,,,,,,,,,,,,,,,,
,1046,2025/10/08,北海道,YJP福田,,帳票不具合,,帳票,帳票,,"■発生日：2025年10月5日（10月6日伝票）
■発生拠点：　北海道製油所
■対応希望日：2025年10月17日迄
■事象： 「ブレンド出荷品混合比率・性状及びタンク在庫チェック表」に表示される出荷品と基材タンクの組み合わせが実際のJOBと一致していない。
■あるべき姿：性状に表示される
■代替手段
　なし","■原因
「出荷品」と「基材タンク」の並び順が違っていたため
■対策
並び順が同じになるように修正",オフラス,,●,,,,,,,2025/10/15,2025/11/20,,AP・コーディング,確認完了,,,,,,,,,,,,,,,,,,,,,,,,,,,,,,,,,,,,,,,
,1047,2025/10/08,愛知,YJP大塚,,帳票「受払指図(報告)書（パイプライン）」の表記変更,,A：オーダ管理,帳票,,"■発生日：2025/10/8
■発生拠点：愛知事業所
■対応希望日：10月のリリースに間に合わせたい(不可の場合は次週でも可)
■事象:帳票「受払指図(報告)書（パイプライン）」の右下に記載されている計算式を変更したい。
　　　 変更前➡A-B/A*100
　　　 変更後➡A-B/B*100　分母をAからBに変更　※詳細は添付資料をご覧ください。
■あるべき姿：表示されている計算式がA-B/B*100となっている。
■代替手段：なし","■原因
表示変更
■対策
「受払指図(報告)書（パイプライン）」の右下に記載されている計算式を[A-B/B*100]に変更いたします。
20251009　YJP追記
エラーが発生し、処理が中断されて帳票出力が完了する動作が見つかったため原因調査を致します。
20251024　YJP追記
共通フォーマットデータの取得時に検索結果がなかった場合は以降の処理を中断して帳票出力が完了していたため、データが残っている場合は処理を継続するよう修正致しました。

■棚卸
2026/01/29：確認中、次回ステータス変更なき場合は強制クローズとする
2026/02/25：クローズの旨各所に連絡する",オフラス,,,●,,,,,,,2025/11/20,2026/02/25,その他,確認完了,,,,,,,,,,,,,,,,,,,,,,,,,,,,,,,,,,,,,,,
,1048,2025/10/08,愛知,YJP大武,,商品管理のタンク在庫日報について,,G：マスバランス,G：マスバランス,,"■発生日：2025年10月15日
■発生拠点：愛知事業所
■対応希望日：次週(10/20週)まで
■事象:電源喪失によるオフラスサーバ停止がなどか発生しました。
　　　それが原因か、商品管理側のタンク在庫日報の一部が表示されなくなりました。
　　　 表示されないのは10月9日と10月12日分の在庫日報です。
　　　実績管理側のタンク在庫日報は両日とも表示されております。
　　　 対応方法やリカバリ方法をご教示いただけますと幸いです。
■あるべき姿：10月9日と12日の商品管理側のタンク在庫日報が表示される
■代替手段：なし","■原因
■対策
①停電発生時の10月9日、12日の抜けていたタンク在庫受信データは、タンク在庫リカバリ操作によって、
　　実績管理側のタンク在庫データ（TIDC022_タンク在庫１日データ）に正常に登録されています。
②商品管理側における再取込み操作を行って頂ければ、商品管理側のタンク在庫データは作成されます。
　　具体的には、商品管理の油量実績１日データ作成操作を行う必要が有ります。

今週末のSDM後に、①の対応を行った後は、②の対応も必要となります。",オフラス,,,●,,,,,,,,2025/10/21,その他,確認完了,,,,,,,,,,,,,,,,,,,,,,,,,,,,,,,,,,,,,,,
,1049,2025/10/16,愛知,YJP福田,世古和子,保税作業IMW申告のデータが反映されない,,F：外航通関,F：外航通関,,"■発生日：2025年10月16日
■発生拠点：愛知事業所
■対応希望日：11月20日
■事象：
10/13より、6次NACCSから7次NACCSにシステム仕様が変更されました。
検証のため保税作業IMW申告のデータを7次NACCSのMWA画面に移行した結果、
データがうまく反映されていません。（添付資料）　
7次NACCS変更後、輸入申告をする場合、運送場所と運送貨物の識別を記載が必須となり、
輸入申告の様式が変更されました。

検証結果不具合：
①保税作業IMWは自社申告で通関をしている。オフラスとNACCSの連携キーコード「社内整理番号」が
　記載されていた「社内整理番号欄」に番号の記載がありません。
　社内番号20桁が表示されず、番号が把握できません。
②IMW許可のデータがNACCSからオフラスへ自動配信されるので、オフラスに輸入許可情報が反映されない懸念があります。
　　　　　　　　
■あるべき姿：
6次NACCSで申告した時と同様に7次NACCSでも輸入申告業務が遂行できる。
■代替手段：
特になし。　
■補足：
今回保税作業のIMWの修正依頼をしているが、同様にIC申告の場合も輸入申告の様式が変更になっているので、
どこの箇所に影響が出てくるか確認をお願いします。
さらに、不具合箇所の修正も併せてお願いしたいです。","■原因
NACCSの仕様変更により伝文のレイアウトが変更となったため

■対策
7次NACCSの伝文レイアウトに合うよう修正いたします。

2025/10/28 YJP追記
改修に時間を要するため、下記の暫定対応をまずは実施させていただき、11月の月初以降に
画面レイアウト等の仕様調整を各拠点含めて実施させていただいたうえで恒久対応致します。
（暫定対応）
システム内で送信伝文に関してはデータの内容は全て空白でフォーマット(７次NACCS対応)のみを意識した対応
（恒久対応）
・オフラス画面のレイアウト変更
・入力項目の初期表示
上記内容を打合せにて確定後対応致します。
打合せは11/27実施予定

2025/10/30 YJP追記
暫定対応に関してはターゲットへリリースいたしました。

2025/11/28 YJP追記
恒久対応について見積依頼を頂きましたので、作業工数の見積に着手致します。
ステータスを対応中→仕様整理中に変更致します。
愛知以外の拠点に関して、暫定対応版のリリースを下記の予定で実施致します
北海道：12/8（月）、千葉・徳山：12/17（水）

2025/12/03　YJP追記
本件、保守工数にて仕様変更対応を実施します。

2026/06/26 YJP福田追記
7次NACCSの追加改変対応として「運送場所識別」のプルダウンに新規コード「H」を追加いたします。

■棚卸
2026/02/25：対応中
2026/03/25：〃
2026/04/27：〃
2026/06/24：対応中（7次NACCSの追加改変対応）",オフラス,,,●,,－,,,,2026/06/26,2026/06/18,,仕様変更,エビデンス確認中,,,,,,"7次NACCS対象の下記機能（画面）について
・IC・IM･IS･BP輸入申告情報作成
　　改修不要（全て運用(netNACCSにて手入力)にて対応）
・IMW･ISW輸入申告情報作成
　　改修不要（全て運用(netNACCSにて手入力)にて対応）
・IMW輸入申告情報作成
　　改修不要（全て運用(netNACCSにて手入力)にて対応）
・保税作業品IMW輸入申告情報作成
　　改修要
　　　①運送場所識別　オフラス画面に追加表示（初期表示空白、プルダウン選択）
　　　②所在地　オフラス画面非表示（システム内部で拠点住所を展開）
　　　③名称等　オフラス画面非表示（システム内部で拠点名称を展開）
　　　④電話　オフラス画面非表示（システム内部で電話番号を展開）
　　　⑤通販貨物等識別　オフラス画面に追加表示（初期表示空白、プルダウン選択）
　　　⑥プラットフォーム等　オフラス画面非表示（システム内部で空白で展開）
　　　⑦ ①、⑤は必須項目であることから未選択時は必須入力エラーとします
※詳細は下記BOX格納の7次NACCS対応_画面項目追加.xlsxを参照
　https://app.box.com/folder/353627111612
　・7次NACCS対応_画面項目追加.xlsx

2025/12/03 YJP追記
本件、保守工数にて仕様変更対応を実施します。",仕様変更承認済,2.0人日,3.0人日,1.0人日,1.0人日,0.0人日,対応依頼,,,"2025/11/27 見積依頼受領
2025/12/03　保守工数にて対応実施",,,,,,,,,,,,,,,,,,,,,,,
,1050,2025/10/16,北海道,YJP和須津,秦野築,装置切替JOBステータス不良,,D：実績管理,D：実績管理,装置受払作業実績受信,"■発生日：2025年10月16日
■発生拠点：北海道製油所
■対応希望日：10月22日まで

■事象:
装置切替 JOB NO.411117 TOP-CR-LP2：T-006終了、JOB NO.411121 T-003開始作業において、
誤ってJOB NO.411117作業計画画面：装置受け払い作業予定‐修正・削除画面の「追加」ボタンからT-006→T-003装置切替を登録してしまった。
該当JOBを削除しようとしたが削除できなかったため、そのまま1行目の作業（JOB NO.411117終了・NO.411121開始）を実行した。
すると、オフラス上のステータスがNO.411117、411121ともに作業中（切替中）となった。
運転制御側はJOB NO.411117；終了、NO.411121は作業中となっている。

■あるべき姿：
JOB NO.411117が「終了」、JOB NO.411121が「作業中」となり「切替中」表示　が消える。

■代替手段：なし","■原因
誤操作情報によって作業実績の受信処理が正常にステータスを更新できなかったと考えられます。

■対策
本件、原因は異なりますがリカバリは保守No955と同様の方法で可能であると考えられます。
そのため、作業実績リカバリにて、JOB NO.411117を手入力で更新頂く必要がございます。
メールに添付しております資料を基に、実績データをご登録ください。

2025/10/20 YJP追記
上記手入力による運用で解消できたことのご確認いただいた結果、問題無く解消されたことから本件クローズといたします",オフラス,,●,,,,,,,,,2025/10/20,データ不備,確認完了,,,,,,,,,,,,,,,,,,,,,,,,,,,,,,,,,,,,,,,
,1051,2025/10/21,愛知,YJP移川,世古和子,IBP承認の許可データがIBP許可画面に反映されない,,F：外航通関,F：外航通関,VIFX010205_IBP輸入申告情報作成画面,"■発生日：2025/10/21
■発生拠点：愛知事業所　業務課
■対応希望日：1週間以内、
■事象：
LPG　IBP輸入許可について、通常はオフラスで許可処理を行いますが、現在IBP画面にBPのデータが反映されておらす、IBP許可処理が出来ない状況です。
■あるべき姿：
IBP許可処理画面に　BP承認のデータが反映され、許可の処理が出来る
■代替手段：
特になし
■添付ファイル
251021 LPG IBP 許可処理画面データ未表示の不具合.pptx","■原因
原産国：626（東ティモール）の保険料率が包括保険料率(INS)マスタに登録されていないため、
IBP輸入申告情報作成画面に表示するデータが取得できず「対象レコードがありません」エラーとなっております。
■対策
マスタメンテ機能にて、包括保険料率(INS)マスタに、原産国コード（626）、保険料率を登録願います。",オフラス,,,●,,,,,,,,2025/10/22,その他,対応不要,,,,,,,,,,,,,,,,,,,,,,,,,,,,,,,,,,,,,,,
,1052,2025/11/04,徳山,YJP杉本,國本優輝,引火点の項目で混合計算されない,,L：試験管理,L：試験管理,混合計算,"■発生日：2025/10/31
■発生拠点：徳山製油所
■対応希望日：11/10
■事象：
1.5C（ロット番号：A1-51031-14-BC1）にて混合計算実施時、引火点の項目で混合計算されない
■あるべき姿：
マスタで設定している項目の混合計算が実施される。
■代替手段：手計算で対応
■補足：
基材であるVC、DSRCの引火点（PM）のサンプル別試験項目マスタの混合計算引数フラグ(TSTINF131)が「1:混合計算引数」となっていることは確認済

■添付ファイル
INC-00572916_画面ショット
","■原因
　計算式番号1801で「算術演算の結果オーバーフロー」が発生しているため。
　オーバーフローとなる原因については、引き続き調査中。

2025/11/14 YJP追記
　混合計算定数2が「0.0」になっているため、0除算によるオーバーフローが起きています。

■対策
　マスタの混合計算定数を見直しいただきたいと思います。
　旧オフラス時の混合計算定数があると和田様よりお聞きしておりますので
　そちらをご確認いただき、混合計算定数を修正いただければと思います。",IKC,,,,●,,,,,,,2025/11/17,データ不備,確認完了,,,,,,,,,,,,,,,,,,,,,,,,,,,,,,,,,,,,,,,
,1053,2025/11/06,徳山,YJP大武,山本しのぶ,製油所受払月報と実地棚卸表の在庫が一致しない,,G：マスバランス,G：マスバランス,,"■発生日：2025/11/5
■発生拠点：徳山事業所
■対応希望日：2025/11/6中
■事象：製油所受払月報と実地棚卸表の在庫が一致しないため原因をご教示願います。（品名：エキストラクト）
　　　　昨年9月決算でも同様の事象が発生しておりますので、参考までに添付します。
■代替手段：なし
","■原因
調査中

■対策

2025/11/10IKC
・保守No907と同事象／同原因。
・暫定対応として、今回は前回(No907)と手法を変え、オフラス⇒SAPへのリカバリ連携は行わず、SAP側にてエラーとなった当該機械作成レコードを活用し、必要項目『SAPプラントコード：FA04』『SAP移動タイプ：Z71』を追記したレコードを手動Insertして対応。
　⇒現地で月報を出力し、内容に問題が無いことを確認済。
・根本原因部位は保守No907と同一のため併せて対応を進める（「SAP移動タイプ変換マスタ」の見直し）

■棚卸
2026/01/29：IKC認識済（別課題にて管理中、対応予定）
2026/02/25：クローズの旨各所に連絡する",オフラス,,,,●,,,,,,,2026/02/25,データ不備,確認完了,,,,,,,,,,,,,,,,,,,,,,,,,,,,,,,,,,,,,,,
,1054,2025/11/06,愛知,YJP那須,佐々木基至,オフラスで入荷伝票の取消伝票がエラーで確定することができない,,I：伝票発行管理,I：伝票発行管理,,"■発生日：2025/11/06
■発生拠点：愛知事業所
■対応希望日：2025/11/07
■事象:
オフラスで入荷伝票（10/2付、伝票No10001）の取消伝票が、「SAP移動タイプが取得できませんでした」というエラー文が表示され確定することができません。
訂正伝票も同様のエラー文が表示されます。
■あるべき姿：
「SAP移動タイプが取得できませんでした」というエラー文が表示されず、取消伝票または訂正伝票が確定できる。
■代替手段：
なし","■原因
2025年2月度に徳山で発生した保守問題点No972と同件になります。

■対策
対応についても保守問題点No972で問題ないかご確認ください。

■棚卸
2026/01/29：確認中、次回ステータス変更なき場合は強制クローズとする
2026/02/25：クローズの旨各所に連絡する",オフラス,,,●,,,,,,,,2026/02/25,仕様通り,確認完了,,,,,,,,,,,,,,,,,,,,,,,,,,,,,,,,,,,,,,,
,1055,2025/11/07,千葉,YJP大塚,,緊急時運用報告調査表の、国家備蓄在庫 及び 配管滞留油 修正依頼,,G：マスバランス,帳票,緊急時運用報告調査表,"■発生日：2025年11月07日
■発生拠点： 千葉事業所
■対応希望日：1～2週間程度(月初作業が落ち着いてからで問題ありません)
■事象：PJT問題点管理表No.0114で対応いただいている件、
  緊急時運用報告調査表へも反映させていただきたく、ご対応よろしく お願いします。
■あるべき姿：国家備蓄数量が正しい値(添付Excel)となる
■代替手段：なし","■原因
仕様通り
国家備蓄在庫(製品備蓄量・滞留油)の修正が必要。
■対策
国家備蓄在庫(製品備蓄量・滞留油)の値を添付していただいた資料どおりに変更いたします。

■棚卸
2026/01/29：確認中、次回ステータス変更なき場合は強制クローズとする",オフラス,●,,,,,,,,2025/11/20,2025/12/17,2026/02/19,仕様通り,確認完了,,,,,,,,,,,,,,,,,,,,,,,,,,,,,,,,,,,,,,,
,1056,2025/11/10,北海道,YJP和須津,青井圭介,北海道製油所　3社以上での伝票端数処理について,,A：オーダ管理,A：オーダ管理,どんぶり出荷,"■発生日：2025/11/5
■発生拠点：北海道製油所
■対応希望日：2025/11/21
■事象:
北海道製油所での１油種３社同時販売ケースにおいて、オフラス端数処理設定「受」の設定にて
自動伝票処理がされることは確認済みですが、後続処理（請求まで）の影響がないか、ご確認をお願いできますと幸いです。

■代替手段：","■原因
1油種3オーダのどんぶり出荷について、商品管理まで影響がないか確認いたします。
2025/11/14 YJP追記
下記のとおり、実績にて本伝が作成されることを確認いたしました。
商品管理までの確認となるとSAPとの連携が必要となることから検証の扱いをご相談させてください。
①1油種3オーダ(3取引先)を作成し仮伝が3取引先に対し作成されることを確認
②後続として実績ファイルメンテ機能にて実績を入力し本伝が3取引先に対し作成されることを確認
（①、②いすれも、端数調整：「受」のオーダに端数が集約されていることを確認）
■対策
特に無し（クローズで宜しいでしょうか！？）
2025/12/18 IKC
その後の問合せが来ていないため一旦クローズ。
",オフラス,,●,,,,,,,,,2025/12/18,その他,対応不要,,,,,,,,,,,,,,,,,,,,,,,,,,,,,,,,,,,,,,,
,1057,2025/11/13,北海道,YJP福田,秦野築,台帳の引き落とし間違い（品名間違い）,,F：外航通関,F：外航通関,,"■発生日：　2025/11/13
■発生拠点：　北海道製油所
■対応希望日： 11/19まで
■事象
外航出荷オーダー入力の実績を入力していたが、NAPHTHA台帳から引き落とさなければ
ならないものを、間違ってGAS OIL台帳から引き落としてしまった。
システム担当者に連絡して、取消を行ってもらったが、2油種あり上段から取消を行ったところ、
下段が取消できなかった。
■あるべき姿
GAS OIL台帳からではなく、NAPHTHA台帳から引き落としをする
■代替手段
なし","■原因
積戻し実績詳細(業者申告)画面に取り消しボタンが表示されていないのは、ステータスが実績確定済みまで進んでいるため、仕様通りです。
下段のFRNが取り消しできなかった問題は取り消し時にステータスを取得する条件が誤っていたため
■対策
取り急ぎの対応としまして、データパッチにて対応いたします。
恒久対応としてステータスを取得する条件を修正いたします。

2025/11/18 YJP追記
データパッチの対応をいたしました。

2025/11/21 YJP追記
データパッチの対応をいたしました。

2026/02/25：北海道にエビデンス確認催促
2026/03/25：リリース待ち",オフラス,,●,,,,,,,2025/11/20,2026/04/09,2026/06/24,AP・コーディング,確認完了,,,,,,,,,,,,,,,,,,,,,,,,,,,,,,,,,,,,,,,
,1058,2025/11/17,千葉,YJP那須,青井圭介,千葉オフラスモニタサーバのサービスダウン,,Y：通信管理,Y：通信管理,EAI,"■発生日：　2025/11/16 22時頃
■発生拠点：　千葉事業所
■対応希望日：　２週間以内
■事象
発生日時においてモニタサーバのPEAIServer及びPEAILoggerサービスがダウンした。
■あるべき姿
サービスダウンしないこと。
■代替手段
なし
","■原因：
11/16（日）はマシン停止日にあたり、パッチ適用作業を行っていた影響とみられるため、
アプリケーション動作中の異常終了ではないため問合せとしてはクローズとする。


■対策：

",オフラス,●,,,,,,,,,,2025/11/20,調査中,対応不要,,,,,,,,,,,,,,,,,,,,,,,,,,,,,,,,,,,,,,,
,1059,2025/11/18,千葉,佐々木基至,,C重油ブレンドシミュレータ流動点計算における不具合と思しき事象,,L：試験管理,L：試験管理,混合計算,"■発生日：2025/11/18
■発生拠点：千葉事業所
■対応希望日：一週間以内
■事象:
1.8Cのブレンドシミュレーション計算において、流動点（POUR_POINT）の計算結果に補正係数（DUMMY2）が反映されていない。
■あるべき姿：反映され、正しく計算結果が出ること。
■代替手段：なし","■原因：
調査中（生技C芥川様に調査依頼）
※PJT_問題点管理表No.103と同件
https://app.box.com/folder/304874950882
・IOS20-OFL_240_PJT_問題点管理表.xlsx

■対策：

■棚卸
2026/02/25：千葉（高橋様）確認中
2026/03/25：〃
2026/04/27：〃",IKC,●,,,,,,,,,,,その他,対応中,,,,,,,,,,,,,,,,,,,,,,,,,,,,,,,,,,,,,,,
,1060,2025/11/20,千葉,YJP福田,,DW保税作業でのIM原油の選択について（帳票価格表示）,,帳票,帳票,,"(PJT問題点管理表No112から帳票部分のみ移管)
■発生日：２０２５年１０月１７日
■発生拠点：　千葉事業所
■対応希望日： ２０２５年１０月３１日
■事象：
画面の方は使用したARABIAN LIGHT CRUDE OILとMURBAN CRUDE OILの両方が選択されておりますが
数量はそれぞれ全量の数量が表示されダブルカウントとなっております。
帳票の方はMURBAN CRUDE OILの方の価格が「#VALUE!」になっております。
■あるべき姿：移入承認年月日が新しいIM原油を継続保税作業で記載する。
■代替手段：なし
■補足： なし","■原因：
価格明細にIM原油の価格明細が使用されてるため。

■対策：
VAC保税の価格明細の単価を使用するようにプログラムを修正いたします。

■棚卸
2026/02/25：千葉にエビデンス確認催促
2026/03/25：〃",オフラス,●,,,,,,,,2025/12/09,2026/04/08,2026/06/24,AP・コーディング,確認完了,,,,,,,,,,,,,,,,,,,,,,,,,,,,,,,,,,,,,,,
,1061,2025/11/21,北海道,YJP福田,,台帳の引き落とし間違い（品名間違い）,,F：外航通関,F：外航通関,,"■発生日：2025/11/21
■発生拠点：北海道製油所
■対応希望日：大至急（本日申告しなければならないため）
■事象：
保税作業一覧画面から保税作業の記録ボタンまでは問題なく進んだか、終了ボタンを押すと
メッセージが出て、作業終了届が作成されなかった。
■あるべき姿：
終了届が作成される
■代替手段：
なし","■原因
7次naccs対応が未反映のため
■対策
データパッチにて対応いたします。

2025/11/21 YJP追記
データパッチの対応をいたしました。",オフラス,,●,,,,,,,,,,その他,確認完了,,,,,,,,,,,,,,,,,,,,,,,,,,,,,,,,,,,,,,,
,1062,2025/11/27,北海道,YJP福田,,NACCSのBIA受信電文がオフラスに取り込まれない,,F：外航通関,F：外航通関,,"■発生日：2025/11/21
■発生拠点：北海道製油所
■対応希望日：早めに
■事象：
​SHOHO MARUのBIAデータを送信したところ、オフラスにBIA受信データが取り込まれない。
原因がわからないので、調査してほしいです。
■あるべき姿：
BIAが取り込まれ、次作業に進める
■代替手段：
BIBにて入力し次作業に進めて処理する","■原因：
BIA申告維持に入力されている「搬入確認番号」が重複（既に使用されております）していることが原因でございます。
（既に使用された対象のオーダ情報は、外航入荷オーダ一覧において「強制終了」されていることから一覧画面には表示されておりません）
■対策：
重複しない「搬入確認番号」にて再度BIA申告をしていただければ問題無く受信データを取り込みます。
もし既に受信した伝文を流用する場合は再申告した伝文の「社内整理番号」「搬入確認番号」に訂正する必要がございます。

■棚卸
2026/01/29：確認中、次回ステータス変更なき場合は強制クローズとする
2026/02/25：クローズの旨各所に連絡する",オフラス,,●,,,,,,,,,2026/02/25,その他,確認完了,,,,,,,,,,,,,,,,,,,,,,,,,,,,,,,,,,,,,,,
,1063,2025/12/03,北海道,YJP大塚,,ブレンド出荷タンク在庫表の値がズレて出力される,,B：作業計画管理,帳票,,"新北海道FATにて発生した問題ですが、全拠点に影響がある内容だったため保守問題点に起票しました。
■発生日：2025/11/25
■発生拠点：北海道製油所
■事象
作業計画で設定した出荷比率が""ブレンド出荷品混合比率・性状及びタンク在庫チェック表""ではズレて出力される
■あるべき姿
基材タンクと出荷比率が正しく割り振られる
■代替手段
なし","■原因
混合比率の値が設定されていない場合の品名同一チェック処理がされていなかったため
■対策
混合比率の値が入っていないデータがある場合も想定した品名同一チェックの処理になるよう修正いたします。

2025/12/25 YJP追記
データコンディションにより無限ループとなり帳票作成時エラーが発生することから確認NGとする

2026/01/05 YJP追記
品名同一チェック時に無限ループが起こらないよう帳票を修正し、北海道ターゲット環境にモジュールリリースを行いました。

■棚卸
2026/01/29：確認中、次回ステータス変更なき場合は強制クローズとする
2026/02/25：クローズの旨各所に連絡する
2026/03/25：〃",オフラス,,●,,,,,,,2025/12/04,2026/01/05,2026/06/24,AP・コーディング,確認完了,,,,,,,,,,,,,,,,,,,,,,,,,,,,,,,,,,,,,,,
,1064,"2025/12/05
",北海道,YJP福田,,BPをICで入力してしまったので申告画面まで戻していただきたい,,F：外航通関,F：外航通関,,"■発生日：2025/12/4
■発生拠点：北海道製油所
■対応希望日：早めに
■事象
外航入荷オーダ一覧画面にて​SEAWAYS JEJU（輸入灯油）のBP通関が完了したので、
申告画面で手入力を行ったところ、BPなのにICで入力し完了してしまった。
申告画面まで戻していただきたいです。
■あるべき姿
ICではなくBPで入力し、完了する
■代替手段
なし","■原因
「取消」機能を使用することで申告画面に戻せます。
■対策
管理者権限のユーザにてログインしていただければ[取消]ボタンが申告画面に表示されます。
当該[取消]ボタンを押下していただくと、申告入力可能状態（背景色：赤）まで戻りますので、
再度正しい値を入力していただければ問題無いかと判断いたします。
",オフラス,,●,,,,,,,,,2025/12/23,その他,確認完了,,,,,,,,,,,,,,,,,,,,,,,,,,,,,,,,,,,,,,,
,1065,2025/12/05,北海道,YJP大武,,"第二営業日と第三営業日の製油所受払月報　プロパン末在庫について
",,G：マスバランス,G：マスバランス,,"■発生日：2025/12/3
■発生拠点：北海道製油所
■対応希望日：2025/12月末
■事象
第二営業日と第三営業日で「製油所受払月報」のプロパン末在庫が変化していた。
確認したところ、プロパンに関係する在庫修正や入出荷伝票の修正は行っていないとのこと。
(北海道製油所では帳票に影響を及ぼす行為は行っていない。)
また、「実地棚卸表」は変化しておらず、第二営業日に出力されたものの内容が正しい為
第二営業日に実地棚卸表と製油所受払月報の末在庫がなぜか一致しない不具合だと考えられる。
■あるべき姿
第二営業日と第三営業日でなぜプロパン末在庫の数量が変化したのか
第二営業日の「製油所受払月報」「実地棚卸表」でなぜ内貨プロパンの末在庫が等しくならないのか
因果関係が判明する
■代替手段：なし
本件帳票事態は現在正常なものが出力されているので、他の案件があれば12月中に解決できればと存じます。
■ITサポートデスクコメント：
取り急ぎOneSAP側ヘエスカレーションを実施したところ以下の通りご返信をいただいております。
そのため、オフラス側ヘエスカレーションを実施しております。
======
>第二営業日と第三営業日でなぜプロパン末在庫の数量が変化したのか
⇒ご提供いただた製油所受払月報は1営業日と2営業日でよろしかったでしょうか。
　2営業日にOneSAPでプロパンの訂正(?)実績が登録されています。
　OneSAP側は基本的にオフラスから連携された実績を元に登録されている認識のため、背景に関してはオフラス側にご確認いただけますでしょうか。
（確認したところ、2営業日の22時頃に該当実績が連携されてきていました）
＞第二営業日の「製油所受払月報」「実地棚卸表」でなぜ内貨プロパンの末在庫が等しくならないのか
⇒第二営業日の実地棚卸表出力後にOneSAP側の実績が登録されているからだと思われます。
","■原因
①第1営業日及び第2営業日のオフラス側の製油所受払月報処理の動作履歴は以下となっています。
　　a)2025年12月1日　11時4分　画面から製油所受払月報処理起動（第1営業日）
　　b)2025年12月1日　18時24分　画面から製油所受払月報処理起動（第1営業日）
　　c)2025年12月1日　22時5分　定刻処理で製油所受払月報処理起動（第1営業日）
　　d)2025年12月2日　22時5分　定刻処理で製油所受払月報処理起動（第2営業日）
②上記のタイミングで作成したオフラス側の製油所受払データ及び機械伝票を調査したところ正常に作成されています。
　　製油所受払月報のタンク在庫は、最初から「実地棚卸表」と同じになっていて、途中の変化は発生していません。
③オフラス及びSAPにおけるデータのリカバリー無しで、2025年12月2日23時22分に出力した製油所受払月報でデータが一致したということは、オフラスーＳＡＰ間のデータの授受は正常に行われていたものと推測されます。
④上記の状況を踏まえると、オフラスーＳＡＰ間のデータ授受の問題ではなく、ＳＡＰ上での帳票出力タイミングに関わる内容と推測されます。
【今後の対応】
マスタ整備の関係で、オフラスーＳＡＰ間のデータの授受が正常に行われずに、「製油所受払月報」と「実地棚卸表」においてデータ相違が発生した事象は過去に発生していますが、今回の現象は初めてです。
本件は、再現待ちとし、同様の現象が発生した場合に、時間をおいて再度、帳票出力を行うことをお願いしたく、検討の程、宜しくお願い致します。
2026/01/06 YJP追記
一旦クローズとさせていただき、再発時には新たに起票して",オフラス,,●,,,,,,,,,2026/01/16,データ不備,対応不要,,,,,,,,,,,,,,,,,,,,,,,,,,,,,,,,,,,,,,,
,1066,2025/12/08,北海道,YJP福田,,保税作業終了届が作成できない,,F：外航通関,F：外航通関,,"■発生日：2025/12/8
■発生拠点：北海道製油所
■対応希望日：至急（明日申告しなければならないため、本日中の準備となるため）
■事象：
保税作業一覧画面から保税作業の記録ボタンまでは問題なく進んだか、終了ボタンを押すと
メッセージが出て、作業終了届が作成されなかった。
■あるべき姿：
終了届が作成される
■代替手段：
なし","■原因
7次naccs対応が未反映のため
■対策
データパッチにて対応いたします。
2025/12/08 YJP追記
データパッチを実施致しました。
[終了]ボタン押下可能となっておりますので継続運用をお願いいたします。",オフラス,,●,,,,,,,,,2025/12/23,その他,確認完了,,,,,,,,,,,,,,,,,,,,,,,,,,,,,,,,,,,,,,,
,1067,2025/12/08,千葉,YJP古山,,オフラスで出力する「タンク在庫集計表」について,,D：実績管理,D：実績管理,,"■発生日：2025/12/5
■発生拠点：愛知事業所
■対応希望日：12/9（火）まで
■事象：
オフラスで出力する「タンク在庫集計表」について、「燃料油備蓄在庫」の「揮発油」が、どのタンクの合計数量なのかを知りたい。
■あるべき姿：不具合ではありません。
■代替手段：なし。","【調査結果】
　燃料油備蓄在庫」の「揮発油」に該当するタンクは以下となります。
　　　①揮発油_製品
　　　　　　→6基：10427、10428、10429、10430、10431、10432
　　　②揮発油_半製品
　　　　　　→7基：10421、10422、10425、10426、30507、30508、80203
　　　③ナフサ_製品
　　　　　　→1基：3012
　　　④ナフサ_半製品
　　　　　　→24基：10423、10505、20321、20322、20323、20324、3111、3116、3122、3125
　　　　　　　　　　　　　3126、3202、3303、3305、3306、3309、3310、3311、3312、3404
　　　　　　　　　　　　　3405、3406、3408、3410",オフラス,●,,,,,,,,,,,その他,確認完了,,,,,,,,,,,,,,,,,,,,,,,,,,,,,,,,,,,,,,,
,1068,2025/11/10,北海道,佐々木基至,田苗直樹,月初締めトラブルに伴うリカバリ検討（北海道）,　,G：マスバランス,G：マスバランス,　,"■発生日：2025/11/4
■発生拠点：北海道製油所
■対応希望日：2025/11/6
■事象：SAPからの入出荷伝文（戻り）にてオフラス側取込エラー発生
■代替手段：なし","■原因
品名マスタ登録不備
■対策
概要：不備のある品名マスタの状態で既存伝票を削除し、品名マスタを正しく修正後あらためて新規伝票起票（オフラス・SAP協業対応）",オフラス,　,●,　,　,　,　,　,2025/11/10,,,2025/11/10,その他,確認完了,,,,,,,,,,,,,,,,,,,,,,,,,,,,,,,,,,,,,,,
,1069,2025/12/15,愛知,YJP村上,古井珠実,オフラスで取消ボタンが表示されず作業ができない,,F：外航通関,F：外航通関,,"■発生日：2025/12/15
■発生拠点：愛知事業所
■対応希望日：12月19日
■事象:
OFFLAS　TOP保税作業生産品IMW申告を進めましが、急慮IMWが中止となったため
システム担当者へ取り消しを依頼しました。
しかし、システム担当者より『取消』ボタンが表示されないので、取り消し作業ができないと言われてます。
■あるべき姿：
IMW作業の〔取消〕ボタンが表示されIMWの取り消しが行える。
■代替手段：
なし","■原因
「取消」機能が有効になるのは申告が確定（NACCSからの許可承認伝文を受信したタイミング）していることが条件となっております。
今回は申告途中においての取消はサポートしておりませんことからデータパッチで対応させていただきます。
■対策
データパッチにて初期状態に戻します。
2015/12/16 YJP追記
データパッチを実施いたしました。
内容のご確認をお願いいたします。",オフラス,,,●,,,,,,,,2025/12/16,その他,確認完了,,,,,,,,,,,,,,,,,,,,,,,,,,,,,,,,,,,,,,,
,1070,2025/12/22,北海道,YJP村上,秦野築,オフラスー作業計画－出荷ー試験依頼画面を操作中、画面表示の一部が空欄となる,,B：作業計画管理,B：作業計画管理,,"■発生日：2025/11/05、2025/12/16
■発生拠点：北海道
■対応希望日：1月31日まで
■事象:
オフラスー作業計画－出荷ー試験依頼画面を操作中、画面表示の一部が空欄となる。
もう一度該当ページを開き直し、再度同じ操作を行うと問題なく操作可能。
これまでに11月5日、12月16日の2回発生。
■あるべき姿：
画面が正しく表示される。
■代替手段：
再度操作し直し
","■原因
調査中です。

■対策
2026/04/22 YJP追記
検証環境にて再現が見込めず、12月16日以降には発生していないこと、再度同じ操作実施で問題なく画面操作できることから再現待ちとして本件はクローズさせていただくことで合意いただきました。

■棚卸
2026/01/29：未着手（担当者CR油案件優先対応）
2026/02/25：未着手（担当者CR油案件優先対応）
2026/03/25：〃",オフラス,,●,,,,,,,,,,その他,対応不要,,,,,,,,,,,,,,,,,,,,,,,,,,,,,,,,,,,,,,,
,1071,2026/01/05,千葉,YJP大塚,中山　修美,バイオエタノールの帳簿の修正,,J：バイオターミナル管理,J：バイオターミナル管理,バイオターミナル台帳,"■発生日：２０２６年１月１日
■発生拠点：　千葉事業所
■対応希望日： ２０２６年１月7日（週末にETBE輸入予定のため）
■事象：12/27の内航出荷実績を確定する前に12/28の内航出荷実績を確定した。
　　　　　　12/28の総在庫（朱書き）と12/29の増減（朱書き）が正しくない。
■あるべき姿：バイオエタノールの帳簿が正しく記載されている。
■代替手段：なし","■原因
仕様とおりです。
保守_問題点管理表No.190にて左記事象のように日付順に確定されない場合はワーニングメッセージを出力するように仕様変更対応済です。
ワーニングなので確定可能としており、確定した場合はETBE台帳をデータパッチにて修復しております。
（保守_問題点管理表No.430、保守_問題点管理表No.582(他にもあり)を参照願います。）
■対策
上記の問題点管理表Noと同様、データパッチにて対応致します。
データパッチ結果エビデンスは1/7に提出致しますのでご確認のほうお願い致します。",オフラス,●,,,,,,,,2026/01/07,,2026/01/07,仕様通り,確認完了,,,,,,,,,,,,,,,,,,,,,,,,,,,,,,,,,,,,,,,
,1072,2026/01/06,北海道,YJP古山,田苗直樹,2025.12　原油処理実績量差異について,,G：マスバランス,G：マスバランス,,"■発生日：2026年1月6日
■発生拠点：北海道製油所
■対応希望日：1/6 14時まで
■事象:
オフラスで原油実績を入力した後の「原油タンク別品名別日報月報」と製油所受払月報の原油処理量に差異が発生している(3,672.545KL)
原因の調査及び「原油タンク別品名別日報月報」の原油処理量が製油所受払月報に反映されるよう修正願います。
(添付資料参照)
■あるべき姿：
■代替手段：なし","■原因
調査中
2026/01/07 YJP追記
2025/01/07にリカバリ（田苗様にて原油タンク受払い実績画面でJOBの割り当てを変更）は終了済
根本原因について継続調査中

■対策

■棚卸
2026/01/29：未着手（担当者CR油案件優先対応）
2026/02/25：未着手（担当者CR油案件優先対応）
2026/03/25：未着手
2026/04/27：未着手

2026/06/30 YJP高山追記：
保守No.1107と同内容であると考え、調査中です。
原油タンク受払実績画面での、調整元にJOB番号が付いたものを変更したために
発生しております。元から紐づいていたかどうか、また数量0の装置受払がありそちらに
紐づいてしまった可能性も含めて調査を進めております。",オフラス,,●,,,,,,,,,,調査中,調査中,,,,,,,,,,,,,,,,,,,,,,,,,,,,,,,,,,,,,,,
,1073,2026/01/07,北海道,YJP大塚,秦野築,入出荷作業計画一覧表の一部項目のみJOB NOと船名が表示されず空欄になる,,B：作業計画管理,帳票,,"■発生日：2026年1月6日
■発生拠点：北海道製油所
■対応希望日：
■事象:一部項目でJOB NOと船名が表示されずに空欄になってしまう
■あるべき姿：
■代替手段：","■原因
船名の取得処理にて、出荷作業予定テーブルのオーダ区分が条件外の場合Nullが返される処理になっていたため、JOB_NOと船名が表示されないデータが存在していました。

■対策
船名を取得する処理に修正いたします

■棚卸
2026/01/29：進捗状況確認中
2026/02/25：リリース待ち
2026/03/25：〃",オフラス,,●,,,,,,,2026/01/23,2026/04/09,2026/06/24,AP・コーディング,確認完了,,,,,,,,,,,,,,,,,,,,,,,,,,,,,,,,,,,,,,,
,1074,2026/01/13,千葉,YJP村上,青井圭介,千葉運転管理のDB通信が遅い,,その他,その他,,"■発生日：2026年1月13日
■発生拠点：千葉事業所
■対応希望日：早めに
■事象:
現在、千葉の運転管理において、DB通信が遅くなる事象が発生しているため
調査をお願いできますでしょうか。優先度合いは高めになります。 
15時頃、伊藤さんからの連絡を受け確認したところ、以下の状況でした。
（１）運転管理単独での動作が重く、画面表示時のタイムアウトが発生する(表示できる場合もある)
（２）運転⇔試験系の通信が極端に遅い、もしくはタイムアウトする
（３）運転制御との通信もタイムアウトが発生する
サーバなど色々確認してみても表面上は特に異常は見受けらないため、
APサーバを再起動し1号機⇒2号機へ稼働を移したところ、事象は少し改善しましたが現状もやや重めです。
運転管理内のDB通信で何か問題が起きている印象を受けますので、急ぎ調査をお願いいたします。
必要なログ等は依頼頂ければ採取しますので、お知らせください。
#個人的な印象としては、DB通信で待ちが発生している感じがします。
（DBセッション数等の許容値内で解放待ちのような状況が起きている？）
■あるべき姿：
速度改善
■代替手段：","■原因
取得いただいたログから確認できた状況は以下になります。
　・DBのアラートログに14時48分に以下のエラーログが出力されている
　　メッセージ抜粋：ORA-03137: クライアントからの不正な形式のTTCパケットが拒否されました
　　⇒発生時刻より、該当のエラーはSFの需要家区分取得依頼処理で発生していると推測しています。
　・上記のエラー発生以降、UIとSFの処理が全体的に不安定な状況(※)が発生している
　　※処理が異常終了する、途中で止まっている（ように見える）等の状況が確認できています
　　※需要家区分取得依頼処理はエラーが発生したことに伴い、エラー発生～APサーバが再起動されるまでの間に発生した要求が未処理（タイムアウト）となっています。

上記の状況とお問合せの内容より、運転管理のAP⇔DB間で何らかのエラーが発生し、DB通信が行われる処理が一時的に不安定になっていた(※)ものと推測されます。
※もし14時48分より前から動作が重いなどの事象が発生していたのであれば、上記のエラーも他の問題の影響で発生したと考えられます。

しかし、上の※内で挙げたようにOracleエラーが本事象のそもそもの原因なのか、なぜOracleのエラーが発生したのか等、調査が難しい部分が多く（特に後者はYJPではこれ以上の調査はできないと思われます）、対応の検討（原因の特定）に至れていないという状況となります。
ご相談として、本事象については再現待ちとさせていただき、再現した際にはログの類似性などを確認させていただき、改めて調査とさせていただけないでしょうか。
また、Oracleのエラーについてサポートへお問合せして頂くことが可能かどうかについてもご相談させてください。

■対策
2026/02/26
Oracleサポートに問い合わせしていただくための資料を準備いたしました。
　https://app.box.com/folder/368056874332
　　Oracleへの問合せ内容.xlsx
　　※同フォルダ内に格納しているログ.zipは問合せ時に添付いただきたいファイルです。
お手数ですがOracleサポートへの問合せよろしくお願いいたします。
　　
■棚卸
2026/01/29：調査結果について担当YJP那須様記入予定
2026/02/25：Oracleサポートに問合せする
2026/03/25：Oracleサポート問合せ中
2026/04/27：継続確認中",オフラス,●,,,,,,,,,,,調査中,再現待ち,,,,,,,,,,,,,,,,,,,,,,,,,,,,,,,,,,,,,,,
,1075,2026/01/14,北海道,YJP福田,,ボンド出荷オーダ一覧にて、引落数量を訂正したい,,F：外航通関,F：外航通関,,"■発生日：2026/1/7
■発生拠点：北海道製油所
■対応希望日：1/16まで（在庫管理が正しくできないため）
■事象：
ボンド出荷オーダ一覧にて、1/6のCORONA ACEの申告内容と引落台帳を間違えたので、確定前に戻していただきたいです。
■あるべき姿：
入力前に戻してほしい
■代替手段：
なし","■原因
仕様通りです。
■対策
データパッチにて対応いたします。

2026/01/15 YJP追記
データパッチを実施いたしました。",オフラス,,●,,,,,,,,,2026/01/15,仕様通り,確認完了,,,,,,,,,,,,,,,,,,,,,,,,,,,,,,,,,,,,,,,
,1076,2026/01/14,北海道,YJP大塚,秦野築,作業シート改定,,帳票,帳票,,"■発生日：2026/1/14
■発生拠点：北海道製油所
■対応希望日：2月13日まで
■事象:オフラス作業計画シートの「CRシフト生産作業シート」および「水切り作業シート」の内容を添付フォーマット通りに改定したい。
■あるべき姿：改定された作業シートが出力される。
■代替手段：なし","■原因
仕様通りです。
■対策
改定エビデンスに従い修正いたします。

■棚卸
2026/01/29：対応中
2026/02/25：リリース待ち
2026/03/25：〃",オフラス,,●,,,,,,,2026/01/30,2026/04/09,2026/06/24,仕様通り,確認完了,,,,,,,,,,,,,,,,,,,,,,,,,,,,,,,,,,,,,,,
,1077,2026/01/14,千葉,YJP福田,伊藤祐希,出荷JOB協定書実績表示されない（協定ボタンもでない）,,D：実績管理,A：オーダ管理,,"■発生日：　2026/1/14
■発生拠点：　千葉事業所
■対応希望日：今月中
■事象： 本日、1BTから出荷した船、立山の0.5Aが出荷終了したにもかかわらず、協定書が作成できず協定書実績画面にも表示されませんでした。
当該オーダーは昨日13日から日延べしており、且つ船名、オーダー情報が変更になっています。
また、昨日の運転管理の障害中にオーダー変更した可能性もあり、どれが原因かよくわかっていません。
協定書は手書きで発行したため、急ぎではありませんが今月中に対応完了させたいです。
■あるべき姿： 出荷の協定ができる。
■代替手段：協定書は手書きで対応","2026/05/21YJP記入
■原因
該当の「立山」の伝票実績にオーダ管理Noが登録されていないため、協定実績が作成されず、協定実績画面に表示されておりません。
※出荷伝票作成時に協定実績を作成するが、オーダ情報等をオーダ管理Noから紐づけて取得する必要がある。
　　今回の場合紐づかないので協定実績が作成されていない
■対策
上記に記載していますように、実際のオペレーションが不明な部分がありますが、
オーダ変更時に伝票実績と紐づかず、協定実績が作成されなかったことが原因だと考えられます。
メッセージや操作履歴から詳細な発生個所について特定ができないため、本件再現待ちとさせて頂きたく、
次回発生時に、実際の操作手順等から再調査とさせて頂きたく考えております。

2026/05/28　YJP和須津追記
ターゲット環境にて再現していないことから一旦クローズとし、
再発時に新たに起票しての対応と致します（千葉事業所 伊藤様と調整済）

■棚卸
2026/01/29：未着手（担当者CR油案件優先対応）、事象発生日は千葉定期再起動を実施（関連事象と推測している）
2026/02/25：未着手（担当者CR油案件優先対応）※潜在不具合or再起動どちらが原因の切り分けが必要
2026/03/25：〃
2026/04/27：〃",オフラス,●,,,,,,,,,,2026/05/28,再現待ち,対応不要,,,,,,,,,,,,,,,,,,,,,,,,,,,,,,,,,,,,,,,
,1078,2026/01/15,愛知,YJP福田,,オフラスシステムの不具合について,,F：外航通関,F：外航通関,,"■発生日：2026/1/15
■発生拠点：愛知事業所
■対応希望日：今週1/16中の対応をお願いします
■事象：
外航通関業務の実績処理の箇所で“例外メッセージ”が出直され、先の処理に進めない。
■あるべき姿：
エラーが出ず、後続処理に進むことができる。
■代替手段：
なし","■原因
根本調査とし窒素押し、窒素逆押しの際に左記事象のシステムエラーとなりうるデータが登録されないという事象が発生しうるか否か調査用（オーダ管理）
窒素押し、逆押しでは試験系のデータは登録はされないにも関わらず取得処理を行っていたため
■対策
2026/01/16 YJP追記
暫定対応としてデータパッチでの対応を実施いたしました。
2026/03/09 YJP追記
窒素押し、逆押しの子JOBについては試験系情報の取得処理を削除します。

■棚卸
2026/01/29：データパッチ適用にて事象は解消、根本原因調査中
2026/02/25：引き続き根本原因調査中
2026/03/25：リリース完了、現地確認待ち",オフラス,,,●,,,,,,2026/03/10,2026/03/23,2026/06/24,AP・コーディング,確認完了,,,,,,,,,,,,,,,,,,,,,,,,,,,,,,,,,,,,,,,
,1079,2026/01/16,北海道,青井圭介,市川大地,自家燃のC重油タンク在庫について、新たに自家燃タンク在庫連携ルートで在庫連携したい。,,G：マスバランス,G：マスバランス,,"■発生日：2026/01/7
■発生拠点：北海道
■対応希望日：2月中
■事象:
　B-W3A、B-W3Bタンクは既に自家燃タンク在庫連携ルートで連携しており、
　これにB-W4タンクの在庫を連携したい。
　帳票類にも在庫量を計上させたい。

■あるべき姿：
　B-W4タンクの在庫量が新IRISからオフラスに連携され、帳票に在庫が計上される。

■代替手段：
在庫修正設定画面にて毎月手入力している。
","■原因
仕様とおり
■対策
1/16の関係者打合せにて
既にB-W4タンクがマスタに登録されていることを確認、
D201（自家燃タンク在庫）の検証用ファイルをいただき(1/19受領)、三鷹検証環境にて取り込み、
画面に表示されるかを検証することに確定
2026/02/04 YJP追記
仕様変更対応にて未確認の状況、月初明けの2/9週に検証予定
2026/02/13 YJP追記
三鷹検証環境にて新IRIS側から受領したファイルを連携した結果、問題無く表示されることを確認
検証結果エビデンスを下記出光BOXに格納致しましたので、内容をご確認願います。
https://app.box.com/folder/365867759706
・保守No1079_自家燃タンク受信のエビデンス.xlsx
・帳票エビデンス_タンク在庫日報.xlsx
2026/02/25 YJP追記
受払月報関係帳票に関して三鷹検証環境にて検証中です。
CR油対応にて進捗状況が芳しく無く申し訳ございませんが3月末目途で確認中です。
検証結果が出次第報告致します。
2026/04/01 YJP追記
・ 自家燃タンクのデータ受信確認
・ 製油所受払月報関連の伝文データによる確認
の検証結果エビデンスを下記出光BOXに格納いたしました。
内容のご確認をお願い致します。
https://app.box.com/folder/374188818029 
2026/06/30YJP古山追記
既に運用中なので完了とします。

■棚卸
2026/01/29：未着手（担当者CR油案件優先対応）
2026/02/25：月報への反映可否を確認中
2026/03/25：近日着手予定
2026/06/24：北海道にて対象品名について再度確認中",オフラス,,●,,,,,,,,,,仕様通り,確認完了,,,,,,,,,,,,,,,,,,,,,,,,,,,,,,,,,,,,,,,
,1080,2026/01/23,北海道,YJP小笠原,秦野築,ブレンドシミュレーター計算不良,,K：ブレンドシミュレーション,計算エンジン,,"■発生日：2026/01/23
■対応希望日：即日
翌日の出荷計画の登録不可な状況の為、できる限り早い対応を希望いたします。
■事象:
ブレンドシミュレーター計算時、タイムアウトした旨が表示される。
結果一覧画面に計算結果は表示されるものの、合格・不合格の判定はされておらず、比率をJOBへ登録する事も不可。
2026/1/26 同事象が再発
2026/1/27　同事象が再発
■あるべき姿：
計算が適切に行われ、比率をJOBへ登録できる。
■代替手段：
なし","■原因
調査中
計算エンジンの処理時間が90秒（ボタン押下から腕時計にて計測した結果）を要していることが原因！？
■対策
（暫定対処）
システム定数上のタイムアウト値を60秒から180秒に変更
（UIサービス再起動にてシステムに反映）
⇒反映されず、別品名にて再発
タイムアウト値については、システム定数の設定内容を変更するだけでは有効とならず、
クライアントとサーバ間の通信タイムアウト値についても変更が必要であることが判明
同様の事象が愛知の初期流動時に発生（PJT_問題点管理表No.3603）しており、
愛知と同様の対策としてクライアント、サーバ間のタイムアウト値を150秒で設定
（設定に関してはJAVAscriptを用いての実装となります）
北海道_秦野様と連携し、タイムアウト変更後に問題無くブレンドシミュレーション機能が実行されたとのことからひとまずは解決
（恒久対応）
2026/02/09 YJP追記
取得いただいたログにて詳細調査した結果下記の通りとなります。
　計算エンジン：50秒前後（20秒の時もあり）
　規格取得（通信）：20秒前後
　履歴登録：10秒前後
規格取得においても20秒前後かかっているが、やはり計算エンジンにて50秒掛かっていることから、計算エンジンの性能改善を希望いたしますが、20秒の時もあることから暫定対処を恒久対処とするか検討が必要と判断致します。
2026/03/23 YJP追記
新設北海道へタイマー値の変更実施（4月予定）

■棚卸
2026/01/29：システムログにて計算エンジンの処理時間(実測値)の調査（YJP）
2026/02/25：計算エンジン（生技C）側のパフォーマンス改善要否を確認する
2026/03/25：通信タイムアウト値変更リリース予定（4月予定）←リリース済
2026/04/27：計算エンジン（芥川さん）側の対応待ち
2026/06/24：暫定対応（タイムアウト値変更）リリース済を以ってクローズ",オフラス,,●,,,,,,,,2026/04/09,2026/06/24,その他,確認完了,,,,,,,,,,,,,,,,,,,,,,,,,,,,,,,,,,,,,,,
,1081,2026/02/02,北海道,YJP古山,田苗直樹,12月末在庫原油数量が2026.1月初在庫と異なる,,G：マスバランス,G：マスバランス,,"■発生日：2026/02/02
■発生拠点：北海道製油所
■対応希望日：2/3 9時まで
■事象:オフラス-原油実績編集-原油タンク受払実績画面にて2025.12末の原油タンク在庫と2026.1月初のタンク在庫数量が原油・SLOPタンク全て異なります。
2025.12月末在庫原油数量=2026.1月初在庫となるように修正お願い致します。

リカバリしようとして、原油実績取込のデータ取込1月1日だけ指定して行ったところ1月1日～1月30日までの入力したデータが全て消えてしまいました。
再度入力するのは手間がかかるためバックアップなどでリカバリ出来ないでしょうか。
こちらもあわせてご確認お願い致します。
■あるべき姿：
■代替手段：なし。","■原因
誤操作による問題です。
(操作履歴によると2025/12/31～2026/01/31までの原油データ取込をしているようです)
2025/12/31の原油データを誤操作にて取込したため、当日の各入力データが基礎データに戻った。
その影響で12/31の原油タンク受払実績画面入力値、翌年1/1の繰越在庫数量に影響が出た。

■対策
在庫計算・更新を12/31及び1/1～１/31まで再実施する。
そのうえで1月中の原油タンク在庫実績画面等での調整値を再度入力頂き、改めて在庫計算・更新を
行い、製油所受払データ作成、月次処理と進めて頂く必要がございます。

2026/02/04追記：
2月の月初処理にて出力された製油所受払月報(オフラスで言う受払月次データ)と、
Excel帳票の数値が合っておらず確認が出来ないと相談を頂いたため、DBDMPと
製油所受払月報を送付頂き、数値の妥当性確認を行った。
その結果、各データの詳細な妥当性までは弊社では分かり兼ねますが、
少なくとも計上された通油量や在庫量に基づいて、月次集計が正常に
行われていることを確認出来ました。※YJPから北海道製油所様に連絡済み。

■Box格納資料
https://app.box.com/folder/364485426038
┗保守No1081_製油所受払月報確認資料_20260205.xlsx
",オフラス,,●,,,,,,,,,2026/02/05,その他,確認完了,,,,,,,,,,,,,,,,,,,,,,,,,,,,,,,,,,,,,,,
,1082,2026/02/02,北海道,YJP福田,,BOTTOM OIL台帳の数量を修正していただきたいです,,F：外航通関,F：外航通関,,"■発生日：　2026/2/2
■発生拠点：　北海道製油所
■対応希望日： 2/6頃まで
■事象
一次保税作業に数量誤りがあり、昨年修正申告をおこなった。（BOTTOM OIL）
外貨製品在庫修正を行っても、BOTTOM OIL台帳の修正ができない状態である。
■あるべき姿
TOP-2533-(M)のBOTTOM OIL台帳の現在庫は7,874.395KLであるが、
こちらより446.970KLを引いた7,427.425KLが正しい数量となる。
■代替手段
なし","■原因
仕様通りです。

■対策
データパッチにて対応いたします。
2026/02/04 YJP追記
データパッチを実施いたしましたので、確認をお願いします。
⇒確認OKとのことからクローズ致します。",オフラス,,●,,,,,,,,,2026/02/04,その他,確認完了,,,,,,,,,,,,,,,,,,,,,,,,,,,,,,,,,,,,,,,
,1083,2026/02/03,愛知,YJP古山,,定時タンク状態比較画面に9010タンクの在庫が表示されない,,D：実績管理,D：実績管理,,"■発生日：2026/01/31 04:00以降
■発生拠点：愛知事業所
■対応希望日：2/4中
■事象:
定時タンク状態比較画面にて、9010タンクの在庫が表示されなくなった。
正常にデータ収集できれば、以下の表示になるが、9010は表示されない。
1/31 03:00在庫までは正常に収集できていたが、04:00以降はデータが欠損している状態。
■あるべき姿：
9010タンク在庫も定時在庫で表示される状態。
■代替手段：
下位システム(DCS,タンクゲージシステム)で在庫確認を行う。
■補足：
オフラスで在庫確認が出来ず、在庫管理が難しい状況です。
(添加制御は下位システムで実施中のため、品質異常に直結はしない)
可能な限り早期対応をお願いしたいです。
","■原因
OMC側のタンクマスタの設定が仮装タンクになっていた（1/31 3:00に実タンク→仮想タンクに変更 ）ため、OMC側にて仮想タンクの場合は在庫送信しない制御により当該事象が発生しております。
（愛知_米津様検証結果）
■対策
設定変更後、問題無く在庫データの収集が出来ていることを確認(2/5 米津様報告)
但し、
① 運転管理側で仮想タンクに設定した経緯
② 運転管理側で仮想タンクを実タンクに変更した場合の影響
の調査依頼あり

2026/02/17 YJP追記
①に関しては弊社側においても経緯は不明です。
②に関しては経緯が不明なことから直近のおいての影響は無いと判断致します。",オフラス,,,●,,,,,,,,2026/02/20,その他,確認完了,,,,,,,,,,,,,,,,,,,,,,,,,,,,,,,,,,,,,,,
,1084,2026/02/03,徳山,YJP古山,山本しのぶ,オフラス製油所受払月報チェックリストのエラーについて,,G：マスバランス,G：マスバランス,,"■発生日：2026/02/03
■発生拠点：徳山事業所
■対応希望日：2026/02/04
■事象:製油所受払月報チェックリストで下記エラーが出たため、SAPで確認したところ当該出荷伝票だけ評価タイプが「TAX」になっていました。
需給部海運課へ確認しましたが原因が分からないとのことでしたので、どのように訂正したら良いかご教示願います。

【エラー内容】
揮発油等の課税品生産はあり得ない。払出増減へ仮計上しているため訂正のこと。

■あるべき姿：
エラーが解消し、レギュラーガソリンの払出増減が「0」になる。
■代替手段：無し","■原因
左記事象にあるとおり、積載確認時の評価タイプが「PAID」ではなく、「TAX」になっていることが原因です。
2026/02/04 YJP追記：
オフラス上ではレギュラーガソリン(内貨品)の月次出荷数量に対し、未納税品からの
転換数量が不足していることが原因であると考えられます。
そのため、月次集計にて内貨品が不足した分が払出増減として計上され、
エラーコードが出ていたものと想定しております。
試しに三鷹検証環境にてTIGX031(入出荷明細)に下記を暫定的に手作成し、
月次処理を実施したところ、払出増減もエラーコードも発生しませんでした。
※手作成、手投入して検証した内容
区分:11(転換)　 ２）レギュラー　-200,133
区分:11(転換)　　レギュラーガソリン　200,133
■対策
SAP側にて訂正対応

",オフラス,,,,●,,,,,,,2026/02/04,その他,確認完了,,,,,,,,,,,,,,,,,,,,,,,,,,,,,,,,,,,,,,,
,1085,2026/02/05,千葉,YJP村上,伊藤祐希,"輸入SAF導入対応
（荷繰り関連）",,A：オーダ管理,A：オーダ管理,,"■発生日：2025年8月
■発生拠点：千葉
■対応希望日：
■事象:輸入SAF導入にあたり荷繰り周りの改修を依頼
■あるべき姿：
■代替手段：","■原因
仕様通り
■対策
（仕様変更）
JETA1がNSAFとの混合か否かを判別可能とするように修正する

■棚卸
2026/02/25：運用開始時期未定、再開時期要確認
2026/03/25：北海道更新完了後、着手予定
2026/06/24：運用開始時期未定、再開時期要確認",オフラス,●,,,,,,,,,,,仕様通り,仕様整理中,,,,,,,仕様変更承認済,,,,,,,,,,,,,,,,,,,,,,,,,,,,,,,,
,1086,2026/02/05,千葉,YJP村上,中山修美,"輸入SAF導入対応
（外航通関ボンド出荷関連）",,F：外航通関,F：外航通関,,"■発生日：2025年8月
■発生拠点：千葉
■対応希望日：
■事象:輸入SAF導入にあたりボンド出荷の改修を依頼
■あるべき姿：
■代替手段：","■原因
仕様とおり
■対策
JETA1(混合SAF)としての保税品をJETA1、NSAFにて分別して出荷するにあたり、各々の台帳から引き落とし可能とするよう修正する
2026/03/23 YJP追記
リリース日の調整（前段で簡略品名コードの明確化）


■棚卸
2026/02/25：運用開始時期未定、再開時期要確認
2026/03/25：〃
2026/04/27：8月開始？、別途打合せ有
2026/06/24：運用開始時期未定、再開時期要確認",オフラス,●,,,,－,,,,,,,仕様通り,対応中,,,,,,,,,,,,,,,,,,,,,,,,,,,,,,,,,,,,,,,
,1087,2026/02/05,千葉,YJP村上,中山修美,"輸入SAF導入対応
（外航通関帳票関連）",,F：外航通関,帳票,,"■発生日：2025年8月
■発生拠点：千葉
■対応希望日：
■事象:輸入SAF導入にあたり通関申告関連帳票の改修を依頼
■あるべき姿：
■代替手段：","■原因
仕様通り
■対策
（仕様変更）
JETA1とNSAFを混合SAFとして集約して出力するよう修正する

■棚卸
2026/02/25：運用開始時期未定、再開時期要確認
2026/03/25：〃
2026/06/24：〃",オフラス,●,,,,,,,,,,,仕様通り,仕様整理中,,,,,,,,,,,,,,,,,,,,,,,,,,,,,,,,,,,,,,,
,1088,2026/02/06,千葉,YJP古山,佐々木基至,【確認依頼】海上・パイプライン出荷予定実績(504)のマイナス値について,,D：実績管理,D：実績管理,,"■発生日：2026年1月22日
■発生拠点：千葉事業所
■対応希望日：2026年2月10日
■事象:
オフラス⇒新IRISへの当該連携において、マイナス値が連携されたことにより新IRIS側でエラーが発生した旨、
ご連絡を頂いております。（*1）
今後の対応として、新IRIS側でマイナス値が取り込めるよう手当する方向で動いておりますが、
払出タンク実績数量がマイナスになるケースについて確認が来ておりますため（青線部）、
こちらについてご教示頂きたく、お手数ですがご確認のほどよろしくお願いいたします。
■あるべき姿：
■代替手段：","■原因
【報告内容】
①払出タンク実績数量がマイナスになるケースですが、海上出荷JOBが定時（4時）跨ぎで運転した場合に発生します。
　　今回のマイナスデータのJOB
　　　JOBNO　：　213822
　　　作業開始日時　2026年1月21日20時01分
　　　作業終了日時　2026年1月22日04時13分

　　　運転制御からのJOB実績は、2026年04時13分に受信しています。
　　　よって、オフラスから新IRIS側に送信した2026年1月21日データは途中実績のデータとなります。　
　　　そのデータで新IRIS側がエラーになっています。
②途中実績として流量計値は管理していますが、タンク在庫に関しては正確な値は管理していません。
　　例えば、今回のJOBの作業計画上の出荷タンクは以下となっています。
　　　　10203
        10205
        10206 
        10207
    途中実績の段階では上記タンク全ての増減で計上されますので、データとしては不正確な値となります。
　　添付資料を参照下さい。

■対策
DI部にて確認されている認識
2026/06/30YJP古山追記
文字型タンクNoの対応は、新IRIS側で対応検討中

■棚卸
2026/02/25：DIにて引き続き確認（現地確認等）
2026/03/25：別途打合せ予定
2026/04/27：DI部にて引き続き新IRIS側とやり取りしながら対応を進める
2026/06/24：対応中",オフラス,●,,,,,,,,,,,仕様通り,対応中,,,,,,,,,,,,,,,,,,,,,,,,,,,,,,,,,,,,,,,
,1089,2026/02/13,千葉,YJP福田,中山修美,IS通関の外貨在庫の引き落とし日について,,F：外航通関,F：外航通関,外貨製品在庫日報,"■発生日：２０２６年２月１３日
■発生拠点：　千葉事業所
■対応希望日： ２０２６年２月２7日（希望）
■事象：
1/６に1)レギュラーガソリンを出荷した。IS通関の21626405940から7944.074kL使用した。
外貨製品在庫日報は出荷日の1/6ではなく、許可日12/26にGASOLINE　7944.074kLが引き落とされた。
輸入台帳の許可日は12/26で問題なし。
■あるべき姿：外貨GASOLINEの引き落としは1/6に行う。
　　　　　　　（他所にも外貨在庫引き落とし日は1/6で問題ないか確認します。）
■代替手段：なし","■原因
調査中
外貨在庫製品日報の集計対象としている各台帳の日付（搬出日or許可承認日）を調査中
2026/02/18 YJP追記
調査した結果、左記の中山様の仰るとおり、日付に差異が発生しております。
各拠点調整のうえ、然るべき日付をご指示いただければ、対応させていただきます。
2026/03/03 YJP追記
中山様ご回答にてIS通関の外貨在庫の引き落とし日は搬出日とするよう改修いたします。
■対策

■棚卸
2026/02/25：対応中（現在千葉中山様にて各拠点と調整中、その結果待ち）
2026/03/25：対応中",オフラス,●,,,,,,,,2026/03/10,2026/04/08,2026/04/08,仕様通り,確認完了,,,,,,,,,,,,,,,,,,,,,,,,,,,,,,,,,,,,,,,
,1090,2026/02/26,千葉,YJP大塚,沼田知樹,ベンゼン発生量調査票の品名メンテナンスのお願い,,帳票,帳票,RIGP000016_ベンゼン発生調査票(タンク受払),"■発生日：2026年2月26日
■発生拠点： 千葉事業所
■対応希望日：3月中に対応いただければ幸いです。
■事象：保守_問題管理表管理、No.844、No.1000と同様、
ベンゼン発生量調査票に出力する品名のメンテナンスを お願いします。
＜出力品名から削除＞
なし
＜出力品名へ追加＞
G-2
■あるべき姿：必要な品名が出力される。
■代替手段：タンク別受払実績から転記して報告。","■原因
仕様通り
■対策
追加対象の品名「G-2」が出力されるように修正いたします。

■棚卸
2026/03/25：対応中",オフラス,●,,,,,,,,2026/03/11,2026/04/08,2026/04/08,仕様通り,確認完了,,,,,,,,,,,,,,,,,,,,,,,,,,,,,,,,,,,,,,,
,1091,2026/02/27,愛知,YJP福田,,IOS20-OFL：外航通関業務の実績処理で例外メッセージが発生,,F：外航通関,F：外航通関,,"■発生日：2026/2/27
■発生拠点：愛知事業所業務課
■対応希望日：3/2午前中
■事象：
外航通関業務の実績処理の箇所で「例外メッセージ」で出て、左記の処理に進めない。
■あるべき姿：
エラーが出ず、後続処理に進むことができる。
■代替手段：
なし。
■補足：
2026/1/15に愛知事業所業務課から同様の相談を行っています。","■原因
保守_問題点管理表No.1078と同事象
保守_問題点管理表No.1078にて根本原因調査中
■対策
データパッチにて対応いたします。
2026/02/27 YJP追記
データパッチを実施いたしましたので、確認をお願いします。
2026/03/02 YJP追記
原因調査、対策に関しては、保守_問題点管理表No.1078に移管させていただき、本問題点はクローズとさせていただきます。


",オフラス,,,,,,,,,,,2026/03/02,その他,確認完了,,,,,,,,,,,,,,,,,,,,,,,,,,,,,,,,,,,,,,,
,1092,2026/03/02,北海道,YJP古山,秦野築,装置受入実績取り込み不良,,D：実績管理,D：実績管理,,"■発生日：2026/01/22～23
■発生拠点：北海道製油所
■対応希望日：26/3/31迄
■事象:DH-J-A1装置受入（開始：1/22 11:01 ~ 1/23 4:54）において実績数量に誤りあり。
以下の通りとなっていると推測。
実績数量 ≒ 1/22 11:00~1/23 0:00のタンク増加分 となっている。
およそ1/23 0:00~5:00までの数量が反映されていないように見える。
その後は同様事象の発生無し。
■あるべき姿：実績が適切にオフラスへ登録される。
■代替手段：実績修正","■原因
2026年3月31日記入
１．問題のJOB情報：DH-J-A1装置受入（開始：1/22 11:01 ~ 1/23 4:54）
２．2026年1月22日のJOB実績（1/22　11:01～24:00）は正常に登録されています。
　　2026年1月23日のJOB実績（1/23　00:01～04:54）が実績数量０で登録されています。
３．2026年1月23日の実績数量が０で計上されているのは、新IRISから受信した日別装置稼働実績（通信ID:204）が０の為です。
　　　　添付の調査資料を参照下さい。
　今回の問題は、新IRISから受信した日別装置稼働実績（通信ID:204）に起因しているものと推測されます。
　申し訳ありませんが、そちらのデータの確認をお願い致します。
■対策

■棚卸
2026/03/25：対応中",オフラス,,●,,,,,,,,,2026/06/24,その他,確認完了,,,,,,,,,,,,,,,,,,,,,,,,,,,,,,,,,,,,,,,
,1093,2026/03/03,千葉,YJP福田,,IS通関の外貨在庫の引き落とし日について,,F：外航通関,F：外航通関,,"■発生日：２０２６年3月３日
■発生拠点：　千葉事業所
■対応希望日： ２０２６年3月4日（希望）　　　　　　　　　　　　　　　　　 
■事象：
3/2にボンド)JET A-1を3,000.067kL出荷した。
「外貨製造搬出日一覧」でデータを確定する際に、JET A-1台帳2606-(B)は1168.760kLしかないため、
通常は自動で、JET A-1台帳2606-(B)とJET A-1台帳TNK-2604-(B)の２つを選択できるが、
今回はJET A-1台帳2606-(B)しか選択できず、そのまま確定してしまった。
その結果、「外貨製品在庫」のJET A-1（2DH）がー1831.307kLとなってしまった。
（本来であれば、JET A-1（2DH）が０kLで、不足分をJET A-1(ヤード)から引き落とす）
■あるべき姿：3,000.067kLの出荷に対し、JET A-1（2DH）が０kLで、
不足分をJET A-1(ヤード)から引き落とす。","■原因
調査中
■対策
データパッチにて対応いたします。
2026/03/04 YJP追記
データパッチを実施いたしましたので、確認をお願いします。",オフラス,●,,,,,,,,,,2026/03/04,その他,確認完了,,,,,,,,,,,,,,,,,,,,,,,,,,,,,,,,,,,,,,,
,1094,2026/03/05,愛知,YJP福田,世古和子,実績確定時　貨物登録以降のボタンが未完了（赤）となる,,F：外航通関,F：外航通関,,"■発生日：2026/3/3（2026年1月末からこのような事象があらわれる）
■発生拠点：愛知事業所
■対応希望日：3/31まで
■事象：
オフラスとNACCSが連携させ貨物⇒搬入⇒申告の流れで処理を進め申告許可の承認まで完了しております。
しかし、2ケ月前程から、申告許可処理まで完了しているにもかかわらず、出荷処理後　搬入・申告ボタンが完了（青）ボタンから未完了（赤）ボタンに戻ってしまう事象が、度々発生します。　（たまに、ボタンが正常に完了の時もある）
本事象が発生すると、実績処理業務が正常に行えず、申告からやり直す必要があり、時間がかかります。
これまでと同様の通常手順で輸出手続きを行っているのにもかかわらず突然本事象が発生するようになったため使用者側の操作に原因があるのか判断ができず、ご連絡いたしました。
原因の確認および不具合のご対応をお願い致します。

■あるべき姿：
スムーズに実績処理を行うことが出来る
■代替手段：
再度、申告許可までを手修正し、実績確定が行える画面の戻す","■原因
調査中

2026/05/13　YJP追記
継続調査中
2026/06/05 YJP村上追記
実際の運用操作を見せていただき継続調査予定（6月のいづれか）

■対策

■棚卸
2026/03/25：対応中
2026/04/27：対応中
2026/06/24：対応中",オフラス,,,●,,,,,,,,,調査中,調査中,,,,,,,,,,,,,,,,,,,,,,,,,,,,,,,,,,,,,,,
,1095,2026/03/05,北海道,YJP大塚,秦野築,入出荷作業報告書作成できず,,帳票,帳票,,"■発生日：2026/03/5
■発生拠点：北海道製油所
■対応希望日：26/3/24迄
■事象：
3/4分の入出荷作業報告書を作成時、「ERROR:OutputData」と表示され、帳票作成されない。
■あるべき姿：帳票が適切に作成される。
■代替手段：なし","■原因
ブレンド出荷のジョブは実績数量(工程コンポーネントテーブル)に対してタンク毎の数量で比率を計算して表示させているが、2026/3/4の子JOBNo.227339の実績数量が0だったため、比率計算のエラーで「ERROR:OutputData」が表示され、以降の処理が行われずに帳票出力が完了してしまっていた。

■対策
実績数量が0だった場合の比率計算処理を追加し、エラーが発生せずに帳票出力を行うように修正致します。

",オフラス,,●,,,,,,,2026/03/18,2026/04/09,2026/06/24,AP・コーディング,確認完了,,,,,,,,,,,,,,,,,,,,,,,,,,,,,,,,,,,,,,,
,1096,2026/03/05,徳山,YJP村上,石津英明,運転制御へのJOB送信不可,,B：作業計画管理,その他,,"■発生日：2026/03/05
■発生拠点：徳山事業所
■対応希望日：本日中
■事象:
本日14~15時頃より新規JOBの作成は運転制御へのJOB送信ができない状況になっております。
状況
・閲覧は可能
・JOBの新規作成は可能であるが、登録処理が不可
・運転制御へのJOB送信が不可
■あるべき姿：
正しく運用可能
■代替手段：
なし","■原因
スレッドが膠着したことにより特定処理が動作不可となった模様
詳細原因調査中
■対策
サービス（UI、SF）再起動によりリカバリ済み

■棚卸
2026/03/25：再現待ちで調整予定
",オフラス,,,,●,,,,,,,2026/04/22,その他,対応不要,,,,,,,,,,,,,,,,,,,,,,,,,,,,,,,,,,,,,,,
,1097,2026/03/13,徳山,YJP大塚,,オフラス_商品管理_石連週報の滞留油の変更による修正依頼,,帳票,帳票,,"■発生日：2026/3/13
■発生拠点：徳山事業所
■対応希望日：2026/3/19
■事象：オフラス_商品管理_石連週報の滞留油の変更が発生したので修正をしたい。
■あるべき姿：ガソリン「366」→「358」
■代替手段：修正されるまでは、手入力で対応。","■原因
仕様通り
国家備蓄在庫(製品備蓄量・滞留油)の修正が必要。
■対策
国家備蓄在庫(製品備蓄量・滞留油)の値を添付していただいた資料どおりに変更いたします。",オフラス,,,,●,,,,,2026/03/13,2026/03/17,2026/03/18,仕様通り,確認完了,,,,,,,,,,,,,,,,,,,,,,,,,,,,,,,,,,,,,,,
,1098,2026/03/17,千葉,YJP福田,中山修美,ナフサの申告データが確定できない（保守_問題点管理表No.943と同様）,,F：外航通関,F：外航通関,,"■発生日：2026年3月16日
ナフサの「申告」で11,232.595kLを「取消」を行ったところ、
2,900kLの「業者申告」情報が消え（添付下）、残申告11,232.595kL「業者申告」の密度データも入力ができなくなりました。
（保守_問題点管理表No.943と同様の事象）
■発生拠点：　千葉事業所
■対応希望日： 2026年3月27日（希望）　　　　　　　　　　　　　 
■事象： ナフサの申告データが確定できない（保守_問題点管理表No.943と同様の事象）
■あるべき姿：ナフサの申告データが確定できるようになる
■代替手段：なし
■補足： なし","■原因
最新の申告情報から削除していないため。左記の事象が発生しております。
■対策
データパッチにて対応いたします。

2026/03/24 YJP追記
データパッチを実施いたしましたので、確認をお願いします。

■棚卸
2026/03/25：対応中",オフラス,●,,,,,,,,,,2026/03/26,その他,確認完了,,,,,,,,,,,,,,,,,,,,,,,,,,,,,,,,,,,,,,,
,1099,2026/03/18,北海道,YJP和須津,秦野築,海上出荷JOBの目標流量取得不良,,B：作業計画管理,B：作業計画管理,JOBNo設定,"■発生日：2026/3/17
■発生拠点：北海道製油所
■対応希望日：3/23まで
■事象：
3/17の愛知事業所向けPGZ-2出荷JOB設定（8バース出荷、アームタグ：LA-908-11）を行った。
運転制御側で目標流量800kL/hと設定されるのが適切だが、115kL/hと設定された。
比較検証として7バース出荷（アームタグ：LA-907-11）で同様にJOB設定を行ったところ、800kL/hと設定された。
■あるべき姿：
適切な目標流量が設定される。
■代替手段：
DCS側で手動対応","■原因
ローディングアームマスタにPGZ-2出荷JOBに対応するデータが登録されていないため、出荷流量設定マスタの出荷流量が設定されていました。

■対策
ローディングアームマスタに対象のデータの登録をお願いいたします。
(上記マスタ追加登録時は品名毎ローディングアーム流量マスタにも登録が必要です)

⇒対象データ登録したうえでJOB登録を行い、適切に目標流量が設定されました。（秦野）",オフラス,,●,,,,,,,,,2026/03/25,仕様通り,確認完了,,,,,,,,,,,,,,,,,,,,,,,,,,,,,,,,,,,,,,,
,1100,2026/03/24,千葉,YJP古山,沼田知樹,タンク受払実績のREG出荷JOBで異常値が計上される,,G：マスバランス,G：マスバランス,,"■発生日：2026年03月23日
■発生拠点：千葉事業所
■対応希望日：1ヶ月程度(緊急度は高くありませんので、期限の延長は可能です)
■事象:しばしば、オフラスのタンク受払実績において、
出荷実績に異常値が計上される事象が発生します。
本事象は、REG（レギュラーガソリン）の出荷JOBでのみ発生しており、
NPRG（ハイオクガソリン）等、他の油種では同様の事象は確認されていません。
特定の条件や操作を行った認識はなく、発生タイミングや再現性は不明です。
■あるべき姿：異常値が計上されない。
■代替手段：タンク受払実績のJOB数量を手修正。","■原因
No1088と同じ原因。
調査報告書をまとめ中。
2026年5月末に提出予定。

2026/06/1YJP記入
以下の報告でクローズの連絡を頂く。
■原因
異常値が計上されるJOBは、日跨ぎ出荷のJOBです。
日跨ぎ海上出荷の場合、現状タンクの中間実績を正確に計上することができません。
添付資料の「問題点管理No1100_調査報告書」の「02_原因まとめ」シートを参照下さい。
■対策
お手数をおかけしますが、日跨ぎ海上出荷が発生した場合は、現在対応して頂いている、
画面からのタンク受払実績のJOB数量のメンテナンスを行って頂きたく、宜しくお願い致します。

■棚卸
2026/03/25：未着手
2026/04/27：状況について機能担当者に確認する",オフラス,●,,,,,,,,,,2026/06/01,仕様通り,確認完了,,,,,,,,,,,,,,,,,,,,,,,,,,,,,,,,,,,,,,,
,1101,2026/03/24,千葉,YJP福田,中山修美,オーダ管理番号2603020008のBF380が確定できない,,F：外航通関,F：外航通関,,"■発生日：2026年3月16日
オーダ管理番号2603020008はBF380とBFLSFOの二つあり、同じオーダだとどちらかがエラーになるため、BF380をオーダ管理番号2603190035で新規作成した。
荷役後、オーダ管理番号2603190035の「作業」ボタンが選択できなかった。
オーダ管理番号2603190035のBF380も下記エラーメッセージがでている。
■発生拠点：　千葉事業所
■対応希望日： 2026年3月25日（希望）　　　　　　　　　　　　　 
■事象：オーダ管理番号2603020008のBF380が確定できない
■あるべき姿：オーダ管理番号2603020008のBF380が確定できるようになる
■代替手段：なし","■原因
仕様通り
■対策
オーダ管理番号2603190035のBF380で「作業」ボタンが押下できないにつきましては
当該JOBのステータスが「登録済み」のため、「作業」ボタンが非活性となっております。
こちらは仕様通りとなり、JOBのステータスが「終了」となりましたら、「作業」ボタンが押下可能となります

■棚卸
2026/03/25：対応中",オフラス,●,,,,,,,,,,2026/03/26,仕様通り,確認完了,,,,,,,,,,,,,,,,,,,,,,,,,,,,,,,,,,,,,,,
,1102,2026/03/24,愛知,YJP福田,,TENMA ステータス申告戻しのお願い,,F：外航通関,F：外航通関,,"■発生日：2026/03/24
■発生拠点：愛知事業所
■対応希望日：3/27まで（今週中）
■事象：
3/16に　AH・AXL・MR（IIA）・MR（INPEX）　業者通関にて輸入許可となりオフラス上でも許可処理を完了しておりました。
本日、残りMR（TOTAL）分のINVOICEが到着したため、当該貨物についてオフラス「貨物搬入テキスト出力」を実施したところ、画面が添付の状態に切り替わってしまいました。
■あるべき姿：
不具合前の画面に戻る。また、対象となるMR（TOTAL）1件分について、申告・許可処理を行う画面で作業を進めることができる。
■代替手段：
なし","■原因
外航入荷オーダ一覧においてオーダ単位で業務ステータスを管理する仕様としているため、インボイス単位での業務の戻しが不可能な制御となっております。
対策としてはインボイス単位で業務ステータスを管理する制御に改訂すれば問題無いかと思いますが大規模な改修となります。
■対策
2026/03/26 YJP追記
先ずは暫定対応としてデータパッチにて申告・許可処理を実施可能状態と致しましたので、
申告・許可業務のほうをお願い致します。
2026/03/26 YJP追々記
運用にて対応される旨のご報告から本件クローズとさせていただきます

■棚卸
2026/03/25：対応中",オフラス,,,●,,,,,,,,2026/03/26,仕様通り,対応不要,,,,,,,,,,,,,,,,,,,,,,,,,,,,,,,,,,,,,,,
,1103,2026/03/29,徳山,YJP杉本,國本優輝,燃料油試験結果(D101)  新IRIS側取込エラー発生の件,Q3：後続テスト実施可能,L：試験管理,L：試験管理,新IRIS燃料油試験結果送信,"■発生日：2026/02/25
■発生拠点：徳山事業所
■対応希望日：-
■事象:
新IRISの(D101)燃料油試験結果取込にてエラーが発生している。
北海道2/20 8:20起動分、徳山2/25 13:00起動分について
データファイルに桁ズレの問題がある。
■あるべき姿：
エラー無く取込が行われること。
■代替手段：
なし","■原因
徳山伝文を確認し、ロット番号に全角「採取」が入っていることが原因です。
ロット番号は半角英数時のみの仕様です。

■対策
3/18に打合せを実施し、全角が入る可能性がある項目について全角が入っても
桁ズレが起こらないよう対策実施する方針となった。
まずは全角対応を行う項目をご提示いただく。

2026/03/26 YJP追記
全角対応を行う項目について回答があったため、対応工数見積を進める。

■棚卸
2026/04/27：対応中
2026/06/24：対応中",IKC,,,,●,●,,,,,,,仕様通り,仕様整理中,,,,,,"新IRIS燃料油試験結果の送信電文のロット番号など11項目について、
全角が入っても桁ズレが起こらないよう対応する。",IKC確認中,2.00人日,0.80人日,0.60人日,0.60人日,1.00人日,確認中,,,,,,,,,,,,,,,,,,,,,,,,,,
,1104,2026/03/31,千葉,YJP古山,佐々木基至,"新IRIS側でのエラー
 千葉のD526_タンク別中間実績がマイナス値で設定されている",,D：実績管理,D：実績管理,,"■発生日：2026年2月22日
■発生拠点：千葉事業所
■対応希望日：
■事象:払い出し計画数量にマイナス値が設定され連携されたため新IRIS側の取込処理にてINSERTエラーが発生した。
※旧本番でも同様の事象が発生していることを確認済み
■あるべき姿：エラーが発生しない。
■代替手段：","2026/05/21YJP追記
■原因
継続調査中
今月末に調査報告書提出予定
2026/05/29YJP追記（下記内容を中間報告済み）
【原因ー中間】
１．直接の原因は、作業計画DBの払出予定数量がマイナスになっている為です。
　　　具体的には、工程コンポーネント（TIBB003）の予定数量です。
　　　タンク毎の払出予定数量となります。
２．過去に遡って調査したところ、作業計画上の予定数量がマイナスになっているデータは、2025年データで55件、存在します。
　　　全てREGの海上出荷データです。
　　　日跨ぎ出荷とかに関係なく予定数量マイナスになるケースが存在しています。
　　　添付の調査資料を「No114_調査報告書」を参照下さい。
３．実績管理のプログラム調査を実施しましたが、実績管理が予定数量を更新する処理は存在していませんでした。
　　　調査範囲を作業計画まで広げて、引き続き原因調査を行います。
４．なお、本件は新IRISへ予定数量マイナスを送ってしまうという事象で有り、他運転への影響は有りません。
2026/06/05 YJP村上追加追記
荷繰り（進捗管理？）と併せて調査
2026/06/30YJP古山追記
引続き調査中

■対策

■棚卸
2026/04/27：対応中
2026/06/24：対応中（別途有識者間で打合せ実施）",オフラス,●,,,,,,,,,,,調査中,調査中,,,,,,,,,,,,,,,,,,,,,,,,,,,,,,,,,,,,,,,
,1105,2026/04/02,北海道,YJP古山,田苗直樹,2026年3月ファイルボランチ製油所受払月報での原油実績取込不良,,G：マスバランス,G：マスバランス,,"■発生日：2026年4月2日
■発生拠点：北海道製油所
■対応希望日：4/3 12時まで
■事象:西部からの受入であるウムシャイフ原油が製油所受払月報にて、末在庫に取り込まれていない。製油所受払月報に取り込まれるようお願いします。
■あるべき姿：
■代替手段：なし
本件、中東で日々在庫状況を報告しなければならないので、オフラス「原油タンク受払実績」が入力できないと
非常に不便なので早めの対応を希望します。","■原因
原油タンク受払実績でのウムシャイフ原油の入荷が、装置受払JOBのJOBNoに紐づいていたため、
原油受払にて通油マイナスが計上されており、それが原因で月次集計にて処理生産マイナスが発生し、
在庫調整にて、月末在庫が処理生産マイナス分が在庫調整数量に計上された。
そのため、製油所受払月報では月末在庫が減少し、増減が表示されていた。

■対策
原油タンク受払実績画面にて、タンクNo10011、3/18と3/19ののウムシャイフ原油の入荷を、
JOBNo「9999999」にて再設定頂くことで、画面からの調整データとして正しく入荷データとして
計上されます。
そのうえで在庫計算、原油データ作成、月次集計を再実施頂くことで、
PPTファイル記載の「あるべき」月末在庫が受払月次データとして連携されると考えられます。
※詳細は下記資料の「リカバリ案」シートをご参照ください。

https://app.box.com/folder/374670750983

2026/04/03追記：
北海道製油所田苗様より、リカバリ結果問題なしとの連絡を頂きました。
",オフラス,,●,,,,,,,,,2026/04/03,データ不備,確認完了,,,,,,,,,,,,,,,,,,,,,,,,,,,,,,,,,,,,,,,
,1106,2026/04/03,千葉,YJP古山,伊藤祐希,協定書実績の密度取得画面に全てのタンクが表示されない,,D：実績管理,D：実績管理,,"■発生日：2026/03/30
■発生拠点：千葉事業所
■対応希望日：1か月以内
■事象:
海上出荷の協定書実績画面で密度取得を実施しようとしたときに2基のタンクのうち方のロットしか表示されなかった。
当該品名は「REGトウア」品転を実施してロットを取得しているが、当日の品転したタンクは密度取得画面に表示されて前日品転したものが密度取得画面に表示されなかった。
■あるべき姿：合格している品転のロットも表示する。
■代替手段：手動で計算して密度画面に入力する。","2026/05/21YJP記入
■原因
①協定書実績画面からロット性状検索画面に展開する時の条件に日付、JOBNoが含まれています。
　よってJOB単位で使用するタンクの品転の試験依頼を行う必要が有ります。
②2026年3月29日の品転出荷においては、
　　T10205タンクの品転の試験依頼を行う必要が有ります。
　　前日にT10205タンクの品転ロットは確立していますが、ロット性状検索画面にロットを表示させるには
　　該当ＪＯＢでの試験依頼が必要となります。
③2026年3月30日の品転出荷においては、
　　T10206タンク、T10207タンクの品転の試験依頼を行う必要が有ります。
　　前日にT10206タンクの品転ロットは確立していますが、ロット性状検索画面にロットを表示させるには
　　該当ＪＯＢでの試験依頼が必要となります。
■対策
ＪOB単位で使用するタンクの品転の試験依頼を行う必要が有ります。

■棚卸
2026/04/27：未着手（北海道月初立合完了後に着手）",オフラス,●,,,,,,,,,,2026/06/24,仕様通り,確認完了,,,,,,,,,,,,,,,,,,,,,,,,,,,,,,,,,,,,,,,
,1107,2026/04/03,北海道,青井圭介,青井圭介,No.1105の問題が発生した根本の調査,,G：マスバランス,G：マスバランス,,"■発生日：2026/04/03
■発生拠点：北海道製油所
■対応希望日：1か月以内
■事象:
No.1105が発生した原因は以下の通り。
月初に実施する原油受払データ作成時に既に通油数量がマイナス値であった。
通油数量がマイナスとなっている理由を調査すると、原油タンク受払実績のジョブが装置に紐づいていることが要因とみられる。
なぜ装置ジョブが採用されているのか調査をお願いしたい。

■この問題に関して北海道側で行った操作：田苗様、市川様にて記載をお願いします。
2026/04/03 YJP追記：
メールにてご連絡頂き、
「原油データ取込を行った時点で、品名がUSのJOBが装置に紐づいていた理由の調査」
が主題であると理解いたしました。

■あるべき姿：
船で受け入れたジョブが設定されていれば問題なかった想定。

■代替手段：
原油タンク受払実績画面のジョブNoを999999に設定して、在庫再計算・原油受払データ作成を実施。
","■原因
調査中
「原油データ取込を行った時点で、品名がUSのJOBが装置に紐づいていた理由の調査」
2026/06/05 YJP村上追記
保守_問題点管理表No.1072と同様

■対策

■棚卸
2026/04/27：調査中
2026/06/24：調査中
2026/06/30 YJP高山追記：
保守No.1072と同内容であると考え、調査中です。
原油タンク受払実績画面での、調整元にJOB番号が付いたものを変更したために
発生しております。元から紐づいていたかどうか、また数量0の装置受払がありそちらに
紐づいてしまった可能性も含めて調査を進めております。",オフラス,,,,,,,,,,,,調査中,調査中,,,,,,,,,,,,,,,,,,,,,,,,,,,,,,,,,,,,,,,
,1108,2026/04/07,愛知,YJP福田,伊藤 紘一,「タンク受入搬入計算確定」画面の品名毎情報に“HOUT CRUDE OIL”が表示されない,,F：外航通関,F：外航通関,,"■発生日：2026/4/6
■発生拠点：愛知事業所
■対応希望日：4月７日（火）まで
■事象：
2026年4月3-4日に搬入した原油船KIHOのHT（HOUT CRUDE OIL）が
タンク受入搬入計算確定画面の「品名毎情報」に表示されない。
（経緯）
①　原油揚荷完了
②　外航入荷オーダー一覧にて「BN」確定
③　進捗管理メニューにて「タンク受入搬入計算書データ作成」を実行
④　外航入荷オーダー一覧にて「タンク受入搬入計算確定」画面にて“HOUT CRUDE OIL”が表示されないことを覚知
⑤　④確定前に輸入品マスタにて“HOUT CRUDE OIL”を登録
⑥　輸入品名登録後に「タンク受入搬入計算確定」画面を改めて確認したが当該品目は表示されなかった
■あるべき姿：
「タンク受入搬入計算確定」画面の品名毎情報に“HOUT CRUDE OIL”が表示される
■代替手段：
特になし","■原因
仕様通り
オーダー確定前に品名マスタの通関申告品名が登録されていなかったためとなります。
■対策
データパッチにて対応いたします。

2026/04/07 YJP追記
データパッチを実施いたしました。",オフラス,,,●,,,,,,,,2026/04/07,仕様通り,確認完了,,,,,,,,,,,,,,,,,,,,,,,,,,,,,,,,,,,,,,,
,1109,2026/04/08,愛知,YJP古山,,タンク在庫日報で3/15の動力課分が表示されない,,G：マスバランス,G：マスバランス,,"■発生日：2026/04/08
■発生拠点：愛知事業所
■対応希望日：4/10
■事象:
オフラスの「タンク在庫日報」画面で、3月15日の動力課分の在庫が表示されない。
■あるべき姿：
3月15日の動力課分の在庫が表示される。
■代替手段：
なし","■原因
本件、2026/03/16 07:00の「自家燃タンク在庫（1日データ）」のデータ受信時に
エラーが発生していることが原因であると考えられます。
3/15分の他課タンク在庫が連携されていないことにより、商品管理側でも動力課データの
取り込みが出来ずに、タンク在庫日報にも反映されていない(＝該当データなしとなる)事象となります。
(2026/03/16 07:00に自家燃タンク在庫受信処理でエラーが発生しているメッセージがございました)


■対策
データ受信が出来なかった原因については現状分かっておりませんが、
希望対応期日(明日)を考えますと、本件にて確認したかった動力課のタンク在庫について、
送信元である新IRIS側に問い合わせて3/15分の在庫データをご確認頂いた方が確実
であると考えられます。ご検討の程、宜しくお願い申し上げます。

なお、オフラス画面で確認するためにリカバリを実施するとなった場合、
3/15の在庫データを、新IRISから再送信⇒オフラスで再受信⇒商品管理への実績再取込となる
認識ですが、既に締まっている3月在庫データの再取込を実施して良いのか、という判断が弊社では
出来ませんので、もし復旧するとなった場合は、愛知事業所殿にてご検討の上、ご指示頂けますと幸いです。

2026/04/09 YJP追記：
オフラスでの自家燃在庫データの受信エラーについて弊社にて調査したところ、
問題となっている3/15の受信データのみ、データ行数等、データの内容が異なることが分かりました。
この内容で3/15が連携されていた場合、仮に再送頂いてもオフラスでは取り込みが出来ないものと
考えられますので、新IRISご担当者様に、内容についてご確認頂けますよう、宜しくお願い申し上げます。
<資料>
https://app.box.com/folder/375895355466
┗保守問題点No1109_調査資料_20260409.xlsx
",オフラス,,,●,,,,,,,,2026/06/24,データ不備,確認完了,,,,,,,,,,,,,,,,,,,,,,,,,,,,,,,,,,,,,,,
,1110,2026/04/13,千葉,YJP和須津,中山修美,オーダ管理でSB原油が登録できない,,A：オーダ管理,A：オーダ管理,外航入荷オーダ入力,"■発生日：2026年4月10日
■発生拠点：千葉事業所
■対応希望日：2026年4月13日AM（希望）
■事象:
オーダ管理でSB原油が登録できない
■あるべき姿：
オーダ管理でSB原油が登録できる
■代替手段：
なし","■原因
作業品名マスタ情報が登録されていないため、エラーメッセージが表示されています。
■対策
マスタ管理の作業品名関連マスタより、統一品名略号「CR-SB」に対応する作業品名情報の新規追加・設定をお願いいたします。
また、新規追加の際には、作業品名変換マスタ情報に統一品名略号に「CR-SB」の設定をお願いいたします。
※統一品名略号「CR-SB」は今回追加のあった１）スエズブレンド（原油）に設定されている統一品名略号です。",オフラス,●,,,,,,,,,,2026/06/24,仕様通り,確認完了,,,,,,,,,,,,,,,,,,,,,,,,,,,,,,,,,,,,,,,
,1111,2026/04/13,北海道,YJP大塚,田苗直樹,石連週報作成マスタに関する質問,,帳票,帳票,石連週報,"■発生日：2026/04/13
■発生拠点：北海道製油所
■対応希望日：1週間以内
■事象:現在北海道製油所では、オフラスで石連週報を作成する時にSLOPの在庫が「原油」にも「装置原料」にもカウントされるため、SLOPの数量が2重計上されている状態にある。そこでオフラスのMB石連留分品名マスタにて修正できるのではないかと予測したが、どのような影響があるか把握しきれていない。また、石連週報を作成する際の「原油」の項目はどこのデータを基にしているのか不明なためご教授下さい。
■あるべき姿：石連週報を作成する際のSLOPが2重計上されている問題は、MB石連留分品名マスタにて修正できる確証を得る。また、、MB石連留分品名マスタを修正しても石連週報だけにしか影響しないという確証を持つ。
石連週報にて、「原油」の在庫がどこのデータを基にしているのか理解する。
■代替手段：SLOPの二重計上されるので、自動出力されたデータを手修正する。
■補足： 1週間いないが目標ですが、今すぐに何とかしなければ大きな影響がでるとかではないので4月中に解決できればと存じます。","■原因
MB石連留分品名マスタにSLOPが登録されているため「原油」と「装置原料」それぞれに計上されている状況です。
■対策
MB石連留分品名マスタから二重計上されている品名の削除をお願いいたします。
また、MB石連留分品名マスタの修正による影響範囲は石連週報のみで、その他の処理や帳票に影響はありません。

石連週報の「原油」の在庫は、終了日の全原油タンクの当日在庫の合計数量になります。",オフラス,,●,,,,,,,,,2026/04/20,その他,確認完了,,,,,,,,,,,,,,,,,,,,,,,,,,,,,,,,,,,,,,,
,1112,2026/04/20,愛知,YJP福田,世古和子,オフラスの貨物登録ボタンの色が変わらず後続処理が出来ない,,F：外航通関,F：外航通関,,"■発生日：2026/04/20
■発生拠点：愛知事業所
■対応希望日：4/24まで
■事象：
『APOLLO　ENERGY』で備蓄原油を受け入れ、搬出先　志布志石油備蓄基地よりNACCSで登録された保税運送申告書を受領した。
南部税関はNACCSで登録されたものはBIAで貨物登録の処理をするように指示を受け今回、愛知では初めて貨物登録をBIAで行いNACCSに連携させNACCSより送信したが、許可電文が取り込まれておらず、オフラスの貨物登録ボタンの色が変わらず後続処理が出来ない。
■あるべき姿：
オフラス　輸入申告一覧　貨物登録のボタンが赤⇒青となり後続処理が出来るようになる
■代替手段：
なし","■原因
搬入確認管理番号だけなく貨物管理番号を参照しており、NACCS伝文(BIA)が取り込めていなかったため。
■対策
搬入確認管理番号のみを参照するように修正いたします。
",オフラス,,,●,,,,,,2026/04/21,2026/04/22,2026/06/24,AP・コーディング,確認完了,,,,,,,,,,,,,,,,,,,,,,,,,,,,,,,,,,,,,,,
,1113,2026/04/21,千葉,YJP大塚,沼田知樹,石連週報用と緊急時運用報告調査表の、国家備蓄在庫 修正依頼,,帳票,帳票,"石連週報
緊急時運用報告調査表","■発生日：2026年4月21日
■発生拠点： 千葉事業所
■対応希望日：1～2週間程度
■事象：石連週報用と、緊急時運用報告調査表の
製品備蓄量を修正したく、ご対応よろしく お願いします
ＬＳＡ重油：370KL→490KL
※それ以外は、前回から変更ありません。
 
■あるべき姿：国家備蓄数量が正しい値(添付Excel)となる
■代替手段：なし","■原因
仕様通り
国家備蓄在庫(製品備蓄量・滞留油)の修正が必要。
■対策
国家備蓄在庫(製品備蓄量・滞留油)の値を添付していただいた資料どおりに変更いたします。

■棚卸
2026/04/27：リリース待ち",オフラス,●,,,,,,,,2026/04/24,2026/06/17,2026/06/24,仕様通り,確認完了,,,,,,,,,,,,,,,,,,,,,,,,,,,,,,,,,,,,,,,
,1114,2026/05/08,千葉,YJP福田,中山修美,入荷伝票の修正確認について,,F：外航通関,F：外航通関,,"■発生日：2026年5月8日
■対応希望日： 2026年５月8日AM（希望）　　　　　　 
■事象：HG500の22.003kLの引き落としができない。
積戻し（ISOコンテナ）でHG500を4/21付けで22.003kL引き落とし、「搬出」を確定しところ、
「搬入」まで赤に戻ってしまい、再度、「搬入」を行い、「業者実績」を処理しようとした。
在庫は既に87.683kL ⇒65.680kLまで減っていた。
しかし、外貨在庫日報は87.683kLのままになっている。
更新しても、在庫は22.003kLの引き落としが行われない。
■発生拠点：　千葉事業所
■あるべき姿：HG500の22.003kLの引き落としができる。","■原因
調査中
■対策
データパッチにて対応いたします。

2026/05/08 YJP追記
データパッチを実施いたしました。",オフラス,●,,,,,,,,,,2026/05/12,その他,確認完了,,,,,,,,,,,,,,,,,,,,,,,,,,,,,,,,,,,,,,,
,1115,2026/05/08,千葉,YJP福田,中山修美,入荷伝票の修正確認について 【＃２】,,F：外航通関,F：外航通関,,"■発生日：2026年5月8日
オーダーを登録する際に、３栄正丸は内貨1000kLバランス、2000kLFIXで登録するところ、
内貨1000kLFIX、2000kLバランスで登録してしまった。
そのため、実績は内貨1000.083kL、外貨2000.000kLになるところ、
内貨1000.000kL、外貨2000.083kLで登録されてしまった。
■発生拠点：　千葉事業所
■対応希望日： 2026年５月15日（希望）
■事象：外貨2000.000kLになるところ、外貨2000.083kLで登録されてしまった。
■あるべき姿：外貨2000.083kLで登録する。その他、台帳も修正が必要。
■代替手段：なし","■原因
仕様通り
■対策
データパッチにて対応いたします。

2026/05/12 YJP追記
データパッチを実施いたしました。",オフラス,●,,,,,,,,,,2026/05/12,その他,確認完了,,,,,,,,,,,,,,,,,,,,,,,,,,,,,,,,,,,,,,,
,1116,2026/05/13,千葉,YJP大塚,沼田知樹,ベンゼン発生量調査票の文言修正依頼,,帳票,帳票,,"■発生日：2026年05月13日
■発生拠点： 千葉事業所
■対応希望日：1ヶ月程度(次回の使用が来年度なので急ぎません)
■事象：ベンゼン発生量調査票には、受入量と払出量の記載があります(水色線の部分)
『フローティングタンク(払出量) 』と記載されていますが実際は、
フローティングタンクだけでなく、コーンルーフタンクやドームルーフタンクも出力されています。
※ドームルーフタンク(受入量)の方は問題ないです。
 
今後、弊社の担当が変更になった際、誤解が生じないよう、
フローティングタンク(払出量) → 報告対象油種(払出量) へ修正していただきたく。
ご対応よろしくお願いします。
 
■あるべき姿：報告対象油種(払出量)と表示される
■代替手段：なし","■原因
仕様通り
■対策
「フローティングタンク(払出量)」の記載を「報告対象油種(払出量)」へ変更いたします。",オフラス,●,,,,,,,,2026/05/25,2026/06/17,,仕様通り,確認中,,,,,,,,,,,,,,,,,,,,,,,,,,,,,,,,,,,,,,,
,1117,2026/05/19,千葉,田中,田中,"（PJT_問題点管理表No.31から移管）
S25 9-7",Q2：代替手段により後続テスト実施可能,K：ブレンドシミュレーション,K：ブレンドシミュレーション,VIKA020202_ブレンドシミュレータ一括実行 - 生産品名選択,"■事象
ブレンドシミュレータ一括実行ー生産品名選択で要否選択がされているのに「要否が未指定です」と表示される。
もう一度「次へ」ボタンを押下すると解消される。","（現行）保守_問題点管理表No.1016に起票
■原因（既設からの不具合）
一括実行画面の初期表示時に要否選択項目を更新したか否かをチェックしているため
■対策
遷移時のチェックを外すように修正いたします
改修版をリリースするまでは、左記記載のとおり一度選択を外し、再度選択していただくことで対応願います

2026/05/19 YJP村上追記
保守_問題点管理表No.1016は既にクローズされているため、当件もクローズ致します。
",オフラス,●,新旧両方,●,,,,,,2025/05/28,2025/06/30,2026/05/19,AP・コーディング,確認完了,,,,,,,,,,,,,,,,,,,,,,,,,,,,,,,,,,,,,,,
,1118,2026/05/19,千葉,田中,田中,"（PJT_問題点管理表No.35から移管）
-",Q3：後続テスト実施可能,D：実績管理,帳票,ー,"■事象
軽油マーカー添加実績で出力したExcelにて、改ページの場所が悪く、票の下線が途切れる
【3/19追記】
改ページの指定は適切となり、表の下線が途切れる事象は改善されたが印刷範囲が広いのか、印刷プレビュー上で表が小さくなってしまう。（田中）

2025/04/01：検証結果エビデンスをもとに説明する。","■原因
改ページの指定がされていないため、環境により改ページの場所が異なるようになっていました。
■対策
改ページの指定をするように修正しました。
2025/03/25　YJP追記
改めて原因調査致します。

2025/03/25　YJP追記
問題点エビデンスをお願いいたします。

2025/4/4　YJP追記
印刷時の範囲の設定がされていなかったため、印刷プレビューが小さくなっていました。
範囲の設定を指定するように修正致しました。

2025/4/7 YJP追記
印刷プレビュー、実際の印刷で真ん中に寄ることなく大きく表示されることが確認できました。
印刷範囲は適切になりましたが、下線が見切れてしまっているため修正いたします。",オフラス,,,●,,,,,,2025/03/13,2025/04/08,2025/04/07,AP・コーディング,確認中,,,,,,,,,,,,,,,,,,,,,,,,,,,,,,,,,,,,,,,
,1119,2026/05/19,千葉,星川,星川,"（PJT_問題点管理表No.38から移管）
S14 1-8",,A：オーダ管理,A：オーダ管理,A：オーダ管理,"内外貨同時入荷し途中で中断終了すると、伝票が仮伝になる。
通常内貨入荷中断終了時は、本伝","■原因
保守問題点No.848がリリースされていないためです。
正しく伝票が作成されていないため実績が上がってきているにも関わらず仮伝から本伝に更新されない事象が起きていました。

■対策
保守問題点No.848をご確認いただいた後、リリース対応を行います。

2025/04/22 YJP追記：
2025/04/16に既設の方へリリース、ターゲットでの確認済み。
新設の方へ2025/04/24リリース予定。",オフラス,,,●,,,,,,2025/04/14,2025/04/24,,その他,確認中,,,,,,,,,,,,,,,,,,,,,,,,,,,,,,,,,,,,,,,
,1120,2026/05/19,千葉,中山,中山,"（PJT_問題点管理表No.42から移管）
S-25-6-26",Q3：後続テスト実施可能,帳票,帳票,"外航通関
ボートノート　GT201","■事象
既設どおりではあるが、Date(I5セル)を右詰めに変更できないでしょうか。","■原因（既設からの不具合）
Date(I5セル)の値に文字位置の指定を設定していなかったためです。
■対策
文字位置の指定を設定し、右詰めに表示されるよう修正致しました。",オフラス,●,新のみ,●,,,,,,2025/04/16,2025/04/17,,AP・コーディング,確認中,,,,,,,,,,,,,,,,,,,,,,,,,,,,,,,,,,,,,,,
,1121,2026/05/19,千葉,中山,中山,"（PJT_問題点管理表No.44から移管）
S-03-1-1",Q1：後続テスト実施不可,A：オーダ管理,A：オーダ管理,VIAA040101_日別情報,"■事象
既設は納入先名称であるが、検証機は納入先略号になっている。リンクが変わっているのでしょうか。","■原因（既設からの不具合）
既設と同じ動きとなります。外航入荷の編集または新規登録時、画面から簡略品名コードを入力した場合は納入先略称で表示されますが、オーダ登録後に画面からの更新なく登録(受付、確定)を行うと納入先名称が表示されます。
■対策
外航入荷以外の他の作業形態は必ず納入先略称が表示されます。統一する場合は現行APの保守としても対応が必要です。

2025/04/16 YJP
納入先名称か納入先略称どちらに統一するかは今後の会議にて各事業所の確認が必要
2025/05/27 YJP
納入先名称か納入先略称どちらに統一するかの確認メールを送信、回答待ち
　→2025/06/09 YJP 千葉製油所伊藤様より、回答を頂きましたので　納入先略称　で修正致します。 ",オフラス,●,新のみ,●,,,,,,2025/06/17,2025/06/30,,仕様通り,確認中,,,,,,,,,,,,,,,,,,,,,,,,,,,,,,,,,,,,,,,
,1122,2026/05/19,千葉,中山,中山,"（PJT_問題点管理表No.50から移管）
S-16-1-4",Q3：後続テスト実施可能,J：バイオターミナル管理,帳票,台帳出力一覧,日毎のデータ間に線がある場合とない場合がある。統一できないか,"■原因（既設からの不具合）
テンプレートの罫線が中途半端に設定されていたことが原因でした。
■対策
制御が反映されるようにテンプレートの罫線の表示を改めました。
",オフラス,●,新のみ,●,,,,,,2025/04/15,2025/04/17,,AP・コーディング,確認中,,,,,,,,,,,,,,,,,,,,,,,,,,,,,,,,,,,,,,,
,1123,2026/05/19,千葉,中山,中山,"（PJT_問題点管理表No.51から移管）
S-25-6-119",Q3：後続テスト実施可能,F：外航通関,帳票,寄託タンク在庫明細表,日毎のデータ間に線（実線と破線）がある場合とない場合がある。同じ日付けもある。統一できないか,"■原因（既設からの不具合）
日毎のデータ間に線（実線と破線）に関してはNo.50と同様の原因でした。
同じ日付があるものは本来その場所から印刷時、改ページされる制御になっていました
が実際の改ページとずれてしまったためです。
■対策
日毎のデータ間に線（実線と破線）に関してはNo.50と同様の修正をしました。
同じ日付があるものはテンプレートの改ページ位置を制御と同じ位置で修正致しました。",オフラス,●,新のみ,●,,,,,,2025/04/15,2025/04/17,,AP・コーディング,確認中,,,,,,,,,,,,,,,,,,,,,,,,,,,,,,,,,,,,,,,
,1124,2026/05/19,千葉,青井,青井,"（PJT_問題点管理表No.62から移管）
内部統制に絡むパスワードポリシー見直し",Q3：後続テスト実施可能,その他,その他,ユーザ管理,"■事象
出光内部統制の最新セキュリティポリシーに従い、オフラスのパスワードポリシーを内部統制に準拠する。
※これまで、赤字部分について準拠できていなかった認識。

＜パスワードポリシー＞
　・パスワード桁数８桁未満禁止
　・パスワード有効期限３ヶ月
　・ミス５回でパスワードロック
　・変更前と同一パスワードへの変更禁止
　・英数字混合でなければ不可","■原因

■対策
現状（既設）のパスワードポリシーは以下となっています。青字部分が事象に記載いただいたパスワードポリシーの内容を満たしていない箇所になります。
【運転管理】
　・パスワード桁数８桁未満禁止
　・パスワード有効期限３ヶ月
　　　※厳密には90日間
　・ミス５回でパスワードロック
　・変更前と同一パスワードへの変更可能
　・英数字混合でなければ不可
　　　※厳密には半角英小文字、半角英大文字、半角数字をそれぞれ1文字以上使用することが必須
【製油所モニタ】
　・パスワード桁数８桁未満禁止
　・パスワード有効期限なし
　・ミスによるパスワードロックなし
　・変更前と同一パスワードへの変更可能
　・英数字混合でなければ不可
　　　※厳密には半角英小文字、半角英大文字、半角数字をそれぞれ1文字以上使用することが必須

また、「変更前と同一パスワードへの変更禁止」は標準機能では対応しておらず、対応するにはアプリケーションの改修が必要となります。
対応については別途ご相談させていただきます。

2025/03/25 YJP
夕会にてご相談させていただいた対応方針について追記いたします。
　・製油所モニタは現状のままでよいため対応不要
　・運転管理は対応要だが、千葉の切替時点での対応は不可（スケジュール都合）
　・北海道の切替には間に合わせる方針としてスケジュールやコストについて引き続き協議する
　・新設の千葉については切替完了後にタイミングを計って改修版モジュールをリリースする

　・既設（愛知、徳山）への改修版モジュールのリリース要否については別途協議する

上記の協議するで結ばれている2件（3つ目と5つ目）について、継続して協議させていただければと思います。

2025/11/11
AH列に記載の内容を対応した際の確認エビデンスを以下に格納しました。
　https://app.box.com/folder/350505537000
　【No0062】パスワードポリシー変更対応_確認エビデンス.xlsx
まずは新設北海道環境へリリースさせていただき、動作を確認いただければと思います。

2025/11/13 YJP追記
新設北海道ターゲットにリリース致しました。

2026/03/10 YJP追記
新設北海道ターゲットでの確認結果に問題なければ、千葉へ反映予定。

2026/06/16　YJP追記
新設北海道ターゲットでのリリース後の確認OKとなったため、千葉へ展開する。
（PJT問題点No.062の対応内容）

■棚卸
2026/06/24：千葉にリリースする",オフラス,,,●,,,,●,,2025/11/11,,,環境設定,リリース待ち,,,,"運転管理システムのパスワードポリシーを以下の通り変更する。
【現状】
変更前と同一パスワードへの変更可能
【変更後】
変更前と同一パスワードへの変更禁止
⇒画面からのパスワード変更時に現在のパスワードと入力された値の比較を行い、同じだった場合にエラーを表示する。
　対応が必要となる画面は以下の2画面
　①ACM120_ユーザーパスワード再設定画面　※管理者用のパスワード変更画面
　②ACU100_パスワード再設定画面　※ユーザー用のパスワード変更画面
　　
製油所モニタについては現状通りとする。
⇒プロパティファイルで変更内容の適用可否を制御できるようにする。

※本改造は、新設環境のみを対象とします。愛知、徳山には新設環境構築時に適用致します。",仕様変更承認済,,,1.0人日,3.0人日,2.0人日,1.0人日,0,対応依頼,,,,,,,,,,,,,,,,,,,,,,,,,,
,1125,2026/05/19,千葉,百留,百留,"（PJT_問題点管理表No.78から移管）
モニタサーバで不具合",Q2：代替手段により後続テスト実施可能,N：製油所モニタ,Y：通信管理,試験依頼機能,"試験依頼機能などで、試験分類選択（試験管理との通信）を行うと取得できない。
運転・試験のデータ単体にはそれぞれアクセス可能。","■原因
製油所モニタサーバがドメインに参加するようになったことにより、製油所モニタ⇔L3.5DMZのEAI通信が失敗していることが直接の原因です。
通信暗号化の際に行われる認証処理のエラー（ログオン失敗）が通信が失敗する理由であることまでは判明していますが、解決方法などについては引き続き調査中となります。

■対策
千葉事業所についてはL4.0製油所APとL3.5DMZの通信を暗号化しない対応を行っています。
北海道製油所についてはEAIの改造も含め、対応についてご相談させていただきます。

2025/09/03 YJP追記
パターン②の内容にて対応致します。

2025/09/26 YJP追記
12月末までに改修内容をターゲット環境へリリース予定。（リリース済みの状態で三鷹出荷の見込み）
ただし、ドメインへの参加は現地移設後となるため、SATでの動作確認となる予定。

2025/12/23
本件は千葉で発生した件ではありますが、まずは新設北海道環境へリリースさせていただき、
出荷後（製油所モニタのドメイン参加後）のSAT期間中に動作を確認いただければと思います。
リリースタイミングについては別途ご相談させてください。

■棚卸
2026/5/25：北海道へのリリース実績を以って千葉にリリース
2026/06/24：千葉にリリースする",オフラス,,,●,,,,●,,2025/12/23,,,その他,リリース待ち,,,,"以下のパターンにてお見積をしております。
工数については、下記に格納しております　詳細資料をご参照ください。
　格納場所：https://yokogawaelectric.app.box.com/folder/338342718976
　　　　　　　　・IOS20-OFL_EAI通信暗号化機能の改造_工数見積.xlsx

パターン①(※)
　・相手先ホストの認証情報をもとにNTLM認証を行う
　・認証情報は外部ファイル（iniファイル等）で管理する
　・認証情報を変更する際には外部ファイルを編集する
パターン②(※)
　・相手先ホストの認証情報をもとにNTLM認証を行う
　・認証情報はDB（EAI関連テーブル）で管理する
　・認証情報を変更する際にはSQLを実行する
パターン③
　・相手先ホストの認証情報をもとにNTLM認証を行う
　・認証情報はDB（EAI関連テーブル）で管理する
　・認証情報を変更する際にはEAIメンテナンス画面で変更する

※①、②の対応工数は同じとなるため、見積工数は「パターン②」と「パターン③」の2つのご提示となります。
※新設北海道への展開は三鷹出荷前(FAT期間中)に実施、千葉への展開は、新設北海道での確認完了後に実施します。",仕様変更承認済,※資料参照,※資料参照,※資料参照,※資料参照,※資料参照,対応依頼,,,,,,,,,,,,,,,,,,,,,,,,,,,,
,1126,2026/05/19,千葉,百留,百留,"（PJT_問題点管理表No.81から移管）
試験管理との通信不可",Q1：後続テスト実施不可,Y：通信管理,Y：通信管理,試験管理との通信,"0:23頃より試験管理通信ができなくなり、ブレンドシミュレーション、JOB設定等ができなくなった。

2025/07/18：理論的にありうる接続数を確認してクローズ。","■原因
同時間帯に複数の同期通信を行う処理が行われた結果、SFが保持するDB接続数が足りなくなり、処理が待ち状態となったことでその他の同期通信を行う処理が実施不可となりました。
SFが保持するDB接続数について、既設は20でしたが新設は8（新設、既設共にデフォルト値）となっています。

■対策
発生事象についてはAP再起動し、2号機にフェールオーバーしたところ解消しています。

恒久対応として、SFが保持するDB接続数を50に増やす対応を行います。
※DB接続数が既設より増えることについて、Oracle全体のDB接続数の上限が既設が504に対して新設が1952と増えているため、50へ増やすことの影響はないと想定しています。

2025/07/15
運転管理APサーバへ上記の対応を実施いたしました。
緊急性はありませんが製油所モニタAPサーバにも同じ対応を行う(※)ため、適用タイミングについては別途ご相談させていただきます。
※製油所モニタで同期通信を行う処理は試験管理との通信のみであり、本事象が発生する可能性はほぼゼロの状況です。

2025/07/18
百留様よりご質問いただいたSFのDB同時最多接続数について、同期通信処理の件数をもとに接続数の算出を行っています。

2025/08/01
同期通信を行うSF処理は5種類あり、1処理で2接続行うタイミングがありますので、理論上で必要なDB接続数としては5種類×2接続＝10接続＋同時に他のSF処理1種類(※)が動くことを想定した2接続＝12接続となります。
※同期通信（応答を待つ処理）がないため、同時に複数種類のSF処理が動いても順番に処理が行われます（待ち状態が継続することはありません）。
そのため、既設の20接続であれば現状としては問題ない見込みです。

※7/15記載の通り製油所モニタAPサーバにも同じ対応を行うため、進捗はリリース待ちのままとしています。

2025/08/20
製油所モニタAPサーバもSFが保持するDB接続数を50に増やす対応を行いました。",オフラス,,新のみ,●,,,,,,,"運転管理：2025/7/15
製油所モニタ：2025/08/20",,環境設定,確認中,,,,,,,,,,,,,,,,,,,,,,,,,,,,,,,,,,,,,,,
,1127,2026/05/19,千葉,高橋,高橋,"（PJT_問題点管理表No.89から移管）
帳票印刷",D：運転続行可能（代替手段有）,L：試験管理,L：試験管理,,"Lab-Aidでの帳票印刷機能使用時、出力を知らせる「レポート出力に成功しました」のダイアログがバックグラウンドで表示される。帳票によっては、ダイアログをOKで消すまで実際の印刷が始まらないものもあるため、気づかずに複数回印刷をかける場合があり、利用不具合が出ている。本事例はFAT環境では発生していなかった。

2025/07/18パッチ適用を実施したが、対応改善せず、引き続き調査を実施。","■原因
　パッチ適用（KB5020613）で改善したという事例が過去にあり、詳細を確認中。
■対策
　Windows11向けのものを確認（下記、KB5020695、対象はKB5020624）
　パッチ適用状況を確認し、適用されていなければ適用して改善するかを確認する。

　https://support.microsoft.com/ja-jp/topic/2022-%E5%B9%B4-11-%E6%9C%88-8-%E6%97%A5-kb5020613-windows-10-version-20h2-windows-10-version-21h1-windows-10-version-21h2-%E3%81%8A%E3%82%88%E3%81%B3-windows-10-version-22h2-%E7%94%A8-net-framework-3-5-%E3%81%8A%E3%82%88%E3%81%B3-4-8-%E3%81%AE%E7%B4%AF%E7%A9%8D%E7%9A%84%E3%81%AA%E6%9B%B4%E6%96%B0%E3%83%97%E3%83%AD%E3%82%B0%E3%83%A9%E3%83%A0-3880a78d-3b33-429a-93fc-eeb0c40b4ad4

上記インストーラをBOXの下記に格納
https://app.box.com/folder/331021923918

2025/07/18YJP追記
本事象については、三鷹環境で再現しておらず、
出光様の予備機に適用頂きましたが、事象は解消しなかったとのことです。
現在、社内開発チームの方へパッチ適用以外の対応方法について、確認中です。

2025/07/29YJP追記
メッセージの親画面をLabaid画面とするよう明示的に指定することで、前面表示できるようになると思われます。
こちらの環境で現象が確認できないため、本対応で改善するかを様子見させていただきたいと考えております。

2025/09/09YJP追記
上記修正版の動作確認エビデンスを格納しましたのでご確認をよろしくお願いいたします。
https://app.box.com/folder/340106017474

■棚卸
2026/05/25：エビデンス確認の再依頼を行う
2026/06/24：〃",IKC,,新のみ,,,,,,,2025/09/09,,,その他,エビデンス確認中,,,,,,,,,,,,,,,,,,,,,,,,,,,,,,,,,,,,,,,
,1128,2026/05/19,千葉,百留,沼田,"（PJT_問題点管理表No.94から移管）
商品帳票の起動に時間がかかる。",C：運転続行可能（代替手段無）,G：マスバランス,G：マスバランス,商品帳票,"2025/07/18：商品関連の帳票マクロの処理速度が遅くなっている。沼田さん連絡待ち。
■発生日：2025/07/18
■発生拠点： 千葉事業所
■対応希望日：1～2週間程度
※業務が滞っている訳ではないのですが、日常業務に時間がかかるため。
 
■事象：オフラス(新環境)からダウンロードするExcelのマクロの処理が、
旧環境のものより時間がかかっています。
(体感ですが、今まで10秒かかっていたものが、15秒くらいになった感じです)
 
全てのExcelマクロを検証したわけではないですが、日常的に使用する、
商品管理と外航通関メニューのExcelは、全体的に時間がかかります。
 
 
＜試したこと(全て効果なし)＞
・chromeのキャッシュクリア
・オフラス、クライアントPCの再起動
・リモートデスクトップで情報系からオフラスに接続
・制御系端末で直接操作
※リモートでも、直接操作でも同じくらい遅い。
 
■あるべき姿：旧環境と同等レベルの処理時間で帳票が出力される。
■代替手段：なし
","■原因
2025/08/04
既設と新設で下記項目を比較し、ボトルネックを調査いたしました。
・帳票データ取得SQL実行速度：既設、新設で大きな差なし。
・帳票作成速度：新設が既設より出力時間に2倍程度時間がかかる。
帳票作成のソースは既設と新設で変更はなく、Excelをバージョンアップ(2016→2024)したことにより
作成処理速度に影響が出ていると仮定し調査継続中です。
マイクロソフトプラットフォームに類似現象の関連記事があり、現象はExcelのアップデートで改善されています。
https://learn.microsoft.com/en-us/answers/questions/5374303/vba-performance-issue-after-august-updates?forum=msoffice-all&referrer=answers
2025/09/16YJP追記
継続調査中
2025/10/29 YJP追記
APサーバ環境上でConciergeManagerからSmartConciergeに接続する際、ConciergeServiceで開いているポートと接続ポートの重複を避けるため空きポートを検索し未使用ポートを使って接続する機能があります。
同一モジュールを使用しているためクライアント環境上の帳票作成時にも空きポートの検索が実行されており、検索時間の累積により帳票作成時間が遅くなっておりました。空きポートの検索の実行条件をAPサーバ環境にのみ絞ることにより、帳票作成時間が既設と同等になることを確認いたしました。
■対策
調査中
2025/9/26 YJP追記
継続して調査中。
現在、想定している対応方法で改善するのではないかと考えている。
2025/10/29 YJP追記
空きポート検索機能の実行条件を追加し、帳票作成時では実行しないようにプログラムを修正します。

北海道にリリース（リリース済）して問題無ければ千葉にリリースする認識
⇒DI部に状況確認要

■棚卸
2026/5/25：北海道へのリリース実績を以って千葉にもリリースする
2026/06/24：千葉にリリースする",オフラス,,,●,,,,,,,,,AP・コーディング,リリース待ち,,,,,,,,,,,,,,,,,,,,,,,,,,,,,,,,,,,,,,,
,1129,2026/05/19,千葉,YJP移川,伊藤様,"（PJT_問題点管理表No.98から移管）
タンク在庫計算マスタメンテナンス - 検索・削除",C：運転続行可能（代替手段無）,M：マスタ管理,M：マスタ管理,VIMX000010_タンク在庫計算マスタメンテナンス - 検索・削除,"■事象
タンク在庫計算マスタメンテナンス - 検索・削除画面のタンクNo.入力欄がタンクNo.の右隣でなく下に表示されている。
■あるべき姿
タンクNo.入力欄がタンクNo.の右隣に表示される。","■原因
既設と新設でhtmlの変更はなくブラウザのバージョンアップによりテーブルの表示サイズ指定の解釈が異なったのが原因です。
表示サイズ指定を修正することでテキストボックスの表示位置が正しくなります。
■対策
表示サイズ指定を修正しテキストボックスが正しい位置に表示されるよう修正いたします。",オフラス,,,●,,,,,,2025/08/05,2025/08/20,,AP・コーディング,確認中,,,,,,,,,,,,,,,,,,,,,,,,,,,,,,,,,,,,,,,
,1130,2026/05/19,千葉,伊藤,伊藤様,"（PJT_問題点管理表No.99から移管）
協定書実績",Q2：代替手段により後続テスト実施可能,D：実績管理,D：実績管理,VIDC050102_協定書実績入力,"■事象
協定書実績画面で一部の実績しか協定書実績画面に出力されない。
本出荷は2つのオーダーによってできているが片方しかでておらずもう一方を入力できる画面がない。（進捗管理側で対応）
■あるべき姿
それぞれのオーダーの協定書実績画面が出力される。","■原因
2025/08/07YJP
画面の挙動としては仕様通りでした。
画面では以下の条件で表示を統合して、先頭のものだけにボタンを表示するようになっております。
・オーダ管理番号が同じで同一の船の場合
・同一船、同一回次、同一入出荷区分、同一の作業品名を含む場合
今回のケースでは、下のパターンで、同一船、同一回次、同一入出荷区分で、どちらの出荷にもREGが含まれていたため、
ボタンが統合されて、片方の分しかボタンが表示されていないようになっておりました。
協定書のボタン押下時の表示内容と一覧画面の表示内容で条件に差異があるように見受けられるので、追調査いたします。
調査結果が揃った後、仕様変更対応を行うのか相談とさせてください。
原因、進捗共にまだ調査中のままとしておきます。

■追加調査結果報告 2025/11/21 YJP
11/19に伊藤様が三鷹に来社頂いた際に口頭にてお伝えさせて頂きましたが、
改めて資料を含め調査結果について報告させて頂きます。
本件、一次調査結果の報告通り、基本的には仕様通りなのですが、
今回のケースのように同一船、同一回次、同一入出荷区分の2オーダがそれぞれ複数品名を
設定されていた場合については、ケアしきれていない（仕様が詰められていなかった）のではないか
と想定しております。
※2オーダが同一船、同一回次、同一入出荷で、品名がひとつの設定であれば判定に問題はございません。

本仕様の実現方法が、オーダや協定書情報などを集め終わった後の画面内表示項目を確認(判定に使用)
するという挙動となっているため、一つ上のレコードを確認してどんぶり出荷時や同一オーダ管理番号等の判定に
使用しており、同一品名が続いてしまった場合に今回のケースが発生しております。

■対策
今回の協定書実績一覧において、伊藤様と確認させて頂いた「あるべき」としましては、
4件でまとまらず、2件＋2件で別々に協定ボタンが表示される方が望ましかったと伺っております。
それを実現するためには、下記どちらかの対策が必要になると考えられます。
①統一品名略号以外の情報を判定に加え(例えば税区分など)、まとまりの判定を強化する。
②運用にて、同一船、同一回次、同一入出荷のオーダに対しては、連続して同一品名略号が設定されないよう対応する。
※①の場合、再度仕様を調整し、どのように判定することが望ましいかを検討する必要がございます。
",オフラス,,,,,,,,,"2025/11/21
調査結果報告済み",,,その他,確認中,,,,,,,,,,,,,,,,,,,,,,,,,,,,,,,,,,,,,,,
,1131,2026/05/19,千葉,高橋,高橋,"（PJT_問題点管理表No.103から移管）
混合計算とSIM計算結果の差が大きい項目がある",,L：試験管理,計算エンジン,混合計算,"■事象
混合計算において、C重油の引火点計算の結果がブレンドシミュレータの結果と差が大きい、との連絡を受けた。ヒアリングしたところ、はっきりといつから発生しているかはわからないがここ数週間とのことで切替時期と一致する。現在、詳細と起点を計算ログファイルから情報収集中。（品管担当がオフライン版のブレンドシミュレータで照合計算したところ、現在のブレンドシミュレータと差がないことを確認できたため、混合計算側に原因があると推定しての起票）
■あるべき姿
","■原因
計算エンジンの原因！？
芥川様へ調査依頼をお願いします。
2025/12/22 YJP追記
芥川様と認識合わせ、芥川様のほうで継続調査
■対策

■棚卸
2026/5/25：現地確認中
2026/06/24：現地確認中",IKC,,,,,,,,,,,,調査中,調査中,,,,,,,,,,,,,,,,,,,,,,,,,,,,,,,,,,,,,,,
,1132,2026/05/19,千葉,YJP高山,沼田様,"（PJT_問題点管理表No.104から移管）
月次処理でMB品名マスタにSAP品目コードが未設定なためメッセージが多数出力されている件",　,G：マスバランス,G：マスバランス,MB品名マスタ,"■発生日：2025年08月04日
■発生拠点： 千葉事業所
■対応希望日：1～2週間程度(実害はないため期間の延長は可能です)
■事象：ご質問いただいた件(添付メール参照)、潤滑油担当に確認したところ、SAP品目コードとSAP評価タイプは、そもそも登録する認識がなかったとのことです。(潤滑油のシステム側の制約で、あえて登録していない。というわけではないようです)
そのため、各システムへ影響がなければ、SAP品目コードとSAP評価タイプを登録して、オフラスでエラーが出力されないようにしたく、SAP品目コードとSAP評価タイプを登録した場合の影響について、調査のほど よろしく お願いします。
>>現状のエラーメッセージの原因をご確認いただき、オフラスからSAPに送信すべきではない、で統一されてるかをご確認いただければと思います。
■あるべき姿： 製油所受払月報処理実施時、オフラスで本件 起因のエラーが出力されない。
■代替手段：なし(実害はないため)
","※YJP追記（2025/12/02）、(2026/05/14記載追加)：
■原因
MB品名マスタにSAP品目コードが設定されていないことで、エラーメッセージが出力されております。
※こちらは意図的に送信処理内で「SAP品目コードが設定されていない場合は送信対象外とする」よう作成されています。
また、出力されるメッセージに「エラー」と「情報」に2パターンが混在することも、フィルタにて表示を絞れない一因となっているようです。

■対策
上記の通り、ソースコードから調査した結果では仕様通りという認識です。
(SAPに連携する/しないをSAP品目コードの設定有無によって判定しております。)
今回エラーの出ている品名については、SAP品目コードが設定されていないため意図的にエラーを出力しています。
対策としては、必要に応じて3つの案が考えられます。
-------
①SAP品目コードを設定頂く。
上記の通り、SAP品目コードを設定することで、上記の品名についてもSAP連携されるようになります。
(登録した場合の影響がこちらになります。その他処理としては特に影響ない認識です)
　→SAP側へ連携されても問題ない場合はこちらが最も対応し易い内容かと思います。
-------
②仕様変更にて、メッセージ種別を変更し、メッセージ画面でフィルタできるように対応する。
現行通り、SAP連携したくない品名には設定しないまま運用頂く。
ただし、その場合に出力されるメッセージが多いということですので、メッセージ一覧画面内のフィルタにて、
表示させないように対応します。ただし、月次処理内で上記判定をした結果のメッセージには、
「受払月次データ」「伝票データ」の送信処理では本項目は「種別:エラー（赤文字）」で設定されており、
「引落後在庫」の設定処理では本内容は「種別:情報（黒文字）」で設定されております。
「エラー」と「情報」が混在しているため、現状では「情報」にてフィルタしても、「SAP品目コードが…」のメッセージが
表示されてしまいます。これらのメッセージを全て「エラー」か「警告」に統一することで、
「情報」でフィルタした場合には、正常系のメッセージのみ確認できるようになります。
-------
③仕様変更にて、SAP品目コード設定可否によるメッセージを出すか、出さないか判定するフラグ（システム定数）を追加する
システム定数の設定を見て、既存通りメッセージを出すか、それとも出さないようにするかを切り替え可能なよう仕様変更にて処理を追加します。
システム定数の追加及びプログラム内にて同フラグを判定する処理を追加して対応いたします。
",オフラス,,,●,,,,,,,,,仕様通り,確認中,,,,,,,,,,,,,,,,,,,,,,,,,,,,,,,,,,,,,,,
,1133,2026/05/19,千葉,YJP高山,沼田様,"（PJT_問題点管理表No.105から移管）
ブレンドサーキュレーションJOBに、マイナス数量が計上される",,D：実績管理,D：実績管理,タンク受払実績一覧,"■発生日：2025/08/14
■発生拠点： 千葉事業所
■対応希望日：1～2週間程度(実害はないため期間の延長は可能です)
 
■事象：ブレンドサーキュレーションJOBで、しばしばマイナス数量が計上されます。
マイナス数量のシフトは ありえないため、現状、手修正で0へ修正する運用としています。
 
そのため、マスタの設定等でブレンドサーキュレーションのマイナス数量のJOBを
手修正不要にすることが可能であるか否かを調査いただきたいです。
なお、本事象はオフラス更新前より発生しています。
","※YJP追記（2025/12/02）：
■原因
日締め処理（タンク受払）にて、ブレンダーサーキュレーションJOBにマイナス計上されたデータが入ることがある。
＜調査中につき、現状の調査状況を連携いたします＞
まず画面側（タンク受払実績一覧）側の表示項目についてを調査しましたが、
こちらは特定の条件にてDBからデータを紐づけて持ってきている内容となっていたため、
問題はデータ作成部であると考えられます。
過去データも振り返りましたが、3/31にも同様のデータが存在していたように見受けられました。
今回の事象が7/31であったため、日締め処理内で月を跨ぐケースをケアした処理が働き、それにより計算値に
問題が生じているのではないかと考え、現在締め処理内の調査を進めている段階です。
調査結果の報告まで、今しばらくお時間を頂けますよう、宜しくお願い申し上げます。

■対策
2026/06/30YJP古山追記
引続き調査中


■棚卸
2026/5/25：調査中（調査結果報告まで今しばらくお待ちください）
2026/06/24：調査中",オフラス,,,●,,,,,,,,,調査中,調査中,,,,,,,,,,,,,,,,,,,,,,,,,,,,,,,,,,,,,,,
,1134,2026/05/19,千葉,YJP大塚,,"（PJT_問題点管理表No.113から移管）
IS通関したガソリンの輸入台帳について",,F：外航通関,F：外航通関,,"■発生日：２０２５年１０月２３日
■発生拠点：　千葉事業所
■対応希望日： ２０２５年１０月３１日
■事象：
IS通関したガソリンを積戻し、台帳引き落としを行った。
輸入台帳のIS通関許可日が8/8から積戻し許可日の10/20に変わってしまった。
（台帳番号216 1916 1860と216 1916 5620の両方とも正しくない）
さらに輸入台帳をExcel出力すると積戻しの価格も表示されなくなった。
（台帳番号216 1916 1860と216 1916 5620の両方とも正しくない）
■あるべき姿： IS通関したガソリンの輸入台帳が正しく出力される。
■代替手段：なし
■補足： なし","■原因
申告種別：ISにおいて輸入台帳にアクセスするパターンの場合の申告許可日の制御ミスのため、変更する必要が無いにも関わらず変更しておりました。
■対策
輸入台帳の申告許可日の変更は実施しないよう修正します。
2025/10/27 YJP追記
今回変更となった申告許可日はデータパッチにて8/8に補正いたします。

2026/02/09 確認NG YJP追記
リリース前に対象データが更新されていたため、許可・承認番号「233 7618 0650」のデータが出力されておりませんでした。
データパッチにて対応いたします。
また、帳票で積戻しが複数の場合に2つ目以降のCIF価格が表示されない問題がみつかりましたのでそちらも対応いたします。

2026/02/12 YJP追記
データパッチ実施いたしました。",オフラス,,,●,,,,,,2026/2/12,2026/2/18,,AP・コーディング,確認中,,,,,,,,,,,,,,,,,,,,,,,,,,,,,,,,,,,,,,,
,1135,2026/05/19,千葉,YJP大塚,,"（PJT_問題点管理表No.114から移管）
石連週報用の、国家備蓄在庫 修正依頼",,帳票,帳票,石連週報,"■発生日：2025年10月28日
■発生拠点： 千葉事業所
■対応希望日：1～2週間程度
■事象：石連週報用の国家備蓄在庫(製品備蓄量)を修正したく、
ご対応よろしく お願いします
※滞留油は、前回から変更ありません。
 
■あるべき姿：国家備蓄数量が正しい値(添付Excel)となる
■代替手段：なし","■原因
テンプレートシート（備蓄在庫量）に固定に数量を保持しているため帳票プログラムを改修いたします
■対策
テンプレートシート（備蓄在庫量）の国家備蓄数量を修正いたします。",オフラス,,,●,,,,,,2025/10/31,2025/12/17,,その他,確認中,,,,,,,,,,,,,,,,,,,,,,,,,,,,,,,,,,,,,,,
,1136,2026/05/19,千葉,YJP移川,青井様,"（PJT_問題点管理表No.115から移管）
千葉オフラスAPサーバ1号機のEX-SFサービス異常終了",,その他,その他,EX-SFサービス,"■発生日：　2025/10/29 15:31頃
■発生拠点：　千葉事業所
■対応希望日：　２週間以内
■事象
2025/10/29　千葉オフラスAPサーバ1号機のEX-SFサービスが異常終了
2026/4/30　千葉L30APサーバにてSFサービスが異常終了

■あるべき姿
EX-SFサービスが異常終了せず、継続稼動すること。
■代替手段
マニュアルでサービス起動。
■その他
イベントログ等は以下Boxに格納しました。
https://jpn01.safelinks.protection.outlook.com/?url=https%3A%2F%2Fidemitsu.ent.box.com%2Ffolder%2F348428956142&data=05%7C02%7CTakeo.Utsushikawa%40yokogawa.com%7Cf9c861b2f0c0447eae7008de16ba58c8%7C0da2a83b13d94a35965fec53a220ed9d%7C1%7C0%7C638973186758095017%7CUnknown%7CTWFpbGZsb3d8eyJFbXB0eU1hcGkiOnRydWUsIlYiOiIwLjAuMDAwMCIsIlAiOiJXaW4zMiIsIkFOIjoiTWFpbCIsIldUIjoyfQ%3D%3D%7C0%7C%7C%7C&sdata=uTq0XtlXIJT9Pjt2ss6HbDCOnUADIUf71Sx51lrHvWY%3D&reserved=0
","■原因
調査中（サービスサポート問合せ中）
2025/12/2 YJP追記
サービスサポートより導入したSFサービスのバージョンが古く、OSとの間に互換性の問題が発生しているとの回答。
提供されたSFサービスの修正パッチを千葉検証環境に導入し動作検証継続中。
■対策
調査中
担当を内部諸事情より那須へ変更（引継ぎが未）

2026/05/07YJP追記
千葉検証機での動作検証について状況について確認し、対応について検討いたします。
SFサービスの自動リカバリが行われなかった件についてはNo.193として起票いたしました。

■棚卸
2026/5/25：異常終了の根本原因は継続調査中
2026/06/24：別途対応状況確認",オフラス,,新のみ,●,,,,,,,,,調査中,調査中,,,,,,,,,,,,,,,,,,,,,,,,,,,,,,,,,,,,,,,
,1137,2026/05/19,千葉,YJP喜田,,"（PJT_問題点管理表No.193から移管）
SFサービスが異常終了した際に、自動リカバリされない",,その他,その他,EX-SFサービス,"■発生日：　2025/4/30 13:00頃
■発生拠点：　千葉事業所
■対応希望日：　
■事象
2026/4/30　千葉L30APサーバにてSFサービスが異常終了
　　　　　　　　　自動でリカバリされなかった　
■あるべき姿
EX-SFサービスが自動でリカバリされる
■代替手段
マニュアルでサービス起動。
■その他
","■原因
　異常終了した際のSFサービスのリカバリ条件が「エラー対象がjava.exeの場合」となっていました。
　⇒SFは既設GRANDSIGHTはjava.exeだが、新GRANDSIGHTではSFServece.exeとなったため、
　　リカバリ対象となっていませんでした。
■対策
　リカバリ条件に「エラー対象がSFServece.exeの場合」を追加する必要がございます。
　⇒千葉・北海道での対応が必要です。
　YJP環境にて動作検証を行います。

■棚卸
2026/05/25：リカバリ可能対応を実施する、対応後の不具合（停止後勝手に起動してしまう事象）は停止後10秒ほど待って確認する運用で回避する。
2026/06/24：No1136と併せてステータス更新する",オフラス,●,●,,,,,,,,,,設計不備,対応中,,,,,,,,,,,,,,,,,,,,,,,,,,,,,,,,,,,,,,,
,1138,2026/05/22,千葉,青井圭介,青井圭介,5/24荷役のアストモスオーダがオンラインオーダに表示されない,Q1：後続テスト実施不可,A：オーダ管理,A：オーダ管理,,"■発生日：2026/05/22
■発生拠点：千葉
■対応希望日：即日
■事象:
　アストモスオーダがオンラインオーダに表示されない。
■あるべき姿：
　アストモスオーダがオンラインオーダに表示される。
■代替手段：
　なし。","■原因
　連携項目内のコメントに半角カンマが入力されており、当該連携がCSV形式であるため
　項目数ずれが発生した。
2026/05/26 YJP村上追記
  伝文項目数の不一致はEAIが受信伝文を伝文受信テーブルに登録する際に検知されます。
　（D:eai\server\log\logger\EAI_TX2DBAdaptor_メッセージ名.logにエラー通知されます。）
■対策
　データの送り側にて以下の処置を実施・検討する。
　＜運用＞
　　オーダ入力時、コメント欄への半角カンマ入力しないよう再通達。
　＜システム＞
　　データ送信前にコメント欄を全角変換などの処置が取れないか確認。

■棚卸
2026/05/25：アストモス側で修正するよう富士通に依頼予定
2026/06/24：対応中",その他,●,,,,,,,,,,,データ不備,対応中,,,,,,,,,,,,,,,,,,,,,,,,,,,,,,,,,,,,,,,
,1139,2026/06/02,北海道,YJP古山,秦野築,2026年5月　原油按分エラー,,G：マスバランス,G：マスバランス,,"■発生日：
2026年6月2日
■発生拠点：
北海道製油所
■対応希望日：
6/2 中
■事象:
ファイルボランチの製油所受払月報チェックリストにて、フート原油で原油按分エラーが発生していた。
原因を調査したところ、ファイルボランチの製油所受払月報にて1)フート原油の
月末在庫が5,777,985となっていたが、
正しくは27,272,964である。このことが原因でエラーが発生したと考えられる。
■代替手段：
なし

本件、遅くとも明日中に解決したいのでお手数をおかけしますが、調査お願いします。
","■原因
<データ不備>
ご提供頂いたDMPからデータを確認したところ、
MB在庫振替マスタの設定不備により発生しているのではないかと考えられます。
「41090306：フ－ト（原油）」に月末修正在庫「27,272,964」を設定頂きましたが、
現状ではMB 在庫振替マスタの振替元の品名に「フート原油」が設定されていないため、
在庫調整処理にて、調整先(振替先)の品名が存在せずに、「M:原油按分エラー」が発生
しているものと考えられます。（エラーであるため正しく調整処理が働いておりません）

三鷹検証環境にて仮に設定を行い、月次処理を再実施したところ、
受払月次データ上、「１）フ－ト（原油）」の月末在庫が「27,272,964」となることを確認いたしました。
まずは本内容について設定したうえで、製油所受払月報の数値が改善するかどうか、ご確認頂けますでしょうか。

■対策
フート原油のMB在庫振替マスタの設定を行う。

2026/06/03YJP高山：
2026/06/02に北海道田苗様、佐々木様よりメールを頂き、
上記対策にてで問題が解決したとの連絡あり。
クローズで問題ないとのことで、進捗を「確認完了」に更新いたします。",オフラス,,●,,,,,,,,,2026/06/03,データ不備,確認完了,,,,,,,,,,,,,,,,,,,,,,,,,,,,,,,,,,,,,,,
,1140,2026/06/05,愛知,YJP福田,古井珠実,TOP保税作業終了届を取消し外貨を確保したい,,F：外航通関,F：外航通関,,"■発生日：2026/06/05
■発生拠点：愛知事業所
■対応希望日：即日
■事象：
TOP保税作業終了届を作成完了後、追加で外貨製品の確保が必要になったが
確定済のため追加で確保することができない
■あるべき姿：
確定しているTOP保税作業終了届を取消し外貨を確保したい
■代替手段：
なし","■原因
仕様通り
■対策
データパッチにて対応いたします。

2026/06/05　YJP福田追記
データパッチ対応を実施いたしましたので、ご確認をお願いします。",オフラス,,,●,,,,,,,,2026/06/05,その他,確認完了,,,,,,,,,,,,,,,,,,,,,,,,,,,,,,,,,,,,,,,
,1141,2026/06/08,千葉,YJP福田,中山修美,外航入荷オーダー一覧の「価入」での確定について,,F：外航通関,F：外航通関,,"■発生日：2026年6月8日
外航入荷オーダー一覧でETERNAL SUNSHINの「価入」まで進め確定を押したところ、下記エラーメッセージが出て確定できない。
■発生拠点：　千葉事業所
■対応希望日： 2026年6月12日（希望）
■事象：「価入」での確定ができない。
■あるべき姿：「価入」での確定ができる。
■代替手段：なし","■原因
申告後に「システム外搬入確認（輸入貨物）」画面にて「テキスト出力」ボタンが押下され、
輸入ステータスが価格入力前に戻ってしまったため。
■対策
暫定対応といたしまして申告前の状態に戻すデータパッチにて対応いたします。
恒久対応といたしまして「システム外搬入確認（輸入貨物）」画面の「テキスト出力」ボタンを申告後は押下できないように対応いたします。

2026/06/10 YJP福田追記
データパッチ対応を実施いたしましたので、ご確認をお願いいたします。",オフラス,●,,,,,,,,2026/06/11,2026/06/17,,設計不備,確認中,,,,,,,,,,,,,,,,,,,,,,,,,,,,,,,,,,,,,,,
,1142,2026/06/08,北海道,YJP古山,秦野築,2026年5月　アラビアンヘビー原油入荷数量変化,,G：マスバランス,G：マスバランス,,"■発生日：　2026年6月8日
■発生拠点：　北海道製油所
■対応希望日：6/8 中
■事象：
6/4(木)深夜に自動出力した製油所受払月報と6/6(土)深夜に自動出力された製油所受払月報を
比較したところ、アラビアンヘビー原油の入荷数量が7L減っていることが判明した。
6/5(金)にオフラスにて、原油入荷伝票の修正を行ったか確認したところ、その様な操作はしていないとのこと。
■代替手段：なし

本件について、なぜ変化したの原因追求と、月報は確定してしまっているため修正は不可と思われますが
修正出来る手段があればご教授下さい。

■添付：
・2026.5北海道製油所　アラビアンヘビー入荷量変化.pptx
","■原因
データ不備
6/5 21:00頃に訂正・入荷伝票にて連携されたデータが、7L少ないために発生しております。

＜現象＞
伝票日付:20260510の入荷伝票「124,889,713」Lに対して、
6/5 21:00 に訂正伝票が発行されているようで、「-124,889,713」Lで取り消されております。
上記と同時に受信している入荷伝票「15,104,050」Lと受入増減伝票「455,920」Lが
20260510の入荷数量として取り込まれています。（合計値:「15,559,970」L）
その次の連携タイミングの6/5 21:10に取り込まれた入荷伝票にて追加で「109,329,736」Lが
入荷数量として取り込まれ、合わせて「15,559,970」L＋「109,329,736」L=「124,889,706」Lとなります。

当初：「124,889,713」L
訂正：「124,889,706」L
上記にて7Lの差が生じたため、OFLAS月次処理（6/5 22:05）にて、
月末在庫からの算出にてこちらの差分を在庫調整処理にて調整(転換)したと考えられます。
※実際に6/5 22:05の機械作成伝票でも７Lの調整を実施しているように見受けられました

■対策
元々オフラス側操作で発生している訳ではなく、
また5営業日を過ぎているため、今から対応できることは無い認識です。
上記は原因の調査と報告のみとなりますこと、予めご容赦ください。",オフラス,,●,,,,,,,,,2026/06/09,データ不備,確認完了,,,,,,,,,,,,,,,,,,,,,,,,,,,,,,,,,,,,,,,
,1143,2026/06/11,千葉,YJP福田,中山修美,1)3.5C重油での保税運送の検証について,,F：外航通関,F：外航通関,,"■発生日：2026年6月11日
6/22に1)3.6C重油　以上で登録されているオーダー（添付の最下部）を品名コードを1)3.5C重油に変更し、「外航通関」と連携し、外国貨物運送申告書や
外国貨物製造搬出明細表の作成や外貨引落が問題なく実施できるか、検証をお願いいたします。
品名コードは00437で、船名コードはまだ未定ですが00281で下記添付で検証いただければと思います。
■発生拠点：　千葉事業所
■対応希望日： 2026年6月15日（希望）
■事象：　1)3.5C重油での保税運送の検証
■あるべき姿：　1)3.5C重油での保税運送で登録・実績確定ができる。
■代替手段：1)3.6C重油 以上での登録（後で確認すると3.5Cであったことが分からなくなるため、1)3.5C重油で登録したい）","■原因
お問い合わせ（仕様とおり）
■対策
オーダ登録前に下記3マスタの登録を行うことで問題なく処理が行えます。
・品名関連マスタ
・ボンド出荷品名マスタ
・ボンド出荷ブレンド基材マスタ",オフラス,●,,,,,,,,2026/06/12,,2026/06/16,その他,確認完了,,,,,,,,,,,,,,,,,,,,,,,,,,,,,,,,,,,,,,,
,1144,2026/06/16,北海道,YJP増田,,EAI通信定義の整理,,Y：通信管理,Y：通信管理,,"■発生日：2026/02/03
■発生拠点：北海道
■対応希望日：北海道切替前まで
■事象:
※IOS20-OFL-SBT_課題管理シート No.20より移管
現状、他拠点の設定をコピーしていた、途中で仕様変更が行われた等の理由により、未使用の通信定義（スポーク、メッセージ定義）が残存している状況が発生している。
拠点によってはスポーク数の登録制限（32件）に達しているため、各拠点の通信定義の見直しを行い、未使用の通信定義を削除する等の対応を行う必要がある。
また、上記の状況について最新の通信定義情報がドキュメント（通信インターフェース一覧）上でも反映されていない場合があるため、合わせて対応について検討させていただく。
2026/02/25：北海道について切替前までに不要なスポークの削除を実施する。
4所のスポーク一覧化して、要不要を整理。

■あるべき姿：
不要な通信定義が削除されており。必要な定義のみが登録されている状態である。

■代替手段：","■原因

■対策
4所のスポークおよびメッセージの整理を行い、北海道切替時にDI部様と整理を行いました。
https://app.box.com/folder/371305523675
　・IOS20-OFL-SBT_課題管理No20別紙_EAI定義（L35DMZ）の整理.xlsx

北海道のスポーク整理は、10月定期再起動時に実施予定。

※千葉：不要な通信定義の削除まで対応完了
　　愛知、徳山：各拠点の切替前までに整理、不要な通信定義の削除まで対応予定

■棚卸
2026/06/24：対応中",オフラス,,●,,,,,,,,,,その他,リリース待ち,,,,,,,,,,,,,,,,,,,,,,,,,,,,,,,,,,,,,,,
,1145,2026/06/24,千葉,YJP福田,中山修美,製品IMWの消費税の計算について,,F：外航通関,F：外航通関,,"■発生日：2026年6月23日
製品のIMW（申告番号234 1570 4050、234 1570 4750）を行ったが消費税の計算が正しくない（添付の納付明細書の輸入許可日6/23の2件）。
許可書と同じ消費税になるように修正が必要。
■発生拠点：　千葉事業所
■対応希望日： 2026年6月29日（希望）　　　　　　　　 
■事象：　製品IMWの消費税の計算が正しくない。
■あるべき姿：　製品IMWの消費税の計算が正しくされる。
■代替手段：なし","■原因
一次保税表示作業品名マスタの評価単価(NAPHTHA、GAS OIL)が更新されておらず、
いただいた計算書で使用されている値と異なっているためです。
■対策
製品IMW2件（申告番号：234 1570 4050、234 1570 4750）につきましては、
データパッチにて価格の修正をいたします。
また、一次保税表示作業品名マスタの更新につきましては、
お手数ですが、マスタ管理機能より評価単価の更新をお願いいたします。
2026/6/29 YJP村上追記
データパッチ実施後、問題無く帳票出力ができたことをご確認いただいたことからクローズ致します。",オフラス,●,,,,,,,,,,2026/06/29,仕様通り,確認完了,,,,,,,,,,,,,,,,,,,,,,,,,,,,,,,,,,,,,,,
,1146,2026/07/02,北海道,YJP古山,田苗直樹,製油所受払月報の数値が異なり月末在庫がマイナス,,G：マスバランス,G：マスバランス,,"■発生日：2026/07/02
■発生拠点：北海道製油所
■対応希望日：今日中
■事象：
ファイルボランチの「製油所受払月報」において、2)セキカヨウ　ライトナフサ
の生産量に出荷数量と等しい数値が出ていないため月末在庫がマイナスとなった。
■あるべき姿：
出荷量=生産量の数字が製油所受払月報に記載されて、月末在庫が0となる。

■代替手段：
なし
オフラスではなくSAPの問題であればご教授下さい。

＜補足事項＞
本問合せと関連性があるかは不明ですが、以下情報連携いたします。
――――――――――――――――――――――――――――
現在、SAP⇒オフラスの入出荷伝票の連携について、
オフラス４所すべてにおいて、6/10 16時30分頃までを最後に ～6/30まで入出荷伝文が
SAP⇒オフラスへ連携されて来ていなかったトラブルが発生しており、SAP側でリカバリ対応（オフラスへ連携）を行っている最中となっております。
只今、各所毎に順次対応を行っている状況で、北海道については本日午前中までに上記リカバリが完了している状態なのですが、
その後、帳票出力した際に発生している事象（本お問合せ）となります。
――――――――――――――――――――――――――――
※ちなみに、愛知もリカバリ完了（現在現地にて帳票内容確認中）、千葉・徳山は現在リカバリ対応中（現地帳票確認が未だ未実施）となります。
","■原因
機械作成伝票を取り込めていないために発生していると考えられます。
関連資料⇒Box：https://app.box.com/folder/396298389329

■対策
提供頂いたDMPを反映して調査しましたところ、
オフラス内の受払月次データと、先程送付頂きました「製油所受払月報.jpg」の内容に
齟齬が生じているように見受けられます。リカバリを実施した後、SAP側で北海道製油所殿の
月次連携データ（機械作成伝票など）を取り込めているかどうか、ご確認頂けますでしょうか。
(もしくは、月次処理後の連携データが反映される前に帳票を取得されていないかご確認ください)

※調査内容：
オフラス内TIGX044(受払月次データ)にて、
「11220104：2)セキカヨウ ライトナフサ」に計上された数値を下記の計算に当てはめた結果、

計算数量 ＝（月末在庫数量＋月次出荷数量＋増減払出数量）                                             
－（前月繰越在庫数量＋月次入荷数量＋処理生産数量＋納税転換数量＋調合転換数量                                           
＋品位転換数量＋荷姿転換数量＋勘定転換数量＋増減受入数量）                       

「5,639,099」の計算数量が算出され、こちらは仕様通り算出生産数量に計上されるため、
機械作成伝票にて（14）生産伝票としてSAP側に連携されているものと考えられます。（14生産伝票=増える方）
正しく受け取られた場合、生産数量が空欄にはならず、月末在庫についてもマイナス値にならないと考えられます。
※TIGX031上では、オフラスにて機械作成で生産伝票が作成されていることを確認しております。
※細かい内容は添付のExcelをご参照ください。

上記理由により、
連携データを取り込めていない or 取り込めたが反映される前のデータを参照しているのではないかと考えました。オフラスデータ上からの推測となり恐縮ですが、内容ご確認のほど、宜しくお願い申し上げます
",その他,,●,,,,,,,,,2026/07/03,その他,確認完了,,,,,,,,,,,,,,,,,,,,,,,,,,,,,,,,,,,,,,,
,1147,2026/07/03,千葉,YJP古山,伊藤祐希,製油所受払月報の品名表示不具合_（製）減圧残重油,,G：マスバランス,G：マスバランス,,"■発生日：2026年07月02日
■発生拠点：千葉事業所
■対応希望日：本日中（第3営業日のため）
 ■事象：6月の製油所受払月報を出力したところ、
「（製）減圧残重油」（One SAPコード：F10536000、品名コード：12335177）が品名空白で表示されています。
One SAPの出荷実績を確認したところ、6月は出荷実績がありませんでした。

2025/10/21に出荷実績があるため、マスタ不備ではないと推測しています。
念のため、MB品名マスタの登録状況を確認しましたが問題は見当たりませんでした。
 
■あるべき姿：「（製）減圧残重油」が正しく表示された状態で製油所受払月報が出力されること。
■代替手段：なし。

＜追加情報＞
千葉での本事象について、徳山でも同事象が発生している旨別ルートでご連絡を頂きました。
昨日の一連のSAP側受払送信リカバリ対応の影響かは不明ですが、
現在、平行してSAP側にも調査を依頼しております。

まずは原因切り分けのため、オフラス側としては引き続き千葉の調査（下記お問合せ調査）をお願い致します。

※徳山から頂いた情報についてもDMPと同じ場所に格納しております。
https://idemitsu.ent.box.com/folder/396330683983
","■原因
■対策
（頂いた情報を元にしたオフラス側回答）
徳山の資料を頂いて確認した結果の推測になりますが、
徳山では6月に「（製）減圧残重油(12335177)」の出荷があったものと考えられます。
(数量は「4,950,158」)
対して、千葉では6月に出荷がなかったと連絡頂いておりますが、
資料内の千葉の製油所受払月報では出荷数量が「4,950,158」設定されマイナスになっているようです。
※千葉のDMPを確認したところ、6月に「（製）減圧残重油(12335177)」の
入荷/出荷伝票は入ってきておりませんでしたので、製油所受払データとしてもこちらの品名は
集計していないようでした。(月報の値は、オフラスからあげている数量ではありません。)

上記について考えると、SAP側でのリカバリにて、千葉と徳山の出荷データが逆になっているなどの
事象が発生していないでしょうか。（徳山のDBを見たわけではないので確証はないですが）
千葉で言えば、SAP⇒出荷数量がある、オフラス⇒数量の動きはない（連携データなし）
の状況になり、オフラスから情報が上がっていないため、品名が表示されていないなどの可能性は
ございませんでしょうか。

いずれにせよ同じ品名で同じ数量の問題が生じているように見えますので、こちらの関連性について
ご確認頂いた方がいいように思います。

2026/07/06:IKC
SAP側でリカバリ対応実施の中、当該品についてそもそも品名誤りであることが発覚
　※（誤）「（製）減圧残重油」　／　（正）「減圧残重油」
（誤）⇒（正）への変更対応（実績削除＆訂正）を行い、結果正しい月報となった。",その他,●,,,,,,,,,,2026/07/06,その他,確認完了,,,,,,,,,,,,,,,,,,,,,,,,,,,,,,,,,,,,,,,
,1148,2026/07/07,北海道,YJP古山,柴田裕,入荷実績不備について,,D：実績管理,D：実績管理,,"■発生日：　2026年7月6日
■発生拠点：　北海道製油所
■対応希望日：　7月13日まで
■事象
　　7月2日～6日にかけてT-062およびT-061へ海上入荷を実施していたが、
    入出荷作業報告書にて実績反映された日付が終了日の前日である7月5日であった。
　　以下、JOBの詳細情報です。
　○T-062海上入荷
　・JOB NO.123874
　・開始～終了日時：7月2日16:38～7月6日00:12　＊運転制御側の情報
　
　○T-061海上入荷
　・JOB NO.123875
　・開始～終了日時：7月2日17:28～7月6日02:00　＊運転制御側の情報
 
■あるべき姿
　適切な日時に揚げ荷実績が反映される。
 
■代替手段
　実績修正
","■原因
調査中
■対策
",,,●,,,,,,,,,,調査中,調査中,,,,,,,,,,,,,,,,,,,,,,,,,,,,,,,,,,,,,,,
,1149,2026/07/09,千葉,YJP福田,中山修美,BFLSFOの外貨引落ができない,,F：外航通関,F：外航通関,,"■発生日：2026年7月9日
承認番号LDS-0822は元々2隻の艀船であったが、1隻キャンセルになったため、当該艀船を削除した。
外貨搬出実績数量確定でLDS-0822の970.304kLはBOTTOM OILから引き落とすはずが、
BOTTOM OILとの紐づきがなくなり、引き落とせなくなった。
■発生拠点：　千葉事業所
■対応希望日： 2026年7月13日（希望）
■事象：　外貨搬出実績数量確定でLDS-0822のBOTTOM OILから引き落としができない。
■あるべき姿：　外貨搬出実績数量確定でLDS-0822のBOTTOM OILから引き落としができる。
■代替手段：なし","■原因
「光照丸」と「あさひ」の2船にてボンド出荷をされていますが、
「光照丸」がJOB削除されております。
当該削除に伴い、外航通関のボンド出荷一覧にて「光照丸」を削除しなかったことが原因で
外貨搬出数量実績確定にて単品出荷となっております。
■対策
外航通関のボンド出荷一覧にて「光照丸」を削除することで事は解決致しますが、
外貨搬出数量実績確定まで業務運用が進まれていることから、システムでの削除は不可となります。
データパッチにて対応させていただきます。
データパッチにて「光照丸」を削除いたしますので、
パッチ後、後続の外貨搬出数量実績確定を実施願います。

2026/07/13　YJP福田追記
データパッチ対応を実施いたしました。ご確認をお願いいたします。",,●,,,,,,,,,,2026/07/13,仕様通り,確認完了,,,,,,,,,,,,,,,,,,,,,,,,,,,,,,,,,,,,,,,
,,,,,,,,,,,"■発生日：
■発生拠点：
■対応希望日：
■事象:
■あるべき姿：
■代替手段：","■原因

■対策
",,,,,,,,,,,,,,,,,,,,,,,,,,,,,,,,,,,,,,,,,,,,,,,,,,,,,
,,,,,,,,,,,"■発生日：
■発生拠点：
■対応希望日：
■事象:
■あるべき姿：
■代替手段：","■原因

■対策
",,,,,,,,,,,,,,,,,,,,,,,,,,,,,,,,,,,,,,,,,,,,,,,,,,,,,
,,,,,,,,,,,"■発生日：
■発生拠点：
■対応希望日：
■事象:
■あるべき姿：
■代替手段：","■原因

■対策
",,,,,,,,,,,,,,,,,,,,,,,,,,,,,,,,,,,,,,,,,,,,,,,,,,,,,
,,,,,,,,,,,"■発生日：
■発生拠点：
■対応希望日：
■事象:
■あるべき姿：
■代替手段：","■原因

■対策
",,,,,,,,,,,,,,,,,,,,,,,,,,,,,,,,,,,,,,,,,,,,,,,,,,,,,
,,,,,,,,,,,"■発生日：
■発生拠点：
■対応希望日：
■事象:
■あるべき姿：
■代替手段：","■原因

■対策
",,,,,,,,,,,,,,,,,,,,,,,,,,,,,,,,,,,,,,,,,,,,,,,,,,,,,
,,,,,,,,,,,"■発生日：
■発生拠点：
■対応希望日：
■事象:
■あるべき姿：
■代替手段：","■原因

■対策
",,,,,,,,,,,,,,,,,,,,,,,,,,,,,,,,,,,,,,,,,,,,,,,,,,,,,
,,,,,,,,,,,"■発生日：
■発生拠点：
■対応希望日：
■事象:
■あるべき姿：
■代替手段：","■原因

■対策
",,,,,,,,,,,,,,,,,,,,,,,,,,,,,,,,,,,,,,,,,,,,,,,,,,,,,
,,,,,,,,,,,"■発生日：
■発生拠点：
■対応希望日：
■事象:
■あるべき姿：
■代替手段：","■原因

■対策
",,,,,,,,,,,,,,,,,,,,,,,,,,,,,,,,,,,,,,,,,,,,,,,,,,,,,
,,,,,,,,,,,"■発生日：
■発生拠点：
■対応希望日：
■事象:
■あるべき姿：
■代替手段：","■原因

■対策
",,,,,,,,,,,,,,,,,,,,,,,,,,,,,,,,,,,,,,,,,,,,,,,,,,,,,
,,,,,,,,,,,"■発生日：
■発生拠点：
■対応希望日：
■事象:
■あるべき姿：
■代替手段：","■原因

■対策
",,,,,,,,,,,,,,,,,,,,,,,,,,,,,,,,,,,,,,,,,,,,,,,,,,,,,
,,,,,,,,,,,"■発生日：
■発生拠点：
■対応希望日：
■事象:
■あるべき姿：
■代替手段：","■原因

■対策
",,,,,,,,,,,,,,,,,,,,,,,,,,,,,,,,,,,,,,,,,,,,,,,,,,,,,
,e,e,e,e,e,e,e,e,e,e,e,e,e,e,e,e,e,e,e,e,e,e,e,e,e,e,e,e,e,e,e,e,e,e,e,e,e,e,e,e,e,e,e,e,,,,,,,,,,,,,,,,,,,,,
,,,,,,,,,,,,,,,,,,,,,,,,,,,,,,,,,,,,,,,,,,,,,,,,,,,,,,,,,,,,,,,,,
,,,,,,,,,,,,,,,,,,,,,,,,,,,,,,,,,,,,,,,,,,,,,,,,,,,,,,,,,,,,,,,,,
,,,,,,,,,,,,,,,,,,,,,,,,,,,,,,,,,,,,,,,,,,,,,,,,,,,,,,,,,,,,,,,,,
,,,,,,,,,,,,,,,,,,,,,,,,,,,,,,,,,,,,,,,,,,,,,,,,,,,,,,,,,,,,,,,,,
